{"id":"56b10ac47061755afb88d100","meta_data":{"capture_uuid":"152fc180-02e7-0133-05c7-58d385a7bbd0","page_uri":"http://digitalcollections.nypl.org/items/152fc180-02e7-0133-05c7-58d385a7bbd0","book_uri":"http://digitalcollections.nypl.org/items/109c0900-02e7-0133-03cf-58d385a7bbd0","source_rotated":"0.895174","source_x":"0","source_y":"865.27","source_w":"1371.67","source_h":"975.73"},"type":"final_subject_set","search_terms_by_field":{"Land \u0026 Building Dimensions":["25 x 97","25 x 78","25 x 97","25 x 78","25 x 78","25 x 97"],"Stories \u0026 Materials":["5","5","br."],"Record Date":["July 3, 1901","April 9/94"],"Valuation Date":["June 17, 1901","April 9/94"],"Land \u0026 Building Value":["18000","18000","13000 ","17000"],"Total Value":[],"Record Number":["4151"],"Mortgager":["Geo Eiehler"],"Street Address":["306 6th St."],"Additional Info":[],"Amount Loaned":["$10000.","8000 add'l","10000"]},"subjects":[{"id":"580db0916164390003d26003","type":"root","location":{"standard":"https://s3.amazonaws.com/scribe.nypl.org/emigrant-s4/full/152fc180-02e7-0133-05c7-58d385a7bbd0.left-bottom.jpg","thumbnail":"https://s3.amazonaws.com/scribe.nypl.org/emigrant-s4/thumb/152fc180-02e7-0133-05c7-58d385a7bbd0.left-bottom.jpg"},"status":"retired","width":1371,"height":975,"meta_data":{"capture_uuid":"152fc180-02e7-0133-05c7-58d385a7bbd0","page_uri":"http://digitalcollections.nypl.org/items/152fc180-02e7-0133-05c7-58d385a7bbd0","book_uri":"http://digitalcollections.nypl.org/items/109c0900-02e7-0133-03cf-58d385a7bbd0","source_rotated":"0.895174","source_x":"0","source_y":"865.27","source_w":"1371.67","source_h":"975.73"},"assertions":[{"id":"580db0916164390003d36003","status":"awaiting_transcriptions","name":"Land \u0026 Building Dimensions","created_in_workflow":"transcribe","confidence":0.3333333333333333,"data":{"em_survey_land_dimensions":"25 x 97","em_survey_building_dimensions":"25 x 78"},"versions":[{"data":{"em_survey_land_dimensions":"25 x 97","em_survey_building_dimensions":"25 x 78"},"votes":1,"confidence":0.3333333333333333,"instances":[{"created":"2015-12-30T13:25:14Z","user_id":"5680342e3037360003550900","duration":34.275}]}],"region":{"x":251.42826947918797,"y":706.7738508108976,"width":377.7800075426087,"height":107.57973658360561,"label":"Dimension \u0026 Description","shape":"rectangle"},"task_key":"em_record_survey","instructions":{"mark":"Dimension \u0026 Description","transcribe":"Enter, as they appear, any land and building dimensions that were recorded. In the next screen, you'll enter the descriptive information."}},{"id":"580db0916164390003d46003","status":"awaiting_transcriptions","name":"Stories \u0026 Materials","created_in_workflow":"transcribe","confidence":0.3333333333333333,"data":{"em_record_stories":"5"},"versions":[{"data":{"em_record_stories":"5"},"votes":1,"confidence":0.3333333333333333,"instances":[{"created":"2015-12-30T13:25:34Z","user_id":"5680342e3037360003550900","duration":19.7}]}],"region":{"x":251.42826947918797,"y":706.7738508108976,"width":377.7800075426087,"height":107.57973658360561,"label":"Dimension \u0026 Description","shape":"rectangle"},"task_key":"em_record_survey_stories_materials","instructions":{"mark":"Dimension \u0026 Description","transcribe":"Enter, as they appear, the number of stories and the building materials."}},{"id":"580db0916164390003d56003","status":"awaiting_transcriptions","name":"Record Date","created_in_workflow":"transcribe","confidence":0.6666666666666666,"data":{"value":"July 3, 1901"},"versions":[{"data":{"value":"July 3, 1901"},"votes":2,"confidence":0.6666666666666666,"instances":[{"created":"2016-03-27T14:32:20Z","user_id":"563f8b7a3264340003774b00","duration":16.049},{"created":"2016-03-27T21:34:30Z","user_id":"56f851766535650003ba0100","duration":20.222}]}],"region":{"x":1034.698025361829,"y":683.4789411918113,"width":130.1864598620084,"height":43.39548832963874,"label":"Record Date","shape":"rectangle"},"task_key":"em_record_date","instructions":{"mark":"Record Date","transcribe":"Enter the record date"}},{"id":"580db0916164390003d66003","status":"awaiting_votes","name":"Valuation Date","created_in_workflow":"verify","confidence":0.3333333333333333,"data":{"value":"June 17, 1901"},"versions":[{"data":{"value":"June 17, 1901"},"votes":1,"confidence":0.3333333333333333,"instances":[{"created":"2016-09-25T17:35:25Z","user_id":"57c49a363234370003600200","duration":13.163}]}],"region":{"x":991.3025387411594,"y":581.7707654192203,"width":215.62132414645157,"height":86.79097665927759,"label":"Valuation","shape":"rectangle"},"task_key":"em_transcribed_valuation_date","instructions":{"mark":"Valuation","transcribe":"Enter the date of the valuation (if one is given). In the next screen, you'll enter the valuation's dollar amounts.","verify":"Choose the best transcription or enter your own!"}},{"id":"580db0916164390003d76003","status":"awaiting_transcriptions","name":"Land \u0026 Building Value","created_in_workflow":"transcribe","confidence":0.6666666666666666,"data":{"em_valuation_ground":"18000","em_valuation_building":"18000"},"versions":[{"data":{"em_valuation_ground":"18000","em_valuation_building":"18000"},"votes":2,"confidence":0.6666666666666666,"instances":[{"created":"2016-03-27T15:50:47Z","user_id":"570be93f39383400031a0100","duration":21.499},{"created":"2016-03-27T21:33:51Z","user_id":"56f851766535650003ba0100","duration":26.868}]}],"region":{"x":991.3025387411594,"y":581.7707654192203,"width":215.62132414645157,"height":86.79097665927759,"label":"Valuation","shape":"rectangle"},"task_key":"em_record_valuation_ground_building","instructions":{"mark":"Valuation","transcribe":"Sometimes valuations include itemized dollar values for \"ground\" and \"building\". Enter these amounts if you can find them. In the next screen, you'll enter the total valuation."}},{"id":"580db0916164390003d86003","status":"awaiting_transcriptions","name":"Total Value","created_in_workflow":"transcribe","confidence":0.3333333333333333,"data":{"value":""},"versions":[{"data":{"value":""},"votes":1,"confidence":0.3333333333333333,"instances":[{"created":"2016-03-27T21:33:55Z","user_id":"56f851766535650003ba0100","duration":3.101}]}],"region":{"x":991.3025387411594,"y":581.7707654192203,"width":215.62132414645157,"height":86.79097665927759,"label":"Valuation","shape":"rectangle"},"task_key":"em_record_valuation_total","instructions":{"mark":"Valuation","transcribe":"Enter the valuation ***total*** (if one is given)"}},{"id":"580db0916164390003d96003","status":"complete","name":"Land \u0026 Building Dimensions","created_in_workflow":"verify","confidence":1.0,"data":{"em_survey_land_dimensions":"25 x 97","em_survey_building_dimensions":"25 x 78"},"versions":[{"data":{"em_survey_land_dimensions":"25 x 97","em_survey_building_dimensions":"25 x 78"},"votes":2,"confidence":0.6666666666666666,"instances":[{"created":"2016-03-28T13:40:49Z","user_id":"563f8b7a3264340003774b00","duration":8.96},{"created":"2016-04-09T03:01:05Z","user_id":"564b62033863320003ba0500","duration":42.468}]},{"data":{"em_survey_land_dimensions":"25x97"},"votes":1,"confidence":0.3333333333333333,"instances":[{"created":"2016-04-09T04:54:42Z","user_id":"570883776633380003790000","duration":14.377}]}],"region":{"x":301.64003112971386,"y":705.2152516168369,"width":146.7499820187959,"height":32.6111099013566,"label":"Dimension \u0026 Description","shape":"rectangle"},"task_key":"em_transcribed_survey","instructions":{"mark":"Dimension \u0026 Description","transcribe":"Enter, as they appear, any land and building dimensions that were recorded. In the next screen, you'll enter the descriptive information.","verify":"Choose the best transcription or enter your own!"}},{"id":"580db0916164390003da6003","status":"complete","name":"Record Number","created_in_workflow":"transcribe","confidence":1.0,"data":{"value":"4151"},"versions":[{"data":{"value":"4151"},"votes":3,"confidence":1.0,"instances":[{"created":"2015-11-10T20:55:45Z","user_id":"56424d363636390003812000","duration":4.223},{"created":"2015-11-10T21:01:23Z","user_id":"5640e9953432660003d83400","duration":6.196},{"created":"2015-11-10T22:07:29Z","user_id":"564261eb3636390003462a00","duration":6.985}]}],"region":{"x":737.8135887966906,"y":52.99305358970451,"width":134.52081685056294,"height":69.29860854038282,"label":"Record Number","shape":"rectangle"},"task_key":"em_record_number","instructions":{"mark":"Record Number","transcribe":"Enter the record number"}},{"id":"580db0916164390003db6003","status":"awaiting_votes","name":"Mortgager","created_in_workflow":"verify","confidence":0.5,"data":{"value":"Geo Eiehler"},"versions":[{"data":{"value":"Geo Eiehler"},"votes":2,"confidence":0.5,"instances":[{"created":"2016-04-07T01:57:59Z","user_id":"5705907d6364630003ba0000","duration":11.381},{"created":"2016-09-25T18:34:09Z","user_id":"57c49a363234370003600200","duration":11.252}]},{"data":{"value":"Ges Eiehler"},"votes":1,"confidence":0.25,"instances":[{"created":"2016-04-07T01:03:05Z","user_id":"5705b0af36313100032d0000","duration":6.71}]},{"data":{"value":"Ges Eichler"},"votes":1,"confidence":0.25,"instances":[{"created":"2016-04-04T17:16:23Z","user_id":"570135123537650003160100","duration":18.769}]}],"region":{"x":199.7303213944389,"y":625.0462731093352,"width":232.35413819642687,"height":40.763887376695834,"label":"Mortgager Name","shape":"rectangle"},"task_key":"em_transcribed_mortgager","instructions":{"mark":"Mortgager Name","transcribe":"Enter the mortgager's name","verify":"Choose the best transcription or enter your own!"}},{"id":"580db0916164390003dc6003","status":"awaiting_votes","name":"Street Address","created_in_workflow":"verify","confidence":0.5,"data":{"value":"306 6th St."},"versions":[{"data":{"value":"306 6th St."},"votes":3,"confidence":0.5,"instances":[{"created":"2016-04-05T18:08:23Z","user_id":"570135123537650003160100","duration":16.741},{"created":"2016-04-08T13:59:39Z","user_id":"5707b8f36131360003840000","duration":12.783},{"created":"2016-09-25T18:37:50Z","user_id":"57c49a363234370003600200","duration":8.49}]},{"data":{"value":"306 - 6th street"},"votes":2,"confidence":0.3333333333333333,"instances":[{"created":"2016-03-27T18:30:34Z","user_id":"563f8b7a3264340003774b00","duration":6.809},{"created":"2016-04-08T07:13:05Z","user_id":"570758d86131360003760000","duration":17.96}]},{"data":{"value":"306 6th St"},"votes":1,"confidence":0.16666666666666666,"instances":[{"created":"2016-04-08T01:05:48Z","user_id":"5706fc216131360003070000","duration":16.612}]}],"region":{"x":237.77661302894154,"y":657.6573830106919,"width":201.10182721094253,"height":43.48147986847539,"label":"Street Address","shape":"rectangle"},"task_key":"em_transcribed_address","instructions":{"mark":"Street Address","transcribe":"Enter the street address","verify":"Choose the best transcription or enter your own!"}},{"id":"580db0916164390003dd6003","status":"awaiting_votes","name":"Stories \u0026 Materials","created_in_workflow":"verify","confidence":0.3333333333333333,"data":{"em_record_stories":"5","em_record_material":"br."},"versions":[{"data":{"em_record_stories":"5","em_record_material":"br."},"votes":1,"confidence":0.3333333333333333,"instances":[{"created":"2016-09-25T17:41:40Z","user_id":"57c49a363234370003600200","duration":2.584}]}],"region":{"x":315.2279924277505,"y":747.3379352394226,"width":274.4768182203405,"height":36.68749863902622,"label":"Dimension \u0026 Description","shape":"rectangle"},"task_key":"em_transcribed_stories_materials","instructions":{"mark":"Dimension \u0026 Description","transcribe":"Enter, as they appear, the number of stories and the building materials.","verify":"Choose the best transcription or enter your own!"}},{"id":"580db0916164390003de6003","status":"awaiting_transcriptions","name":"Additional Info","created_in_workflow":"transcribe","confidence":0.6666666666666666,"data":{"value":""},"versions":[{"data":{"value":""},"votes":2,"confidence":0.6666666666666666,"instances":[{"created":"2015-11-10T21:41:01Z","user_id":"563e914566303300031f4800","duration":1.599},{"created":"2016-03-28T13:28:28Z","user_id":"563f8b7a3264340003774b00","duration":1.668}]}],"region":{"x":315.2279924277505,"y":747.3379352394226,"width":274.4768182203405,"height":36.68749863902622,"label":"Dimension \u0026 Description","shape":"rectangle"},"task_key":"em_record_survey_additional_info","instructions":{"mark":"Dimension \u0026 Description","transcribe":"Enter any additional information you find about the building's construction or significance."}},{"id":"580db0916164390003df6003","status":"complete","name":"Land \u0026 Building Dimensions","created_in_workflow":"verify","confidence":1.0,"data":{"em_survey_building_dimensions":"25 x 78","em_survey_land_dimensions":"25 x 97"},"versions":[{"data":{"em_survey_building_dimensions":"25 x 78","em_survey_land_dimensions":"25 x 97"},"votes":3,"confidence":0.75,"instances":[{"created":"2016-04-08T21:08:42Z","user_id":"570815eb6131360003fe0000","duration":48.437},{"created":"2016-04-08T21:31:02Z","user_id":"5708222061313600036e0100","duration":22.244},{"created":"2016-04-09T00:44:30Z","user_id":"564b62033863320003ba0500","duration":49.842}]},{"data":{"em_survey_land_dimensions":"25x97","em_survey_building_dimensions":"25x78"},"votes":1,"confidence":0.25,"instances":[{"created":"2016-04-10T20:48:27Z","user_id":"570abbe830383700036e0300","duration":14.333}]}],"region":{"x":315.2279924277505,"y":747.3379352394226,"width":274.4768182203405,"height":36.68749863902622,"label":"Dimension \u0026 Description","shape":"rectangle"},"task_key":"em_transcribed_survey","instructions":{"mark":"Dimension \u0026 Description","transcribe":"Enter, as they appear, any land and building dimensions that were recorded. In the next screen, you'll enter the descriptive information.","verify":"Choose the best transcription or enter your own!"}},{"id":"580db0916164390003e06003","status":"awaiting_votes","name":"Record Date","created_in_workflow":"verify","confidence":0.6666666666666666,"data":{"value":"April 9/94"},"versions":[{"data":{"value":"April 9/94"},"votes":2,"confidence":0.6666666666666666,"instances":[{"created":"2015-12-05T13:44:46Z","user_id":"563f8b7a3264340003774b00","duration":7.824},{"created":"2016-09-13T02:15:48Z","user_id":"57c49a363234370003600200","duration":5.883}]},{"data":{"value":"1894 April 9"},"votes":1,"confidence":0.3333333333333333,"instances":[{"created":"2015-12-08T01:16:28Z","user_id":"5649188c3863370003020e00","duration":8.806}]}],"region":{"x":248.64698206737089,"y":585.6411819785293,"width":195.6666426917279,"height":42.12268362258567,"label":"Record Date","shape":"rectangle"},"task_key":"em_transcribed_date","instructions":{"mark":"Record Date","transcribe":"Enter the record date","verify":"Choose the best transcription or enter your own!"}},{"id":"580db0916164390003e16003","status":"awaiting_votes","name":"Valuation Date","created_in_workflow":"verify","confidence":0.3333333333333333,"data":{"value":"April 9/94"},"versions":[{"data":{"value":"April 9/94"},"votes":1,"confidence":0.3333333333333333,"instances":[{"created":"2016-09-25T18:31:34Z","user_id":"57c49a363234370003600200","duration":7.814}]}],"region":{"x":845.1584830511802,"y":580.2059969949698,"width":133.1620207207593,"height":84.24536724517134,"label":"Valuation","shape":"rectangle"},"task_key":"em_transcribed_valuation_date","instructions":{"mark":"Valuation","transcribe":"Enter the date of the valuation (if one is given). In the next screen, you'll enter the valuation's dollar amounts.","verify":"Choose the best transcription or enter your own!"}},{"id":"580db0916164390003e26003","status":"complete","name":"Total Value","created_in_workflow":"transcribe","confidence":1.0,"data":{"value":""},"versions":[{"data":{"value":""},"votes":3,"confidence":1.0,"instances":[{"created":"2015-11-10T21:40:15Z","user_id":"563e914566303300031f4800","duration":2.298},{"created":"2016-03-27T18:27:06Z","user_id":"563f8b7a3264340003774b00","duration":4.053},{"created":"2016-04-09T01:14:47Z","user_id":"5705907d6364630003ba0000","duration":1.272}]}],"region":{"x":845.1584830511802,"y":580.2059969949698,"width":133.1620207207593,"height":84.24536724517134,"label":"Valuation","shape":"rectangle"},"task_key":"em_record_valuation_total","instructions":{"mark":"Valuation","transcribe":"Enter the valuation ***total*** (if one is given)"}},{"id":"580db0916164390003e36003","status":"complete","name":"Land \u0026 Building Value","created_in_workflow":"verify","confidence":1.0,"data":{"em_valuation_ground":"13000 ","em_valuation_building":"17000"},"versions":[{"data":{"em_valuation_ground":"13000 ","em_valuation_building":"17000"},"votes":12,"confidence":0.5714285714285714,"instances":[{"created":"2016-04-08T21:00:24Z","user_id":"570815eb6131360003fe0000","duration":67.432},{"created":"2016-04-08T21:18:51Z","user_id":"57081ffb6131360003650100","duration":38.164},{"created":"2016-04-08T21:26:58Z","user_id":"5708222061313600036e0100","duration":21.264},{"created":"2016-04-08T21:42:27Z","user_id":"570825c16131360003930100","duration":134.136},{"created":"2016-04-08T22:33:49Z","user_id":"570831386131360003a50100","duration":53.171},{"created":"2016-04-09T04:23:37Z","user_id":"570883776633380003790000","duration":37.298},{"created":"2016-04-09T12:31:36Z","user_id":"5708f6146633380003110100","duration":19.949},{"created":"2016-04-09T13:08:45Z","user_id":"5708fedb6633380003180100","duration":36.519},{"created":"2016-04-09T13:25:08Z","user_id":"565e09223237340003e30200","duration":30.353},{"created":"2016-04-09T15:11:55Z","user_id":"57091b9266333800036c0100","duration":33.453},{"created":"2016-04-09T15:24:56Z","user_id":"57091e7466333800038f0100","duration":40.206},{"created":"2016-04-09T15:36:19Z","user_id":"570920b16633380003b40100","duration":37.63}]},{"data":{"em_valuation_ground":"$13,000 and $18,000","em_valuation_building":"$17,000 and $18,000"},"votes":8,"confidence":0.38095238095238093,"instances":[{"created":"2016-04-05T18:47:00Z","user_id":"570135123537650003160100","duration":25.515},{"created":"2016-04-08T17:45:05Z","user_id":"5707e9cf6131360003b20000","duration":53.514},{"created":"2016-04-08T21:25:09Z","user_id":"570821b461313600036c0100","duration":774.473},{"created":"2016-04-08T23:53:01Z","user_id":"570843b66131360003b10100","duration":160.254},{"created":"2016-04-09T00:42:06Z","user_id":"564b62033863320003ba0500","duration":21.333},{"created":"2016-04-09T04:21:42Z","user_id":"570883216633380003730000","duration":34.468},{"created":"2016-04-09T05:05:10Z","user_id":"57088d0b6633380003d20000","duration":24.518},{"created":"2016-04-09T13:06:54Z","user_id":"5708fe6c6633380003150100","duration":140.453}]},{"data":{"em_valuation_ground":"13000","em_valuation_building":"7000"},"votes":1,"confidence":0.047619047619047616,"instances":[{"created":"2016-04-08T21:32:06Z","user_id":"5708230661313600037c0100","duration":73.443}]}],"region":{"x":845.1584830511802,"y":580.2059969949698,"width":133.1620207207593,"height":84.24536724517134,"label":"Valuation","shape":"rectangle"},"task_key":"em_transcribed_valuation_itemized","instructions":{"mark":"Valuation","transcribe":"Sometimes valuations include itemized dollar values for \"ground\" and \"building\". Enter these amounts if you can find them. In the next screen, you'll enter the total valuation.","verify":"Choose the best transcription or enter your own!"}},{"id":"580db0916164390003e46003","status":"awaiting_votes","name":"Amount Loaned","created_in_workflow":"verify","confidence":0.3333333333333333,"data":{"value":"$10000."},"versions":[{"data":{"value":"$10000."},"votes":1,"confidence":0.3333333333333333,"instances":[{"created":"2016-09-25T17:38:55Z","user_id":"57c49a363234370003600200","duration":5.002}]}],"region":{"x":848.9110982670877,"y":655.0006519754858,"width":115.26926133615336,"height":46.10770635024119,"label":"Amount Loaned","shape":"rectangle"},"task_key":"em_transcribed_amount_loaned","instructions":{"mark":"Amount Loaned","transcribe":"Enter the Amount Loaned","verify":"Choose the best transcription or enter your own!"}},{"id":"580db0916164390003e56003","status":"awaiting_votes","name":"Amount Loaned","created_in_workflow":"transcribe","confidence":0.25,"data":{"value":"8000 add'l"},"versions":[{"data":{"value":"8000 add'l"},"votes":1,"confidence":0.25,"instances":[{"created":"2016-03-27T14:32:30Z","user_id":"563f8b7a3264340003774b00","duration":10.746}]},{"data":{"value":"8,000"},"votes":1,"confidence":0.25,"instances":[{"created":"2016-03-27T15:53:20Z","user_id":"570be93f39383400031a0100","duration":10.454}]},{"data":{"value":"8000 addl"},"votes":1,"confidence":0.25,"instances":[{"created":"2016-03-27T21:34:34Z","user_id":"56f851766535650003ba0100","duration":4.695}]},{"data":{"value":"8000."},"votes":1,"confidence":0.25,"instances":[{"created":"2016-09-25T17:39:08Z","user_id":"57c49a363234370003600200","duration":6.248}]}],"region":{"x":859.7599699222551,"y":687.5472682227149,"width":177.65027335336572,"height":40.68327030903633,"label":"Amount Loaned","shape":"rectangle"},"task_key":"em_record_amount_loaned","instructions":{"mark":"Amount Loaned","transcribe":"Enter the Amount Loaned"}},{"id":"580db0916164390003e66003","status":"awaiting_votes","name":"Amount Loaned","created_in_workflow":"verify","confidence":0.6666666666666666,"data":{"value":"10000"},"versions":[{"data":{"value":"10000"},"votes":2,"confidence":0.6666666666666666,"instances":[{"created":"2016-04-08T07:13:36Z","user_id":"570758d86131360003760000","duration":12.852},{"created":"2016-04-08T14:02:33Z","user_id":"5707b8f36131360003840000","duration":6.479}]},{"data":{"value":""},"votes":1,"confidence":0.3333333333333333,"instances":[{"created":"2016-04-08T00:47:10Z","user_id":"5706fc216131360003070000","duration":18.301}]}],"region":{"x":864.1816288684315,"y":672.6041417154803,"width":112.7800787737043,"height":55.71064608148424,"label":"Amount Loaned","shape":"rectangle"},"task_key":"em_transcribed_amount_loaned","instructions":{"mark":"Amount Loaned","transcribe":"Enter the Amount Loaned","verify":"Choose the best transcription or enter your own!"}}]}],"export_document":{"name":"Record","export_fields":[{"name":"Mortgager","value":"Geo Eiehler","original_value":{"value":"Geo Eiehler"},"assertion_ids":["580db0916164390003db6003"]},{"name":"Street Address","value":"306 6th St.","original_value":{"value":"306 6th St."},"assertion_ids":["580db0916164390003dc6003"]},{"name":"Record Date","value":"1901-07-03T00:00:00Z","original_value":{"value":"July 3, 1901"},"assertion_ids":["580db0916164390003d56003"]},{"name":"Land \u0026 Building Dimensions","value":{"em_survey_building_dimensions":[25,78],"em_survey_land_dimensions":[25,97]},"original_value":{"em_survey_building_dimensions":"25 x 78","em_survey_land_dimensions":"25 x 97"},"assertion_ids":["580db0916164390003df6003"]},{"name":"Amount Loaned","value":10000.0,"original_value":{"value":"10000"},"assertion_ids":["580db0916164390003e66003"]},{"name":"Stories \u0026 Materials","value":{"em_record_stories":5},"original_value":{"em_record_stories":"5"},"assertion_ids":["580db0916164390003d46003"]},{"name":"Valuation","value":null,"original_value":null,"assertion_ids":null},{"name":"Valuation","value":null,"original_value":null,"assertion_ids":null},{"name":"Record Number","value":4151,"original_value":{"value":"4151"},"assertion_ids":["580db0916164390003da6003"]},{"name":"Additional Info","value":"","original_value":{"value":""},"assertion_ids":["580db0916164390003de6003"]}]}}