{"id":"56b10a707061755afb23cb00","meta_data":{"capture_uuid":"13d5c4d0-02e7-0133-810d-58d385a7bbd0","page_uri":"http://digitalcollections.nypl.org/items/13d5c4d0-02e7-0133-810d-58d385a7bbd0","book_uri":"http://digitalcollections.nypl.org/items/109c0900-02e7-0133-03cf-58d385a7bbd0","source_rotated":"0.895174","source_x":"1217.3","source_y":"869.97","source_w":"1372.7","source_h":"981.03"},"type":"final_subject_set","search_terms_by_field":{"Additional Info":["SW cor (illegible)"],"Land \u0026 Building Dimensions":["25 4 x 80","25 4 x 40","25 4 x 80","25 4 x 40","25' 4\" x 80","25' 4\" x 40"],"Stories \u0026 Materials":["3","3","br.","3","Br"],"Record Date":["May 29/93","May 29/93","May 29/93","May 29/93","May 29/93","4033"],"Record Number":["Francis Blessing"],"Mortgager":["Francis Blessing","Francis Blessing"],"Valuation Date":["May 29/93"],"Land \u0026 Building Value":["10000.","6500."],"Amount Loaned":["$6500."]},"subjects":[{"id":"580d912b616439000391a502","type":"root","location":{"standard":"https://s3.amazonaws.com/scribe.nypl.org/emigrant-s4/full/13d5c4d0-02e7-0133-810d-58d385a7bbd0.right-bottom.jpg","thumbnail":"https://s3.amazonaws.com/scribe.nypl.org/emigrant-s4/thumb/13d5c4d0-02e7-0133-810d-58d385a7bbd0.right-bottom.jpg"},"status":"retired","width":1372,"height":981,"meta_data":{"capture_uuid":"13d5c4d0-02e7-0133-810d-58d385a7bbd0","page_uri":"http://digitalcollections.nypl.org/items/13d5c4d0-02e7-0133-810d-58d385a7bbd0","book_uri":"http://digitalcollections.nypl.org/items/109c0900-02e7-0133-03cf-58d385a7bbd0","source_rotated":"0.895174","source_x":"1217.3","source_y":"869.97","source_w":"1372.7","source_h":"981.03"},"assertions":[{"id":"580d912b616439000392a502","status":"awaiting_transcriptions","name":"Additional Info","created_in_workflow":"transcribe","confidence":0.3333333333333333,"data":{"value":""},"versions":[{"data":{"value":""},"votes":1,"confidence":0.3333333333333333,"instances":[{"created":"2016-10-06T14:42:12Z","user_id":"57c49a363234370003600200","duration":0.571}]}],"region":{"x":236.89756891062203,"y":703.0971251079038,"width":266.0347030547092,"height":111.48206668377577,"label":"Dimension \u0026 Description","shape":"rectangle"},"task_key":"em_record_survey_additional_info","instructions":{"mark":"Dimension \u0026 Description","transcribe":"Enter any additional information you find about the building's construction or significance."}},{"id":"580d912b616439000393a502","status":"awaiting_transcriptions","name":"Land \u0026 Building Dimensions","created_in_workflow":"transcribe","confidence":0.3333333333333333,"data":{"em_survey_land_dimensions":"25 4 x 80","em_survey_building_dimensions":"25 4 x 40"},"versions":[{"data":{"em_survey_land_dimensions":"25 4 x 80","em_survey_building_dimensions":"25 4 x 40"},"votes":1,"confidence":0.3333333333333333,"instances":[{"created":"2015-11-19T03:34:55Z","user_id":"564d3d8265316600034a1700","duration":24.265}]}],"region":{"x":236.89756891062203,"y":703.0971251079038,"width":266.0347030547092,"height":111.48206668377577,"label":"Dimension \u0026 Description","shape":"rectangle"},"task_key":"em_record_survey","instructions":{"mark":"Dimension \u0026 Description","transcribe":"Enter, as they appear, any land and building dimensions that were recorded. In the next screen, you'll enter the descriptive information."}},{"id":"580d912b616439000394a502","status":"awaiting_transcriptions","name":"Stories \u0026 Materials","created_in_workflow":"transcribe","confidence":0.3333333333333333,"data":{"em_record_stories":"3"},"versions":[{"data":{"em_record_stories":"3"},"votes":1,"confidence":0.3333333333333333,"instances":[{"created":"2015-11-19T03:35:09Z","user_id":"564d3d8265316600034a1700","duration":13.038}]},{"data":{"em_record_stories":"3","em_record_material":"br."},"votes":1,"confidence":0.3333333333333333,"instances":[{"created":"2016-10-06T14:42:11Z","user_id":"57c49a363234370003600200","duration":5.901}]}],"region":{"x":236.89756891062203,"y":703.0971251079038,"width":266.0347030547092,"height":111.48206668377577,"label":"Dimension \u0026 Description","shape":"rectangle"},"task_key":"em_record_survey_stories_materials","instructions":{"mark":"Dimension \u0026 Description","transcribe":"Enter, as they appear, the number of stories and the building materials."}},{"id":"580d912b616439000395a502","status":"awaiting_votes","name":"Land \u0026 Building Dimensions","created_in_workflow":"transcribe","confidence":0.3333333333333333,"data":{"em_survey_land_dimensions":"25 4 x 80","em_survey_building_dimensions":"25 4 x 40"},"versions":[{"data":{"em_survey_land_dimensions":"25 4 x 80","em_survey_building_dimensions":"25 4 x 40"},"votes":1,"confidence":0.3333333333333333,"instances":[{"created":"2015-11-19T03:33:45Z","user_id":"564d3d8265316600034a1700","duration":39.313}]},{"data":{"em_survey_land_dimensions":"25.4 X 80","em_survey_building_dimensions":"25.4 X 40"},"votes":1,"confidence":0.3333333333333333,"instances":[{"created":"2015-11-19T03:33:57Z","user_id":"564d3b276531660003321700","duration":66.316}]},{"data":{"em_survey_land_dimensions":"25.4 x 80","em_survey_building_dimensions":"25.4 x 40"},"votes":1,"confidence":0.3333333333333333,"instances":[{"created":"2016-10-06T14:45:09Z","user_id":"57c49a363234370003600200","duration":14.224}]}],"region":{"x":264.76787113540104,"y":625.8197834293775,"width":414.2540376137615,"height":202.69466669777398,"label":"Dimension \u0026 Description","shape":"rectangle"},"task_key":"em_record_survey","instructions":{"mark":"Dimension \u0026 Description","transcribe":"Enter, as they appear, any land and building dimensions that were recorded. In the next screen, you'll enter the descriptive information."}},{"id":"580d912b616439000396a502","status":"awaiting_votes","name":"Stories \u0026 Materials","created_in_workflow":"transcribe","confidence":0.6666666666666666,"data":{"em_record_stories":"3","em_record_material":"br."},"versions":[{"data":{"em_record_stories":"3","em_record_material":"br."},"votes":2,"confidence":0.6666666666666666,"instances":[{"created":"2015-11-19T03:34:23Z","user_id":"564d3b276531660003321700","duration":26.304},{"created":"2016-10-06T14:45:12Z","user_id":"57c49a363234370003600200","duration":3.05}]},{"data":{"em_record_stories":"3"},"votes":1,"confidence":0.3333333333333333,"instances":[{"created":"2015-11-19T03:33:55Z","user_id":"564d3d8265316600034a1700","duration":9.186}]}],"region":{"x":264.76787113540104,"y":625.8197834293775,"width":414.2540376137615,"height":202.69466669777398,"label":"Dimension \u0026 Description","shape":"rectangle"},"task_key":"em_record_survey_stories_materials","instructions":{"mark":"Dimension \u0026 Description","transcribe":"Enter, as they appear, the number of stories and the building materials."}},{"id":"580d912b616439000397a502","status":"awaiting_transcriptions","name":"Additional Info","created_in_workflow":"transcribe","confidence":0.3333333333333333,"data":{"value":"SW cor (illegible)"},"versions":[{"data":{"value":"SW cor (illegible)"},"votes":1,"confidence":0.3333333333333333,"instances":[{"created":"2015-11-19T03:35:00Z","user_id":"564d3b276531660003321700","duration":36.861}]},{"data":{"value":""},"votes":1,"confidence":0.3333333333333333,"instances":[{"created":"2016-10-06T14:45:12Z","user_id":"57c49a363234370003600200","duration":0.527}]}],"region":{"x":264.76787113540104,"y":625.8197834293775,"width":414.2540376137615,"height":202.69466669777398,"label":"Dimension \u0026 Description","shape":"rectangle"},"task_key":"em_record_survey_additional_info","instructions":{"mark":"Dimension \u0026 Description","transcribe":"Enter any additional information you find about the building's construction or significance."}},{"id":"580d912b616439000398a502","status":"awaiting_transcriptions","name":"Land \u0026 Building Dimensions","created_in_workflow":"transcribe","confidence":0.3333333333333333,"data":{"em_survey_land_dimensions":"25' 4\" x 80","em_survey_building_dimensions":"25' 4\" x 40"},"versions":[{"data":{"em_survey_land_dimensions":"25' 4\" x 80","em_survey_building_dimensions":"25' 4\" x 40"},"votes":1,"confidence":0.3333333333333333,"instances":[{"created":"2015-11-19T05:54:06Z","user_id":"564d5f176531660003011900","duration":29.196}]},{"data":{"em_survey_land_dimensions":"25.4 x 80","em_survey_building_dimensions":"25.4 x 40"},"votes":1,"confidence":0.3333333333333333,"instances":[{"created":"2016-10-06T14:45:24Z","user_id":"57c49a363234370003600200","duration":11.139}]}],"region":{"x":305.30649255326153,"y":700.5634417741816,"width":406.65304609791264,"height":149.4873166896084,"label":"Dimension \u0026 Description","shape":"rectangle"},"task_key":"em_record_survey","instructions":{"mark":"Dimension \u0026 Description","transcribe":"Enter, as they appear, any land and building dimensions that were recorded. In the next screen, you'll enter the descriptive information."}},{"id":"580d912b616439000399a502","status":"awaiting_transcriptions","name":"Additional Info","created_in_workflow":"transcribe","confidence":0.3333333333333333,"data":{"value":""},"versions":[{"data":{"value":""},"votes":1,"confidence":0.3333333333333333,"instances":[{"created":"2016-10-06T14:45:29Z","user_id":"57c49a363234370003600200","duration":0.656}]}],"region":{"x":305.30649255326153,"y":700.5634417741816,"width":406.65304609791264,"height":149.4873166896084,"label":"Dimension \u0026 Description","shape":"rectangle"},"task_key":"em_record_survey_additional_info","instructions":{"mark":"Dimension \u0026 Description","transcribe":"Enter any additional information you find about the building's construction or significance."}},{"id":"580d912b61643900039aa502","status":"awaiting_transcriptions","name":"Stories \u0026 Materials","created_in_workflow":"transcribe","confidence":0.3333333333333333,"data":{"em_record_stories":"3","em_record_material":"Br"},"versions":[{"data":{"em_record_stories":"3","em_record_material":"Br"},"votes":1,"confidence":0.3333333333333333,"instances":[{"created":"2015-11-19T05:54:18Z","user_id":"564d5f176531660003011900","duration":11.582}]},{"data":{"em_record_stories":"3","em_record_material":"br."},"votes":1,"confidence":0.3333333333333333,"instances":[{"created":"2016-10-06T14:45:29Z","user_id":"57c49a363234370003600200","duration":5.403}]}],"region":{"x":305.30649255326153,"y":700.5634417741816,"width":406.65304609791264,"height":149.4873166896084,"label":"Dimension \u0026 Description","shape":"rectangle"},"task_key":"em_record_survey_stories_materials","instructions":{"mark":"Dimension \u0026 Description","transcribe":"Enter, as they appear, the number of stories and the building materials."}},{"id":"580d912b61643900039ba502","status":"awaiting_transcriptions","name":"Record Date","created_in_workflow":"transcribe","confidence":0.6666666666666666,"data":{"value":"May 29/93"},"versions":[{"data":{"value":"May 29/93"},"votes":2,"confidence":0.6666666666666666,"instances":[{"created":"2015-11-19T00:32:02Z","user_id":"564d01563463650003201200","duration":10.751},{"created":"2015-11-19T02:32:21Z","user_id":"564cd0706531660003c60c00","duration":32.753}]}],"region":{"x":373.715416195901,"y":615.6850500944887,"width":15.0,"height":15.0,"label":"Record Date","shape":"rectangle"},"task_key":"em_record_date","instructions":{"mark":"Record Date","transcribe":"Enter the record date"}},{"id":"580d912b61643900039ca502","status":"complete","name":"Record Number","created_in_workflow":"transcribe","confidence":1.0,"data":{"value":"Francis Blessing"},"versions":[{"data":{"value":"Francis Blessing"},"votes":3,"confidence":1.0,"instances":[{"created":"2015-11-19T03:27:28Z","user_id":"564d3b276531660003321700","duration":16.237},{"created":"2015-11-19T03:30:59Z","user_id":"564d3d8265316600034a1700","duration":7.95},{"created":"2016-10-06T03:42:56Z","user_id":"57c49a363234370003600200","duration":10.144}]}],"region":{"x":233.0970731526976,"y":635.9545167642661,"width":267.30153497401733,"height":44.339458340138094,"label":"Record Number","shape":"rectangle"},"task_key":"em_record_number","instructions":{"mark":"Record Number","transcribe":"Enter the record number"}},{"id":"580d912b61643900039da502","status":"complete","name":"Mortgager","created_in_workflow":"transcribe","confidence":1.0,"data":{"value":"Francis Blessing"},"versions":[{"data":{"value":"Francis Blessing"},"votes":4,"confidence":1.0,"instances":[{"created":"2015-11-19T04:02:32Z","user_id":"564d46703463650003401900","duration":9.933},{"created":"2015-11-19T04:04:10Z","user_id":"564d464d34636500033f1900","duration":8.605},{"created":"2015-11-19T04:46:37Z","user_id":"564d3b276531660003321700","duration":128.702},{"created":"2015-11-19T14:46:13Z","user_id":"564cd0706531660003c60c00","duration":24.766}]}],"region":{"x":225.49608163684874,"y":634.6876750974051,"width":319.24164366565105,"height":49.40682500758237,"label":"Mortgager Name","shape":"rectangle"},"task_key":"em_record_mortgager","instructions":{"mark":"Mortgager Name","transcribe":"Enter the mortgager's name"}},{"id":"580d912b61643900039ea502","status":"complete","name":"Mortgager","created_in_workflow":"transcribe","confidence":1.0,"data":{"value":"Francis Blessing"},"versions":[{"data":{"value":"Francis Blessing"},"votes":3,"confidence":1.0,"instances":[{"created":"2015-12-28T00:00:37Z","user_id":"568068473564660003240e00","duration":27.113},{"created":"2015-12-28T04:27:26Z","user_id":"5680b67965623900037f0000","duration":5.215},{"created":"2015-12-28T11:47:15Z","user_id":"56748e5e3564620003fd0100","duration":7.671}]}],"region":{"x":225.8907435508346,"y":630.8212909582869,"width":322.70106221547803,"height":54.12987975219619,"label":"Mortgager Name","shape":"rectangle"},"task_key":"em_record_mortgager","instructions":{"mark":"Mortgager Name","transcribe":"Enter the mortgager's name"}},{"id":"580d912b61643900039fa502","status":"awaiting_votes","name":"Record Date","created_in_workflow":"transcribe","confidence":0.6666666666666666,"data":{"value":"May 29/93"},"versions":[{"data":{"value":"May 29/93"},"votes":2,"confidence":0.6666666666666666,"instances":[{"created":"2015-11-19T02:28:57Z","user_id":"564cd0706531660003c60c00","duration":25.67},{"created":"2016-10-06T03:42:45Z","user_id":"57c49a363234370003600200","duration":9.095}]},{"data":{"value":"May 29 '93"},"votes":1,"confidence":0.3333333333333333,"instances":[{"created":"2015-11-19T03:26:45Z","user_id":"564d3b276531660003321700","duration":20.591}]}],"region":{"x":291.37134144087196,"y":570.0787500874895,"width":344.5782820518138,"height":36.73840833897157,"label":"Record Date","shape":"rectangle"},"task_key":"em_record_date","instructions":{"mark":"Record Date","transcribe":"Enter the record date"}},{"id":"580d912b6164390003a0a502","status":"awaiting_votes","name":"Record Date","created_in_workflow":"verify","confidence":0.6666666666666666,"data":{"value":"May 29/93"},"versions":[{"data":{"value":"May 29/93"},"votes":2,"confidence":0.6666666666666666,"instances":[{"created":"2016-05-18T00:15:58Z","user_id":"563f8b7a3264340003774b00","duration":10.243},{"created":"2016-06-11T04:02:31Z","user_id":"5750d4e061323000033d0000","duration":9.551}]}],"region":{"x":292.43619032848244,"y":606.817158426461,"width":21.738125659936028,"height":6.132108331972381,"label":"Record Date","shape":"rectangle"},"task_key":"em_transcribed_date","instructions":{"mark":"Record Date","transcribe":"Enter the record date","verify":"Choose the best transcription or enter your own!"}},{"id":"580d912b6164390003a1a502","status":"complete","name":"Record Date","created_in_workflow":"transcribe","confidence":1.0,"data":{"value":"May 29/93"},"versions":[{"data":{"value":"May 29/93"},"votes":3,"confidence":1.0,"instances":[{"created":"2015-11-19T00:31:17Z","user_id":"564d01563463650003201200","duration":9.742},{"created":"2015-11-19T02:29:56Z","user_id":"564cd0706531660003c60c00","duration":13.742},{"created":"2015-11-19T03:30:51Z","user_id":"564d3d8265316600034a1700","duration":8.878}]}],"region":{"x":295.1718371987964,"y":582.7471667561005,"width":203.95993900861038,"height":60.80840000933222,"label":"Record Date","shape":"rectangle"},"task_key":"em_record_date","instructions":{"mark":"Record Date","transcribe":"Enter the record date"}},{"id":"580d912b6164390003a2a502","status":"complete","name":"Record Date","created_in_workflow":"verify","confidence":1.0,"data":{"value":"May 29/93"},"versions":[{"data":{"value":"May 29/93"},"votes":3,"confidence":1.0,"instances":[{"created":"2015-11-19T09:17:03Z","user_id":"564d931d3964660003430000","duration":17.356},{"created":"2015-11-19T12:02:48Z","user_id":"564c68d234636500036e0100","duration":18.273},{"created":"2015-11-19T12:45:17Z","user_id":"564dc43b3964660003140100","duration":33.811}]}],"region":{"x":494.06444853017416,"y":559.9440167526008,"width":76.00991515848835,"height":26.603675004082902,"label":"Record Date","shape":"rectangle"},"task_key":"em_transcribed_date","instructions":{"mark":"Record Date","transcribe":"Enter the record date","verify":"Choose the best transcription or enter your own!"}},{"id":"580d912b6164390003a3a502","status":"complete","name":"Record Date","created_in_workflow":"transcribe","confidence":1.0,"data":{"value":"4033"},"versions":[{"data":{"value":"4033"},"votes":3,"confidence":1.0,"instances":[{"created":"2015-11-19T03:26:12Z","user_id":"564d3b276531660003321700","duration":7.223},{"created":"2015-11-19T03:29:37Z","user_id":"564d3d8265316600034a1700","duration":6.015},{"created":"2015-11-19T04:01:59Z","user_id":"564d46703463650003401900","duration":2.164}]}],"region":{"x":793.036781486895,"y":67.14260834363766,"width":167.22181334867435,"height":57.007875008748954,"label":"Record Date","shape":"rectangle"},"task_key":"em_record_date","instructions":{"mark":"Record Date","transcribe":"Enter the record date"}},{"id":"580d912b6164390003a4a502","status":"awaiting_votes","name":"Valuation Date","created_in_workflow":"transcribe","confidence":0.6666666666666666,"data":{"value":"May 29/93"},"versions":[{"data":{"value":"May 29/93"},"votes":2,"confidence":0.6666666666666666,"instances":[{"created":"2015-11-19T00:33:28Z","user_id":"564d01563463650003201200","duration":12.739},{"created":"2016-10-06T14:38:16Z","user_id":"57c49a363234370003600200","duration":17.084}]},{"data":{"value":"$1000"},"votes":1,"confidence":0.3333333333333333,"instances":[{"created":"2015-11-19T03:32:18Z","user_id":"564d3d8265316600034a1700","duration":6.742}]}],"region":{"x":908.3184861439357,"y":589.0813750904059,"width":115.28170465704068,"height":72.20997501108195,"label":"Valuation","shape":"rectangle"},"task_key":"em_record_valuation","instructions":{"mark":"Valuation","transcribe":"Enter the date of the valuation (if one is given). In the next screen, you'll enter the valuation's dollar amounts."}},{"id":"580d912b6164390003a5a502","status":"awaiting_votes","name":"Land \u0026 Building Value","created_in_workflow":"transcribe","confidence":0.3333333333333333,"data":{"em_valuation_ground":"10000.","em_valuation_building":"6500."},"versions":[{"data":{"em_valuation_ground":"10000.","em_valuation_building":"6500."},"votes":1,"confidence":0.3333333333333333,"instances":[{"created":"2015-11-19T00:33:42Z","user_id":"564d01563463650003201200","duration":14.49}]},{"data":{"em_valuation_ground":"$1000"},"votes":1,"confidence":0.3333333333333333,"instances":[{"created":"2015-11-19T03:32:27Z","user_id":"564d3d8265316600034a1700","duration":9.707}]},{"data":{"em_valuation_ground":"$10000.","em_valuation_building":"6500."},"votes":1,"confidence":0.3333333333333333,"instances":[{"created":"2016-10-06T14:38:37Z","user_id":"57c49a363234370003600200","duration":23.723}]}],"region":{"x":908.3184861439357,"y":589.0813750904059,"width":115.28170465704068,"height":72.20997501108195,"label":"Valuation","shape":"rectangle"},"task_key":"em_record_valuation_ground_building","instructions":{"mark":"Valuation","transcribe":"Sometimes valuations include itemized dollar values for \"ground\" and \"building\". Enter these amounts if you can find them. In the next screen, you'll enter the total valuation."}},{"id":"580d912b6164390003a6a502","status":"complete","name":"Amount Loaned","created_in_workflow":"verify","confidence":1.0,"data":{"value":"$6500."},"versions":[{"data":{"value":"$6500."},"votes":2,"confidence":0.6666666666666666,"instances":[{"created":"2016-05-18T00:18:31Z","user_id":"563f8b7a3264340003774b00","duration":3.81},{"created":"2016-06-11T04:03:03Z","user_id":"5750d4e061323000033d0000","duration":4.797}]},{"data":{"value":"6500."},"votes":1,"confidence":0.3333333333333333,"instances":[{"created":"2016-09-05T19:55:52Z","user_id":"57c49a363234370003600200","duration":5.894}]}],"region":{"x":919.719973417709,"y":680.2939751044042,"width":140.61834304320348,"height":36.73840833897157,"label":"Amount Loaned","shape":"rectangle"},"task_key":"em_transcribed_amount_loaned","instructions":{"mark":"Amount Loaned","transcribe":"Enter the Amount Loaned","verify":"Choose the best transcription or enter your own!"}}]}],"export_document":{"name":"Record","export_fields":[{"name":"Mortgager","value":"Francis Blessing","original_value":{"value":"Francis Blessing"},"assertion_ids":["580d912b61643900039da502"]},{"name":"Record Date","value":null,"original_value":{"value":"4033"},"assertion_ids":["580d912b6164390003a3a502"]},{"name":"Land \u0026 Building Dimensions","value":{"em_survey_land_dimensions":[25,80],"em_survey_building_dimensions":[25,40]},"original_value":{"em_survey_land_dimensions":"25 4 x 80","em_survey_building_dimensions":"25 4 x 40"},"assertion_ids":["580d912b616439000393a502"]},{"name":"Amount Loaned","value":6500.0,"original_value":{"value":"$6500."},"assertion_ids":["580d912b6164390003a6a502"]},{"name":"Stories \u0026 Materials","value":{"em_record_stories":3,"em_record_material":"br."},"original_value":{"em_record_stories":"3","em_record_material":"br."},"assertion_ids":["580d912b616439000396a502"]},{"name":"Record Number","value":null,"original_value":{"value":"Francis Blessing"},"assertion_ids":["580d912b61643900039ca502"]},{"name":"Additional Info","value":"","original_value":{"value":""},"assertion_ids":["580d912b616439000392a502"]},{"name":"Additional Info","value":"SW cor (illegible)","original_value":{"value":"SW cor (illegible)"},"assertion_ids":["580d912b616439000397a502"]}]}}