{"id":"56b10ab97061755afbb7d000","meta_data":{"capture_uuid":"15132af0-02e7-0133-6ce1-58d385a7bbd0","page_uri":"http://digitalcollections.nypl.org/items/15132af0-02e7-0133-6ce1-58d385a7bbd0","book_uri":"http://digitalcollections.nypl.org/items/109c0900-02e7-0133-03cf-58d385a7bbd0","source_rotated":"0.979081","source_x":"0","source_y":"0","source_w":"1372.73","source_h":"884.16"},"type":"final_subject_set","search_terms_by_field":{"Record Number":["4138"],"Mortgager":["Jos. Visconti"],"Street Address":["430 E 114th St"],"Additional Info":[],"Land \u0026 Building Dimensions":["25 x 100.10","21 x 36"],"Stories \u0026 Materials":["2","Br."],"Record Date":["1894 May 14"],"Total Value":[],"Land \u0026 Building Value":["$4000","4000"],"Valuation Date":[],"Amount Loaned":["$2500"]},"subjects":[{"id":"580d9d3b6164390003b6eb02","type":"root","location":{"standard":"https://s3.amazonaws.com/scribe.nypl.org/emigrant-s4/full/15132af0-02e7-0133-6ce1-58d385a7bbd0.left-top.jpg","thumbnail":"https://s3.amazonaws.com/scribe.nypl.org/emigrant-s4/thumb/15132af0-02e7-0133-6ce1-58d385a7bbd0.left-top.jpg"},"status":"retired","width":1372,"height":884,"meta_data":{"capture_uuid":"15132af0-02e7-0133-6ce1-58d385a7bbd0","page_uri":"http://digitalcollections.nypl.org/items/15132af0-02e7-0133-6ce1-58d385a7bbd0","book_uri":"http://digitalcollections.nypl.org/items/109c0900-02e7-0133-03cf-58d385a7bbd0","source_rotated":"0.979081","source_x":"0","source_y":"0","source_w":"1372.73","source_h":"884.16"},"assertions":[{"id":"580d9d3b6164390003b7eb02","status":"complete","name":"Record Number","created_in_workflow":"transcribe","confidence":1.0,"data":{"value":"4138"},"versions":[{"data":{"value":"4138"},"votes":3,"confidence":1.0,"instances":[{"created":"2015-11-09T21:15:03Z","user_id":"563f7dc232643400032b3500","duration":3.661},{"created":"2015-11-09T21:26:23Z","user_id":"563f7fdf3264340003683800","duration":6.658},{"created":"2015-11-09T21:28:35Z","user_id":"56410b976161650003571800","duration":4.671}]}],"region":{"x":327.6039628994997,"y":87.94994364774008,"width":570.5752326459675,"height":73.65807780498231,"label":"Record Number","shape":"rectangle"},"task_key":"em_record_number","instructions":{"mark":"Record Number","transcribe":"Enter the record number"}},{"id":"580d9d3b6164390003b8eb02","status":"complete","name":"Mortgager","created_in_workflow":"verify","confidence":1.0,"data":{"value":"Jos. Visconti"},"versions":[{"data":{"value":"Jos. Visconti"},"votes":3,"confidence":1.0,"instances":[{"created":"2015-12-16T08:17:12Z","user_id":"5647496e3562310003960400","duration":7.252},{"created":"2016-01-02T19:18:27Z","user_id":"56748e5e3564620003fd0100","duration":7.085},{"created":"2016-02-01T17:41:54Z","user_id":"56980a2d3337650003270200","duration":10.317}]}],"region":{"x":208.8715445454255,"y":658.5252030624539,"width":227.57046851197552,"height":41.776223232676585,"label":"Mortgager Name","shape":"rectangle"},"task_key":"em_transcribed_mortgager","instructions":{"mark":"Mortgager Name","transcribe":"Enter the mortgager's name","verify":"Choose the best transcription or enter your own!"}},{"id":"580d9d3b6164390003b9eb02","status":"complete","name":"Street Address","created_in_workflow":"verify","confidence":1.0,"data":{"value":"430 E 114th St"},"versions":[{"data":{"value":"430 E 114th St"},"votes":2,"confidence":0.6666666666666666,"instances":[{"created":"2016-01-02T18:33:40Z","user_id":"56748e5e3564620003fd0100","duration":13.703},{"created":"2016-01-31T21:37:27Z","user_id":"56980a2d3337650003270200","duration":11.634}]},{"data":{"value":"430 E 114 St."},"votes":1,"confidence":0.3333333333333333,"instances":[{"created":"2016-02-16T01:54:14Z","user_id":"563f8b7a3264340003774b00","duration":18.164}]}],"region":{"x":228.66028093777126,"y":702.500174886324,"width":266.0485670526476,"height":39.577474641483036,"label":"Street Address","shape":"rectangle"},"task_key":"em_transcribed_address","instructions":{"mark":"Street Address","transcribe":"Enter the street address","verify":"Choose the best transcription or enter your own!"}},{"id":"580d9d3b6164390003baeb02","status":"awaiting_transcriptions","name":"Additional Info","created_in_workflow":"transcribe","confidence":0.3333333333333333,"data":{"value":""},"versions":[{"data":{"value":""},"votes":1,"confidence":0.3333333333333333,"instances":[{"created":"2015-12-17T00:55:06Z","user_id":"5647496e3562310003960400","duration":1.086}]}],"region":{"x":86.84100345929379,"y":744.2763981190004,"width":524.4015143971609,"height":96.74493801251413,"label":"Dimension \u0026 Description","shape":"rectangle"},"task_key":"em_record_survey_additional_info","instructions":{"mark":"Dimension \u0026 Description","transcribe":"Enter any additional information you find about the building's construction or significance."}},{"id":"580d9d3b6164390003bbeb02","status":"complete","name":"Land \u0026 Building Dimensions","created_in_workflow":"verify","confidence":1.0,"data":{"em_survey_land_dimensions":"25 x 100.10","em_survey_building_dimensions":"21 x 36"},"versions":[{"data":{"em_survey_land_dimensions":"25 x 100.10","em_survey_building_dimensions":"21 x 36"},"votes":4,"confidence":1.0,"instances":[{"created":"2015-12-16T09:04:37Z","user_id":"5647496e3562310003960400","duration":7.716},{"created":"2016-01-02T19:51:24Z","user_id":"56748e5e3564620003fd0100","duration":11.374},{"created":"2016-02-02T16:34:02Z","user_id":"56980a2d3337650003270200","duration":12.426},{"created":"2016-03-08T02:23:27Z","user_id":"563f8b7a3264340003774b00","duration":8.002}]}],"region":{"x":86.84100345929379,"y":744.2763981190004,"width":524.4015143971609,"height":96.74493801251413,"label":"Dimension \u0026 Description","shape":"rectangle"},"task_key":"em_transcribed_survey","instructions":{"mark":"Dimension \u0026 Description","transcribe":"Enter, as they appear, any land and building dimensions that were recorded. In the next screen, you'll enter the descriptive information.","verify":"Choose the best transcription or enter your own!"}},{"id":"580d9d3b6164390003bceb02","status":"contentious","name":"Stories \u0026 Materials","created_in_workflow":"verify","confidence":0.45454545454545453,"data":{"em_record_stories":"2","em_record_material":"Br."},"versions":[{"data":{"em_record_stories":"2","em_record_material":"Br."},"votes":10,"confidence":0.45454545454545453,"instances":[{"created":"2016-03-04T11:42:57Z","user_id":"56d970153431610003350000","duration":14.014},{"created":"2016-03-07T10:17:10Z","user_id":"56dd54356561330003360100","duration":13.424},{"created":"2016-03-07T18:28:36Z","user_id":"56ddc55d65613300031f0200","duration":16.863},{"created":"2016-03-07T21:00:16Z","user_id":"56ddeb5365613300035a0200","duration":13.512},{"created":"2016-03-08T12:53:05Z","user_id":"56decaaa37316600033e0200","duration":9.318},{"created":"2016-03-08T12:53:11Z","user_id":"56decaaa37316600033e0200","duration":0.223},{"created":"2016-03-08T12:53:11Z","user_id":"56decaaa37316600033e0200","duration":3.054},{"created":"2016-03-08T13:49:53Z","user_id":"56ded8403731660003b00200","duration":8.934},{"created":"2016-03-08T13:49:56Z","user_id":"56ded8403731660003b00200","duration":1.926},{"created":"2016-03-08T13:49:56Z","user_id":"56ded8403731660003b00200","duration":0.238}]},{"data":{"em_record_stories":"2","em_record_material":"br"},"votes":8,"confidence":0.36363636363636365,"instances":[{"created":"2016-02-20T20:18:54Z","user_id":"563f8b7a3264340003774b00","duration":11.057},{"created":"2016-03-04T23:01:39Z","user_id":"56da09be6263340003120000","duration":21.898},{"created":"2016-03-06T17:01:55Z","user_id":"56c0b69b3435350003200000","duration":1.68},{"created":"2016-03-07T02:24:24Z","user_id":"56dce40f65613300030d0000","duration":7.386},{"created":"2016-03-07T18:03:20Z","user_id":"56ddc1076561330003140200","duration":34.106},{"created":"2016-03-07T21:44:30Z","user_id":"5668b33530333000032d0500","duration":8.841},{"created":"2016-03-07T21:52:40Z","user_id":"56ddf6f737316600030d0000","duration":26.94},{"created":"2016-03-07T23:52:51Z","user_id":"56ddf5e26561330003850200","duration":759.329}]},{"data":{"em_record_stories":"2","em_record_material":"br."},"votes":4,"confidence":0.18181818181818182,"instances":[{"created":"2016-01-02T20:14:06Z","user_id":"56748e5e3564620003fd0100","duration":11.542},{"created":"2016-02-02T20:01:57Z","user_id":"56980a2d3337650003270200","duration":10.958},{"created":"2016-03-08T14:13:48Z","user_id":"56dedcd33731660003f00200","duration":10.6},{"created":"2016-03-08T14:13:53Z","user_id":"56dedcd33731660003f00200","duration":3.12}]}],"region":{"x":86.84100345929379,"y":744.2763981190004,"width":524.4015143971609,"height":96.74493801251413,"label":"Dimension \u0026 Description","shape":"rectangle"},"task_key":"em_transcribed_stories_materials","instructions":{"mark":"Dimension \u0026 Description","transcribe":"Enter, as they appear, the number of stories and the building materials.","verify":"Choose the best transcription or enter your own!"}},{"id":"580d9d3b6164390003bdeb02","status":"complete","name":"Record Date","created_in_workflow":"verify","confidence":1.0,"data":{"value":"1894 May 14"},"versions":[{"data":{"value":"1894 May 14"},"votes":3,"confidence":0.6,"instances":[{"created":"2015-11-20T01:07:35Z","user_id":"563f8b7a3264340003774b00","duration":6.995},{"created":"2015-11-25T04:24:46Z","user_id":"5649188c3863370003020e00","duration":5.446},{"created":"2015-12-01T03:07:53Z","user_id":"563bfc7535326200037f3900","duration":4.979}]},{"data":{"value":"May 14/94"},"votes":2,"confidence":0.4,"instances":[{"created":"2015-11-24T20:57:18Z","user_id":"5647496e3562310003960400","duration":4.891},{"created":"2015-11-26T22:14:53Z","user_id":"5647496e3562310003960400","duration":4.117}]}],"region":{"x":238.5546491339441,"y":614.5502312385838,"width":235.2660882201099,"height":48.372469006257006,"label":"Record Date","shape":"rectangle"},"task_key":"em_transcribed_date","instructions":{"mark":"Record Date","transcribe":"Enter the record date","verify":"Choose the best transcription or enter your own!"}},{"id":"580d9d3b6164390003beeb02","status":"complete","name":"Total Value","created_in_workflow":"transcribe","confidence":1.0,"data":{"value":""},"versions":[{"data":{"value":""},"votes":3,"confidence":1.0,"instances":[{"created":"2015-11-09T20:31:37Z","user_id":"5641537261616500034e4f00","duration":0.702},{"created":"2015-11-09T21:26:39Z","user_id":"563f7fdf3264340003683800","duration":2.015},{"created":"2015-12-16T08:38:27Z","user_id":"5647496e3562310003960400","duration":0.887}]}],"region":{"x":698.0930831339718,"y":618.9477284209709,"width":346.3028868660498,"height":86.8505693521433,"label":"Valuation","shape":"rectangle"},"task_key":"em_record_valuation_total","instructions":{"mark":"Valuation","transcribe":"Enter the valuation ***total*** (if one is given)"}},{"id":"580d9d3b6164390003bfeb02","status":"complete","name":"Land \u0026 Building Value","created_in_workflow":"verify","confidence":1.0,"data":{"em_valuation_ground":"$4000","em_valuation_building":"4000"},"versions":[{"data":{"em_valuation_ground":"$4000","em_valuation_building":"4000"},"votes":3,"confidence":1.0,"instances":[{"created":"2016-01-02T20:06:18Z","user_id":"56748e5e3564620003fd0100","duration":9.651},{"created":"2016-02-02T19:58:26Z","user_id":"56980a2d3337650003270200","duration":5.455},{"created":"2016-02-16T02:20:25Z","user_id":"563f8b7a3264340003774b00","duration":6.38}]}],"region":{"x":698.0930831339718,"y":618.9477284209709,"width":346.3028868660498,"height":86.8505693521433,"label":"Valuation","shape":"rectangle"},"task_key":"em_transcribed_valuation_itemized","instructions":{"mark":"Valuation","transcribe":"Sometimes valuations include itemized dollar values for \"ground\" and \"building\". Enter these amounts if you can find them. In the next screen, you'll enter the total valuation.","verify":"Choose the best transcription or enter your own!"}},{"id":"580d9d3b6164390003c0eb02","status":"complete","name":"Valuation Date","created_in_workflow":"verify","confidence":1.0,"data":{"value":""},"versions":[{"data":{"value":""},"votes":3,"confidence":1.0,"instances":[{"created":"2016-01-02T18:57:24Z","user_id":"56748e5e3564620003fd0100","duration":3.024},{"created":"2016-01-31T22:03:18Z","user_id":"56980a2d3337650003270200","duration":5.683},{"created":"2016-02-16T17:41:47Z","user_id":"563f8b7a3264340003774b00","duration":3.426}]}],"region":{"x":698.0930831339718,"y":618.9477284209709,"width":346.3028868660498,"height":86.8505693521433,"label":"Valuation","shape":"rectangle"},"task_key":"em_transcribed_valuation_date","instructions":{"mark":"Valuation","transcribe":"Enter the date of the valuation (if one is given). In the next screen, you'll enter the valuation's dollar amounts.","verify":"Choose the best transcription or enter your own!"}},{"id":"580d9d3b6164390003c1eb02","status":"complete","name":"Amount Loaned","created_in_workflow":"verify","confidence":1.0,"data":{"value":"$2500"},"versions":[{"data":{"value":"$2500"},"votes":3,"confidence":1.0,"instances":[{"created":"2016-01-02T18:33:45Z","user_id":"56748e5e3564620003fd0100","duration":5.421},{"created":"2016-01-31T21:37:44Z","user_id":"56980a2d3337650003270200","duration":5.536},{"created":"2016-02-16T01:54:35Z","user_id":"563f8b7a3264340003774b00","duration":7.576}]}],"region":{"x":841.0117348564686,"y":705.7982977731142,"width":184.69487299522643,"height":43.974971823869964,"label":"Amount Loaned","shape":"rectangle"},"task_key":"em_transcribed_amount_loaned","instructions":{"mark":"Amount Loaned","transcribe":"Enter the Amount Loaned","verify":"Choose the best transcription or enter your own!"}}]}],"export_document":{"name":"Record","export_fields":[{"name":"Mortgager","value":"Jos. Visconti","original_value":{"value":"Jos. Visconti"},"assertion_ids":["580d9d3b6164390003b8eb02"]},{"name":"Street Address","value":"430 E 114th St","original_value":{"value":"430 E 114th St"},"assertion_ids":["580d9d3b6164390003b9eb02"]},{"name":"Record Date","value":"1894-05-14T00:00:00Z","original_value":{"value":"1894 May 14"},"assertion_ids":["580d9d3b6164390003bdeb02"]},{"name":"Land \u0026 Building Dimensions","value":{"em_survey_land_dimensions":[25,100.83333333333333],"em_survey_building_dimensions":[21,36]},"original_value":{"em_survey_land_dimensions":"25 x 100.10","em_survey_building_dimensions":"21 x 36"},"assertion_ids":["580d9d3b6164390003bbeb02"]},{"name":"Amount Loaned","value":2500.0,"original_value":{"value":"$2500"},"assertion_ids":["580d9d3b6164390003c1eb02"]},{"name":"Stories \u0026 Materials","value":{"em_record_stories":2,"em_record_material":"Br."},"original_value":{"em_record_stories":"2","em_record_material":"Br."},"assertion_ids":["580d9d3b6164390003bceb02"]},{"name":"Valuation","value":null,"original_value":null,"assertion_ids":null},{"name":"Record Number","value":4138,"original_value":{"value":"4138"},"assertion_ids":["580d9d3b6164390003b7eb02"]},{"name":"Additional Info","value":"","original_value":{"value":""},"assertion_ids":["580d9d3b6164390003baeb02"]}]}}