{"id":"56b10a2e7061755afb07c600","meta_data":{"capture_uuid":"12f6f2f0-02e7-0133-64aa-58d385a7bbd0","page_uri":"http://digitalcollections.nypl.org/items/12f6f2f0-02e7-0133-64aa-58d385a7bbd0","book_uri":"http://digitalcollections.nypl.org/items/109c0900-02e7-0133-03cf-58d385a7bbd0","source_rotated":"0.923143","source_x":"1216.33","source_y":"0","source_w":"1371.67","source_h":"903.5600000000001"},"type":"final_subject_set","search_terms_by_field":{"Land \u0026 Building Dimensions":["22.5 1/2 x 90.10","22.5/2 x 90.10"],"Stories \u0026 Materials":["3","brick","3","brick"],"Additional Info":[],"Valuation Date":[],"Total Value":[],"Land \u0026 Building Value":["$7000","$7000.","3000."],"Record Number":["3940","3940"],"Mortgager":["Thomas Corr"],"Street Address":["711  - 6th St"],"Record Date":["July 18/92"],"Amount Loaned":["$5000."]},"subjects":[{"id":"580daa0c61643900033e2d03","type":"root","location":{"standard":"https://s3.amazonaws.com/scribe.nypl.org/emigrant-s4/full/12f6f2f0-02e7-0133-64aa-58d385a7bbd0.right-top.jpg","thumbnail":"https://s3.amazonaws.com/scribe.nypl.org/emigrant-s4/thumb/12f6f2f0-02e7-0133-64aa-58d385a7bbd0.right-top.jpg"},"status":"retired","width":1371,"height":903,"meta_data":{"capture_uuid":"12f6f2f0-02e7-0133-64aa-58d385a7bbd0","page_uri":"http://digitalcollections.nypl.org/items/12f6f2f0-02e7-0133-64aa-58d385a7bbd0","book_uri":"http://digitalcollections.nypl.org/items/109c0900-02e7-0133-03cf-58d385a7bbd0","source_rotated":"0.923143","source_x":"1216.33","source_y":"0","source_w":"1371.67","source_h":"903.5600000000001"},"assertions":[{"id":"580daa0c61643900033f2d03","status":"awaiting_votes","name":"Land \u0026 Building Dimensions","created_in_workflow":"verify","confidence":0.3333333333333333,"data":{"em_survey_land_dimensions":"22.5 1/2 x 90.10","em_survey_building_dimensions":""},"versions":[{"data":{"em_survey_land_dimensions":"22.5 1/2 x 90.10","em_survey_building_dimensions":""},"votes":1,"confidence":0.3333333333333333,"instances":[{"created":"2016-09-25T12:35:57Z","user_id":"57c49a363234370003600200","duration":9.002}]}],"region":{"x":369.66996745723503,"y":757.47112708132,"width":204.66157760814252,"height":38.37357603300177,"label":"Dimension \u0026 Description","shape":"rectangle"},"task_key":"em_transcribed_survey","instructions":{"mark":"Dimension \u0026 Description","transcribe":"Enter, as they appear, any land and building dimensions that were recorded. In the next screen, you'll enter the descriptive information.","verify":"Choose the best transcription or enter your own!"}},{"id":"580daa0c6164390003402d03","status":"awaiting_transcriptions","name":"Stories \u0026 Materials","created_in_workflow":"transcribe","confidence":0.3333333333333333,"data":{"em_record_stories":"","em_record_material":""},"versions":[{"data":{"em_record_stories":"","em_record_material":""},"votes":1,"confidence":0.3333333333333333,"instances":[{"created":"2016-02-29T00:17:37Z","user_id":"56d386e13835310003250700","duration":1.117}]}],"region":{"x":369.66996745723503,"y":757.47112708132,"width":204.66157760814252,"height":38.37357603300177,"label":"Dimension \u0026 Description","shape":"rectangle"},"task_key":"em_record_survey_stories_materials","instructions":{"mark":"Dimension \u0026 Description","transcribe":"Enter, as they appear, the number of stories and the building materials."}},{"id":"580daa0c6164390003412d03","status":"awaiting_transcriptions","name":"Additional Info","created_in_workflow":"transcribe","confidence":0.3333333333333333,"data":{"value":""},"versions":[{"data":{"value":""},"votes":1,"confidence":0.3333333333333333,"instances":[{"created":"2016-02-29T00:17:38Z","user_id":"56d386e13835310003250700","duration":0.589}]}],"region":{"x":369.66996745723503,"y":757.47112708132,"width":204.66157760814252,"height":38.37357603300177,"label":"Dimension \u0026 Description","shape":"rectangle"},"task_key":"em_record_survey_additional_info","instructions":{"mark":"Dimension \u0026 Description","transcribe":"Enter any additional information you find about the building's construction or significance."}},{"id":"580daa0c6164390003422d03","status":"awaiting_votes","name":"Stories \u0026 Materials","created_in_workflow":"verify","confidence":0.3333333333333333,"data":{"em_record_stories":"3","em_record_material":"brick"},"versions":[{"data":{"em_record_stories":"3","em_record_material":"brick"},"votes":1,"confidence":0.3333333333333333,"instances":[{"created":"2016-09-25T12:37:04Z","user_id":"57c49a363234370003600200","duration":3.78}]}],"region":{"x":383.62416593051745,"y":799.3332100264128,"width":206.98727735368954,"height":40.699247307729024,"label":"Dimension \u0026 Description","shape":"rectangle"},"task_key":"em_transcribed_stories_materials","instructions":{"mark":"Dimension \u0026 Description","transcribe":"Enter, as they appear, the number of stories and the building materials.","verify":"Choose the best transcription or enter your own!"}},{"id":"580daa0c6164390003432d03","status":"awaiting_transcriptions","name":"Land \u0026 Building Dimensions","created_in_workflow":"transcribe","confidence":0.3333333333333333,"data":{"em_survey_land_dimensions":"","em_survey_building_dimensions":""},"versions":[{"data":{"em_survey_land_dimensions":"","em_survey_building_dimensions":""},"votes":1,"confidence":0.3333333333333333,"instances":[{"created":"2016-02-29T00:17:42Z","user_id":"56d386e13835310003250700","duration":4.933}]}],"region":{"x":383.62416593051745,"y":799.3332100264128,"width":206.98727735368954,"height":40.699247307729024,"label":"Dimension \u0026 Description","shape":"rectangle"},"task_key":"em_record_survey","instructions":{"mark":"Dimension \u0026 Description","transcribe":"Enter, as they appear, any land and building dimensions that were recorded. In the next screen, you'll enter the descriptive information."}},{"id":"580daa0c6164390003442d03","status":"awaiting_transcriptions","name":"Additional Info","created_in_workflow":"transcribe","confidence":0.3333333333333333,"data":{"value":""},"versions":[{"data":{"value":""},"votes":1,"confidence":0.3333333333333333,"instances":[{"created":"2016-02-29T00:17:49Z","user_id":"56d386e13835310003250700","duration":0.63}]}],"region":{"x":383.62416593051745,"y":799.3332100264128,"width":206.98727735368954,"height":40.699247307729024,"label":"Dimension \u0026 Description","shape":"rectangle"},"task_key":"em_record_survey_additional_info","instructions":{"mark":"Dimension \u0026 Description","transcribe":"Enter any additional information you find about the building's construction or significance."}},{"id":"580daa0c6164390003452d03","status":"awaiting_transcriptions","name":"Valuation Date","created_in_workflow":"transcribe","confidence":0.3333333333333333,"data":{"value":""},"versions":[{"data":{"value":""},"votes":1,"confidence":0.3333333333333333,"instances":[{"created":"2015-11-18T20:05:12Z","user_id":"564b62033863320003ba0500","duration":1.8}]},{"data":{"value":"July 18/92"},"votes":1,"confidence":0.3333333333333333,"instances":[{"created":"2016-10-06T01:09:26Z","user_id":"57c49a363234370003600200","duration":31.055}]}],"region":{"x":914.9925291791241,"y":610.4945639602128,"width":157.45116174249858,"height":93.5794587092297,"label":"Valuation","shape":"rectangle"},"task_key":"em_record_valuation","instructions":{"mark":"Valuation","transcribe":"Enter the date of the valuation (if one is given). In the next screen, you'll enter the valuation's dollar amounts."}},{"id":"580daa0c6164390003462d03","status":"awaiting_transcriptions","name":"Total Value","created_in_workflow":"transcribe","confidence":0.6666666666666666,"data":{"value":""},"versions":[{"data":{"value":""},"votes":2,"confidence":0.6666666666666666,"instances":[{"created":"2015-11-18T20:05:26Z","user_id":"564b62033863320003ba0500","duration":10.493},{"created":"2016-10-06T01:09:37Z","user_id":"57c49a363234370003600200","duration":1.102}]}],"region":{"x":914.9925291791241,"y":610.4945639602128,"width":157.45116174249858,"height":93.5794587092297,"label":"Valuation","shape":"rectangle"},"task_key":"em_record_valuation_total","instructions":{"mark":"Valuation","transcribe":"Enter the valuation ***total*** (if one is given)"}},{"id":"580daa0c6164390003472d03","status":"awaiting_transcriptions","name":"Land \u0026 Building Value","created_in_workflow":"transcribe","confidence":0.3333333333333333,"data":{"em_valuation_ground":"$7000"},"versions":[{"data":{"em_valuation_ground":"$7000"},"votes":1,"confidence":0.3333333333333333,"instances":[{"created":"2015-11-18T20:05:15Z","user_id":"564b62033863320003ba0500","duration":2.986}]},{"data":{"em_valuation_ground":"$7000.","em_valuation_building":"3000."},"votes":1,"confidence":0.3333333333333333,"instances":[{"created":"2016-10-06T01:09:35Z","user_id":"57c49a363234370003600200","duration":9.371}]}],"region":{"x":914.9925291791241,"y":610.4945639602128,"width":157.45116174249858,"height":93.5794587092297,"label":"Valuation","shape":"rectangle"},"task_key":"em_record_valuation_ground_building","instructions":{"mark":"Valuation","transcribe":"Sometimes valuations include itemized dollar values for \"ground\" and \"building\". Enter these amounts if you can find them. In the next screen, you'll enter the total valuation."}},{"id":"580daa0c6164390003482d03","status":"awaiting_votes","name":"Land \u0026 Building Value","created_in_workflow":"transcribe","confidence":0.3333333333333333,"data":{"em_valuation_ground":"$7000."},"versions":[{"data":{"em_valuation_ground":"$7000."},"votes":1,"confidence":0.3333333333333333,"instances":[{"created":"2016-02-29T02:12:07Z","user_id":"56d3a16e6463300003300000","duration":7.157}]},{"data":{"em_valuation_ground":"$7,000"},"votes":1,"confidence":0.3333333333333333,"instances":[{"created":"2016-02-29T13:50:35Z","user_id":"56d44b5d6463300003240100","duration":7.204}]},{"data":{"em_valuation_ground":"$7000.","em_valuation_building":""},"votes":1,"confidence":0.3333333333333333,"instances":[{"created":"2016-02-29T23:55:17Z","user_id":"56d4da4f6463300003ca0100","duration":6.155}]}],"region":{"x":930.1636061340798,"y":613.2795080482229,"width":106.98218829516532,"height":60.46745314291172,"label":"Valuation","shape":"rectangle"},"task_key":"em_record_valuation_ground_building","instructions":{"mark":"Valuation","transcribe":"Sometimes valuations include itemized dollar values for \"ground\" and \"building\". Enter these amounts if you can find them. In the next screen, you'll enter the total valuation."}},{"id":"580daa0c6164390003492d03","status":"awaiting_transcriptions","name":"Valuation Date","created_in_workflow":"transcribe","confidence":0.3333333333333333,"data":{"value":""},"versions":[{"data":{"value":""},"votes":1,"confidence":0.3333333333333333,"instances":[{"created":"2016-02-29T23:55:10Z","user_id":"56d4da4f6463300003ca0100","duration":7.64}]}],"region":{"x":930.1636061340798,"y":613.2795080482229,"width":106.98218829516532,"height":60.46745314291172,"label":"Valuation","shape":"rectangle"},"task_key":"em_record_valuation","instructions":{"mark":"Valuation","transcribe":"Enter the date of the valuation (if one is given). In the next screen, you'll enter the valuation's dollar amounts."}},{"id":"580daa0c61643900034a2d03","status":"awaiting_transcriptions","name":"Total Value","created_in_workflow":"transcribe","confidence":0.3333333333333333,"data":{"value":""},"versions":[{"data":{"value":""},"votes":1,"confidence":0.3333333333333333,"instances":[{"created":"2016-02-29T23:55:17Z","user_id":"56d4da4f6463300003ca0100","duration":0.757}]}],"region":{"x":930.1636061340798,"y":613.2795080482229,"width":106.98218829516532,"height":60.46745314291172,"label":"Valuation","shape":"rectangle"},"task_key":"em_record_valuation_total","instructions":{"mark":"Valuation","transcribe":"Enter the valuation ***total*** (if one is given)"}},{"id":"580daa0c61643900034b2d03","status":"awaiting_votes","name":"Land \u0026 Building Value","created_in_workflow":"transcribe","confidence":0.3333333333333333,"data":{"em_valuation_building":"3000."},"versions":[{"data":{"em_valuation_building":"3000."},"votes":1,"confidence":0.3333333333333333,"instances":[{"created":"2016-02-29T02:12:36Z","user_id":"56d3a16e6463300003300000","duration":8.245}]},{"data":{"em_valuation_ground":"","em_valuation_building":"3000."},"votes":1,"confidence":0.3333333333333333,"instances":[{"created":"2016-02-29T23:55:41Z","user_id":"56d4da4f6463300003ca0100","duration":4.388}]},{"data":{"em_valuation_ground":"$7000","em_valuation_building":"3000"},"votes":1,"confidence":0.3333333333333333,"instances":[{"created":"2016-03-01T00:35:03Z","user_id":"563f8b7a3264340003774b00","duration":21.139}]}],"region":{"x":952.257753716777,"y":678.3983037405893,"width":98.84223918575071,"height":31.396562208819546,"label":"Valuation","shape":"rectangle"},"task_key":"em_record_valuation_ground_building","instructions":{"mark":"Valuation","transcribe":"Sometimes valuations include itemized dollar values for \"ground\" and \"building\". Enter these amounts if you can find them. In the next screen, you'll enter the total valuation."}},{"id":"580daa0c61643900034c2d03","status":"awaiting_transcriptions","name":"Valuation Date","created_in_workflow":"transcribe","confidence":0.6666666666666666,"data":{"value":""},"versions":[{"data":{"value":""},"votes":2,"confidence":0.6666666666666666,"instances":[{"created":"2016-02-29T23:55:37Z","user_id":"56d4da4f6463300003ca0100","duration":3.315},{"created":"2016-03-01T00:34:42Z","user_id":"563f8b7a3264340003774b00","duration":6.383}]}],"region":{"x":952.257753716777,"y":678.3983037405893,"width":98.84223918575071,"height":31.396562208819546,"label":"Valuation","shape":"rectangle"},"task_key":"em_record_valuation","instructions":{"mark":"Valuation","transcribe":"Enter the date of the valuation (if one is given). In the next screen, you'll enter the valuation's dollar amounts."}},{"id":"580daa0c61643900034d2d03","status":"awaiting_transcriptions","name":"Total Value","created_in_workflow":"transcribe","confidence":0.6666666666666666,"data":{"value":""},"versions":[{"data":{"value":""},"votes":2,"confidence":0.6666666666666666,"instances":[{"created":"2016-02-29T23:55:42Z","user_id":"56d4da4f6463300003ca0100","duration":0.411},{"created":"2016-03-01T00:35:05Z","user_id":"563f8b7a3264340003774b00","duration":2.389}]}],"region":{"x":952.257753716777,"y":678.3983037405893,"width":98.84223918575071,"height":31.396562208819546,"label":"Valuation","shape":"rectangle"},"task_key":"em_record_valuation_total","instructions":{"mark":"Valuation","transcribe":"Enter the valuation ***total*** (if one is given)"}},{"id":"580daa0c61643900034e2d03","status":"complete","name":"Record Number","created_in_workflow":"transcribe","confidence":1.0,"data":{"value":"3940"},"versions":[{"data":{"value":"3940"},"votes":3,"confidence":1.0,"instances":[{"created":"2016-02-28T02:00:24Z","user_id":"563f8b7a3264340003774b00","duration":9.525},{"created":"2016-02-29T00:15:10Z","user_id":"56d386e13835310003250700","duration":5.628},{"created":"2016-02-29T13:29:03Z","user_id":"56d443e16463300003e00000","duration":13.926}]}],"region":{"x":820.8557180933673,"y":98.84102917591338,"width":115.12213740458026,"height":59.30461750554801,"label":"Record Number","shape":"rectangle"},"task_key":"em_record_number","instructions":{"mark":"Record Number","transcribe":"Enter the record number"}},{"id":"580daa0c61643900034f2d03","status":"complete","name":"Record Number","created_in_workflow":"transcribe","confidence":1.0,"data":{"value":"3940"},"versions":[{"data":{"value":"3940"},"votes":3,"confidence":1.0,"instances":[{"created":"2015-11-18T19:58:09Z","user_id":"564b62033863320003ba0500","duration":5.615},{"created":"2015-11-18T21:33:36Z","user_id":"564ce7b86531660003260f00","duration":7.941},{"created":"2015-11-18T21:57:59Z","user_id":"564cf3e56531660003f61000","duration":4.942}]}],"region":{"x":824.383841761271,"y":102.49178811010871,"width":111.40412387440938,"height":51.98858817179429,"label":"Record Number","shape":"rectangle"},"task_key":"em_record_number","instructions":{"mark":"Record Number","transcribe":"Enter the record number"}},{"id":"580daa0c6164390003502d03","status":"complete","name":"Mortgager","created_in_workflow":"verify","confidence":1.0,"data":{"value":"Thomas Corr"},"versions":[{"data":{"value":"Thomas Corr"},"votes":3,"confidence":1.0,"instances":[{"created":"2016-05-17T00:29:02Z","user_id":"563f8b7a3264340003774b00","duration":11.406},{"created":"2016-06-09T20:47:21Z","user_id":"5750d4e061323000033d0000","duration":10.777},{"created":"2016-09-29T14:45:45Z","user_id":"57c49a363234370003600200","duration":12.212}]}],"region":{"x":285.18788220912927,"y":662.483152132007,"width":267.3698972985827,"height":47.53242347135483,"label":"Mortgager Name","shape":"rectangle"},"task_key":"em_transcribed_mortgager","instructions":{"mark":"Mortgager Name","transcribe":"Enter the mortgager's name","verify":"Choose the best transcription or enter your own!"}},{"id":"580daa0c6164390003512d03","status":"awaiting_votes","name":"Street Address","created_in_workflow":"transcribe","confidence":0.3333333333333333,"data":{"value":"711  - 6th St"},"versions":[{"data":{"value":"711  - 6th St"},"votes":1,"confidence":0.3333333333333333,"instances":[{"created":"2015-11-18T20:03:26Z","user_id":"564b62033863320003ba0500","duration":12.832}]},{"data":{"value":"711 6th St"},"votes":1,"confidence":0.3333333333333333,"instances":[{"created":"2015-11-18T21:36:05Z","user_id":"564618af6363350003da0c00","duration":11.326}]},{"data":{"value":"711 - 6 St"},"votes":1,"confidence":0.3333333333333333,"instances":[{"created":"2016-10-06T01:19:21Z","user_id":"57c49a363234370003600200","duration":20.913}]}],"region":{"x":298.5563770740584,"y":707.044799136402,"width":234.69135429542257,"height":46.04703523787498,"label":"Street Address","shape":"rectangle"},"task_key":"em_record_street_address","instructions":{"mark":"Street Address","transcribe":"Enter the street address"}},{"id":"580daa0c6164390003522d03","status":"awaiting_votes","name":"Land \u0026 Building Dimensions","created_in_workflow":"transcribe","confidence":0.3333333333333333,"data":{"em_survey_land_dimensions":"22.5/2 x 90.10"},"versions":[{"data":{"em_survey_land_dimensions":"22.5/2 x 90.10"},"votes":1,"confidence":0.3333333333333333,"instances":[{"created":"2015-11-18T21:08:25Z","user_id":"564cdea46531660003780e00","duration":109.837}]},{"data":{"em_survey_land_dimensions":"22'5 1/2 x 90'10"},"votes":1,"confidence":0.3333333333333333,"instances":[{"created":"2015-11-18T21:38:07Z","user_id":"564618af6363350003da0c00","duration":19.312}]},{"data":{"em_survey_land_dimensions":"22.5 1/2 x 90.10","em_survey_building_dimensions":" "},"votes":1,"confidence":0.3333333333333333,"instances":[{"created":"2016-10-06T01:28:20Z","user_id":"57c49a363234370003600200","duration":64.81}]}],"region":{"x":350.54496821544956,"y":753.091834374277,"width":242.11829588704987,"height":77.24018814095143,"label":"Dimension \u0026 Description","shape":"rectangle"},"task_key":"em_record_survey","instructions":{"mark":"Dimension \u0026 Description","transcribe":"Enter, as they appear, any land and building dimensions that were recorded. In the next screen, you'll enter the descriptive information."}},{"id":"580daa0c6164390003532d03","status":"complete","name":"Stories \u0026 Materials","created_in_workflow":"transcribe","confidence":1.0,"data":{"em_record_stories":"3","em_record_material":"brick"},"versions":[{"data":{"em_record_stories":"3","em_record_material":"brick"},"votes":3,"confidence":1.0,"instances":[{"created":"2015-11-18T21:08:34Z","user_id":"564cdea46531660003780e00","duration":10.083},{"created":"2015-11-18T21:38:14Z","user_id":"564618af6363350003da0c00","duration":6.421},{"created":"2016-10-06T01:28:52Z","user_id":"57c49a363234370003600200","duration":32.504}]}],"region":{"x":350.54496821544956,"y":753.091834374277,"width":242.11829588704987,"height":77.24018814095143,"label":"Dimension \u0026 Description","shape":"rectangle"},"task_key":"em_record_survey_stories_materials","instructions":{"mark":"Dimension \u0026 Description","transcribe":"Enter, as they appear, the number of stories and the building materials."}},{"id":"580daa0c6164390003542d03","status":"awaiting_transcriptions","name":"Additional Info","created_in_workflow":"transcribe","confidence":0.3333333333333333,"data":{"value":""},"versions":[{"data":{"value":""},"votes":1,"confidence":0.3333333333333333,"instances":[{"created":"2016-10-06T01:28:54Z","user_id":"57c49a363234370003600200","duration":1.072}]}],"region":{"x":350.54496821544956,"y":753.091834374277,"width":242.11829588704987,"height":77.24018814095143,"label":"Dimension \u0026 Description","shape":"rectangle"},"task_key":"em_record_survey_additional_info","instructions":{"mark":"Dimension \u0026 Description","transcribe":"Enter any additional information you find about the building's construction or significance."}},{"id":"580daa0c6164390003552d03","status":"complete","name":"Record Date","created_in_workflow":"verify","confidence":1.0,"data":{"value":"July 18/92"},"versions":[{"data":{"value":"July 18/92"},"votes":3,"confidence":1.0,"instances":[{"created":"2015-12-18T02:13:14Z","user_id":"5647496e3562310003960400","duration":3.606},{"created":"2016-01-02T18:07:17Z","user_id":"56748e5e3564620003fd0100","duration":4.421},{"created":"2016-01-30T21:46:16Z","user_id":"56980a2d3337650003270200","duration":8.461}]}],"region":{"x":320.8372018489403,"y":616.4361168941322,"width":212.4105295205407,"height":59.41552933919343,"label":"Record Date","shape":"rectangle"},"task_key":"em_transcribed_date","instructions":{"mark":"Record Date","transcribe":"Enter the record date","verify":"Choose the best transcription or enter your own!"}},{"id":"580daa0c6164390003562d03","status":"complete","name":"Amount Loaned","created_in_workflow":"verify","confidence":1.0,"data":{"value":"$5000."},"versions":[{"data":{"value":"$5000."},"votes":3,"confidence":1.0,"instances":[{"created":"2016-05-17T00:19:38Z","user_id":"563f8b7a3264340003774b00","duration":3.465},{"created":"2016-06-09T20:46:00Z","user_id":"5750d4e061323000033d0000","duration":4.087},{"created":"2016-09-05T19:36:29Z","user_id":"57c49a363234370003600200","duration":7.915}]}],"region":{"x":931.3318006807041,"y":710.0155756033619,"width":120.31645378436212,"height":46.047035237874866,"label":"Amount Loaned","shape":"rectangle"},"task_key":"em_transcribed_amount_loaned","instructions":{"mark":"Amount Loaned","transcribe":"Enter the Amount Loaned","verify":"Choose the best transcription or enter your own!"}}]}],"export_document":{"name":"Record","export_fields":[{"name":"Mortgager","value":"Thomas Corr","original_value":{"value":"Thomas Corr"},"assertion_ids":["580daa0c6164390003502d03"]},{"name":"Street Address","value":"711  - 6th St","original_value":{"value":"711  - 6th St"},"assertion_ids":["580daa0c6164390003512d03"]},{"name":"Record Date","value":"1892-07-18T00:00:00Z","original_value":{"value":"July 18/92"},"assertion_ids":["580daa0c6164390003552d03"]},{"name":"Land \u0026 Building Dimensions","value":{"em_survey_land_dimensions":[22.458333333333332,90.83333333333333],"em_survey_building_dimensions":[]},"original_value":{"em_survey_land_dimensions":"22.5 1/2 x 90.10","em_survey_building_dimensions":""},"assertion_ids":["580daa0c61643900033f2d03"]},{"name":"Amount Loaned","value":5000.0,"original_value":{"value":"$5000."},"assertion_ids":["580daa0c6164390003562d03"]},{"name":"Stories \u0026 Materials","value":{"em_record_stories":3,"em_record_material":"brick"},"original_value":{"em_record_stories":"3","em_record_material":"brick"},"assertion_ids":["580daa0c6164390003532d03"]},{"name":"Valuation","value":null,"original_value":null,"assertion_ids":null},{"name":"Valuation","value":null,"original_value":null,"assertion_ids":null},{"name":"Record Number","value":3940,"original_value":{"value":"3940"},"assertion_ids":["580daa0c61643900034e2d03"]},{"name":"Additional Info","value":"","original_value":{"value":""},"assertion_ids":["580daa0c6164390003412d03"]}]}}