{"id":"56b109fa7061755afb14c200","meta_data":{"capture_uuid":"12465c30-02e7-0133-5f76-58d385a7bbd0","page_uri":"http://digitalcollections.nypl.org/items/12465c30-02e7-0133-5f76-58d385a7bbd0","book_uri":"http://digitalcollections.nypl.org/items/109c0900-02e7-0133-03cf-58d385a7bbd0","source_rotated":"0.895174","source_x":"0","source_y":"0","source_w":"1372.7","source_h":"884.64"},"type":"final_subject_set","search_terms_by_field":{"Land \u0026 Building Dimensions":["18.9 x 100.5","18.9 x 50"],"Stories \u0026 Materials":["3","br"],"Additional Info":[],"Valuation Date":[],"Land \u0026 Building Value":["$6,000","$6,000"],"Total Value":[],"Record Number":["3866"],"Mortgager":["Leo A. M. Von Fliedner"],"Street Address":["155 W 53 St"],"Record Date":["Mar 7/92"],"Amount Loaned":["$6000"]},"subjects":[{"id":"580d97ce61643900036fd302","type":"root","location":{"standard":"https://s3.amazonaws.com/scribe.nypl.org/emigrant-s4/full/12465c30-02e7-0133-5f76-58d385a7bbd0.left-top.jpg","thumbnail":"https://s3.amazonaws.com/scribe.nypl.org/emigrant-s4/thumb/12465c30-02e7-0133-5f76-58d385a7bbd0.left-top.jpg"},"status":"retired","width":1372,"height":884,"meta_data":{"capture_uuid":"12465c30-02e7-0133-5f76-58d385a7bbd0","page_uri":"http://digitalcollections.nypl.org/items/12465c30-02e7-0133-5f76-58d385a7bbd0","book_uri":"http://digitalcollections.nypl.org/items/109c0900-02e7-0133-03cf-58d385a7bbd0","source_rotated":"0.895174","source_x":"0","source_y":"0","source_w":"1372.7","source_h":"884.64"},"assertions":[{"id":"580d97ce616439000370d302","status":"awaiting_transcriptions","name":"Land \u0026 Building Dimensions","created_in_workflow":"transcribe","confidence":0.6666666666666666,"data":{"em_survey_land_dimensions":"18.9 x 100.5","em_survey_building_dimensions":"18.9 x 50"},"versions":[{"data":{"em_survey_land_dimensions":"18.9 x 100.5","em_survey_building_dimensions":"18.9 x 50"},"votes":2,"confidence":0.6666666666666666,"instances":[{"created":"2015-11-18T04:14:22Z","user_id":"564bf69c3164360003e51700","duration":14.628},{"created":"2016-10-04T13:22:43Z","user_id":"57c49a363234370003600200","duration":30.194}]}],"region":{"x":314.5737261540577,"y":756.0980177930388,"width":299.12781218849886,"height":90.51100358982364,"label":"Dimension \u0026 Description","shape":"rectangle"},"task_key":"em_record_survey","instructions":{"mark":"Dimension \u0026 Description","transcribe":"Enter, as they appear, any land and building dimensions that were recorded. In the next screen, you'll enter the descriptive information."}},{"id":"580d97ce616439000371d302","status":"awaiting_transcriptions","name":"Stories \u0026 Materials","created_in_workflow":"transcribe","confidence":0.6666666666666666,"data":{"em_record_stories":"3","em_record_material":"br"},"versions":[{"data":{"em_record_stories":"3","em_record_material":"br"},"votes":2,"confidence":0.6666666666666666,"instances":[{"created":"2015-11-18T04:14:32Z","user_id":"564bf69c3164360003e51700","duration":9.226},{"created":"2016-10-04T13:22:48Z","user_id":"57c49a363234370003600200","duration":5.783}]}],"region":{"x":314.5737261540577,"y":756.0980177930388,"width":299.12781218849886,"height":90.51100358982364,"label":"Dimension \u0026 Description","shape":"rectangle"},"task_key":"em_record_survey_stories_materials","instructions":{"mark":"Dimension \u0026 Description","transcribe":"Enter, as they appear, the number of stories and the building materials."}},{"id":"580d97ce616439000372d302","status":"awaiting_transcriptions","name":"Additional Info","created_in_workflow":"transcribe","confidence":0.6666666666666666,"data":{"value":""},"versions":[{"data":{"value":""},"votes":2,"confidence":0.6666666666666666,"instances":[{"created":"2015-11-18T04:14:33Z","user_id":"564bf69c3164360003e51700","duration":1.84},{"created":"2016-10-04T13:22:50Z","user_id":"57c49a363234370003600200","duration":1.009}]}],"region":{"x":314.5737261540577,"y":756.0980177930388,"width":299.12781218849886,"height":90.51100358982364,"label":"Dimension \u0026 Description","shape":"rectangle"},"task_key":"em_record_survey_additional_info","instructions":{"mark":"Dimension \u0026 Description","transcribe":"Enter any additional information you find about the building's construction or significance."}},{"id":"580d97ce616439000373d302","status":"awaiting_transcriptions","name":"Valuation Date","created_in_workflow":"transcribe","confidence":0.3333333333333333,"data":{"value":""},"versions":[{"data":{"value":""},"votes":1,"confidence":0.3333333333333333,"instances":[{"created":"2015-11-18T04:13:07Z","user_id":"564bf69c3164360003e51700","duration":2.145}]},{"data":{"value":"Mar 7/92"},"votes":1,"confidence":0.3333333333333333,"instances":[{"created":"2016-10-04T13:17:55Z","user_id":"57c49a363234370003600200","duration":12.329}]}],"region":{"x":860.9510952806517,"y":636.8884033088809,"width":132.45511978826528,"height":70.6427345091306,"label":"Valuation","shape":"rectangle"},"task_key":"em_record_valuation","instructions":{"mark":"Valuation","transcribe":"Enter the date of the valuation (if one is given). In the next screen, you'll enter the valuation's dollar amounts."}},{"id":"580d97ce616439000374d302","status":"awaiting_transcriptions","name":"Land \u0026 Building Value","created_in_workflow":"transcribe","confidence":0.3333333333333333,"data":{"em_valuation_ground":"$6,000","em_valuation_building":"$6,000"},"versions":[{"data":{"em_valuation_ground":"$6,000","em_valuation_building":"$6,000"},"votes":1,"confidence":0.3333333333333333,"instances":[{"created":"2015-11-18T04:13:15Z","user_id":"564bf69c3164360003e51700","duration":7.94}]},{"data":{"em_valuation_ground":"6000.","em_valuation_building":"6000."},"votes":1,"confidence":0.3333333333333333,"instances":[{"created":"2016-10-04T13:18:01Z","user_id":"57c49a363234370003600200","duration":6.218}]}],"region":{"x":860.9510952806517,"y":636.8884033088809,"width":132.45511978826528,"height":70.6427345091306,"label":"Valuation","shape":"rectangle"},"task_key":"em_record_valuation_ground_building","instructions":{"mark":"Valuation","transcribe":"Sometimes valuations include itemized dollar values for \"ground\" and \"building\". Enter these amounts if you can find them. In the next screen, you'll enter the total valuation."}},{"id":"580d97ce616439000375d302","status":"awaiting_transcriptions","name":"Total Value","created_in_workflow":"transcribe","confidence":0.6666666666666666,"data":{"value":""},"versions":[{"data":{"value":""},"votes":2,"confidence":0.6666666666666666,"instances":[{"created":"2015-11-18T04:13:17Z","user_id":"564bf69c3164360003e51700","duration":1.709},{"created":"2016-10-04T13:18:04Z","user_id":"57c49a363234370003600200","duration":3.29}]}],"region":{"x":860.9510952806517,"y":636.8884033088809,"width":132.45511978826528,"height":70.6427345091306,"label":"Valuation","shape":"rectangle"},"task_key":"em_record_valuation_total","instructions":{"mark":"Valuation","transcribe":"Enter the valuation ***total*** (if one is given)"}},{"id":"580d97ce616439000376d302","status":"complete","name":"Record Number","created_in_workflow":"transcribe","confidence":1.0,"data":{"value":"3866"},"versions":[{"data":{"value":"3866"},"votes":3,"confidence":1.0,"instances":[{"created":"2015-11-18T03:50:14Z","user_id":"564618af6363350003da0c00","duration":6.454},{"created":"2015-11-18T05:03:16Z","user_id":"5647496e3562310003960400","duration":4.197},{"created":"2015-11-18T10:20:48Z","user_id":"564c4cfb6531660003180000","duration":6.453}]}],"region":{"x":757.1945847798439,"y":98.23755267675979,"width":123.62477846904756,"height":55.18963633525833,"label":"Record Number","shape":"rectangle"},"task_key":"em_record_number","instructions":{"mark":"Record Number","transcribe":"Enter the record number"}},{"id":"580d97ce616439000377d302","status":"complete","name":"Mortgager","created_in_workflow":"verify","confidence":1.0,"data":{"value":"Leo A. M. Von Fliedner"},"versions":[{"data":{"value":"Leo A. M. Von Fliedner"},"votes":2,"confidence":0.6666666666666666,"instances":[{"created":"2016-05-26T15:29:27Z","user_id":"574709e36433340003600000","duration":20.088},{"created":"2016-09-28T16:13:04Z","user_id":"57c49a363234370003600200","duration":6.171}]},{"data":{"value":"Les A.M. Von Fliedner"},"votes":1,"confidence":0.3333333333333333,"instances":[{"created":"2016-05-05T23:49:10Z","user_id":"563f8b7a3264340003774b00","duration":23.65}]}],"region":{"x":197.5717036744234,"y":672.2097705634462,"width":377.4970913965559,"height":48.56687997502729,"label":"Mortgager Name","shape":"rectangle"},"task_key":"em_transcribed_mortgager","instructions":{"mark":"Mortgager Name","transcribe":"Enter the mortgager's name","verify":"Choose the best transcription or enter your own!"}},{"id":"580d97ce616439000378d302","status":"complete","name":"Street Address","created_in_workflow":"verify","confidence":1.0,"data":{"value":"155 W 53 St"},"versions":[{"data":{"value":"155 W 53 St"},"votes":3,"confidence":1.0,"instances":[{"created":"2016-05-05T23:50:20Z","user_id":"563f8b7a3264340003774b00","duration":10.551},{"created":"2016-05-26T15:29:47Z","user_id":"574709e36433340003600000","duration":19.431},{"created":"2016-09-28T16:13:59Z","user_id":"57c49a363234370003600200","duration":22.155}]}],"region":{"x":245.03478826521842,"y":707.5311378180115,"width":266.01403224143263,"height":45.25550179491188,"label":"Street Address","shape":"rectangle"},"task_key":"em_transcribed_address","instructions":{"mark":"Street Address","transcribe":"Enter the street address","verify":"Choose the best transcription or enter your own!"}},{"id":"580d97ce616439000379d302","status":"complete","name":"Record Date","created_in_workflow":"verify","confidence":1.0,"data":{"value":"Mar 7/92"},"versions":[{"data":{"value":"Mar 7/92"},"votes":3,"confidence":1.0,"instances":[{"created":"2015-12-15T20:59:22Z","user_id":"5647496e3562310003960400","duration":3.43},{"created":"2016-01-02T11:54:58Z","user_id":"56748e5e3564620003fd0100","duration":3.138},{"created":"2016-01-29T18:53:29Z","user_id":"56980a2d3337650003270200","duration":8.868}]}],"region":{"x":251.6575442546317,"y":624.7466833151241,"width":214.1357769910288,"height":56.29342906196348,"label":"Record Date","shape":"rectangle"},"task_key":"em_transcribed_date","instructions":{"mark":"Record Date","transcribe":"Enter the record date","verify":"Choose the best transcription or enter your own!"}},{"id":"580d97ce61643900037ad302","status":"complete","name":"Amount Loaned","created_in_workflow":"verify","confidence":1.0,"data":{"value":"$6000"},"versions":[{"data":{"value":"$6000"},"votes":3,"confidence":1.0,"instances":[{"created":"2016-05-05T23:34:59Z","user_id":"563f8b7a3264340003774b00","duration":4.757},{"created":"2016-05-26T15:10:21Z","user_id":"57470fbf6433340003ad0000","duration":5.311},{"created":"2016-05-26T15:13:51Z","user_id":"574709e36433340003600000","duration":11.031}]}],"region":{"x":860.9510952806517,"y":709.7387232714219,"width":123.62477846904754,"height":45.25550179491182,"label":"Amount Loaned","shape":"rectangle"},"task_key":"em_transcribed_amount_loaned","instructions":{"mark":"Amount Loaned","transcribe":"Enter the Amount Loaned","verify":"Choose the best transcription or enter your own!"}}]}],"export_document":{"name":"Record","export_fields":[{"name":"Mortgager","value":"Leo A. M. Von Fliedner","original_value":{"value":"Leo A. M. Von Fliedner"},"assertion_ids":["580d97ce616439000377d302"]},{"name":"Street Address","value":"155 W 53 St","original_value":{"value":"155 W 53 St"},"assertion_ids":["580d97ce616439000378d302"]},{"name":"Record Date","value":"1892-03-07T00:00:00Z","original_value":{"value":"Mar 7/92"},"assertion_ids":["580d97ce616439000379d302"]},{"name":"Land \u0026 Building Dimensions","value":{"em_survey_land_dimensions":[18.75,100.41666666666667],"em_survey_building_dimensions":[18.75,50]},"original_value":{"em_survey_land_dimensions":"18.9 x 100.5","em_survey_building_dimensions":"18.9 x 50"},"assertion_ids":["580d97ce616439000370d302"]},{"name":"Amount Loaned","value":6000.0,"original_value":{"value":"$6000"},"assertion_ids":["580d97ce61643900037ad302"]},{"name":"Stories \u0026 Materials","value":{"em_record_stories":3,"em_record_material":"br"},"original_value":{"em_record_stories":"3","em_record_material":"br"},"assertion_ids":["580d97ce616439000371d302"]},{"name":"Valuation","value":null,"original_value":null,"assertion_ids":null},{"name":"Record Number","value":3866,"original_value":{"value":"3866"},"assertion_ids":["580d97ce616439000376d302"]},{"name":"Additional Info","value":"","original_value":{"value":""},"assertion_ids":["580d97ce616439000372d302"]}]}}