{"id":"56b109b87061755afbdebc00","meta_data":{"capture_uuid":"11507160-02e7-0133-7e2e-58d385a7bbd0","page_uri":"http://digitalcollections.nypl.org/items/11507160-02e7-0133-7e2e-58d385a7bbd0","book_uri":"http://digitalcollections.nypl.org/items/109c0900-02e7-0133-03cf-58d385a7bbd0","source_rotated":"-0.0279765","source_x":"1204.14","source_y":"843.18","source_w":"1357.86","source_h":"950.82"},"type":"final_subject_set","search_terms_by_field":{"Land \u0026 Building Dimensions":["26.8 x 100","26.8 x 65"],"Stories \u0026 Materials":["5","brick"],"Additional Info":[],"Valuation Date":[],"Land \u0026 Building Value":["9000.","15000."],"Total Value":[],"Record Number":["3769"],"Mortgager":["Martin Furlong"],"Street Address":["747 - 9th Ave"],"Record Date":["Sept 21/91"],"Amount Loaned":["$10000."]},"subjects":[{"id":"580d6c1361643900036a3201","type":"root","location":{"standard":"https://s3.amazonaws.com/scribe.nypl.org/emigrant-s4/full/11507160-02e7-0133-7e2e-58d385a7bbd0.right-bottom.jpg","thumbnail":"https://s3.amazonaws.com/scribe.nypl.org/emigrant-s4/thumb/11507160-02e7-0133-7e2e-58d385a7bbd0.right-bottom.jpg"},"status":"retired","width":1357,"height":950,"meta_data":{"capture_uuid":"11507160-02e7-0133-7e2e-58d385a7bbd0","page_uri":"http://digitalcollections.nypl.org/items/11507160-02e7-0133-7e2e-58d385a7bbd0","book_uri":"http://digitalcollections.nypl.org/items/109c0900-02e7-0133-03cf-58d385a7bbd0","source_rotated":"-0.0279765","source_x":"1204.14","source_y":"843.18","source_w":"1357.86","source_h":"950.82"},"assertions":[{"id":"580d6c1361643900036b3201","status":"awaiting_transcriptions","name":"Land \u0026 Building Dimensions","created_in_workflow":"transcribe","confidence":0.3333333333333333,"data":{"em_survey_land_dimensions":"26.8 x 100","em_survey_building_dimensions":"26.8 x 65"},"versions":[{"data":{"em_survey_land_dimensions":"26.8 x 100","em_survey_building_dimensions":"26.8 x 65"},"votes":1,"confidence":0.3333333333333333,"instances":[{"created":"2016-01-23T21:45:30Z","user_id":"56a3e3a239353200033f0900","duration":15.516}]}],"region":{"x":291.9349890577858,"y":707.1132130103272,"width":419.57338416429405,"height":114.4291091593476,"label":"Dimension \u0026 Description","shape":"rectangle"},"task_key":"em_record_survey","instructions":{"mark":"Dimension \u0026 Description","transcribe":"Enter, as they appear, any land and building dimensions that were recorded. In the next screen, you'll enter the descriptive information."}},{"id":"580d6c1361643900036c3201","status":"awaiting_transcriptions","name":"Stories \u0026 Materials","created_in_workflow":"transcribe","confidence":0.3333333333333333,"data":{"em_record_stories":"5","em_record_material":"brick"},"versions":[{"data":{"em_record_stories":"5","em_record_material":"brick"},"votes":1,"confidence":0.3333333333333333,"instances":[{"created":"2016-01-23T21:45:36Z","user_id":"56a3e3a239353200033f0900","duration":5.646}]}],"region":{"x":291.9349890577858,"y":707.1132130103272,"width":419.57338416429405,"height":114.4291091593476,"label":"Dimension \u0026 Description","shape":"rectangle"},"task_key":"em_record_survey_stories_materials","instructions":{"mark":"Dimension \u0026 Description","transcribe":"Enter, as they appear, the number of stories and the building materials."}},{"id":"580d6c1361643900036d3201","status":"awaiting_transcriptions","name":"Additional Info","created_in_workflow":"transcribe","confidence":0.3333333333333333,"data":{"value":""},"versions":[{"data":{"value":""},"votes":1,"confidence":0.3333333333333333,"instances":[{"created":"2016-01-23T21:45:36Z","user_id":"56a3e3a239353200033f0900","duration":0.373}]}],"region":{"x":291.9349890577858,"y":707.1132130103272,"width":419.57338416429405,"height":114.4291091593476,"label":"Dimension \u0026 Description","shape":"rectangle"},"task_key":"em_record_survey_additional_info","instructions":{"mark":"Dimension \u0026 Description","transcribe":"Enter any additional information you find about the building's construction or significance."}},{"id":"580d6c1361643900036e3201","status":"awaiting_transcriptions","name":"Valuation Date","created_in_workflow":"transcribe","confidence":0.3333333333333333,"data":{"value":""},"versions":[{"data":{"value":""},"votes":1,"confidence":0.3333333333333333,"instances":[{"created":"2016-01-23T21:44:36Z","user_id":"56a3e3a239353200033f0900","duration":2.406}]}],"region":{"x":894.8883488183623,"y":580.9477849628414,"width":186.3140552058229,"height":111.49502943731306,"label":"Valuation","shape":"rectangle"},"task_key":"em_record_valuation","instructions":{"mark":"Valuation","transcribe":"Enter the date of the valuation (if one is given). In the next screen, you'll enter the valuation's dollar amounts."}},{"id":"580d6c1361643900036f3201","status":"awaiting_transcriptions","name":"Land \u0026 Building Value","created_in_workflow":"transcribe","confidence":0.3333333333333333,"data":{"em_valuation_ground":"9000.","em_valuation_building":"15000."},"versions":[{"data":{"em_valuation_ground":"9000.","em_valuation_building":"15000."},"votes":1,"confidence":0.3333333333333333,"instances":[{"created":"2016-01-23T21:44:47Z","user_id":"56a3e3a239353200033f0900","duration":10.753}]}],"region":{"x":894.8883488183623,"y":580.9477849628414,"width":186.3140552058229,"height":111.49502943731306,"label":"Valuation","shape":"rectangle"},"task_key":"em_record_valuation_ground_building","instructions":{"mark":"Valuation","transcribe":"Sometimes valuations include itemized dollar values for \"ground\" and \"building\". Enter these amounts if you can find them. In the next screen, you'll enter the total valuation."}},{"id":"580d6c136164390003703201","status":"awaiting_transcriptions","name":"Total Value","created_in_workflow":"transcribe","confidence":0.3333333333333333,"data":{"value":""},"versions":[{"data":{"value":""},"votes":1,"confidence":0.3333333333333333,"instances":[{"created":"2016-01-23T21:44:48Z","user_id":"56a3e3a239353200033f0900","duration":1.175}]}],"region":{"x":894.8883488183623,"y":580.9477849628414,"width":186.3140552058229,"height":111.49502943731306,"label":"Valuation","shape":"rectangle"},"task_key":"em_record_valuation_total","instructions":{"mark":"Valuation","transcribe":"Enter the valuation ***total*** (if one is given)"}},{"id":"580d6c136164390003713201","status":"complete","name":"Record Number","created_in_workflow":"transcribe","confidence":1.0,"data":{"value":"3769"},"versions":[{"data":{"value":"3769"},"votes":3,"confidence":1.0,"instances":[{"created":"2016-01-23T21:17:09Z","user_id":"56a3d97330353300036b0000","duration":2.439},{"created":"2016-01-23T21:44:17Z","user_id":"56a3e3a239353200033f0900","duration":6.499},{"created":"2016-01-24T02:49:00Z","user_id":"56a4386c3364370003be0700","duration":2.775}]}],"region":{"x":820.0693187750791,"y":68.95087346781199,"width":159.90733871995815,"height":73.35199305086383,"label":"Record Number","shape":"rectangle"},"task_key":"em_record_number","instructions":{"mark":"Record Number","transcribe":"Enter the record number"}},{"id":"580d6c136164390003723201","status":"complete","name":"Mortgager","created_in_workflow":"transcribe","confidence":1.0,"data":{"value":"Martin Furlong"},"versions":[{"data":{"value":"Martin Furlong"},"votes":3,"confidence":1.0,"instances":[{"created":"2016-01-23T21:18:41Z","user_id":"56a3d97330353300036b0000","duration":5.409},{"created":"2016-01-23T21:44:59Z","user_id":"56a3e3a239353200033f0900","duration":11.009},{"created":"2016-01-24T02:49:49Z","user_id":"56a4386c3364370003be0700","duration":5.076}]}],"region":{"x":227.3852376478944,"y":626.426020654377,"width":338.8861949019298,"height":64.54975388476021,"label":"Mortgager Name","shape":"rectangle"},"task_key":"em_record_mortgager","instructions":{"mark":"Mortgager Name","transcribe":"Enter the mortgager's name"}},{"id":"580d6c136164390003733201","status":"awaiting_votes","name":"Street Address","created_in_workflow":"verify","confidence":0.3333333333333333,"data":{"value":"747 - 9th Ave"},"versions":[{"data":{"value":"747 - 9th Ave"},"votes":1,"confidence":0.3333333333333333,"instances":[{"created":"2016-09-21T21:29:16Z","user_id":"57c49a363234370003600200","duration":3.986}]}],"region":{"x":189.24220272386768,"y":679.2394556509989,"width":418.10634435952386,"height":60.1486343017084,"label":"Street Address","shape":"rectangle"},"task_key":"em_transcribed_address","instructions":{"mark":"Street Address","transcribe":"Enter the street address","verify":"Choose the best transcription or enter your own!"}},{"id":"580d6c136164390003743201","status":"awaiting_votes","name":"Record Date","created_in_workflow":"verify","confidence":0.3333333333333333,"data":{"value":"Sept 21/91"},"versions":[{"data":{"value":"Sept 21/91"},"votes":1,"confidence":0.3333333333333333,"instances":[{"created":"2016-09-21T21:29:09Z","user_id":"57c49a363234370003600200","duration":4.181}]}],"region":{"x":283.13275022916423,"y":554.5410674645304,"width":246.46268720140347,"height":89.4894315220539,"label":"Record Date","shape":"rectangle"},"task_key":"em_transcribed_date","instructions":{"mark":"Record Date","transcribe":"Enter the record date","verify":"Choose the best transcription or enter your own!"}},{"id":"580d6c136164390003753201","status":"awaiting_votes","name":"Amount Loaned","created_in_workflow":"verify","confidence":0.3333333333333333,"data":{"value":"$10000."},"versions":[{"data":{"value":"$10000."},"votes":1,"confidence":0.3333333333333333,"instances":[{"created":"2016-09-21T21:29:31Z","user_id":"57c49a363234370003600200","duration":3.964}]}],"region":{"x":924.2291449137674,"y":676.3053759289644,"width":139.3687814531745,"height":64.54975388476021,"label":"Amount Loaned","shape":"rectangle"},"task_key":"em_transcribed_amount_loaned","instructions":{"mark":"Amount Loaned","transcribe":"Enter the Amount Loaned","verify":"Choose the best transcription or enter your own!"}}]}],"export_document":{"name":"Record","export_fields":[{"name":"Mortgager","value":"Martin Furlong","original_value":{"value":"Martin Furlong"},"assertion_ids":["580d6c136164390003723201"]},{"name":"Street Address","value":"747 - 9th Ave","original_value":{"value":"747 - 9th Ave"},"assertion_ids":["580d6c136164390003733201"]},{"name":"Record Date","value":"1891-09-21T00:00:00Z","original_value":{"value":"Sept 21/91"},"assertion_ids":["580d6c136164390003743201"]},{"name":"Land \u0026 Building Dimensions","value":{"em_survey_land_dimensions":[26.666666666666668,100],"em_survey_building_dimensions":[26.666666666666668,65]},"original_value":{"em_survey_land_dimensions":"26.8 x 100","em_survey_building_dimensions":"26.8 x 65"},"assertion_ids":["580d6c1361643900036b3201"]},{"name":"Amount Loaned","value":10000.0,"original_value":{"value":"$10000."},"assertion_ids":["580d6c136164390003753201"]},{"name":"Stories \u0026 Materials","value":{"em_record_stories":5,"em_record_material":"brick"},"original_value":{"em_record_stories":"5","em_record_material":"brick"},"assertion_ids":["580d6c1361643900036c3201"]},{"name":"Valuation","value":null,"original_value":null,"assertion_ids":null},{"name":"Record Number","value":3769,"original_value":{"value":"3769"},"assertion_ids":["580d6c136164390003713201"]},{"name":"Additional Info","value":"","original_value":{"value":""},"assertion_ids":["580d6c1361643900036d3201"]}]}}