{"id":"56b10a837061755afb96cc00","meta_data":{"capture_uuid":"1433fbf0-02e7-0133-561e-58d385a7bbd0","page_uri":"http://digitalcollections.nypl.org/items/1433fbf0-02e7-0133-561e-58d385a7bbd0","book_uri":"http://digitalcollections.nypl.org/items/109c0900-02e7-0133-03cf-58d385a7bbd0","source_rotated":"0.839234","source_x":"1215.39","source_y":"866.68","source_w":"1370.61","source_h":"977.32"},"type":"final_subject_set","search_terms_by_field":{"Record Number":["4061"],"Mortgager":["Richard Lee"],"Street Address":["238 Elizabeth St"],"Land \u0026 Building Dimensions":["20 x 91.4","20 x 56"],"Stories \u0026 Materials":["5","br."],"Additional Info":[],"Record Date":["July 17/93"],"Valuation Date":[],"Land \u0026 Building Value":[],"Total Value":["$15000"],"Amount Loaned":["$4000."]},"subjects":[{"id":"580d6d4c6164390003743e01","type":"root","location":{"standard":"https://s3.amazonaws.com/scribe.nypl.org/emigrant-s4/full/1433fbf0-02e7-0133-561e-58d385a7bbd0.right-bottom.jpg","thumbnail":"https://s3.amazonaws.com/scribe.nypl.org/emigrant-s4/thumb/1433fbf0-02e7-0133-561e-58d385a7bbd0.right-bottom.jpg"},"status":"retired","width":1370,"height":977,"meta_data":{"capture_uuid":"1433fbf0-02e7-0133-561e-58d385a7bbd0","page_uri":"http://digitalcollections.nypl.org/items/1433fbf0-02e7-0133-561e-58d385a7bbd0","book_uri":"http://digitalcollections.nypl.org/items/109c0900-02e7-0133-03cf-58d385a7bbd0","source_rotated":"0.839234","source_x":"1215.39","source_y":"866.68","source_w":"1370.61","source_h":"977.32"},"assertions":[{"id":"580d6d4c6164390003753e01","status":"awaiting_transcriptions","name":"Land \u0026 Building Dimensions","created_in_workflow":"transcribe","confidence":0.3333333333333333,"data":{"em_survey_land_dimensions":"20 x 91.4","em_survey_building_dimensions":"20 x 56"},"versions":[{"data":{"em_survey_land_dimensions":"20 x 91.4","em_survey_building_dimensions":"20 x 56"},"votes":1,"confidence":0.3333333333333333,"instances":[{"created":"2016-01-10T20:54:23Z","user_id":"5668bbbe3064310003db0500","duration":13.634}]}],"region":{"x":281.85145428079346,"y":712.7937237224221,"width":340.1354029596426,"height":86.72775345672062,"label":"Dimension \u0026 Description","shape":"rectangle"},"task_key":"em_record_survey","instructions":{"mark":"Dimension \u0026 Description","transcribe":"Enter, as they appear, any land and building dimensions that were recorded. In the next screen, you'll enter the descriptive information."}},{"id":"580d6d4c6164390003763e01","status":"awaiting_transcriptions","name":"Stories \u0026 Materials","created_in_workflow":"transcribe","confidence":0.3333333333333333,"data":{"em_record_stories":"5","em_record_material":"br."},"versions":[{"data":{"em_record_stories":"5","em_record_material":"br."},"votes":1,"confidence":0.3333333333333333,"instances":[{"created":"2016-01-10T20:54:27Z","user_id":"5668bbbe3064310003db0500","duration":4.226}]}],"region":{"x":281.85145428079346,"y":712.7937237224221,"width":340.1354029596426,"height":86.72775345672062,"label":"Dimension \u0026 Description","shape":"rectangle"},"task_key":"em_record_survey_stories_materials","instructions":{"mark":"Dimension \u0026 Description","transcribe":"Enter, as they appear, the number of stories and the building materials."}},{"id":"580d6d4c6164390003773e01","status":"awaiting_transcriptions","name":"Additional Info","created_in_workflow":"transcribe","confidence":0.3333333333333333,"data":{"value":""},"versions":[{"data":{"value":""},"votes":1,"confidence":0.3333333333333333,"instances":[{"created":"2016-01-10T20:54:28Z","user_id":"5668bbbe3064310003db0500","duration":0.619}]}],"region":{"x":281.85145428079346,"y":712.7937237224221,"width":340.1354029596426,"height":86.72775345672062,"label":"Dimension \u0026 Description","shape":"rectangle"},"task_key":"em_record_survey_additional_info","instructions":{"mark":"Dimension \u0026 Description","transcribe":"Enter any additional information you find about the building's construction or significance."}},{"id":"580d6d4c6164390003783e01","status":"awaiting_transcriptions","name":"Valuation Date","created_in_workflow":"transcribe","confidence":0.3333333333333333,"data":{"value":""},"versions":[{"data":{"value":""},"votes":1,"confidence":0.3333333333333333,"instances":[{"created":"2016-01-10T23:26:03Z","user_id":"5692e4793637360003fb0200","duration":2.302}]}],"region":{"x":834.7408742311288,"y":582.7020935373413,"width":197.8476845900709,"height":75.88678427463049,"label":"Valuation","shape":"rectangle"},"task_key":"em_record_valuation","instructions":{"mark":"Valuation","transcribe":"Enter the date of the valuation (if one is given). In the next screen, you'll enter the valuation's dollar amounts."}},{"id":"580d6d4c6164390003793e01","status":"awaiting_transcriptions","name":"Land \u0026 Building Value","created_in_workflow":"transcribe","confidence":0.3333333333333333,"data":{"em_valuation_ground":""},"versions":[{"data":{"em_valuation_ground":""},"votes":1,"confidence":0.3333333333333333,"instances":[{"created":"2016-01-10T23:26:05Z","user_id":"5692e4793637360003fb0200","duration":1.512}]}],"region":{"x":834.7408742311288,"y":582.7020935373413,"width":197.8476845900709,"height":75.88678427463049,"label":"Valuation","shape":"rectangle"},"task_key":"em_record_valuation_ground_building","instructions":{"mark":"Valuation","transcribe":"Sometimes valuations include itemized dollar values for \"ground\" and \"building\". Enter these amounts if you can find them. In the next screen, you'll enter the total valuation."}},{"id":"580d6d4c61643900037a3e01","status":"awaiting_transcriptions","name":"Total Value","created_in_workflow":"transcribe","confidence":0.3333333333333333,"data":{"value":"$15000"},"versions":[{"data":{"value":"$15000"},"votes":1,"confidence":0.3333333333333333,"instances":[{"created":"2016-01-10T23:26:10Z","user_id":"5692e4793637360003fb0200","duration":5.496}]}],"region":{"x":834.7408742311288,"y":582.7020935373413,"width":197.8476845900709,"height":75.88678427463049,"label":"Valuation","shape":"rectangle"},"task_key":"em_record_valuation_total","instructions":{"mark":"Valuation","transcribe":"Enter the valuation ***total*** (if one is given)"}},{"id":"580d6d4c61643900037b3e01","status":"complete","name":"Record Number","created_in_workflow":"transcribe","confidence":1.0,"data":{"value":"4061"},"versions":[{"data":{"value":"4061"},"votes":3,"confidence":1.0,"instances":[{"created":"2016-01-10T23:25:39Z","user_id":"5692e4793637360003fb0200","duration":5.979},{"created":"2016-01-11T17:11:35Z","user_id":"5693e0433637360003740500","duration":4.975},{"created":"2016-01-11T17:51:01Z","user_id":"568ac34a3237350003b80500","duration":2.526}]}],"region":{"x":795.4423615385805,"y":55.55996705821161,"width":130.09162822360827,"height":62.3355727970179,"label":"Record Number","shape":"rectangle"},"task_key":"em_record_number","instructions":{"mark":"Record Number","transcribe":"Enter the record number"}},{"id":"580d6d4c61643900037c3e01","status":"complete","name":"Mortgager","created_in_workflow":"transcribe","confidence":1.0,"data":{"value":"Richard Lee"},"versions":[{"data":{"value":"Richard Lee"},"votes":3,"confidence":1.0,"instances":[{"created":"2016-01-10T23:26:18Z","user_id":"5692e4793637360003fb0200","duration":8.17},{"created":"2016-01-11T17:12:32Z","user_id":"5693e0433637360003740500","duration":7.718},{"created":"2016-01-11T17:51:25Z","user_id":"568ac34a3237350003b80500","duration":2.67}]}],"region":{"x":238.48757820625733,"y":626.0659702657016,"width":211.39889586336355,"height":46.07411902388276,"label":"Mortgager Name","shape":"rectangle"},"task_key":"em_record_mortgager","instructions":{"mark":"Mortgager Name","transcribe":"Enter the mortgager's name"}},{"id":"580d6d4c61643900037d3e01","status":"awaiting_votes","name":"Street Address","created_in_workflow":"verify","confidence":0.3333333333333333,"data":{"value":"238 Elizabeth St"},"versions":[{"data":{"value":"238 Elizabeth St"},"votes":1,"confidence":0.3333333333333333,"instances":[{"created":"2016-09-20T15:51:52Z","user_id":"57c49a363234370003600200","duration":2.78}]}],"region":{"x":264.23487962551314,"y":669.4298469940618,"width":287.28567899380175,"height":48.78436131940532,"label":"Street Address","shape":"rectangle"},"task_key":"em_transcribed_address","instructions":{"mark":"Street Address","transcribe":"Enter the street address","verify":"Choose the best transcription or enter your own!"}},{"id":"580d6d4c61643900037e3e01","status":"awaiting_votes","name":"Record Date","created_in_workflow":"verify","confidence":0.3333333333333333,"data":{"value":"July 17/93"},"versions":[{"data":{"value":"July 17/93"},"votes":1,"confidence":0.3333333333333333,"instances":[{"created":"2016-09-20T15:51:46Z","user_id":"57c49a363234370003600200","duration":13.816}]}],"region":{"x":265.5900007528424,"y":569.1508820597287,"width":203.268169099388,"height":66.40093624030169,"label":"Record Date","shape":"rectangle"},"task_key":"em_transcribed_date","instructions":{"mark":"Record Date","transcribe":"Enter the record date","verify":"Choose the best transcription or enter your own!"}},{"id":"580d6d4c61643900037f3e01","status":"awaiting_votes","name":"Amount Loaned","created_in_workflow":"verify","confidence":0.3333333333333333,"data":{"value":"$4000."},"versions":[{"data":{"value":"$4000."},"votes":1,"confidence":0.3333333333333333,"instances":[{"created":"2016-09-20T15:51:57Z","user_id":"57c49a363234370003600200","duration":5.354}]}],"region":{"x":893.0110827062866,"y":669.4298469940618,"width":112.47505356832812,"height":54.204845910450445,"label":"Amount Loaned","shape":"rectangle"},"task_key":"em_transcribed_amount_loaned","instructions":{"mark":"Amount Loaned","transcribe":"Enter the Amount Loaned","verify":"Choose the best transcription or enter your own!"}}]}],"export_document":{"name":"Record","export_fields":[{"name":"Mortgager","value":"Richard Lee","original_value":{"value":"Richard Lee"},"assertion_ids":["580d6d4c61643900037c3e01"]},{"name":"Street Address","value":"238 Elizabeth St","original_value":{"value":"238 Elizabeth St"},"assertion_ids":["580d6d4c61643900037d3e01"]},{"name":"Record Date","value":"1893-07-17T00:00:00Z","original_value":{"value":"July 17/93"},"assertion_ids":["580d6d4c61643900037e3e01"]},{"name":"Land \u0026 Building Dimensions","value":{"em_survey_land_dimensions":[20,91.33333333333333],"em_survey_building_dimensions":[20,56]},"original_value":{"em_survey_land_dimensions":"20 x 91.4","em_survey_building_dimensions":"20 x 56"},"assertion_ids":["580d6d4c6164390003753e01"]},{"name":"Amount Loaned","value":4000.0,"original_value":{"value":"$4000."},"assertion_ids":["580d6d4c61643900037f3e01"]},{"name":"Stories \u0026 Materials","value":{"em_record_stories":5,"em_record_material":"br."},"original_value":{"em_record_stories":"5","em_record_material":"br."},"assertion_ids":["580d6d4c6164390003763e01"]},{"name":"Valuation","value":null,"original_value":null,"assertion_ids":null},{"name":"Record Number","value":4061,"original_value":{"value":"4061"},"assertion_ids":["580d6d4c61643900037b3e01"]},{"name":"Additional Info","value":"","original_value":{"value":""},"assertion_ids":["580d6d4c6164390003773e01"]}]}}