{"id":"56b10ac97061755afbf1d100","meta_data":{"capture_uuid":"1542eb90-02e7-0133-2d0f-58d385a7bbd0","page_uri":"http://digitalcollections.nypl.org/items/1542eb90-02e7-0133-2d0f-58d385a7bbd0","book_uri":"http://digitalcollections.nypl.org/items/109c0900-02e7-0133-03cf-58d385a7bbd0","source_rotated":"0.867204","source_x":"0","source_y":"861.9799999999999","source_w":"1371.64","source_h":"972.0200000000001"},"type":"final_subject_set","search_terms_by_field":{"Record Number":["4159"],"Mortgager":["Mary Sarah O'Donoghue"],"Street Address":["441 W 22d St."],"Stories \u0026 Materials":["4","br."],"Additional Info":[],"Land \u0026 Building Dimensions":["20 x 98.9","20 x 62"],"Record Date":["June 4/94"],"Valuation Date":[],"Land \u0026 Building Value":["$12000","6000"],"Total Value":[],"Amount Loaned":["$9000"]},"subjects":[{"id":"580d843d6164390003982402","type":"root","location":{"standard":"https://s3.amazonaws.com/scribe.nypl.org/emigrant-s4/full/1542eb90-02e7-0133-2d0f-58d385a7bbd0.left-bottom.jpg","thumbnail":"https://s3.amazonaws.com/scribe.nypl.org/emigrant-s4/thumb/1542eb90-02e7-0133-2d0f-58d385a7bbd0.left-bottom.jpg"},"status":"retired","width":1371,"height":972,"meta_data":{"capture_uuid":"1542eb90-02e7-0133-2d0f-58d385a7bbd0","page_uri":"http://digitalcollections.nypl.org/items/1542eb90-02e7-0133-2d0f-58d385a7bbd0","book_uri":"http://digitalcollections.nypl.org/items/109c0900-02e7-0133-03cf-58d385a7bbd0","source_rotated":"0.867204","source_x":"0","source_y":"861.9799999999999","source_w":"1371.64","source_h":"972.0200000000001"},"assertions":[{"id":"580d843d6164390003992402","status":"complete","name":"Record Number","created_in_workflow":"transcribe","confidence":1.0,"data":{"value":"4159"},"versions":[{"data":{"value":"4159"},"votes":3,"confidence":1.0,"instances":[{"created":"2015-11-09T01:57:35Z","user_id":"563ffd793264340003f9ae00","duration":22.814},{"created":"2015-11-09T01:58:33Z","user_id":"563ffb32326434000372ab00","duration":8.103},{"created":"2015-11-09T01:59:08Z","user_id":"563ffdec326434000363af00","duration":33.206}]}],"region":{"x":739.5954040600183,"y":63.85037349603695,"width":148.0973833979773,"height":60.3031305240349,"label":"Record Number","shape":"rectangle"},"task_key":"em_record_number","instructions":{"mark":"Record Number","transcribe":"Enter the record number"}},{"id":"580d843d61643900039a2402","status":"complete","name":"Mortgager","created_in_workflow":"verify","confidence":1.0,"data":{"value":"Mary Sarah O'Donoghue"},"versions":[{"data":{"value":"Mary \u0026 Sarah O'Donoghue"},"votes":3,"confidence":0.75,"instances":[{"created":"2015-12-27T22:54:11Z","user_id":"56748e5e3564620003fd0100","duration":9.661},{"created":"2015-12-28T20:29:37Z","user_id":"563bfc7535326200037f3900","duration":9.587},{"created":"2016-09-20T23:11:04Z","user_id":"57c49a363234370003600200","duration":21.99}]},{"data":{"value":"Mary Sarah O'Donoghue"},"votes":1,"confidence":0.25,"instances":[{"created":"2016-01-16T16:21:11Z","user_id":"56980a2d3337650003270200","duration":114.957}]}],"region":{"x":173.810190839003,"y":610.1257911843531,"width":362.70556772319003,"height":58.52950903803378,"label":"Mortgager Name","shape":"rectangle"},"task_key":"em_transcribed_mortgager","instructions":{"mark":"Mortgager Name","transcribe":"Enter the mortgager's name","verify":"Choose the best transcription or enter your own!"}},{"id":"580d843d61643900039b2402","status":"contentious","name":"Street Address","created_in_workflow":"verify","confidence":0.6190476190476191,"data":{"value":"441 W 22d St."},"versions":[{"data":{"value":"441 W 22d St."},"votes":13,"confidence":0.6190476190476191,"instances":[{"created":"2015-12-07T06:05:10Z","user_id":"5647496e3562310003960400","duration":13.805},{"created":"2015-12-27T23:11:23Z","user_id":"56748e5e3564620003fd0100","duration":8.536},{"created":"2015-12-31T17:49:08Z","user_id":"563bfc7535326200037f3900","duration":7.196},{"created":"2016-01-16T16:43:05Z","user_id":"56980a2d3337650003270200","duration":23.612},{"created":"2016-01-26T03:07:00Z","user_id":"56a6e22a6536660003d80600","duration":39.71},{"created":"2016-01-26T11:00:24Z","user_id":"56a74f2f64636400033c0800","duration":12.39},{"created":"2016-01-26T13:57:04Z","user_id":"56a77a836463640003ee0800","duration":72.434},{"created":"2016-01-26T14:10:10Z","user_id":"56a775bf6463640003b40800","duration":26.545},{"created":"2016-01-26T15:12:39Z","user_id":"56a78c956536660003ad0900","duration":13.66},{"created":"2016-01-26T20:20:52Z","user_id":"56a7d33b64636400039f0c00","duration":18.7},{"created":"2016-01-26T20:28:18Z","user_id":"56a7d6ba6463640003bc0c00","duration":10.983},{"created":"2016-01-26T23:20:27Z","user_id":"56a7fd353330380003e40100","duration":17.803},{"created":"2016-01-27T10:28:39Z","user_id":"56a89aea3634390003490200","duration":39.395}]},{"data":{"value":"441 W 22nd St"},"votes":4,"confidence":0.19047619047619047,"instances":[{"created":"2016-01-18T04:17:48Z","user_id":"569c5d413639390003dc0500","duration":20.531},{"created":"2016-01-26T01:45:56Z","user_id":"56a69a4865366600032a0300","duration":14.917},{"created":"2016-01-26T17:49:09Z","user_id":"56a7b0b46536660003eb0a00","duration":28.759},{"created":"2016-01-26T18:42:47Z","user_id":"56a7a37a6536660003ba0a00","duration":18.134}]},{"data":{"value":"441 W. 22nd St"},"votes":3,"confidence":0.14285714285714285,"instances":[{"created":"2015-11-09T02:17:32Z","user_id":"563ff09d32643400030da100","duration":4.69},{"created":"2015-11-09T02:18:27Z","user_id":"564001db3264340003d4b300","duration":17.676},{"created":"2015-11-09T02:28:17Z","user_id":"564000e532643400039eb200","duration":0.599}]},{"data":{"value":"441 W 22 St"},"votes":1,"confidence":0.047619047619047616,"instances":[{"created":"2015-11-09T02:26:19Z","user_id":"563ff9c6326434000377a900","duration":7.828}]}],"region":{"x":204.84856460504616,"y":650.0322746193762,"width":282.0057959314778,"height":56.755887552032846,"label":"Street Address","shape":"rectangle"},"task_key":"em_transcribed_address","instructions":{"mark":"Street Address","transcribe":"Enter the street address","verify":"Choose the best transcription or enter your own!"}},{"id":"580d843d61643900039c2402","status":"awaiting_votes","name":"Stories \u0026 Materials","created_in_workflow":"verify","confidence":0.3333333333333333,"data":{"em_record_stories":"4","em_record_material":"br."},"versions":[{"data":{"em_record_stories":"4","em_record_material":"br."},"votes":1,"confidence":0.3333333333333333,"instances":[{"created":"2016-09-12T18:47:36Z","user_id":"57c49a363234370003600200","duration":10.149}]}],"region":{"x":91.33679768923119,"y":697.9200547414039,"width":490.4063055034819,"height":87.79426355705084,"label":"Dimension \u0026 Description","shape":"rectangle"},"task_key":"em_transcribed_stories_materials","instructions":{"mark":"Dimension \u0026 Description","transcribe":"Enter, as they appear, the number of stories and the building materials.","verify":"Choose the best transcription or enter your own!"}},{"id":"580d843d61643900039d2402","status":"awaiting_transcriptions","name":"Additional Info","created_in_workflow":"transcribe","confidence":0.6666666666666666,"data":{"value":""},"versions":[{"data":{"value":""},"votes":2,"confidence":0.6666666666666666,"instances":[{"created":"2015-11-09T01:52:14Z","user_id":"563ff7053264340003a7a600","duration":1.501},{"created":"2015-12-04T18:25:13Z","user_id":"5647496e3562310003960400","duration":1.423}]}],"region":{"x":91.33679768923119,"y":697.9200547414039,"width":490.4063055034819,"height":87.79426355705084,"label":"Dimension \u0026 Description","shape":"rectangle"},"task_key":"em_record_survey_additional_info","instructions":{"mark":"Dimension \u0026 Description","transcribe":"Enter any additional information you find about the building's construction or significance."}},{"id":"580d843d61643900039e2402","status":"complete","name":"Land \u0026 Building Dimensions","created_in_workflow":"verify","confidence":1.0,"data":{"em_survey_land_dimensions":"20 x 98.9","em_survey_building_dimensions":"20 x 62"},"versions":[{"data":{"em_survey_land_dimensions":"20 x 98.9","em_survey_building_dimensions":"20 x 62"},"votes":3,"confidence":1.0,"instances":[{"created":"2015-12-27T22:10:20Z","user_id":"56748e5e3564620003fd0100","duration":12.172},{"created":"2015-12-28T19:43:46Z","user_id":"563bfc7535326200037f3900","duration":6.176},{"created":"2016-01-15T23:13:10Z","user_id":"56980a2d3337650003270200","duration":116.676}]}],"region":{"x":91.33679768923119,"y":697.9200547414039,"width":490.4063055034819,"height":87.79426355705084,"label":"Dimension \u0026 Description","shape":"rectangle"},"task_key":"em_transcribed_survey","instructions":{"mark":"Dimension \u0026 Description","transcribe":"Enter, as they appear, any land and building dimensions that were recorded. In the next screen, you'll enter the descriptive information.","verify":"Choose the best transcription or enter your own!"}},{"id":"580d843d61643900039f2402","status":"complete","name":"Record Date","created_in_workflow":"verify","confidence":1.0,"data":{"value":"June 4/94"},"versions":[{"data":{"value":"June 4/94"},"votes":3,"confidence":1.0,"instances":[{"created":"2015-12-05T00:46:47Z","user_id":"5647496e3562310003960400","duration":7.549},{"created":"2015-12-27T23:06:13Z","user_id":"56748e5e3564620003fd0100","duration":7.401},{"created":"2016-01-16T16:16:03Z","user_id":"56980a2d3337650003270200","duration":43.151}]}],"region":{"x":235.00012769205952,"y":564.8984432913269,"width":215.49499500424244,"height":78.92615612704572,"label":"Record Date","shape":"rectangle"},"task_key":"em_transcribed_date","instructions":{"mark":"Record Date","transcribe":"Enter the record date","verify":"Choose the best transcription or enter your own!"}},{"id":"580d843d6164390003a02402","status":"awaiting_votes","name":"Valuation Date","created_in_workflow":"verify","confidence":0.3333333333333333,"data":{"value":""},"versions":[{"data":{"value":""},"votes":1,"confidence":0.3333333333333333,"instances":[{"created":"2016-07-17T03:39:27Z","user_id":"5750d4e061323000033d0000","duration":3.216}]}],"region":{"x":697.0284914665876,"y":581.7478474083367,"width":274.0244998202096,"height":92.22831727205335,"label":"Valuation","shape":"rectangle"},"task_key":"em_transcribed_valuation_date","instructions":{"mark":"Valuation","transcribe":"Enter the date of the valuation (if one is given). In the next screen, you'll enter the valuation's dollar amounts.","verify":"Choose the best transcription or enter your own!"}},{"id":"580d843d6164390003a12402","status":"contentious","name":"Land \u0026 Building Value","created_in_workflow":"verify","confidence":0.45454545454545453,"data":{"em_valuation_ground":"$12000","em_valuation_building":"6000"},"versions":[{"data":{"em_valuation_ground":"$12000","em_valuation_building":"6000"},"votes":10,"confidence":0.45454545454545453,"instances":[{"created":"2015-12-27T22:21:39Z","user_id":"56748e5e3564620003fd0100","duration":6.208},{"created":"2016-01-09T23:51:45Z","user_id":"569196bf6539610003270200","duration":6.93},{"created":"2016-01-15T23:08:47Z","user_id":"56980a2d3337650003270200","duration":19.44},{"created":"2016-07-17T03:29:02Z","user_id":"5750d4e061323000033d0000","duration":8.28},{"created":"2016-08-23T22:36:49Z","user_id":"57bccfee32313000033c0200","duration":17.945},{"created":"2016-08-24T02:05:34Z","user_id":"57bcfdbd66646100031a0000","duration":20.575},{"created":"2016-08-24T19:40:53Z","user_id":"57bdf83866646100036c0000","duration":13.044},{"created":"2016-08-25T21:45:45Z","user_id":"57bf66ee6364640003380000","duration":26.319},{"created":"2016-08-26T12:16:23Z","user_id":"57c032d934396200030b0000","duration":33.175},{"created":"2016-10-05T18:01:21Z","user_id":"57f53cb731613400038f0000","duration":19.165}]},{"data":{"em_valuation_ground":"$12,000","em_valuation_building":"$6,000"},"votes":10,"confidence":0.45454545454545453,"instances":[{"created":"2015-12-28T19:35:20Z","user_id":"563bfc7535326200037f3900","duration":3.97},{"created":"2016-08-05T17:59:52Z","user_id":"57a4aa6665343100035e0100","duration":5.739},{"created":"2016-08-22T17:10:34Z","user_id":"57bb312a6662390003760000","duration":7.271},{"created":"2016-08-23T03:40:19Z","user_id":"57bbc3b03231300003a90000","duration":23.613},{"created":"2016-08-23T21:28:05Z","user_id":"57bcbec33231300003fd0100","duration":10.367},{"created":"2016-08-25T17:26:17Z","user_id":"57bf2a2763646400030d0000","duration":17.068},{"created":"2016-08-25T23:30:37Z","user_id":"57bf7bd16364640003550000","duration":63.08},{"created":"2016-08-25T23:57:44Z","user_id":"57bf858d6364640003870000","duration":8.286},{"created":"2016-08-26T20:34:59Z","user_id":"5794e6a83066310003040000","duration":277.813},{"created":"2016-08-26T23:15:27Z","user_id":"57c0ca6d3439620003bd0000","duration":14.051}]},{"data":{"em_valuation_ground":"12000","em_valuation_building":"6000"},"votes":2,"confidence":0.09090909090909091,"instances":[{"created":"2016-08-24T17:33:24Z","user_id":"57bdda346664610003650000","duration":22.375},{"created":"2016-08-25T23:21:59Z","user_id":"57bf7cde63646400035c0000","duration":17.091}]}],"region":{"x":697.0284914665876,"y":581.7478474083367,"width":274.0244998202096,"height":92.22831727205335,"label":"Valuation","shape":"rectangle"},"task_key":"em_transcribed_valuation_itemized","instructions":{"mark":"Valuation","transcribe":"Sometimes valuations include itemized dollar values for \"ground\" and \"building\". Enter these amounts if you can find them. In the next screen, you'll enter the total valuation.","verify":"Choose the best transcription or enter your own!"}},{"id":"580d843d6164390003a22402","status":"complete","name":"Total Value","created_in_workflow":"verify","confidence":1.0,"data":{"value":""},"versions":[{"data":{"value":""},"votes":2,"confidence":0.5,"instances":[{"created":"2016-07-17T03:28:54Z","user_id":"5750d4e061323000033d0000","duration":3.423},{"created":"2016-08-05T17:59:46Z","user_id":"57a4aa6665343100035e0100","duration":4.667}]},{"data":{"value":"$18,000"},"votes":2,"confidence":0.5,"instances":[{"created":"2016-08-09T23:42:27Z","user_id":"57aa666761356600031e0000","duration":11.581},{"created":"2016-08-22T17:10:26Z","user_id":"57bb312a6662390003760000","duration":7.058}]}],"region":{"x":697.0284914665876,"y":581.7478474083367,"width":274.0244998202096,"height":92.22831727205335,"label":"Valuation","shape":"rectangle"},"task_key":"em_transcribed_valuation_total","instructions":{"mark":"Valuation","transcribe":"Enter the valuation ***total*** (if one is given)","verify":"Choose the best transcription or enter your own!"}},{"id":"580d843d6164390003a32402","status":"awaiting_votes","name":"Amount Loaned","created_in_workflow":"verify","confidence":0.5,"data":{"value":"$9000"},"versions":[{"data":{"value":"$9000"},"votes":2,"confidence":0.5,"instances":[{"created":"2015-12-27T22:19:31Z","user_id":"56748e5e3564620003fd0100","duration":4.746},{"created":"2016-01-11T18:21:19Z","user_id":"5668b33530333000032d0500","duration":5.891}]},{"data":{"value":"$9,000"},"votes":1,"confidence":0.25,"instances":[{"created":"2015-12-28T19:29:39Z","user_id":"563bfc7535326200037f3900","duration":3.203}]},{"data":{"value":"$9000."},"votes":1,"confidence":0.25,"instances":[{"created":"2016-09-20T16:06:03Z","user_id":"57c49a363234370003600200","duration":4.412}]}],"region":{"x":778.6150739373296,"y":669.5421109653875,"width":178.2489464849907,"height":49.66140160802877,"label":"Amount Loaned","shape":"rectangle"},"task_key":"em_transcribed_amount_loaned","instructions":{"mark":"Amount Loaned","transcribe":"Enter the Amount Loaned","verify":"Choose the best transcription or enter your own!"}}]}],"export_document":{"name":"Record","export_fields":[{"name":"Mortgager","value":"Mary Sarah O'Donoghue","original_value":{"value":"Mary Sarah O'Donoghue"},"assertion_ids":["580d843d61643900039a2402"]},{"name":"Street Address","value":"441 W 22d St.","original_value":{"value":"441 W 22d St."},"assertion_ids":["580d843d61643900039b2402"]},{"name":"Record Date","value":"1894-06-04T00:00:00Z","original_value":{"value":"June 4/94"},"assertion_ids":["580d843d61643900039f2402"]},{"name":"Land \u0026 Building Dimensions","value":{"em_survey_land_dimensions":[20,98.75],"em_survey_building_dimensions":[20,62]},"original_value":{"em_survey_land_dimensions":"20 x 98.9","em_survey_building_dimensions":"20 x 62"},"assertion_ids":["580d843d61643900039e2402"]},{"name":"Amount Loaned","value":9000.0,"original_value":{"value":"$9000"},"assertion_ids":["580d843d6164390003a32402"]},{"name":"Stories \u0026 Materials","value":{"em_record_stories":4,"em_record_material":"br."},"original_value":{"em_record_stories":"4","em_record_material":"br."},"assertion_ids":["580d843d61643900039c2402"]},{"name":"Valuation","value":null,"original_value":null,"assertion_ids":null},{"name":"Record Number","value":4159,"original_value":{"value":"4159"},"assertion_ids":["580d843d6164390003992402"]},{"name":"Additional Info","value":"","original_value":{"value":""},"assertion_ids":["580d843d61643900039d2402"]}]}}