{"id":"56b10aeb7061755afb84d400","meta_data":{"capture_uuid":"15ad3960-02e7-0133-d6d0-58d385a7bbd0","page_uri":"http://digitalcollections.nypl.org/items/15ad3960-02e7-0133-d6d0-58d385a7bbd0","book_uri":"http://digitalcollections.nypl.org/items/109c0900-02e7-0133-03cf-58d385a7bbd0","source_rotated":"0.839234","source_x":"0","source_y":"876.0799999999999","source_w":"1370.61","source_h":"987.9200000000001"},"type":"final_subject_set","search_terms_by_field":{"Record Number":["4203","4203"],"Mortgager":["Daniel McElhinny"],"Street Address":["507 W. 29th St"],"Valuation Date":[],"Land \u0026 Building Value":["$9000.","$8000.","$9000.","$8000.","$9000","$8000","$9000","$8000"],"Total Value":[],"Amount Loaned":["$5000.","$5000 \u0026 2000 add'l"],"Land \u0026 Building Dimensions":["25 x 98.9","25 x 78"],"Stories \u0026 Materials":["4","Br."],"Additional Info":[],"Record Date":["Oct. 22d/94","Oct 22 94"]},"subjects":[{"id":"580d87726164390003a04402","type":"root","location":{"standard":"https://s3.amazonaws.com/scribe.nypl.org/emigrant-s4/full/15ad3960-02e7-0133-d6d0-58d385a7bbd0.left-bottom.jpg","thumbnail":"https://s3.amazonaws.com/scribe.nypl.org/emigrant-s4/thumb/15ad3960-02e7-0133-d6d0-58d385a7bbd0.left-bottom.jpg"},"status":"retired","width":1370,"height":987,"meta_data":{"capture_uuid":"15ad3960-02e7-0133-d6d0-58d385a7bbd0","page_uri":"http://digitalcollections.nypl.org/items/15ad3960-02e7-0133-d6d0-58d385a7bbd0","book_uri":"http://digitalcollections.nypl.org/items/109c0900-02e7-0133-03cf-58d385a7bbd0","source_rotated":"0.839234","source_x":"0","source_y":"876.0799999999999","source_w":"1370.61","source_h":"987.9200000000001"},"assertions":[{"id":"580d87726164390003a14402","status":"awaiting_transcriptions","name":"Record Number","created_in_workflow":"transcribe","confidence":0.3333333333333333,"data":{"value":"4203"},"versions":[{"data":{"value":"4203"},"votes":1,"confidence":0.3333333333333333,"instances":[{"created":"2016-01-03T22:03:13Z","user_id":"5668bbbe3064310003db0500","duration":29.623}]}],"region":{"x":301.42713488152526,"y":42.0911807063173,"width":763.0723488602575,"height":74.6779012531436,"label":"Record Number","shape":"rectangle"},"task_key":"em_record_number","instructions":{"mark":"Record Number","transcribe":"Enter the record number"}},{"id":"580d87726164390003a24402","status":"awaiting_transcriptions","name":"Record Number","created_in_workflow":"transcribe","confidence":0.6666666666666666,"data":{"value":"4203"},"versions":[{"data":{"value":"4203"},"votes":2,"confidence":0.6666666666666666,"instances":[{"created":"2015-12-30T19:44:05Z","user_id":"568430ff3261310003480200","duration":7.329},{"created":"2015-12-30T20:59:38Z","user_id":"568445a132613100031c0400","duration":12.421}]}],"region":{"x":856.251440059766,"y":53.750425456128546,"width":212.50170409740747,"height":65.00051450508568,"label":"Record Number","shape":"rectangle"},"task_key":"em_record_number","instructions":{"mark":"Record Number","transcribe":"Enter the record number"}},{"id":"580d87726164390003a34402","status":"awaiting_transcriptions","name":"Mortgager","created_in_workflow":"transcribe","confidence":0.3333333333333333,"data":{"value":"Daniel McElhinny"},"versions":[{"data":{"value":"Daniel McElhinny"},"votes":1,"confidence":0.3333333333333333,"instances":[{"created":"2015-12-30T19:47:57Z","user_id":"568430ff3261310003480200","duration":98.906}]},{"data":{"value":"Daniel McElhinney"},"votes":1,"confidence":0.3333333333333333,"instances":[{"created":"2015-12-30T20:19:04Z","user_id":"56843a9e3261310003b30200","duration":8.291}]}],"region":{"x":146.24574636960423,"y":613.7548581153283,"width":376.25301725482154,"height":73.75058376538573,"label":"Mortgager Name","shape":"rectangle"},"task_key":"em_record_mortgager","instructions":{"mark":"Mortgager Name","transcribe":"Enter the mortgager's name"}},{"id":"580d87726164390003a44402","status":"awaiting_transcriptions","name":"Street Address","created_in_workflow":"transcribe","confidence":0.3333333333333333,"data":{"value":"507 W. 29th St"},"versions":[{"data":{"value":"507 W. 29th St"},"votes":1,"confidence":0.3333333333333333,"instances":[{"created":"2015-12-30T19:48:09Z","user_id":"568430ff3261310003480200","duration":12.094}]},{"data":{"value":"507 West 29th Street"},"votes":1,"confidence":0.3333333333333333,"instances":[{"created":"2015-12-30T20:19:34Z","user_id":"56843a9e3261310003b30200","duration":5.988}]}],"region":{"x":204.9962175024169,"y":667.5052835714567,"width":317.50254612200894,"height":57.50045513911425,"label":"Street Address","shape":"rectangle"},"task_key":"em_record_street_address","instructions":{"mark":"Street Address","transcribe":"Enter the street address"}},{"id":"580d87726164390003a54402","status":"awaiting_transcriptions","name":"Valuation Date","created_in_workflow":"transcribe","confidence":0.3333333333333333,"data":{"value":""},"versions":[{"data":{"value":""},"votes":1,"confidence":0.3333333333333333,"instances":[{"created":"2016-01-10T23:58:08Z","user_id":"5692e4793637360003fb0200","duration":4.021}]}],"region":{"x":680.2477700693756,"y":596.0560211370607,"width":300.06937561942516,"height":76.03448105620828,"label":"Valuation","shape":"rectangle"},"task_key":"em_record_valuation","instructions":{"mark":"Valuation","transcribe":"Enter the date of the valuation (if one is given). In the next screen, you'll enter the valuation's dollar amounts."}},{"id":"580d87726164390003a64402","status":"awaiting_transcriptions","name":"Land \u0026 Building Value","created_in_workflow":"transcribe","confidence":0.3333333333333333,"data":{"em_valuation_ground":"$9000.","em_valuation_building":"$8000."},"versions":[{"data":{"em_valuation_ground":"$9000.","em_valuation_building":"$8000."},"votes":1,"confidence":0.3333333333333333,"instances":[{"created":"2016-01-10T23:58:19Z","user_id":"5692e4793637360003fb0200","duration":11.577}]}],"region":{"x":680.2477700693756,"y":596.0560211370607,"width":300.06937561942516,"height":76.03448105620828,"label":"Valuation","shape":"rectangle"},"task_key":"em_record_valuation_ground_building","instructions":{"mark":"Valuation","transcribe":"Sometimes valuations include itemized dollar values for \"ground\" and \"building\". Enter these amounts if you can find them. In the next screen, you'll enter the total valuation."}},{"id":"580d87726164390003a74402","status":"awaiting_transcriptions","name":"Total Value","created_in_workflow":"transcribe","confidence":0.3333333333333333,"data":{"value":""},"versions":[{"data":{"value":""},"votes":1,"confidence":0.3333333333333333,"instances":[{"created":"2016-01-10T23:58:20Z","user_id":"5692e4793637360003fb0200","duration":0.311}]}],"region":{"x":680.2477700693756,"y":596.0560211370607,"width":300.06937561942516,"height":76.03448105620828,"label":"Valuation","shape":"rectangle"},"task_key":"em_record_valuation_total","instructions":{"mark":"Valuation","transcribe":"Enter the valuation ***total*** (if one is given)"}},{"id":"580d87726164390003a84402","status":"awaiting_transcriptions","name":"Valuation Date","created_in_workflow":"transcribe","confidence":0.3333333333333333,"data":{"value":""},"versions":[{"data":{"value":""},"votes":1,"confidence":0.3333333333333333,"instances":[{"created":"2015-12-30T19:46:01Z","user_id":"568430ff3261310003480200","duration":2.64}]}],"region":{"x":782.5008486377245,"y":591.254680017414,"width":232.5018644830459,"height":80.00063323702852,"label":"Valuation","shape":"rectangle"},"task_key":"em_record_valuation","instructions":{"mark":"Valuation","transcribe":"Enter the date of the valuation (if one is given). In the next screen, you'll enter the valuation's dollar amounts."}},{"id":"580d87726164390003a94402","status":"awaiting_transcriptions","name":"Land \u0026 Building Value","created_in_workflow":"transcribe","confidence":0.3333333333333333,"data":{"em_valuation_ground":"$9000.","em_valuation_building":"$8000."},"versions":[{"data":{"em_valuation_ground":"$9000.","em_valuation_building":"$8000."},"votes":1,"confidence":0.3333333333333333,"instances":[{"created":"2015-12-30T19:46:18Z","user_id":"568430ff3261310003480200","duration":16.781}]}],"region":{"x":782.5008486377245,"y":591.254680017414,"width":232.5018644830459,"height":80.00063323702852,"label":"Valuation","shape":"rectangle"},"task_key":"em_record_valuation_ground_building","instructions":{"mark":"Valuation","transcribe":"Sometimes valuations include itemized dollar values for \"ground\" and \"building\". Enter these amounts if you can find them. In the next screen, you'll enter the total valuation."}},{"id":"580d87726164390003aa4402","status":"awaiting_transcriptions","name":"Total Value","created_in_workflow":"transcribe","confidence":0.3333333333333333,"data":{"value":""},"versions":[{"data":{"value":""},"votes":1,"confidence":0.3333333333333333,"instances":[{"created":"2015-12-30T19:46:19Z","user_id":"568430ff3261310003480200","duration":0.412}]}],"region":{"x":782.5008486377245,"y":591.254680017414,"width":232.5018644830459,"height":80.00063323702852,"label":"Valuation","shape":"rectangle"},"task_key":"em_record_valuation_total","instructions":{"mark":"Valuation","transcribe":"Enter the valuation ***total*** (if one is given)"}},{"id":"580d87726164390003ab4402","status":"awaiting_transcriptions","name":"Amount Loaned","created_in_workflow":"transcribe","confidence":0.3333333333333333,"data":{"value":"$5000."},"versions":[{"data":{"value":"$5000."},"votes":1,"confidence":0.3333333333333333,"instances":[{"created":"2015-12-30T19:48:15Z","user_id":"568430ff3261310003480200","duration":5.918}]},{"data":{"value":"$5,000"},"votes":1,"confidence":0.3333333333333333,"instances":[{"created":"2015-12-30T21:02:04Z","user_id":"568445a132613100031c0400","duration":34.903}]}],"region":{"x":791.2509188064413,"y":675.0053429374283,"width":188.75151363946202,"height":33.75026714687135,"label":"Amount Loaned","shape":"rectangle"},"task_key":"em_record_amount_loaned","instructions":{"mark":"Amount Loaned","transcribe":"Enter the Amount Loaned"}},{"id":"580d87726164390003ac4402","status":"complete","name":"Land \u0026 Building Value","created_in_workflow":"verify","confidence":1.0,"data":{"em_valuation_ground":"$9000","em_valuation_building":"$8000"},"versions":[{"data":{"em_valuation_ground":"$9000","em_valuation_building":"$8000"},"votes":3,"confidence":1.0,"instances":[{"created":"2015-12-16T08:57:34Z","user_id":"5647496e3562310003960400","duration":7.043},{"created":"2016-01-02T19:38:06Z","user_id":"56748e5e3564620003fd0100","duration":8.09},{"created":"2016-02-20T20:04:47Z","user_id":"563f8b7a3264340003774b00","duration":6.432}]}],"region":{"x":833.0229885057471,"y":576.342709639624,"width":125.9770114942529,"height":61.413567420615664,"label":"Valuation","shape":"rectangle"},"task_key":"em_transcribed_valuation_itemized","instructions":{"mark":"Valuation","transcribe":"Sometimes valuations include itemized dollar values for \"ground\" and \"building\". Enter these amounts if you can find them. In the next screen, you'll enter the total valuation.","verify":"Choose the best transcription or enter your own!"}},{"id":"580d87726164390003ad4402","status":"complete","name":"Land \u0026 Building Value","created_in_workflow":"verify","confidence":1.0,"data":{"em_valuation_ground":"$9000","em_valuation_building":"$8000"},"versions":[{"data":{"em_valuation_ground":"$9000","em_valuation_building":"$8000"},"votes":5,"confidence":0.8333333333333334,"instances":[{"created":"2016-02-20T20:05:15Z","user_id":"563f8b7a3264340003774b00","duration":4.979},{"created":"2016-03-05T03:00:29Z","user_id":"56da441362633400038f0000","duration":30.797},{"created":"2016-03-06T00:56:20Z","user_id":"56db7f5d30383200038f0000","duration":15.905},{"created":"2016-03-06T13:37:08Z","user_id":"56dc31f73038320003d00000","duration":11.645},{"created":"2016-03-06T16:54:10Z","user_id":"56c0b69b3435350003200000","duration":29.448}]},{"data":{"em_valuation_building":"$8,000"},"votes":1,"confidence":0.16666666666666666,"instances":[{"created":"2016-03-04T22:41:21Z","user_id":"56da09be6263340003120000","duration":19.928}]}],"region":{"x":862.9425287356322,"y":629.8827427755454,"width":92.90804597701151,"height":44.09179199428809,"label":"Valuation","shape":"rectangle"},"task_key":"em_transcribed_valuation_itemized","instructions":{"mark":"Valuation","transcribe":"Sometimes valuations include itemized dollar values for \"ground\" and \"building\". Enter these amounts if you can find them. In the next screen, you'll enter the total valuation.","verify":"Choose the best transcription or enter your own!"}},{"id":"580d87726164390003ae4402","status":"awaiting_votes","name":"Land \u0026 Building Dimensions","created_in_workflow":"transcribe","confidence":0.6666666666666666,"data":{"em_survey_land_dimensions":"25 x 98.9","em_survey_building_dimensions":"25 x 78"},"versions":[{"data":{"em_survey_land_dimensions":"25 x 98.9","em_survey_building_dimensions":"25 x 78"},"votes":2,"confidence":0.6666666666666666,"instances":[{"created":"2015-11-19T02:25:28Z","user_id":"564cd0706531660003c60c00","duration":29.025},{"created":"2016-10-06T03:45:37Z","user_id":"57c49a363234370003600200","duration":12.613}]},{"data":{"em_survey_land_dimensions":"25 X 98.9","em_survey_building_dimensions":"25 X 78"},"votes":1,"confidence":0.3333333333333333,"instances":[{"created":"2015-11-19T03:24:23Z","user_id":"564d3b276531660003321700","duration":45.006}]}],"region":{"x":66.63520653756845,"y":721.3021641773547,"width":521.3518928238909,"height":85.90456986095796,"label":"Dimension \u0026 Description","shape":"rectangle"},"task_key":"em_record_survey","instructions":{"mark":"Dimension \u0026 Description","transcribe":"Enter, as they appear, any land and building dimensions that were recorded. In the next screen, you'll enter the descriptive information."}},{"id":"580d87726164390003af4402","status":"complete","name":"Stories \u0026 Materials","created_in_workflow":"transcribe","confidence":1.0,"data":{"em_record_stories":"4","em_record_material":"Br."},"versions":[{"data":{"em_record_stories":"4","em_record_material":"Br."},"votes":3,"confidence":1.0,"instances":[{"created":"2015-11-19T02:25:45Z","user_id":"564cd0706531660003c60c00","duration":16.895},{"created":"2015-11-19T03:24:45Z","user_id":"564d3b276531660003321700","duration":22.376},{"created":"2016-10-06T03:45:40Z","user_id":"57c49a363234370003600200","duration":3.925}]}],"region":{"x":66.63520653756845,"y":721.3021641773547,"width":521.3518928238909,"height":85.90456986095796,"label":"Dimension \u0026 Description","shape":"rectangle"},"task_key":"em_record_survey_stories_materials","instructions":{"mark":"Dimension \u0026 Description","transcribe":"Enter, as they appear, the number of stories and the building materials."}},{"id":"580d87726164390003b04402","status":"awaiting_transcriptions","name":"Additional Info","created_in_workflow":"transcribe","confidence":0.3333333333333333,"data":{"value":""},"versions":[{"data":{"value":""},"votes":1,"confidence":0.3333333333333333,"instances":[{"created":"2016-10-06T03:45:42Z","user_id":"57c49a363234370003600200","duration":0.814}]}],"region":{"x":66.63520653756845,"y":721.3021641773547,"width":521.3518928238909,"height":85.90456986095796,"label":"Dimension \u0026 Description","shape":"rectangle"},"task_key":"em_record_survey_additional_info","instructions":{"mark":"Dimension \u0026 Description","transcribe":"Enter any additional information you find about the building's construction or significance."}},{"id":"580d87726164390003b14402","status":"awaiting_votes","name":"Record Date","created_in_workflow":"verify","confidence":0.6,"data":{"value":"Oct. 22d/94"},"versions":[{"data":{"value":"Oct. 22d/94"},"votes":3,"confidence":0.6,"instances":[{"created":"2016-01-02T19:42:31Z","user_id":"56748e5e3564620003fd0100","duration":6.715},{"created":"2016-02-20T20:04:55Z","user_id":"563f8b7a3264340003774b00","duration":7.6},{"created":"2016-09-25T14:48:09Z","user_id":"57c49a363234370003600200","duration":7.228}]},{"data":{"value":"Oct 22nd /94"},"votes":2,"confidence":0.4,"instances":[{"created":"2016-02-02T00:08:01Z","user_id":"56980a2d3337650003270200","duration":6.47},{"created":"2016-03-03T12:30:15Z","user_id":"56d82afa3936330003410000","duration":8.799}]}],"region":{"x":229.90804597701148,"y":584.2162439243183,"width":176.36781609195404,"height":53.54003313592136,"label":"Record Date","shape":"rectangle"},"task_key":"em_transcribed_date","instructions":{"mark":"Record Date","transcribe":"Enter the record date","verify":"Choose the best transcription or enter your own!"}},{"id":"580d87726164390003b24402","status":"awaiting_votes","name":"Record Date","created_in_workflow":"transcribe","confidence":0.3333333333333333,"data":{"value":"Oct 22 94"},"versions":[{"data":{"value":"Oct 22 94"},"votes":1,"confidence":0.3333333333333333,"instances":[{"created":"2016-01-13T16:35:45Z","user_id":"569652e06236640003140600","duration":12.655}]},{"data":{"value":"Apl 6, 1900"},"votes":1,"confidence":0.3333333333333333,"instances":[{"created":"2016-01-13T18:42:05Z","user_id":"569688a630643300036e0800","duration":10.631}]},{"data":{"value":"April 6, 1900"},"votes":1,"confidence":0.3333333333333333,"instances":[{"created":"2016-01-13T20:35:07Z","user_id":"5696b25761336400038a0400","duration":6.541}]}],"region":{"x":995.7039816402805,"y":686.8193602822736,"width":170.79634586492122,"height":62.988724399785184,"label":"Record Date","shape":"rectangle"},"task_key":"em_record_date","instructions":{"mark":"Record Date","transcribe":"Enter the record date"}},{"id":"580d87726164390003b34402","status":"awaiting_votes","name":"Amount Loaned","created_in_workflow":"verify","confidence":0.3333333333333333,"data":{"value":"$5000 \u0026 2000 add'l"},"versions":[{"data":{"value":"$5000 \u0026 2000 add'l"},"votes":1,"confidence":0.3333333333333333,"instances":[{"created":"2016-09-20T18:48:31Z","user_id":"57c49a363234370003600200","duration":6.041}]}],"region":{"x":821.273670969723,"y":700.1438981360743,"width":175.64163227243682,"height":36.33964869218369,"label":"Amount Loaned","shape":"rectangle"},"task_key":"em_transcribed_amount_loaned","instructions":{"mark":"Amount Loaned","transcribe":"Enter the Amount Loaned","verify":"Choose the best transcription or enter your own!"}}]}],"export_document":{"name":"Record","export_fields":[{"name":"Mortgager","value":"Daniel McElhinny","original_value":{"value":"Daniel McElhinny"},"assertion_ids":["580d87726164390003a34402"]},{"name":"Street Address","value":"507 W. 29th St","original_value":{"value":"507 W. 29th St"},"assertion_ids":["580d87726164390003a44402"]},{"name":"Record Date","value":"1894-10-22T00:00:00Z","original_value":{"value":"Oct. 22d/94"},"assertion_ids":["580d87726164390003b14402"]},{"name":"Land \u0026 Building Dimensions","value":{"em_survey_land_dimensions":[25,98.75],"em_survey_building_dimensions":[25,78]},"original_value":{"em_survey_land_dimensions":"25 x 98.9","em_survey_building_dimensions":"25 x 78"},"assertion_ids":["580d87726164390003ae4402"]},{"name":"Amount Loaned","value":5000.0,"original_value":{"value":"$5000."},"assertion_ids":["580d87726164390003ab4402"]},{"name":"Stories \u0026 Materials","value":{"em_record_stories":4,"em_record_material":"Br."},"original_value":{"em_record_stories":"4","em_record_material":"Br."},"assertion_ids":["580d87726164390003af4402"]},{"name":"Valuation","value":null,"original_value":null,"assertion_ids":null},{"name":"Record Number","value":4203,"original_value":{"value":"4203"},"assertion_ids":["580d87726164390003a24402"]},{"name":"Additional Info","value":"","original_value":{"value":""},"assertion_ids":["580d87726164390003b04402"]}]}}