{"id":"56b109b37061755afb81bc00","meta_data":{"capture_uuid":"111e3470-02e7-0133-0ae3-58d385a7bbd0","page_uri":"http://digitalcollections.nypl.org/items/111e3470-02e7-0133-0ae3-58d385a7bbd0","book_uri":"http://digitalcollections.nypl.org/items/109c0900-02e7-0133-03cf-58d385a7bbd0","source_rotated":"0.307738","source_x":"0","source_y":"849.29","source_w":"1363.16","source_h":"957.71"},"type":"final_subject_set","search_terms_by_field":{"Land \u0026 Building Dimensions":["21.10 x 49.4 1/2"],"Stories \u0026 Materials":["4","brick"],"Valuation Date":["Sept 15 91"],"Land \u0026 Building Value":["5500"],"Record Number":["3747"],"Mortgager":["James Haydon"],"Street Address":["402 W 32"],"Record Date":["Sept 15/91"],"Amount Loaned":["$5000."]},"subjects":[{"id":"580db9ad616439000368b703","type":"root","location":{"standard":"https://s3.amazonaws.com/scribe.nypl.org/emigrant-s4/full/111e3470-02e7-0133-0ae3-58d385a7bbd0.left-bottom.jpg","thumbnail":"https://s3.amazonaws.com/scribe.nypl.org/emigrant-s4/thumb/111e3470-02e7-0133-0ae3-58d385a7bbd0.left-bottom.jpg"},"status":"retired","width":1363,"height":957,"meta_data":{"capture_uuid":"111e3470-02e7-0133-0ae3-58d385a7bbd0","page_uri":"http://digitalcollections.nypl.org/items/111e3470-02e7-0133-0ae3-58d385a7bbd0","book_uri":"http://digitalcollections.nypl.org/items/109c0900-02e7-0133-03cf-58d385a7bbd0","source_rotated":"0.307738","source_x":"0","source_y":"849.29","source_w":"1363.16","source_h":"957.71"},"assertions":[{"id":"580db9ad616439000369b703","status":"awaiting_transcriptions","name":"Land \u0026 Building Dimensions","created_in_workflow":"transcribe","confidence":0.3333333333333333,"data":{"em_survey_land_dimensions":"21.10 x 49.4 1/2"},"versions":[{"data":{"em_survey_land_dimensions":"21.10 x 49.4 1/2"},"votes":1,"confidence":0.3333333333333333,"instances":[{"created":"2016-01-13T16:53:58Z","user_id":"569652e06236640003140600","duration":11.602}]}],"region":{"x":287.36335095517575,"y":724.3362610406026,"width":292.2844638949672,"height":81.52013849542948,"label":"Dimension \u0026 Description","shape":"rectangle"},"task_key":"em_record_survey","instructions":{"mark":"Dimension \u0026 Description","transcribe":"Enter, as they appear, any land and building dimensions that were recorded. In the next screen, you'll enter the descriptive information."}},{"id":"580db9ad61643900036ab703","status":"awaiting_transcriptions","name":"Stories \u0026 Materials","created_in_workflow":"transcribe","confidence":0.3333333333333333,"data":{"em_record_stories":"4","em_record_material":"brick"},"versions":[{"data":{"em_record_stories":"4","em_record_material":"brick"},"votes":1,"confidence":0.3333333333333333,"instances":[{"created":"2016-01-13T16:54:04Z","user_id":"569652e06236640003140600","duration":5.883}]}],"region":{"x":287.36335095517575,"y":724.3362610406026,"width":292.2844638949672,"height":81.52013849542948,"label":"Dimension \u0026 Description","shape":"rectangle"},"task_key":"em_record_survey_stories_materials","instructions":{"mark":"Dimension \u0026 Description","transcribe":"Enter, as they appear, the number of stories and the building materials."}},{"id":"580db9ad61643900036bb703","status":"awaiting_transcriptions","name":"Valuation Date","created_in_workflow":"transcribe","confidence":0.3333333333333333,"data":{"value":"Sept 15 91"},"versions":[{"data":{"value":"Sept 15 91"},"votes":1,"confidence":0.3333333333333333,"instances":[{"created":"2016-01-13T16:53:15Z","user_id":"569652e06236640003140600","duration":9.832}]}],"region":{"x":846.083992822426,"y":604.0443493583224,"width":113.33479212253826,"height":73.56695425197302,"label":"Valuation","shape":"rectangle"},"task_key":"em_record_valuation","instructions":{"mark":"Valuation","transcribe":"Enter the date of the valuation (if one is given). In the next screen, you'll enter the valuation's dollar amounts."}},{"id":"580db9ad61643900036cb703","status":"awaiting_transcriptions","name":"Land \u0026 Building Value","created_in_workflow":"transcribe","confidence":0.3333333333333333,"data":{"em_valuation_ground":"5500"},"versions":[{"data":{"em_valuation_ground":"5500"},"votes":1,"confidence":0.3333333333333333,"instances":[{"created":"2016-01-13T16:53:18Z","user_id":"569652e06236640003140600","duration":3.108}]}],"region":{"x":846.083992822426,"y":604.0443493583224,"width":113.33479212253826,"height":73.56695425197302,"label":"Valuation","shape":"rectangle"},"task_key":"em_record_valuation_ground_building","instructions":{"mark":"Valuation","transcribe":"Sometimes valuations include itemized dollar values for \"ground\" and \"building\". Enter these amounts if you can find them. In the next screen, you'll enter the total valuation."}},{"id":"580db9ad61643900036db703","status":"complete","name":"Record Number","created_in_workflow":"transcribe","confidence":1.0,"data":{"value":"3747"},"versions":[{"data":{"value":"3747"},"votes":3,"confidence":1.0,"instances":[{"created":"2016-01-13T16:52:00Z","user_id":"569652e06236640003140600","duration":9.877},{"created":"2016-01-13T18:52:32Z","user_id":"569688a630643300036e0800","duration":5.922},{"created":"2016-01-13T21:54:48Z","user_id":"5696c1da64376500030c0200","duration":5.818}]}],"region":{"x":678.0701343249789,"y":66.60791803894854,"width":192.86797957695114,"height":65.61377000851645,"label":"Record Number","shape":"rectangle"},"task_key":"em_record_number","instructions":{"mark":"Record Number","transcribe":"Enter the record number"}},{"id":"580db9ad61643900036eb703","status":"complete","name":"Mortgager","created_in_workflow":"transcribe","confidence":1.0,"data":{"value":"James Haydon"},"versions":[{"data":{"value":"James Haydon"},"votes":3,"confidence":1.0,"instances":[{"created":"2016-01-13T16:53:36Z","user_id":"569652e06236640003140600","duration":5.668},{"created":"2016-01-13T18:52:53Z","user_id":"569688a630643300036e0800","duration":11.179},{"created":"2016-01-13T21:57:03Z","user_id":"5696c1da64376500030c0200","duration":6.349}]}],"region":{"x":167.06940493037632,"y":637.2488875069554,"width":228.6579139314369,"height":61.63717788678821,"label":"Mortgager Name","shape":"rectangle"},"task_key":"em_record_mortgager","instructions":{"mark":"Mortgager Name","transcribe":"Enter the mortgager's name"}},{"id":"580db9ad61643900036fb703","status":"awaiting_votes","name":"Street Address","created_in_workflow":"verify","confidence":0.3333333333333333,"data":{"value":"402 W 32"},"versions":[{"data":{"value":"402 W 32"},"votes":1,"confidence":0.3333333333333333,"instances":[{"created":"2016-09-20T18:32:59Z","user_id":"57c49a363234370003600200","duration":4.857}]}],"region":{"x":219.76014161892482,"y":675.6230075494312,"width":171.99051787016776,"height":43.742513339011,"label":"Street Address","shape":"rectangle"},"task_key":"em_transcribed_address","instructions":{"mark":"Street Address","transcribe":"Enter the street address","verify":"Choose the best transcription or enter your own!"}},{"id":"580db9ad616439000370b703","status":"complete","name":"Record Date","created_in_workflow":"verify","confidence":1.0,"data":{"value":"Sept 15/91"},"versions":[{"data":{"value":"Sept 15/91"},"votes":3,"confidence":0.6,"instances":[{"created":"2015-12-07T00:01:18Z","user_id":"5647496e3562310003960400","duration":4.77},{"created":"2015-12-24T09:17:20Z","user_id":"56748e5e3564620003fd0100","duration":4.939},{"created":"2015-12-27T22:13:55Z","user_id":"5668bbbe3064310003db0500","duration":5.664}]},{"data":{"value":"1891 Sept 15"},"votes":2,"confidence":0.4,"instances":[{"created":"2015-12-26T15:12:11Z","user_id":"563bfc7535326200037f3900","duration":6.365},{"created":"2015-12-27T02:34:10Z","user_id":"567f35e03037360003d10000","duration":4.235}]}],"region":{"x":64.14707350140826,"y":594.8091395566126,"width":329.48609833475746,"height":43.35343582774135,"label":"Record Date","shape":"rectangle"},"task_key":"em_transcribed_date","instructions":{"mark":"Record Date","transcribe":"Enter the record date","verify":"Choose the best transcription or enter your own!"}},{"id":"580db9ad616439000371b703","status":"awaiting_votes","name":"Amount Loaned","created_in_workflow":"verify","confidence":0.3333333333333333,"data":{"value":"$5000."},"versions":[{"data":{"value":"$5000."},"votes":1,"confidence":0.3333333333333333,"instances":[{"created":"2016-09-20T18:33:03Z","user_id":"57c49a363234370003600200","duration":4.188}]}],"region":{"x":841.1131686065252,"y":674.6288595189992,"width":117.311451495259,"height":53.68399364333163,"label":"Amount Loaned","shape":"rectangle"},"task_key":"em_transcribed_amount_loaned","instructions":{"mark":"Amount Loaned","transcribe":"Enter the Amount Loaned","verify":"Choose the best transcription or enter your own!"}}]}],"export_document":{"name":"Record","export_fields":[{"name":"Mortgager","value":"James Haydon","original_value":{"value":"James Haydon"},"assertion_ids":["580db9ad61643900036eb703"]},{"name":"Street Address","value":"402 W 32","original_value":{"value":"402 W 32"},"assertion_ids":["580db9ad61643900036fb703"]},{"name":"Record Date","value":"1891-09-15T00:00:00Z","original_value":{"value":"Sept 15/91"},"assertion_ids":["580db9ad616439000370b703"]},{"name":"Land \u0026 Building Dimensions","value":{"em_survey_land_dimensions":[21.833333333333332,49.375]},"original_value":{"em_survey_land_dimensions":"21.10 x 49.4 1/2"},"assertion_ids":["580db9ad616439000369b703"]},{"name":"Amount Loaned","value":5000.0,"original_value":{"value":"$5000."},"assertion_ids":["580db9ad616439000371b703"]},{"name":"Stories \u0026 Materials","value":{"em_record_stories":4,"em_record_material":"brick"},"original_value":{"em_record_stories":"4","em_record_material":"brick"},"assertion_ids":["580db9ad61643900036ab703"]},{"name":"Record Number","value":3747,"original_value":{"value":"3747"},"assertion_ids":["580db9ad61643900036db703"]}]}}