{"id":"56b10a437061755afba9c700","meta_data":{"capture_uuid":"133a8270-02e7-0133-dfcf-58d385a7bbd0","page_uri":"http://digitalcollections.nypl.org/items/133a8270-02e7-0133-dfcf-58d385a7bbd0","book_uri":"http://digitalcollections.nypl.org/items/109c0900-02e7-0133-03cf-58d385a7bbd0","source_rotated":"0.867204","source_x":"0","source_y":"866.21","source_w":"1370.61","source_h":"976.79"},"type":"final_subject_set","search_terms_by_field":{"Mortgager":["N. Y. Mothers Home \u0026e","N. U. Mothers Home","N.Y. Mothers Home \u0026 C"],"Street Address":["225","N.s. 86 St.  225 ft W. of Ave B"],"Land \u0026 Building Dimensions":[],"Stories \u0026 Materials":["Br"],"Additional Info":["Hospital bldg."],"Land \u0026 Building Value":["$40000.","80000.","$40000   50000.-","80000.   84000.-","$40 000 - 50 000","50000.-","84000.-"],"Total Value":[],"Valuation Date":[],"Record Number":["3967"],"Record Date":["Nov 21/92","Oct. 28, 1901"],"Amount Loaned":["$60000.","$60 000","20000"]},"subjects":[{"id":"580d6ce26164390003e23901","type":"root","location":{"standard":"https://s3.amazonaws.com/scribe.nypl.org/emigrant-s4/full/133a8270-02e7-0133-dfcf-58d385a7bbd0.left-bottom.jpg","thumbnail":"https://s3.amazonaws.com/scribe.nypl.org/emigrant-s4/thumb/133a8270-02e7-0133-dfcf-58d385a7bbd0.left-bottom.jpg"},"status":"retired","width":1370,"height":976,"meta_data":{"capture_uuid":"133a8270-02e7-0133-dfcf-58d385a7bbd0","page_uri":"http://digitalcollections.nypl.org/items/133a8270-02e7-0133-dfcf-58d385a7bbd0","book_uri":"http://digitalcollections.nypl.org/items/109c0900-02e7-0133-03cf-58d385a7bbd0","source_rotated":"0.867204","source_x":"0","source_y":"866.21","source_w":"1370.61","source_h":"976.79"},"assertions":[{"id":"580d6ce26164390003e33901","status":"awaiting_transcriptions","name":"Mortgager","created_in_workflow":"transcribe","confidence":0.3333333333333333,"data":{"value":"N. Y. Mothers Home \u0026e"},"versions":[{"data":{"value":"N. Y. Mothers Home \u0026e"},"votes":1,"confidence":0.3333333333333333,"instances":[{"created":"2015-12-27T17:49:42Z","user_id":"56801b613037360003e80500","duration":121.708}]},{"data":{"value":"New York Mothers Home"},"votes":1,"confidence":0.3333333333333333,"instances":[{"created":"2015-12-27T20:25:47Z","user_id":"568047983564660003300b00","duration":13.09}]}],"region":{"x":168.74793956793619,"y":618.7524764363332,"width":362.5014534890196,"height":58.75023513637905,"label":"Mortgager Name","shape":"rectangle"},"task_key":"em_record_mortgager","instructions":{"mark":"Mortgager Name","transcribe":"Enter the mortgager's name"}},{"id":"580d6ce26164390003e43901","status":"awaiting_transcriptions","name":"Mortgager","created_in_workflow":"transcribe","confidence":0.3333333333333333,"data":{"value":"N. U. Mothers Home"},"versions":[{"data":{"value":"N. U. Mothers Home"},"votes":1,"confidence":0.3333333333333333,"instances":[{"created":"2015-11-21T18:12:49Z","user_id":"5650b9003064380003e60800","duration":30.255}]},{"data":{"value":"N. Y. Mothers Home \u0026c"},"votes":1,"confidence":0.3333333333333333,"instances":[{"created":"2015-12-23T00:26:50Z","user_id":"5668b33530333000032d0500","duration":9.477}]}],"region":{"x":184.7422415269387,"y":630.6517232901193,"width":343.0834101859362,"height":34.41937222181991,"label":"Mortgager Name","shape":"rectangle"},"task_key":"em_record_mortgager","instructions":{"mark":"Mortgager Name","transcribe":"Enter the mortgager's name"}},{"id":"580d6ce26164390003e53901","status":"awaiting_transcriptions","name":"Street Address","created_in_workflow":"transcribe","confidence":0.3333333333333333,"data":{"value":"225"},"versions":[{"data":{"value":"225"},"votes":1,"confidence":0.3333333333333333,"instances":[{"created":"2015-11-21T18:11:57Z","user_id":"5650b9003064380003e60800","duration":31.369}]}],"region":{"x":887.5635963738564,"y":445.2312342241864,"width":85.49327697189995,"height":31.088465232611497,"label":"Street Address","shape":"rectangle"},"task_key":"em_record_street_address","instructions":{"mark":"Street Address","transcribe":"Enter the street address"}},{"id":"580d6ce26164390003e63901","status":"awaiting_transcriptions","name":"Land \u0026 Building Dimensions","created_in_workflow":"transcribe","confidence":0.3333333333333333,"data":{"em_survey_land_dimensions":""},"versions":[{"data":{"em_survey_land_dimensions":""},"votes":1,"confidence":0.3333333333333333,"instances":[{"created":"2015-12-27T17:51:33Z","user_id":"56801b613037360003e80500","duration":13.262}]}],"region":{"x":272.49835556651766,"y":711.2528466510577,"width":270.00108259871814,"height":95.00038022052786,"label":"Dimension \u0026 Description","shape":"rectangle"},"task_key":"em_record_survey","instructions":{"mark":"Dimension \u0026 Description","transcribe":"Enter, as they appear, any land and building dimensions that were recorded. In the next screen, you'll enter the descriptive information."}},{"id":"580d6ce26164390003e73901","status":"awaiting_transcriptions","name":"Stories \u0026 Materials","created_in_workflow":"transcribe","confidence":0.3333333333333333,"data":{"em_record_material":"Br"},"versions":[{"data":{"em_record_material":"Br"},"votes":1,"confidence":0.3333333333333333,"instances":[{"created":"2015-12-27T17:51:46Z","user_id":"56801b613037360003e80500","duration":12.629}]}],"region":{"x":272.49835556651766,"y":711.2528466510577,"width":270.00108259871814,"height":95.00038022052786,"label":"Dimension \u0026 Description","shape":"rectangle"},"task_key":"em_record_survey_stories_materials","instructions":{"mark":"Dimension \u0026 Description","transcribe":"Enter, as they appear, the number of stories and the building materials."}},{"id":"580d6ce26164390003e83901","status":"awaiting_transcriptions","name":"Additional Info","created_in_workflow":"transcribe","confidence":0.3333333333333333,"data":{"value":"Hospital bldg."},"versions":[{"data":{"value":"Hospital bldg."},"votes":1,"confidence":0.3333333333333333,"instances":[{"created":"2015-12-27T17:52:00Z","user_id":"56801b613037360003e80500","duration":13.864}]}],"region":{"x":272.49835556651766,"y":711.2528466510577,"width":270.00108259871814,"height":95.00038022052786,"label":"Dimension \u0026 Description","shape":"rectangle"},"task_key":"em_record_survey_additional_info","instructions":{"mark":"Dimension \u0026 Description","transcribe":"Enter any additional information you find about the building's construction or significance."}},{"id":"580d6ce26164390003e93901","status":"awaiting_votes","name":"Land \u0026 Building Value","created_in_workflow":"verify","confidence":0.3333333333333333,"data":{"em_valuation_ground":"$40000.","em_valuation_building":"80000."},"versions":[{"data":{"em_valuation_ground":"$40000.","em_valuation_building":"80000."},"votes":1,"confidence":0.3333333333333333,"instances":[{"created":"2016-09-28T15:04:48Z","user_id":"57c49a363234370003600200","duration":10.426}]}],"region":{"x":783.2457377380732,"y":581.3440937194923,"width":182.94043549329183,"height":96.21312506779486,"label":"Valuation","shape":"rectangle"},"task_key":"em_transcribed_valuation_itemized","instructions":{"mark":"Valuation","transcribe":"Sometimes valuations include itemized dollar values for \"ground\" and \"building\". Enter these amounts if you can find them. In the next screen, you'll enter the total valuation.","verify":"Choose the best transcription or enter your own!"}},{"id":"580d6ce26164390003ea3901","status":"awaiting_votes","name":"Total Value","created_in_workflow":"verify","confidence":0.3333333333333333,"data":{"value":""},"versions":[{"data":{"value":""},"votes":1,"confidence":0.3333333333333333,"instances":[{"created":"2016-09-28T15:04:53Z","user_id":"57c49a363234370003600200","duration":5.023}]}],"region":{"x":783.2457377380732,"y":581.3440937194923,"width":182.94043549329183,"height":96.21312506779486,"label":"Valuation","shape":"rectangle"},"task_key":"em_transcribed_valuation_total","instructions":{"mark":"Valuation","transcribe":"Enter the valuation ***total*** (if one is given)","verify":"Choose the best transcription or enter your own!"}},{"id":"580d6ce26164390003eb3901","status":"awaiting_transcriptions","name":"Valuation Date","created_in_workflow":"transcribe","confidence":0.3333333333333333,"data":{"value":""},"versions":[{"data":{"value":""},"votes":1,"confidence":0.3333333333333333,"instances":[{"created":"2016-05-23T22:56:52Z","user_id":"563f8b7a3264340003774b00","duration":3.497}]},{"data":{"value":"Nov 21 1992"},"votes":1,"confidence":0.3333333333333333,"instances":[{"created":"2016-05-24T01:22:28Z","user_id":"5743ac3f3063660003660200","duration":21.829}]}],"region":{"x":783.2457377380732,"y":581.3440937194923,"width":182.94043549329183,"height":96.21312506779486,"label":"Valuation","shape":"rectangle"},"task_key":"em_record_valuation","instructions":{"mark":"Valuation","transcribe":"Enter the date of the valuation (if one is given). In the next screen, you'll enter the valuation's dollar amounts."}},{"id":"580d6ce26164390003ec3901","status":"awaiting_transcriptions","name":"Valuation Date","created_in_workflow":"transcribe","confidence":0.3333333333333333,"data":{"value":""},"versions":[{"data":{"value":""},"votes":1,"confidence":0.3333333333333333,"instances":[{"created":"2015-12-27T17:46:38Z","user_id":"56801b613037360003e80500","duration":6.322}]}],"region":{"x":823.7505658722338,"y":578.7523163434793,"width":313.75125801980664,"height":95.00038022052786,"label":"Valuation","shape":"rectangle"},"task_key":"em_record_valuation","instructions":{"mark":"Valuation","transcribe":"Enter the date of the valuation (if one is given). In the next screen, you'll enter the valuation's dollar amounts."}},{"id":"580d6ce26164390003ed3901","status":"awaiting_transcriptions","name":"Land \u0026 Building Value","created_in_workflow":"transcribe","confidence":0.3333333333333333,"data":{"em_valuation_ground":"$40000   50000.-","em_valuation_building":"80000.   84000.-"},"versions":[{"data":{"em_valuation_ground":"$40000   50000.-","em_valuation_building":"80000.   84000.-"},"votes":1,"confidence":0.3333333333333333,"instances":[{"created":"2015-12-27T17:47:38Z","user_id":"56801b613037360003e80500","duration":59.845}]}],"region":{"x":823.7505658722338,"y":578.7523163434793,"width":313.75125801980664,"height":95.00038022052786,"label":"Valuation","shape":"rectangle"},"task_key":"em_record_valuation_ground_building","instructions":{"mark":"Valuation","transcribe":"Sometimes valuations include itemized dollar values for \"ground\" and \"building\". Enter these amounts if you can find them. In the next screen, you'll enter the total valuation."}},{"id":"580d6ce26164390003ee3901","status":"awaiting_transcriptions","name":"Total Value","created_in_workflow":"transcribe","confidence":0.3333333333333333,"data":{"value":""},"versions":[{"data":{"value":""},"votes":1,"confidence":0.3333333333333333,"instances":[{"created":"2015-12-27T17:47:40Z","user_id":"56801b613037360003e80500","duration":2.357}]}],"region":{"x":823.7505658722338,"y":578.7523163434793,"width":313.75125801980664,"height":95.00038022052786,"label":"Valuation","shape":"rectangle"},"task_key":"em_record_valuation_total","instructions":{"mark":"Valuation","transcribe":"Enter the valuation ***total*** (if one is given)"}},{"id":"580d6ce26164390003ef3901","status":"awaiting_transcriptions","name":"Land \u0026 Building Value","created_in_workflow":"transcribe","confidence":0.3333333333333333,"data":{"em_valuation_ground":"$40 000 - 50 000"},"versions":[{"data":{"em_valuation_ground":"$40 000 - 50 000"},"votes":1,"confidence":0.3333333333333333,"instances":[{"created":"2015-11-21T18:15:34Z","user_id":"5650b9003064380003e60800","duration":38.1}]},{"data":{"em_valuation_ground":"$40000 and 50000"},"votes":1,"confidence":0.3333333333333333,"instances":[{"created":"2015-12-23T00:26:38Z","user_id":"5668b33530333000032d0500","duration":14.591}]}],"region":{"x":843.8842368063367,"y":577.0796438941278,"width":269.8034598303275,"height":52.461785808557124,"label":"Valuation","shape":"rectangle"},"task_key":"em_record_valuation_ground_building","instructions":{"mark":"Valuation","transcribe":"Sometimes valuations include itemized dollar values for \"ground\" and \"building\". Enter these amounts if you can find them. In the next screen, you'll enter the total valuation."}},{"id":"580d6ce26164390003f03901","status":"awaiting_transcriptions","name":"Valuation Date","created_in_workflow":"transcribe","confidence":0.3333333333333333,"data":{"value":""},"versions":[{"data":{"value":""},"votes":1,"confidence":0.3333333333333333,"instances":[{"created":"2015-12-23T00:26:24Z","user_id":"5668b33530333000032d0500","duration":2.177}]}],"region":{"x":843.8842368063367,"y":577.0796438941278,"width":269.8034598303275,"height":52.461785808557124,"label":"Valuation","shape":"rectangle"},"task_key":"em_record_valuation","instructions":{"mark":"Valuation","transcribe":"Enter the date of the valuation (if one is given). In the next screen, you'll enter the valuation's dollar amounts."}},{"id":"580d6ce26164390003f13901","status":"awaiting_votes","name":"Land \u0026 Building Value","created_in_workflow":"verify","confidence":0.3333333333333333,"data":{"em_valuation_ground":"50000.-","em_valuation_building":"84000.-"},"versions":[{"data":{"em_valuation_ground":"50000.-","em_valuation_building":"84000.-"},"votes":1,"confidence":0.3333333333333333,"instances":[{"created":"2016-09-28T15:04:58Z","user_id":"57c49a363234370003600200","duration":4.772}]}],"region":{"x":985.1577739491879,"y":584.0543225946415,"width":131.44609068777277,"height":88.08243844234744,"label":"Valuation","shape":"rectangle"},"task_key":"em_transcribed_valuation_itemized","instructions":{"mark":"Valuation","transcribe":"Sometimes valuations include itemized dollar values for \"ground\" and \"building\". Enter these amounts if you can find them. In the next screen, you'll enter the total valuation.","verify":"Choose the best transcription or enter your own!"}},{"id":"580d6ce26164390003f23901","status":"awaiting_transcriptions","name":"Valuation Date","created_in_workflow":"transcribe","confidence":0.3333333333333333,"data":{"value":""},"versions":[{"data":{"value":""},"votes":1,"confidence":0.3333333333333333,"instances":[{"created":"2016-05-23T22:57:21Z","user_id":"563f8b7a3264340003774b00","duration":2.83}]},{"data":{"value":"November 21 1892"},"votes":1,"confidence":0.3333333333333333,"instances":[{"created":"2016-05-24T10:29:14Z","user_id":"57442c963063660003b90200","duration":37.436}]}],"region":{"x":985.1577739491879,"y":584.0543225946415,"width":131.44609068777277,"height":88.08243844234744,"label":"Valuation","shape":"rectangle"},"task_key":"em_record_valuation","instructions":{"mark":"Valuation","transcribe":"Enter the date of the valuation (if one is given). In the next screen, you'll enter the valuation's dollar amounts."}},{"id":"580d6ce26164390003f33901","status":"awaiting_transcriptions","name":"Total Value","created_in_workflow":"transcribe","confidence":0.3333333333333333,"data":{"value":""},"versions":[{"data":{"value":""},"votes":1,"confidence":0.3333333333333333,"instances":[{"created":"2016-05-23T22:57:57Z","user_id":"563f8b7a3264340003774b00","duration":3.805}]},{"data":{"value":"200000"},"votes":1,"confidence":0.3333333333333333,"instances":[{"created":"2016-05-24T06:28:31Z","user_id":"5743f45d3063660003ac0200","duration":10.045}]}],"region":{"x":985.1577739491879,"y":584.0543225946415,"width":131.44609068777277,"height":88.08243844234744,"label":"Valuation","shape":"rectangle"},"task_key":"em_record_valuation_total","instructions":{"mark":"Valuation","transcribe":"Enter the valuation ***total*** (if one is given)"}},{"id":"580d6ce26164390003f43901","status":"awaiting_votes","name":"Record Number","created_in_workflow":"verify","confidence":0.3333333333333333,"data":{"value":"3967"},"versions":[{"data":{"value":"3967"},"votes":1,"confidence":0.3333333333333333,"instances":[{"created":"2016-09-15T18:44:31Z","user_id":"57c49a363234370003600200","duration":4.487}]}],"region":{"x":738.3113069016152,"y":60.35246906804542,"width":132.77533039647574,"height":62.364218036980276,"label":"Record Number","shape":"rectangle"},"task_key":"em_transcribed_record_number","instructions":{"mark":"Record Number","transcribe":"Enter the record number","verify":"Choose the best transcription or enter your own!"}},{"id":"580d6ce26164390003f53901","status":"awaiting_votes","name":"Mortgager","created_in_workflow":"verify","confidence":0.3333333333333333,"data":{"value":"N.Y. Mothers Home \u0026 C"},"versions":[{"data":{"value":"N.Y. Mothers Home \u0026 C"},"votes":1,"confidence":0.3333333333333333,"instances":[{"created":"2016-09-19T01:23:14Z","user_id":"57c49a363234370003600200","duration":15.287}]}],"region":{"x":81.63008726062809,"y":626.3766366466269,"width":420.0582822012865,"height":48.98205926383571,"label":"Mortgager Name","shape":"rectangle"},"task_key":"em_transcribed_mortgager","instructions":{"mark":"Mortgager Name","transcribe":"Enter the mortgager's name","verify":"Choose the best transcription or enter your own!"}},{"id":"580d6ce26164390003f63901","status":"awaiting_votes","name":"Street Address","created_in_workflow":"verify","confidence":0.3333333333333333,"data":{"value":"N.s. 86 St.  225 ft W. of Ave B"},"versions":[{"data":{"value":"N.s. 86 St.  225 ft W. of Ave B"},"votes":1,"confidence":0.3333333333333333,"instances":[{"created":"2016-09-15T13:44:21Z","user_id":"57c49a363234370003600200","duration":18.365}]}],"region":{"x":211.24810997699367,"y":662.502651537892,"width":395.00158380182836,"height":63.750255147985854,"label":"Street Address","shape":"rectangle"},"task_key":"em_transcribed_address","instructions":{"mark":"Street Address","transcribe":"Enter the street address","verify":"Choose the best transcription or enter your own!"}},{"id":"580d6ce26164390003f73901","status":"awaiting_votes","name":"Record Date","created_in_workflow":"verify","confidence":0.6666666666666666,"data":{"value":"Nov 21/92"},"versions":[{"data":{"value":"Nov 21/92"},"votes":2,"confidence":0.6666666666666666,"instances":[{"created":"2016-05-23T22:45:51Z","user_id":"563f8b7a3264340003774b00","duration":4.25},{"created":"2016-09-06T14:49:07Z","user_id":"57c49a363234370003600200","duration":3.723}]}],"region":{"x":241.58809023066752,"y":589.3247194212997,"width":156.9445073381356,"height":38.79527360034865,"label":"Record Date","shape":"rectangle"},"task_key":"em_transcribed_date","instructions":{"mark":"Record Date","transcribe":"Enter the record date","verify":"Choose the best transcription or enter your own!"}},{"id":"580d6ce26164390003f83901","status":"awaiting_votes","name":"Record Date","created_in_workflow":"verify","confidence":0.3333333333333333,"data":{"value":"Oct. 28, 1901"},"versions":[{"data":{"value":"Oct. 28, 1901"},"votes":1,"confidence":0.3333333333333333,"instances":[{"created":"2016-09-28T15:05:17Z","user_id":"57c49a363234370003600200","duration":4.0}]}],"region":{"x":1012.2600606889349,"y":696.5288209133312,"width":117.89494731789921,"height":36.58808981451352,"label":"Record Date","shape":"rectangle"},"task_key":"em_transcribed_date","instructions":{"mark":"Record Date","transcribe":"Enter the record date","verify":"Choose the best transcription or enter your own!"}},{"id":"580d6ce26164390003f93901","status":"awaiting_votes","name":"Amount Loaned","created_in_workflow":"verify","confidence":0.3333333333333333,"data":{"value":"$60000."},"versions":[{"data":{"value":"$60000."},"votes":1,"confidence":0.3333333333333333,"instances":[{"created":"2016-09-28T15:05:05Z","user_id":"57c49a363234370003600200","duration":6.911}]}],"region":{"x":846.9361115764785,"y":664.0060744115415,"width":123.31540466584859,"height":46.07389087753542,"label":"Amount Loaned","shape":"rectangle"},"task_key":"em_transcribed_amount_loaned","instructions":{"mark":"Amount Loaned","transcribe":"Enter the Amount Loaned","verify":"Choose the best transcription or enter your own!"}},{"id":"580d6ce26164390003fa3901","status":"awaiting_votes","name":"Amount Loaned","created_in_workflow":"transcribe","confidence":0.2,"data":{"value":"$60 000"},"versions":[{"data":{"value":"$60 000"},"votes":1,"confidence":0.2,"instances":[{"created":"2015-11-21T18:16:06Z","user_id":"5650b9003064380003e60800","duration":24.496}]},{"data":{"value":"$60000, 20000 add'l Oct. 28, 1901"},"votes":1,"confidence":0.2,"instances":[{"created":"2015-12-23T00:27:04Z","user_id":"5668b33530333000032d0500","duration":14.08}]},{"data":{"value":"60000."},"votes":1,"confidence":0.2,"instances":[{"created":"2015-12-23T02:46:55Z","user_id":"5679ebbe6138340003650200","duration":21.842}]},{"data":{"value":"$60000. and 20000. addl"},"votes":1,"confidence":0.2,"instances":[{"created":"2016-05-23T22:52:01Z","user_id":"563f8b7a3264340003774b00","duration":46.692}]},{"data":{"value":"$60000.; 20000. - add'l"},"votes":1,"confidence":0.2,"instances":[{"created":"2016-09-06T14:54:20Z","user_id":"57c49a363234370003600200","duration":31.64}]}],"region":{"x":858.8733179080217,"y":680.5043073452836,"width":278.7969084913383,"height":50.962877642598286,"label":"Amount Loaned","shape":"rectangle"},"task_key":"em_record_amount_loaned","instructions":{"mark":"Amount Loaned","transcribe":"Enter the Amount Loaned"}},{"id":"580d6ce26164390003fb3901","status":"awaiting_votes","name":"Amount Loaned","created_in_workflow":"verify","confidence":0.3333333333333333,"data":{"value":"20000"},"versions":[{"data":{"value":"20000"},"votes":1,"confidence":0.3333333333333333,"instances":[{"created":"2016-09-28T15:05:13Z","user_id":"57c49a363234370003600200","duration":8.385}]}],"region":{"x":863.1974836203267,"y":697.8839353509057,"width":146.3523483946335,"height":32.52274650178981,"label":"Amount Loaned","shape":"rectangle"},"task_key":"em_transcribed_amount_loaned","instructions":{"mark":"Amount Loaned","transcribe":"Enter the Amount Loaned","verify":"Choose the best transcription or enter your own!"}}]}],"export_document":{"name":"Record","export_fields":[{"name":"Mortgager","value":"N. Y. Mothers Home \u0026e","original_value":{"value":"N. Y. Mothers Home \u0026e"},"assertion_ids":["580d6ce26164390003e33901"]},{"name":"Street Address","value":"225","original_value":{"value":"225"},"assertion_ids":["580d6ce26164390003e53901"]},{"name":"Record Date","value":"1892-11-21T00:00:00Z","original_value":{"value":"Nov 21/92"},"assertion_ids":["580d6ce26164390003f73901"]},{"name":"Land \u0026 Building Dimensions","value":{"em_survey_land_dimensions":[]},"original_value":{"em_survey_land_dimensions":""},"assertion_ids":["580d6ce26164390003e63901"]},{"name":"Amount Loaned","value":60000.0,"original_value":{"value":"$60000."},"assertion_ids":["580d6ce26164390003f93901"]},{"name":"Stories \u0026 Materials","value":{"em_record_material":"Br"},"original_value":{"em_record_material":"Br"},"assertion_ids":["580d6ce26164390003e73901"]},{"name":"Valuation","value":null,"original_value":null,"assertion_ids":null},{"name":"Valuation","value":null,"original_value":null,"assertion_ids":null},{"name":"Record Number","value":3967,"original_value":{"value":"3967"},"assertion_ids":["580d6ce26164390003f43901"]},{"name":"Additional Info","value":"Hospital bldg.","original_value":{"value":"Hospital bldg."},"assertion_ids":["580d6ce26164390003e83901"]}]}}