{"id":"56b10a4f7061755afb8dc800","meta_data":{"capture_uuid":"13616790-02e7-0133-9b92-58d385a7bbd0","page_uri":"http://digitalcollections.nypl.org/items/13616790-02e7-0133-9b92-58d385a7bbd0","book_uri":"http://digitalcollections.nypl.org/items/109c0900-02e7-0133-03cf-58d385a7bbd0","source_rotated":"0.867204","source_x":"0","source_y":"0","source_w":"1372.7","source_h":"887.04"},"type":"final_subject_set","search_terms_by_field":{"Record Number":["3982"],"Mortgager":["Mary Ann Requa"],"Street Address":["65 W 52d St"],"Land \u0026 Building Dimensions":["20 x 100.4","20 x 55"],"Stories \u0026 Materials":["4","br"],"Record Date":["Dec 27/92"],"Land \u0026 Building Value":["25000.","14000."],"Valuation Date":["Dec 27/92"],"Total Value":["$44,000"],"Amount Loaned":["$22000"]},"subjects":[{"id":"580db50e61643900030d8a03","type":"root","location":{"standard":"https://s3.amazonaws.com/scribe.nypl.org/emigrant-s4/full/13616790-02e7-0133-9b92-58d385a7bbd0.left-top.jpg","thumbnail":"https://s3.amazonaws.com/scribe.nypl.org/emigrant-s4/thumb/13616790-02e7-0133-9b92-58d385a7bbd0.left-top.jpg"},"status":"retired","width":1372,"height":887,"meta_data":{"capture_uuid":"13616790-02e7-0133-9b92-58d385a7bbd0","page_uri":"http://digitalcollections.nypl.org/items/13616790-02e7-0133-9b92-58d385a7bbd0","book_uri":"http://digitalcollections.nypl.org/items/109c0900-02e7-0133-03cf-58d385a7bbd0","source_rotated":"0.867204","source_x":"0","source_y":"0","source_w":"1372.7","source_h":"887.04"},"assertions":[{"id":"580db50e61643900030e8a03","status":"complete","name":"Record Number","created_in_workflow":"transcribe","confidence":1.0,"data":{"value":"3982"},"versions":[{"data":{"value":"3982"},"votes":3,"confidence":1.0,"instances":[{"created":"2015-11-14T07:09:04Z","user_id":"5646b1e43861340003da0900","duration":7.324},{"created":"2015-11-14T21:24:50Z","user_id":"564618af6363350003da0c00","duration":4.103},{"created":"2015-11-14T21:34:02Z","user_id":"5647496e3562310003960400","duration":6.679}]}],"region":{"x":339.9366094790689,"y":91.10510683146498,"width":591.5033652899521,"height":80.2268851202453,"label":"Record Number","shape":"rectangle"},"task_key":"em_record_number","instructions":{"mark":"Record Number","transcribe":"Enter the record number"}},{"id":"580db50e61643900030f8a03","status":"complete","name":"Mortgager","created_in_workflow":"transcribe","confidence":1.0,"data":{"value":"Mary Ann Requa"},"versions":[{"data":{"value":"Mary Ann Requa"},"votes":3,"confidence":1.0,"instances":[{"created":"2015-11-14T07:11:06Z","user_id":"5646b1e43861340003da0900","duration":37.042},{"created":"2015-11-14T21:26:37Z","user_id":"564618af6363350003da0c00","duration":20.798},{"created":"2015-11-14T21:36:44Z","user_id":"5647496e3562310003960400","duration":12.071}]}],"region":{"x":78.8592620407452,"y":677.1693015234267,"width":447.36691305837763,"height":43.512886844878764,"label":"Mortgager Name","shape":"rectangle"},"task_key":"em_record_mortgager","instructions":{"mark":"Mortgager Name","transcribe":"Enter the mortgager's name"}},{"id":"580db50e6164390003108a03","status":"complete","name":"Street Address","created_in_workflow":"verify","confidence":1.0,"data":{"value":"65 W 52d St"},"versions":[{"data":{"value":"65 W 52d St"},"votes":2,"confidence":0.6666666666666666,"instances":[{"created":"2016-04-23T12:00:16Z","user_id":"563f8b7a3264340003774b00","duration":17.219},{"created":"2016-04-26T02:08:16Z","user_id":"571edc6266633800033b0000","duration":11.018}]},{"data":{"value":"65 W 52nd St"},"votes":1,"confidence":0.3333333333333333,"instances":[{"created":"2016-04-25T23:26:39Z","user_id":"571ea1136663350003330400","duration":14.641}]}],"region":{"x":85.65815129695156,"y":724.7615215100125,"width":437.8484680996887,"height":31.274887419756624,"label":"Street Address","shape":"rectangle"},"task_key":"em_transcribed_address","instructions":{"mark":"Street Address","transcribe":"Enter the street address","verify":"Choose the best transcription or enter your own!"}},{"id":"580db50e6164390003118a03","status":"awaiting_votes","name":"Land \u0026 Building Dimensions","created_in_workflow":"verify","confidence":0.3333333333333333,"data":{"em_survey_land_dimensions":"20 x 100.4","em_survey_building_dimensions":"20 x 55"},"versions":[{"data":{"em_survey_land_dimensions":"20 x 100.4","em_survey_building_dimensions":"20 x 55"},"votes":1,"confidence":0.3333333333333333,"instances":[{"created":"2016-09-12T02:08:43Z","user_id":"57c49a363234370003600200","duration":37.293}]}],"region":{"x":84.2983734457103,"y":770.9939637826961,"width":558.8686968601617,"height":69.34866340902568,"label":"Dimension \u0026 Description","shape":"rectangle"},"task_key":"em_transcribed_survey","instructions":{"mark":"Dimension \u0026 Description","transcribe":"Enter, as they appear, any land and building dimensions that were recorded. In the next screen, you'll enter the descriptive information.","verify":"Choose the best transcription or enter your own!"}},{"id":"580db50e6164390003128a03","status":"awaiting_votes","name":"Stories \u0026 Materials","created_in_workflow":"verify","confidence":0.3333333333333333,"data":{"em_record_stories":"4","em_record_material":"br"},"versions":[{"data":{"em_record_stories":"4","em_record_material":"br"},"votes":1,"confidence":0.3333333333333333,"instances":[{"created":"2016-10-02T23:54:23Z","user_id":"57c49a363234370003600200","duration":2.813}]}],"region":{"x":84.2983734457103,"y":770.9939637826961,"width":558.8686968601617,"height":69.34866340902568,"label":"Dimension \u0026 Description","shape":"rectangle"},"task_key":"em_transcribed_stories_materials","instructions":{"mark":"Dimension \u0026 Description","transcribe":"Enter, as they appear, the number of stories and the building materials.","verify":"Choose the best transcription or enter your own!"}},{"id":"580db50e6164390003138a03","status":"complete","name":"Record Date","created_in_workflow":"verify","confidence":1.0,"data":{"value":"Dec 27/92"},"versions":[{"data":{"value":"Dec 27/92"},"votes":8,"confidence":0.5714285714285714,"instances":[{"created":"2016-04-26T14:11:22Z","user_id":"571f721e6663380003670100","duration":24.128},{"created":"2016-04-26T16:16:41Z","user_id":"571edc6266633800033b0000","duration":12.586},{"created":"2016-04-27T05:49:00Z","user_id":"572051683431360003050000","duration":27.009},{"created":"2016-04-27T19:29:24Z","user_id":"572112533431360003410000","duration":19.434},{"created":"2016-04-27T21:21:13Z","user_id":"57212c093431360003640000","duration":42.628},{"created":"2016-04-28T00:19:30Z","user_id":"5712af436365650003140000","duration":10.28},{"created":"2016-04-28T00:26:06Z","user_id":"572157c134313600038c0100","duration":17.263},{"created":"2016-04-28T01:22:53Z","user_id":"5721639b3431360003420200","duration":12.973}]},{"data":{"value":"1892 December 27"},"votes":3,"confidence":0.21428571428571427,"instances":[{"created":"2015-11-14T16:38:39Z","user_id":"563f8b7a3264340003774b00","duration":5.132},{"created":"2015-11-14T16:45:35Z","user_id":"564764f03861340003081300","duration":19.814},{"created":"2016-04-27T21:16:12Z","user_id":"57212bdb3431360003630000","duration":0.839}]},{"data":{"value":"Dec 27, 92"},"votes":2,"confidence":0.14285714285714285,"instances":[{"created":"2016-04-26T22:14:07Z","user_id":"571fe5046663380003e60200","duration":45.147},{"created":"2016-04-27T21:17:13Z","user_id":"57212b913431360003610000","duration":12.688}]},{"data":{"value":"Dec. 27/92"},"votes":1,"confidence":0.07142857142857142,"instances":[{"created":"2015-11-14T14:28:39Z","user_id":"56473fb33562310003650400","duration":9.241}]}],"region":{"x":73.42015063578015,"y":636.3759701063524,"width":440.5680238021712,"height":47.5922199865862,"label":"Record Date","shape":"rectangle"},"task_key":"em_transcribed_date","instructions":{"mark":"Record Date","transcribe":"Enter the record date","verify":"Choose the best transcription or enter your own!"}},{"id":"580db50e6164390003148a03","status":"awaiting_votes","name":"Land \u0026 Building Value","created_in_workflow":"transcribe","confidence":0.3333333333333333,"data":{"em_valuation_ground":"25000.","em_valuation_building":"14000."},"versions":[{"data":{"em_valuation_ground":"25000.","em_valuation_building":"14000."},"votes":2,"confidence":0.3333333333333333,"instances":[{"created":"2016-09-20T11:39:40Z","user_id":"57de76143236610003ed0100","duration":23.867},{"created":"2016-09-27T23:24:15Z","user_id":"57eafeb838386100038b0000","duration":3.92}]},{"data":{"em_valuation_ground":"25000","em_valuation_building":"14000"},"votes":1,"confidence":0.16666666666666666,"instances":[{"created":"2015-11-14T21:26:04Z","user_id":"564618af6363350003da0c00","duration":9.637}]},{"data":{"em_valuation_ground":"$25,000","em_valuation_building":"$19,000"},"votes":1,"confidence":0.16666666666666666,"instances":[{"created":"2015-11-14T23:00:47Z","user_id":"5647b59a3562310003240c00","duration":15.641}]},{"data":{"em_valuation_ground":"25000.","em_valuation_building":"19000."},"votes":1,"confidence":0.16666666666666666,"instances":[{"created":"2016-09-20T15:36:06Z","user_id":"57c49a363234370003600200","duration":10.51}]},{"data":{"em_valuation_ground":"%25,000","em_valuation_building":"$14,000"},"votes":1,"confidence":0.16666666666666666,"instances":[{"created":"2016-09-27T18:14:20Z","user_id":"57eab30e35396300039a0200","duration":12.316}]}],"region":{"x":682.6006279918687,"y":607.8206381144007,"width":356.26179702521256,"height":103.34310625658713,"label":"Valuation","shape":"rectangle"},"task_key":"em_record_valuation_ground_building","instructions":{"mark":"Valuation","transcribe":"Sometimes valuations include itemized dollar values for \"ground\" and \"building\". Enter these amounts if you can find them. In the next screen, you'll enter the total valuation."}},{"id":"580db50e6164390003158a03","status":"awaiting_votes","name":"Valuation Date","created_in_workflow":"transcribe","confidence":0.6666666666666666,"data":{"value":"Dec 27/92"},"versions":[{"data":{"value":"Dec 27/92"},"votes":2,"confidence":0.6666666666666666,"instances":[{"created":"2015-11-14T23:00:32Z","user_id":"5647b59a3562310003240c00","duration":19.347},{"created":"2016-09-20T15:35:56Z","user_id":"57c49a363234370003600200","duration":12.974}]},{"data":{"value":""},"votes":1,"confidence":0.3333333333333333,"instances":[{"created":"2016-09-27T23:24:10Z","user_id":"57eafeb838386100038b0000","duration":1.844}]}],"region":{"x":682.6006279918687,"y":607.8206381144007,"width":356.26179702521256,"height":103.34310625658713,"label":"Valuation","shape":"rectangle"},"task_key":"em_record_valuation","instructions":{"mark":"Valuation","transcribe":"Enter the date of the valuation (if one is given). In the next screen, you'll enter the valuation's dollar amounts."}},{"id":"580db50e6164390003168a03","status":"awaiting_votes","name":"Total Value","created_in_workflow":"transcribe","confidence":0.3333333333333333,"data":{"value":"$44,000"},"versions":[{"data":{"value":"$44,000"},"votes":1,"confidence":0.3333333333333333,"instances":[{"created":"2015-11-14T23:01:12Z","user_id":"5647b59a3562310003240c00","duration":25.033}]},{"data":{"value":" "},"votes":1,"confidence":0.3333333333333333,"instances":[{"created":"2016-09-20T15:36:09Z","user_id":"57c49a363234370003600200","duration":2.551}]},{"data":{"value":""},"votes":1,"confidence":0.3333333333333333,"instances":[{"created":"2016-09-27T23:24:16Z","user_id":"57eafeb838386100038b0000","duration":1.582}]}],"region":{"x":682.6006279918687,"y":607.8206381144007,"width":356.26179702521256,"height":103.34310625658713,"label":"Valuation","shape":"rectangle"},"task_key":"em_record_valuation_total","instructions":{"mark":"Valuation","transcribe":"Enter the valuation ***total*** (if one is given)"}},{"id":"580db50e6164390003178a03","status":"complete","name":"Amount Loaned","created_in_workflow":"verify","confidence":1.0,"data":{"value":"$22000"},"versions":[{"data":{"value":"$22000"},"votes":2,"confidence":0.6666666666666666,"instances":[{"created":"2016-04-23T12:42:15Z","user_id":"563f8b7a3264340003774b00","duration":10.985},{"created":"2016-04-27T22:10:54Z","user_id":"57212b913431360003610000","duration":2.754}]},{"data":{"value":"$22000."},"votes":1,"confidence":0.3333333333333333,"instances":[{"created":"2016-04-26T16:38:34Z","user_id":"571edc6266633800033b0000","duration":5.741}]}],"region":{"x":688.0397393968339,"y":720.6821883683051,"width":334.50535140535214,"height":38.07377598926894,"label":"Amount Loaned","shape":"rectangle"},"task_key":"em_transcribed_amount_loaned","instructions":{"mark":"Amount Loaned","transcribe":"Enter the Amount Loaned","verify":"Choose the best transcription or enter your own!"}}]}],"export_document":{"name":"Record","export_fields":[{"name":"Mortgager","value":"Mary Ann Requa","original_value":{"value":"Mary Ann Requa"},"assertion_ids":["580db50e61643900030f8a03"]},{"name":"Street Address","value":"65 W 52d St","original_value":{"value":"65 W 52d St"},"assertion_ids":["580db50e6164390003108a03"]},{"name":"Record Date","value":"1892-12-27T00:00:00Z","original_value":{"value":"Dec 27/92"},"assertion_ids":["580db50e6164390003138a03"]},{"name":"Land \u0026 Building Dimensions","value":{"em_survey_land_dimensions":[20,100.33333333333333],"em_survey_building_dimensions":[20,55]},"original_value":{"em_survey_land_dimensions":"20 x 100.4","em_survey_building_dimensions":"20 x 55"},"assertion_ids":["580db50e6164390003118a03"]},{"name":"Amount Loaned","value":22000.0,"original_value":{"value":"$22000"},"assertion_ids":["580db50e6164390003178a03"]},{"name":"Stories \u0026 Materials","value":{"em_record_stories":4,"em_record_material":"br"},"original_value":{"em_record_stories":"4","em_record_material":"br"},"assertion_ids":["580db50e6164390003128a03"]},{"name":"Valuation","value":null,"original_value":null,"assertion_ids":null},{"name":"Record Number","value":3982,"original_value":{"value":"3982"},"assertion_ids":["580db50e61643900030e8a03"]}]}}