{"id":"56b109ed7061755afb04c100","meta_data":{"capture_uuid":"121557d0-02e7-0133-f9cf-58d385a7bbd0","page_uri":"http://digitalcollections.nypl.org/items/121557d0-02e7-0133-f9cf-58d385a7bbd0","book_uri":"http://digitalcollections.nypl.org/items/109c0900-02e7-0133-03cf-58d385a7bbd0","source_rotated":"0.447614","source_x":"0","source_y":"0","source_w":"1365.28","source_h":"879.8399999999999"},"type":"final_subject_set","search_terms_by_field":{"Land \u0026 Building Value":["$55000","$15000"],"Valuation Date":[],"Total Value":[],"Record Number":["3846"],"Mortgager":["John G. W. Geldmann"],"Street Address":["N.W.Cor. 93 St \u0026 Park Ave"],"Land \u0026 Building Dimensions":["see diagram","50 x 68"],"Stories \u0026 Materials":["5","double brick"],"Additional Info":[],"Record Date":["Jany 11/92"],"Amount Loaned":["$35000"]},"subjects":[{"id":"580d6c6e6164390003e13501","type":"root","location":{"standard":"https://s3.amazonaws.com/scribe.nypl.org/emigrant-s4/full/121557d0-02e7-0133-f9cf-58d385a7bbd0.left-top.jpg","thumbnail":"https://s3.amazonaws.com/scribe.nypl.org/emigrant-s4/thumb/121557d0-02e7-0133-f9cf-58d385a7bbd0.left-top.jpg"},"status":"retired","width":1365,"height":879,"meta_data":{"capture_uuid":"121557d0-02e7-0133-f9cf-58d385a7bbd0","page_uri":"http://digitalcollections.nypl.org/items/121557d0-02e7-0133-f9cf-58d385a7bbd0","book_uri":"http://digitalcollections.nypl.org/items/109c0900-02e7-0133-03cf-58d385a7bbd0","source_rotated":"0.447614","source_x":"0","source_y":"0","source_w":"1365.28","source_h":"879.8399999999999"},"assertions":[{"id":"580d6c6e6164390003e23501","status":"awaiting_votes","name":"Land \u0026 Building Value","created_in_workflow":"verify","confidence":0.3333333333333333,"data":{"em_valuation_ground":"$55000","em_valuation_building":"$15000"},"versions":[{"data":{"em_valuation_ground":"$55000","em_valuation_building":"$15000"},"votes":1,"confidence":0.3333333333333333,"instances":[{"created":"2016-09-24T14:27:08Z","user_id":"57c49a363234370003600200","duration":5.698}]}],"region":{"x":786.6845313283343,"y":631.262337275694,"width":224.62473220786796,"height":94.54057718374827,"label":"Valuation","shape":"rectangle"},"task_key":"em_transcribed_valuation_itemized","instructions":{"mark":"Valuation","transcribe":"Sometimes valuations include itemized dollar values for \"ground\" and \"building\". Enter these amounts if you can find them. In the next screen, you'll enter the total valuation.","verify":"Choose the best transcription or enter your own!"}},{"id":"580d6c6e6164390003e33501","status":"awaiting_transcriptions","name":"Valuation Date","created_in_workflow":"transcribe","confidence":0.3333333333333333,"data":{"value":""},"versions":[{"data":{"value":""},"votes":1,"confidence":0.3333333333333333,"instances":[{"created":"2016-02-18T15:07:41Z","user_id":"56c5cd196366320003440600","duration":12.715}]},{"data":{"value":"January 1897"},"votes":1,"confidence":0.3333333333333333,"instances":[{"created":"2016-02-19T10:09:53Z","user_id":"56c6e9496533330003f40100","duration":26.692}]}],"region":{"x":786.6845313283343,"y":631.262337275694,"width":224.62473220786796,"height":94.54057718374827,"label":"Valuation","shape":"rectangle"},"task_key":"em_record_valuation","instructions":{"mark":"Valuation","transcribe":"Enter the date of the valuation (if one is given). In the next screen, you'll enter the valuation's dollar amounts."}},{"id":"580d6c6e6164390003e43501","status":"awaiting_transcriptions","name":"Total Value","created_in_workflow":"transcribe","confidence":0.6666666666666666,"data":{"value":""},"versions":[{"data":{"value":""},"votes":2,"confidence":0.6666666666666666,"instances":[{"created":"2016-02-18T05:44:57Z","user_id":"56c557ad6366320003d10100","duration":0.792},{"created":"2016-02-18T15:07:55Z","user_id":"56c5cd196366320003440600","duration":3.187}]}],"region":{"x":786.6845313283343,"y":631.262337275694,"width":224.62473220786796,"height":94.54057718374827,"label":"Valuation","shape":"rectangle"},"task_key":"em_record_valuation_total","instructions":{"mark":"Valuation","transcribe":"Enter the valuation ***total*** (if one is given)"}},{"id":"580d6c6e6164390003e53501","status":"complete","name":"Record Number","created_in_workflow":"transcribe","confidence":1.0,"data":{"value":"3846"},"versions":[{"data":{"value":"3846"},"votes":3,"confidence":1.0,"instances":[{"created":"2016-02-18T02:50:00Z","user_id":"563f8b7a3264340003774b00","duration":8.452},{"created":"2016-02-18T15:06:18Z","user_id":"56c5cd196366320003440600","duration":14.14},{"created":"2016-02-18T21:51:48Z","user_id":"56c637ea6366320003020800","duration":10.195}]}],"region":{"x":732.0061425672085,"y":100.94878713560603,"width":161.0795777016948,"height":93.06338066525221,"label":"Record Number","shape":"rectangle"},"task_key":"em_record_number","instructions":{"mark":"Record Number","transcribe":"Enter the record number"}},{"id":"580d6c6e6164390003e63501","status":"awaiting_votes","name":"Mortgager","created_in_workflow":"transcribe","confidence":0.25,"data":{"value":"John G. W. Geldmann"},"versions":[{"data":{"value":"John G. W. Geldmann"},"votes":1,"confidence":0.25,"instances":[{"created":"2016-02-18T05:45:08Z","user_id":"56c557ad6366320003d10100","duration":11.183}]},{"data":{"value":"Pro G. W. Feldmann"},"votes":1,"confidence":0.25,"instances":[{"created":"2016-02-18T15:08:17Z","user_id":"56c5cd196366320003440600","duration":22.433}]},{"data":{"value":"Jro G. W. Feldmann"},"votes":1,"confidence":0.25,"instances":[{"created":"2016-02-19T08:51:13Z","user_id":"56c6d5ad6533330003060100","duration":117.168}]},{"data":{"value":"Jno. G. W. Feldmann"},"votes":1,"confidence":0.25,"instances":[{"created":"2016-09-24T03:04:14Z","user_id":"57c49a363234370003600200","duration":23.144}]}],"region":{"x":168.96651775669736,"y":674.1010363120799,"width":328.0703325667546,"height":73.85982592480332,"label":"Mortgager Name","shape":"rectangle"},"task_key":"em_record_mortgager","instructions":{"mark":"Mortgager Name","transcribe":"Enter the mortgager's name"}},{"id":"580d6c6e6164390003e73501","status":"awaiting_votes","name":"Street Address","created_in_workflow":"verify","confidence":0.3333333333333333,"data":{"value":"N.W.Cor. 93 St \u0026 Park Ave"},"versions":[{"data":{"value":"N.W.Cor. 93 St \u0026 Park Ave"},"votes":1,"confidence":0.3333333333333333,"instances":[{"created":"2016-09-24T14:27:15Z","user_id":"57c49a363234370003600200","duration":7.807}]}],"region":{"x":202.9557864460458,"y":709.5537527559856,"width":378.31533845535654,"height":76.8142189617954,"label":"Street Address","shape":"rectangle"},"task_key":"em_transcribed_address","instructions":{"mark":"Street Address","transcribe":"Enter the street address","verify":"Choose the best transcription or enter your own!"}},{"id":"580d6c6e6164390003e83501","status":"awaiting_votes","name":"Land \u0026 Building Dimensions","created_in_workflow":"verify","confidence":0.3333333333333333,"data":{"em_survey_land_dimensions":"see diagram","em_survey_building_dimensions":"50 x 68"},"versions":[{"data":{"em_survey_land_dimensions":"see diagram","em_survey_building_dimensions":"50 x 68"},"votes":1,"confidence":0.3333333333333333,"instances":[{"created":"2016-09-24T14:27:33Z","user_id":"57c49a363234370003600200","duration":6.07}]}],"region":{"x":229.55608368118806,"y":774.5503995698125,"width":419.69357859891124,"height":75.33702244329936,"label":"Dimension \u0026 Description","shape":"rectangle"},"task_key":"em_transcribed_survey","instructions":{"mark":"Dimension \u0026 Description","transcribe":"Enter, as they appear, any land and building dimensions that were recorded. In the next screen, you'll enter the descriptive information.","verify":"Choose the best transcription or enter your own!"}},{"id":"580d6c6e6164390003e93501","status":"awaiting_votes","name":"Stories \u0026 Materials","created_in_workflow":"verify","confidence":0.3333333333333333,"data":{"em_record_stories":"5","em_record_material":"double brick"},"versions":[{"data":{"em_record_stories":"5","em_record_material":"double brick"},"votes":1,"confidence":0.3333333333333333,"instances":[{"created":"2016-09-24T14:43:35Z","user_id":"57c49a363234370003600200","duration":6.964}]}],"region":{"x":229.55608368118806,"y":774.5503995698125,"width":419.69357859891124,"height":75.33702244329936,"label":"Dimension \u0026 Description","shape":"rectangle"},"task_key":"em_transcribed_stories_materials","instructions":{"mark":"Dimension \u0026 Description","transcribe":"Enter, as they appear, the number of stories and the building materials.","verify":"Choose the best transcription or enter your own!"}},{"id":"580d6c6e6164390003ea3501","status":"awaiting_transcriptions","name":"Additional Info","created_in_workflow":"transcribe","confidence":0.3333333333333333,"data":{"value":""},"versions":[{"data":{"value":""},"votes":1,"confidence":0.3333333333333333,"instances":[{"created":"2016-02-18T05:45:39Z","user_id":"56c557ad6366320003d10100","duration":0.896}]}],"region":{"x":229.55608368118806,"y":774.5503995698125,"width":419.69357859891124,"height":75.33702244329936,"label":"Dimension \u0026 Description","shape":"rectangle"},"task_key":"em_record_survey_additional_info","instructions":{"mark":"Dimension \u0026 Description","transcribe":"Enter any additional information you find about the building's construction or significance."}},{"id":"580d6c6e6164390003eb3501","status":"complete","name":"Record Date","created_in_workflow":"transcribe","confidence":1.0,"data":{"value":"Jany 11/92"},"versions":[{"data":{"value":"Jany 11/92"},"votes":3,"confidence":1.0,"instances":[{"created":"2016-02-18T02:55:10Z","user_id":"563f8b7a3264340003774b00","duration":14.523},{"created":"2016-02-18T15:06:58Z","user_id":"56c5cd196366320003440600","duration":13.946},{"created":"2016-02-19T08:46:05Z","user_id":"56c6d5ad6533330003060100","duration":14.102}]}],"region":{"x":223.64490651782313,"y":616.4903720907333,"width":212.80237788113806,"height":84.20020155427574,"label":"Record Date","shape":"rectangle"},"task_key":"em_record_date","instructions":{"mark":"Record Date","transcribe":"Enter the record date"}},{"id":"580d6c6e6164390003ec3501","status":"complete","name":"Amount Loaned","created_in_workflow":"transcribe","confidence":1.0,"data":{"value":"$35000"},"versions":[{"data":{"value":"$35000"},"votes":3,"confidence":1.0,"instances":[{"created":"2016-02-18T05:45:23Z","user_id":"56c557ad6366320003d10100","duration":4.972},{"created":"2016-02-18T15:09:02Z","user_id":"56c5cd196366320003440600","duration":6.315},{"created":"2016-02-19T10:29:34Z","user_id":"56c6d5ad6533330003060100","duration":442.943}]}],"region":{"x":844.3185086711425,"y":718.4169318669619,"width":146.30163479328246,"height":56.13346770285057,"label":"Amount Loaned","shape":"rectangle"},"task_key":"em_record_amount_loaned","instructions":{"mark":"Amount Loaned","transcribe":"Enter the Amount Loaned"}}]}],"export_document":{"name":"Record","export_fields":[{"name":"Mortgager","value":"John G. W. Geldmann","original_value":{"value":"John G. W. Geldmann"},"assertion_ids":["580d6c6e6164390003e63501"]},{"name":"Street Address","value":"N.W.Cor. 93 St \u0026 Park Ave","original_value":{"value":"N.W.Cor. 93 St \u0026 Park Ave"},"assertion_ids":["580d6c6e6164390003e73501"]},{"name":"Record Date","value":"1892-01-11T00:00:00Z","original_value":{"value":"Jany 11/92"},"assertion_ids":["580d6c6e6164390003eb3501"]},{"name":"Land \u0026 Building Dimensions","value":{"em_survey_land_dimensions":[0],"em_survey_building_dimensions":[50,68]},"original_value":{"em_survey_land_dimensions":"see diagram","em_survey_building_dimensions":"50 x 68"},"assertion_ids":["580d6c6e6164390003e83501"]},{"name":"Amount Loaned","value":35000.0,"original_value":{"value":"$35000"},"assertion_ids":["580d6c6e6164390003ec3501"]},{"name":"Stories \u0026 Materials","value":{"em_record_stories":5,"em_record_material":"double brick"},"original_value":{"em_record_stories":"5","em_record_material":"double brick"},"assertion_ids":["580d6c6e6164390003e93501"]},{"name":"Valuation","value":null,"original_value":null,"assertion_ids":null},{"name":"Record Number","value":3846,"original_value":{"value":"3846"},"assertion_ids":["580d6c6e6164390003e53501"]},{"name":"Additional Info","value":"","original_value":{"value":""},"assertion_ids":["580d6c6e6164390003ea3501"]}]}}