{"id":"56b10a5a7061755afb63c900","meta_data":{"capture_uuid":"138802f0-02e7-0133-310f-58d385a7bbd0","page_uri":"http://digitalcollections.nypl.org/items/138802f0-02e7-0133-310f-58d385a7bbd0","book_uri":"http://digitalcollections.nypl.org/items/109c0900-02e7-0133-03cf-58d385a7bbd0","source_rotated":"0.587485","source_x":"0","source_y":"884.54","source_w":"1367.4","source_h":"997.46"},"type":"final_subject_set","search_terms_by_field":{"Land \u0026 Building Dimensions":["200 x 200","65 x 140  36 x 53"],"Stories \u0026 Materials":["Br"],"Additional Info":["Ch.  - Rectory"],"Land \u0026 Building Value":["35,000","125,000"],"Valuation Date":["Feby 6/93"],"Total Value":[],"Record Number":["3999"],"Mortgager":["Rt Rev Chas E McDonnell"],"Street Address":["Madison St. \u0026 Putnam Ave. BK."],"Record Date":["Feby 6/93"],"Amount Loaned":["$80000."]},"subjects":[{"id":"580d6d0861643900034c3b01","type":"root","location":{"standard":"https://s3.amazonaws.com/scribe.nypl.org/emigrant-s4/full/138802f0-02e7-0133-310f-58d385a7bbd0.left-bottom.jpg","thumbnail":"https://s3.amazonaws.com/scribe.nypl.org/emigrant-s4/thumb/138802f0-02e7-0133-310f-58d385a7bbd0.left-bottom.jpg"},"status":"retired","width":1367,"height":997,"meta_data":{"capture_uuid":"138802f0-02e7-0133-310f-58d385a7bbd0","page_uri":"http://digitalcollections.nypl.org/items/138802f0-02e7-0133-310f-58d385a7bbd0","book_uri":"http://digitalcollections.nypl.org/items/109c0900-02e7-0133-03cf-58d385a7bbd0","source_rotated":"0.587485","source_x":"0","source_y":"884.54","source_w":"1367.4","source_h":"997.46"},"assertions":[{"id":"580d6d0861643900034d3b01","status":"awaiting_transcriptions","name":"Land \u0026 Building Dimensions","created_in_workflow":"transcribe","confidence":0.3333333333333333,"data":{"em_survey_land_dimensions":"200 x 200","em_survey_building_dimensions":"65 x 140  36 x 53"},"versions":[{"data":{"em_survey_land_dimensions":"200 x 200","em_survey_building_dimensions":"65 x 140  36 x 53"},"votes":1,"confidence":0.3333333333333333,"instances":[{"created":"2016-01-01T17:59:13Z","user_id":"5686b3c83734300003f60100","duration":27.263}]}],"region":{"x":86.71021616548015,"y":705.5642839042595,"width":560.0416760081005,"height":120.53389850031101,"label":"Dimension \u0026 Description","shape":"rectangle"},"task_key":"em_record_survey","instructions":{"mark":"Dimension \u0026 Description","transcribe":"Enter, as they appear, any land and building dimensions that were recorded. In the next screen, you'll enter the descriptive information."}},{"id":"580d6d0861643900034e3b01","status":"awaiting_transcriptions","name":"Stories \u0026 Materials","created_in_workflow":"transcribe","confidence":0.3333333333333333,"data":{"em_record_stories":"","em_record_material":"Br"},"versions":[{"data":{"em_record_stories":"","em_record_material":"Br"},"votes":1,"confidence":0.3333333333333333,"instances":[{"created":"2016-01-01T17:59:31Z","user_id":"5686b3c83734300003f60100","duration":17.846}]}],"region":{"x":86.71021616548015,"y":705.5642839042595,"width":560.0416760081005,"height":120.53389850031101,"label":"Dimension \u0026 Description","shape":"rectangle"},"task_key":"em_record_survey_stories_materials","instructions":{"mark":"Dimension \u0026 Description","transcribe":"Enter, as they appear, the number of stories and the building materials."}},{"id":"580d6d0861643900034f3b01","status":"awaiting_transcriptions","name":"Additional Info","created_in_workflow":"transcribe","confidence":0.3333333333333333,"data":{"value":"Ch.  - Rectory"},"versions":[{"data":{"value":"Ch.  - Rectory"},"votes":1,"confidence":0.3333333333333333,"instances":[{"created":"2016-01-01T17:59:46Z","user_id":"5686b3c83734300003f60100","duration":14.984}]}],"region":{"x":86.71021616548015,"y":705.5642839042595,"width":560.0416760081005,"height":120.53389850031101,"label":"Dimension \u0026 Description","shape":"rectangle"},"task_key":"em_record_survey_additional_info","instructions":{"mark":"Dimension \u0026 Description","transcribe":"Enter any additional information you find about the building's construction or significance."}},{"id":"580d6d086164390003503b01","status":"awaiting_votes","name":"Land \u0026 Building Value","created_in_workflow":"transcribe","confidence":0.25,"data":{"em_valuation_ground":"35,000","em_valuation_building":"125,000"},"versions":[{"data":{"em_valuation_ground":"35,000","em_valuation_building":"125,000"},"votes":1,"confidence":0.25,"instances":[{"created":"2016-02-17T04:07:30Z","user_id":"56c3efc66139320003cb0000","duration":10.575}]},{"data":{"em_valuation_ground":"35000","em_valuation_building":"125000"},"votes":1,"confidence":0.25,"instances":[{"created":"2016-02-17T04:26:31Z","user_id":"56c3f5d33739310003990100","duration":14.678}]},{"data":{"em_valuation_ground":"$35,000","em_valuation_building":"$125,000"},"votes":1,"confidence":0.25,"instances":[{"created":"2016-02-17T10:37:32Z","user_id":"56c445ca3061620003470000","duration":15.229}]},{"data":{"em_valuation_ground":"$35000.","em_valuation_building":"125000."},"votes":1,"confidence":0.25,"instances":[{"created":"2016-09-24T02:26:33Z","user_id":"57c49a363234370003600200","duration":20.123}]}],"region":{"x":836.1898841285195,"y":555.4224777567212,"width":229.54727887670379,"height":120.92223685478439,"label":"Valuation","shape":"rectangle"},"task_key":"em_record_valuation_ground_building","instructions":{"mark":"Valuation","transcribe":"Sometimes valuations include itemized dollar values for \"ground\" and \"building\". Enter these amounts if you can find them. In the next screen, you'll enter the total valuation."}},{"id":"580d6d086164390003513b01","status":"awaiting_transcriptions","name":"Valuation Date","created_in_workflow":"transcribe","confidence":0.3333333333333333,"data":{"value":"Feby 6/93"},"versions":[{"data":{"value":"Feby 6/93"},"votes":1,"confidence":0.3333333333333333,"instances":[{"created":"2016-09-24T02:26:13Z","user_id":"57c49a363234370003600200","duration":10.575}]}],"region":{"x":836.1898841285195,"y":555.4224777567212,"width":229.54727887670379,"height":120.92223685478439,"label":"Valuation","shape":"rectangle"},"task_key":"em_record_valuation","instructions":{"mark":"Valuation","transcribe":"Enter the date of the valuation (if one is given). In the next screen, you'll enter the valuation's dollar amounts."}},{"id":"580d6d086164390003523b01","status":"awaiting_transcriptions","name":"Total Value","created_in_workflow":"transcribe","confidence":0.3333333333333333,"data":{"value":""},"versions":[{"data":{"value":""},"votes":1,"confidence":0.3333333333333333,"instances":[{"created":"2016-02-17T04:07:31Z","user_id":"56c3efc66139320003cb0000","duration":1.327}]}],"region":{"x":836.1898841285195,"y":555.4224777567212,"width":229.54727887670379,"height":120.92223685478439,"label":"Valuation","shape":"rectangle"},"task_key":"em_record_valuation_total","instructions":{"mark":"Valuation","transcribe":"Enter the valuation ***total*** (if one is given)"}},{"id":"580d6d086164390003533b01","status":"complete","name":"Record Number","created_in_workflow":"transcribe","confidence":1.0,"data":{"value":"3999"},"versions":[{"data":{"value":"3999"},"votes":3,"confidence":1.0,"instances":[{"created":"2016-02-17T04:07:01Z","user_id":"56c3efc66139320003cb0000","duration":2.54},{"created":"2016-02-17T04:25:52Z","user_id":"56c3f5d33739310003990100","duration":18.554},{"created":"2016-02-17T10:37:14Z","user_id":"56c445ca3061620003470000","duration":13.044}]}],"region":{"x":694.7723641062644,"y":49.1887065172004,"width":235.69586670375838,"height":71.73353033758391,"label":"Record Number","shape":"rectangle"},"task_key":"em_record_number","instructions":{"mark":"Record Number","transcribe":"Enter the record number"}},{"id":"580d6d086164390003543b01","status":"awaiting_votes","name":"Mortgager","created_in_workflow":"verify","confidence":0.3333333333333333,"data":{"value":"Rt Rev Chas E McDonnell"},"versions":[{"data":{"value":"Rt Rev Chas E McDonnell"},"votes":1,"confidence":0.3333333333333333,"instances":[{"created":"2016-09-17T16:00:51Z","user_id":"57c49a363234370003600200","duration":7.972}]}],"region":{"x":192.5448636000818,"y":617.368748416227,"width":370.4212660211058,"height":44.09776774401621,"label":"Mortgager Name","shape":"rectangle"},"task_key":"em_transcribed_mortgager","instructions":{"mark":"Mortgager Name","transcribe":"Enter the mortgager's name","verify":"Choose the best transcription or enter your own!"}},{"id":"580d6d086164390003553b01","status":"awaiting_votes","name":"Street Address","created_in_workflow":"verify","confidence":0.3333333333333333,"data":{"value":"Madison St. \u0026 Putnam Ave. BK."},"versions":[{"data":{"value":"Madison St. \u0026 Putnam Ave. BK."},"votes":1,"confidence":0.3333333333333333,"instances":[{"created":"2016-09-17T16:01:00Z","user_id":"57c49a363234370003600200","duration":9.437}]}],"region":{"x":239.582484682127,"y":658.5266649773089,"width":424.8085153972205,"height":42.627842152548965,"label":"Street Address","shape":"rectangle"},"task_key":"em_transcribed_address","instructions":{"mark":"Street Address","transcribe":"Enter the street address","verify":"Choose the best transcription or enter your own!"}},{"id":"580d6d086164390003563b01","status":"complete","name":"Record Date","created_in_workflow":"transcribe","confidence":1.0,"data":{"value":"Feby 6/93"},"versions":[{"data":{"value":"Feby 6/93"},"votes":3,"confidence":1.0,"instances":[{"created":"2016-01-01T17:58:07Z","user_id":"5686b3c83734300003f60100","duration":18.323},{"created":"2016-01-01T23:35:00Z","user_id":"568709bc38656300030f0500","duration":11.574},{"created":"2016-01-02T04:05:06Z","user_id":"563f8b7a3264340003774b00","duration":13.076}]}],"region":{"x":249.87196429382436,"y":574.740906263678,"width":176.3910790576694,"height":44.09776774401632,"label":"Record Date","shape":"rectangle"},"task_key":"em_record_date","instructions":{"mark":"Record Date","transcribe":"Enter the record date"}},{"id":"580d6d086164390003573b01","status":"awaiting_votes","name":"Amount Loaned","created_in_workflow":"verify","confidence":0.3333333333333333,"data":{"value":"$80000."},"versions":[{"data":{"value":"$80000."},"votes":1,"confidence":0.3333333333333333,"instances":[{"created":"2016-09-17T14:55:53Z","user_id":"57c49a363234370003600200","duration":4.802}]}],"region":{"x":868.7106666544812,"y":649.7071114285056,"width":120.53390402274078,"height":51.44739570135221,"label":"Amount Loaned","shape":"rectangle"},"task_key":"em_transcribed_amount_loaned","instructions":{"mark":"Amount Loaned","transcribe":"Enter the Amount Loaned","verify":"Choose the best transcription or enter your own!"}}]}],"export_document":{"name":"Record","export_fields":[{"name":"Mortgager","value":"Rt Rev Chas E McDonnell","original_value":{"value":"Rt Rev Chas E McDonnell"},"assertion_ids":["580d6d086164390003543b01"]},{"name":"Street Address","value":"Madison St. \u0026 Putnam Ave. BK.","original_value":{"value":"Madison St. \u0026 Putnam Ave. BK."},"assertion_ids":["580d6d086164390003553b01"]},{"name":"Record Date","value":"1893-02-06T00:00:00Z","original_value":{"value":"Feby 6/93"},"assertion_ids":["580d6d086164390003563b01"]},{"name":"Land \u0026 Building Dimensions","value":{"em_survey_land_dimensions":[200,200],"em_survey_building_dimensions":[65,140,53]},"original_value":{"em_survey_land_dimensions":"200 x 200","em_survey_building_dimensions":"65 x 140  36 x 53"},"assertion_ids":["580d6d0861643900034d3b01"]},{"name":"Amount Loaned","value":80000.0,"original_value":{"value":"$80000."},"assertion_ids":["580d6d086164390003573b01"]},{"name":"Stories \u0026 Materials","value":{"em_record_stories":null,"em_record_material":"Br"},"original_value":{"em_record_stories":"","em_record_material":"Br"},"assertion_ids":["580d6d0861643900034e3b01"]},{"name":"Valuation","value":null,"original_value":null,"assertion_ids":null},{"name":"Record Number","value":3999,"original_value":{"value":"3999"},"assertion_ids":["580d6d086164390003533b01"]},{"name":"Additional Info","value":"Ch.  - Rectory","original_value":{"value":"Ch.  - Rectory"},"assertion_ids":["580d6d0861643900034f3b01"]}]}}