{"id":"56b10ae37061755afbd8d300","meta_data":{"capture_uuid":"15907440-02e7-0133-5418-58d385a7bbd0","page_uri":"http://digitalcollections.nypl.org/items/15907440-02e7-0133-5418-58d385a7bbd0","book_uri":"http://digitalcollections.nypl.org/items/109c0900-02e7-0133-03cf-58d385a7bbd0","source_rotated":"0.895174","source_x":"0","source_y":"865.74","source_w":"1371.67","source_h":"976.26"},"type":"final_subject_set","search_terms_by_field":{"Land \u0026 Building Dimensions":["98.9 x 50.2","16.8 x 50","98.9 x 50.2","16.8 x 50"],"Stories \u0026 Materials":["3","Brick","3","brick","3","brick"],"Additional Info":["three housesw","Three 3 story brick houses","Three houses"],"Land \u0026 Building Value":["$8000 each","$5000 each","$8000 each","$5000 each","$8,000 each","$5,000 each"],"Total Value":[],"Valuation Date":["Sept. 17/94"],"Record Number":["4191"],"Mortgager":["Thomas J. Nealis"],"Street Address":["231-33-35 East 32nd St."],"Record Date":["Sept. 17/94"],"Amount Loaned":["$17,000"]},"subjects":[{"id":"580db59c61643900033a9003","type":"root","location":{"standard":"https://s3.amazonaws.com/scribe.nypl.org/emigrant-s4/full/15907440-02e7-0133-5418-58d385a7bbd0.left-bottom.jpg","thumbnail":"https://s3.amazonaws.com/scribe.nypl.org/emigrant-s4/thumb/15907440-02e7-0133-5418-58d385a7bbd0.left-bottom.jpg"},"status":"retired","width":1371,"height":976,"meta_data":{"capture_uuid":"15907440-02e7-0133-5418-58d385a7bbd0","page_uri":"http://digitalcollections.nypl.org/items/15907440-02e7-0133-5418-58d385a7bbd0","book_uri":"http://digitalcollections.nypl.org/items/109c0900-02e7-0133-03cf-58d385a7bbd0","source_rotated":"0.895174","source_x":"0","source_y":"865.74","source_w":"1371.67","source_h":"976.26"},"assertions":[{"id":"580db59c61643900033b9003","status":"awaiting_transcriptions","name":"Land \u0026 Building Dimensions","created_in_workflow":"transcribe","confidence":0.3333333333333333,"data":{"em_survey_land_dimensions":"98.9 x 50.2","em_survey_building_dimensions":"16.8 x 50"},"versions":[{"data":{"em_survey_land_dimensions":"98.9 x 50.2","em_survey_building_dimensions":"16.8 x 50"},"votes":1,"confidence":0.3333333333333333,"instances":[{"created":"2016-01-23T19:56:51Z","user_id":"56a3d97330353300036b0000","duration":12.791}]}],"region":{"x":223.78740109672046,"y":702.1128108619762,"width":500.59525537669424,"height":79.96729053097681,"label":"Dimension \u0026 Description","shape":"rectangle"},"task_key":"em_record_survey","instructions":{"mark":"Dimension \u0026 Description","transcribe":"Enter, as they appear, any land and building dimensions that were recorded. In the next screen, you'll enter the descriptive information."}},{"id":"580db59c61643900033c9003","status":"awaiting_transcriptions","name":"Stories \u0026 Materials","created_in_workflow":"transcribe","confidence":0.3333333333333333,"data":{"em_record_stories":"3","em_record_material":"Brick"},"versions":[{"data":{"em_record_stories":"3","em_record_material":"Brick"},"votes":1,"confidence":0.3333333333333333,"instances":[{"created":"2016-01-23T19:56:55Z","user_id":"56a3d97330353300036b0000","duration":3.734}]}],"region":{"x":223.78740109672046,"y":702.1128108619762,"width":500.59525537669424,"height":79.96729053097681,"label":"Dimension \u0026 Description","shape":"rectangle"},"task_key":"em_record_survey_stories_materials","instructions":{"mark":"Dimension \u0026 Description","transcribe":"Enter, as they appear, the number of stories and the building materials."}},{"id":"580db59c61643900033d9003","status":"awaiting_transcriptions","name":"Additional Info","created_in_workflow":"transcribe","confidence":0.3333333333333333,"data":{"value":"three housesw"},"versions":[{"data":{"value":"three housesw"},"votes":1,"confidence":0.3333333333333333,"instances":[{"created":"2016-01-23T19:56:58Z","user_id":"56a3d97330353300036b0000","duration":3.009}]}],"region":{"x":223.78740109672046,"y":702.1128108619762,"width":500.59525537669424,"height":79.96729053097681,"label":"Dimension \u0026 Description","shape":"rectangle"},"task_key":"em_record_survey_additional_info","instructions":{"mark":"Dimension \u0026 Description","transcribe":"Enter any additional information you find about the building's construction or significance."}},{"id":"580db59c61643900033e9003","status":"awaiting_transcriptions","name":"Land \u0026 Building Value","created_in_workflow":"transcribe","confidence":0.3333333333333333,"data":{"em_valuation_ground":"$8000 each","em_valuation_building":"$5000 each"},"versions":[{"data":{"em_valuation_ground":"$8000 each","em_valuation_building":"$5000 each"},"votes":1,"confidence":0.3333333333333333,"instances":[{"created":"2016-01-23T19:55:10Z","user_id":"56a3d97330353300036b0000","duration":10.202}]}],"region":{"x":783.558453434877,"y":582.161875065511,"width":273.488142713785,"height":76.76859890973765,"label":"Valuation","shape":"rectangle"},"task_key":"em_record_valuation_ground_building","instructions":{"mark":"Valuation","transcribe":"Sometimes valuations include itemized dollar values for \"ground\" and \"building\". Enter these amounts if you can find them. In the next screen, you'll enter the total valuation."}},{"id":"580db59c61643900033f9003","status":"awaiting_transcriptions","name":"Total Value","created_in_workflow":"transcribe","confidence":0.3333333333333333,"data":{"value":""},"versions":[{"data":{"value":""},"votes":1,"confidence":0.3333333333333333,"instances":[{"created":"2016-01-23T19:55:11Z","user_id":"56a3d97330353300036b0000","duration":0.394}]}],"region":{"x":783.558453434877,"y":582.161875065511,"width":273.488142713785,"height":76.76859890973765,"label":"Valuation","shape":"rectangle"},"task_key":"em_record_valuation_total","instructions":{"mark":"Valuation","transcribe":"Enter the valuation ***total*** (if one is given)"}},{"id":"580db59c6164390003409003","status":"awaiting_votes","name":"Land \u0026 Building Value","created_in_workflow":"verify","confidence":0.3333333333333333,"data":{"em_valuation_ground":"$8000 each","em_valuation_building":"$5000 each"},"versions":[{"data":{"em_valuation_ground":"$8000 each","em_valuation_building":"$5000 each"},"votes":1,"confidence":0.3333333333333333,"instances":[{"created":"2016-09-26T17:25:09Z","user_id":"57c49a363234370003600200","duration":16.445}]}],"region":{"x":834.062185071298,"y":579.9828151825513,"width":222.84326634761442,"height":78.2165099466049,"label":"Valuation","shape":"rectangle"},"task_key":"em_transcribed_valuation_itemized","instructions":{"mark":"Valuation","transcribe":"Sometimes valuations include itemized dollar values for \"ground\" and \"building\". Enter these amounts if you can find them. In the next screen, you'll enter the total valuation.","verify":"Choose the best transcription or enter your own!"}},{"id":"580db59c6164390003419003","status":"awaiting_transcriptions","name":"Valuation Date","created_in_workflow":"transcribe","confidence":0.3333333333333333,"data":{"value":"Sept. 17/94"},"versions":[{"data":{"value":"Sept. 17/94"},"votes":1,"confidence":0.3333333333333333,"instances":[{"created":"2016-04-29T01:56:56Z","user_id":"5712af436365650003140000","duration":8.563}]},{"data":{"value":"1894 September"},"votes":1,"confidence":0.3333333333333333,"instances":[{"created":"2016-04-29T14:56:41Z","user_id":"572375646231350003870000","duration":39.755}]}],"region":{"x":834.062185071298,"y":579.9828151825513,"width":222.84326634761442,"height":78.2165099466049,"label":"Valuation","shape":"rectangle"},"task_key":"em_record_valuation","instructions":{"mark":"Valuation","transcribe":"Enter the date of the valuation (if one is given). In the next screen, you'll enter the valuation's dollar amounts."}},{"id":"580db59c6164390003429003","status":"awaiting_transcriptions","name":"Total Value","created_in_workflow":"transcribe","confidence":0.3333333333333333,"data":{"value":""},"versions":[{"data":{"value":""},"votes":1,"confidence":0.3333333333333333,"instances":[{"created":"2016-04-29T01:57:10Z","user_id":"5712af436365650003140000","duration":1.618}]}],"region":{"x":834.062185071298,"y":579.9828151825513,"width":222.84326634761442,"height":78.2165099466049,"label":"Valuation","shape":"rectangle"},"task_key":"em_record_valuation_total","instructions":{"mark":"Valuation","transcribe":"Enter the valuation ***total*** (if one is given)"}},{"id":"580db59c6164390003439003","status":"awaiting_transcriptions","name":"Stories \u0026 Materials","created_in_workflow":"transcribe","confidence":0.6666666666666666,"data":{"em_record_stories":"3","em_record_material":"brick"},"versions":[{"data":{"em_record_stories":"3","em_record_material":"brick"},"votes":2,"confidence":0.6666666666666666,"instances":[{"created":"2015-11-15T08:03:43Z","user_id":"564832fd3863370003270000","duration":19.07},{"created":"2016-09-26T17:33:50Z","user_id":"57c49a363234370003600200","duration":8.227}]}],"region":{"x":327.93689883305433,"y":746.8177266009309,"width":395.4551446432116,"height":41.33677453510688,"label":"Dimension \u0026 Description","shape":"rectangle"},"task_key":"em_record_survey_stories_materials","instructions":{"mark":"Dimension \u0026 Description","transcribe":"Enter, as they appear, the number of stories and the building materials."}},{"id":"580db59c6164390003449003","status":"awaiting_transcriptions","name":"Additional Info","created_in_workflow":"transcribe","confidence":0.3333333333333333,"data":{"value":"Three 3 story brick houses"},"versions":[{"data":{"value":"Three 3 story brick houses"},"votes":1,"confidence":0.3333333333333333,"instances":[{"created":"2015-11-15T08:04:56Z","user_id":"564832fd3863370003270000","duration":72.633}]},{"data":{"value":"houses"},"votes":1,"confidence":0.3333333333333333,"instances":[{"created":"2016-09-26T17:33:55Z","user_id":"57c49a363234370003600200","duration":4.19}]}],"region":{"x":327.93689883305433,"y":746.8177266009309,"width":395.4551446432116,"height":41.33677453510688,"label":"Dimension \u0026 Description","shape":"rectangle"},"task_key":"em_record_survey_additional_info","instructions":{"mark":"Dimension \u0026 Description","transcribe":"Enter any additional information you find about the building's construction or significance."}},{"id":"580db59c6164390003459003","status":"awaiting_votes","name":"Land \u0026 Building Value","created_in_workflow":"transcribe","confidence":0.3333333333333333,"data":{"em_valuation_ground":"$8,000 each","em_valuation_building":"$5,000 each"},"versions":[{"data":{"em_valuation_ground":"$8,000 each","em_valuation_building":"$5,000 each"},"votes":1,"confidence":0.3333333333333333,"instances":[{"created":"2015-11-15T01:54:28Z","user_id":"563f8b7a3264340003774b00","duration":24.121}]},{"data":{"em_valuation_ground":"$8000","em_valuation_building":"$5000"},"votes":1,"confidence":0.3333333333333333,"instances":[{"created":"2015-11-15T03:37:06Z","user_id":"564618af6363350003da0c00","duration":25.015}]},{"data":{"em_valuation_ground":"$8000 each","em_valuation_building":"$5000.each"},"votes":1,"confidence":0.3333333333333333,"instances":[{"created":"2016-09-21T20:11:37Z","user_id":"57de76143236610003ed0100","duration":57.85}]}],"region":{"x":848.780260070455,"y":585.604305914014,"width":169.48077627566207,"height":34.44731211258909,"label":"Valuation","shape":"rectangle"},"task_key":"em_record_valuation_ground_building","instructions":{"mark":"Valuation","transcribe":"Sometimes valuations include itemized dollar values for \"ground\" and \"building\". Enter these amounts if you can find them. In the next screen, you'll enter the total valuation."}},{"id":"580db59c6164390003469003","status":"complete","name":"Record Number","created_in_workflow":"transcribe","confidence":1.0,"data":{"value":"4191"},"versions":[{"data":{"value":"4191"},"votes":3,"confidence":1.0,"instances":[{"created":"2015-11-15T07:54:45Z","user_id":"564832fd3863370003270000","duration":4.998},{"created":"2015-11-15T08:53:35Z","user_id":"564845423863370003d20000","duration":4.724},{"created":"2015-11-15T14:17:01Z","user_id":"564893c738633700037c0200","duration":5.692}]}],"region":{"x":763.3509256876009,"y":57.871484349149625,"width":103.3419367534525,"height":52.35991441113538,"label":"Record Number","shape":"rectangle"},"task_key":"em_record_number","instructions":{"mark":"Record Number","transcribe":"Enter the record number"}},{"id":"580db59c6164390003479003","status":"complete","name":"Mortgager","created_in_workflow":"verify","confidence":1.0,"data":{"value":"Thomas J. Nealis"},"versions":[{"data":{"value":"Thomas J. Nealis"},"votes":2,"confidence":0.6666666666666666,"instances":[{"created":"2016-04-27T21:53:38Z","user_id":"57212b913431360003610000","duration":7.484},{"created":"2016-04-29T00:30:29Z","user_id":"5722a9846636390003d60000","duration":9.968}]},{"data":{"value":"Thomas J Nealis"},"votes":1,"confidence":0.3333333333333333,"instances":[{"created":"2016-04-29T01:44:57Z","user_id":"5712af436365650003140000","duration":7.475}]}],"region":{"x":208.06025219904942,"y":620.0516180266031,"width":260.4216806187003,"height":44.09255950411398,"label":"Mortgager Name","shape":"rectangle"},"task_key":"em_transcribed_mortgager","instructions":{"mark":"Mortgager Name","transcribe":"Enter the mortgager's name","verify":"Choose the best transcription or enter your own!"}},{"id":"580db59c6164390003489003","status":"awaiting_votes","name":"Street Address","created_in_workflow":"verify","confidence":0.3333333333333333,"data":{"value":"231-33-35 East 32nd St."},"versions":[{"data":{"value":"231-33-35 East 32nd St."},"votes":1,"confidence":0.3333333333333333,"instances":[{"created":"2016-04-27T21:55:09Z","user_id":"57212b913431360003610000","duration":73.565}]},{"data":{"value":"231-33-35 E. 32nd St"},"votes":1,"confidence":0.3333333333333333,"instances":[{"created":"2016-09-26T14:52:18Z","user_id":"57c49a363234370003600200","duration":13.397}]}],"region":{"x":239.75177947010818,"y":669.6557474687314,"width":321.0489501807258,"height":35.82520459709258,"label":"Street Address","shape":"rectangle"},"task_key":"em_transcribed_address","instructions":{"mark":"Street Address","transcribe":"Enter the street address","verify":"Choose the best transcription or enter your own!"}},{"id":"580db59c6164390003499003","status":"awaiting_votes","name":"Land \u0026 Building Dimensions","created_in_workflow":"verify","confidence":0.3333333333333333,"data":{"em_survey_land_dimensions":"98.9 x 50.2","em_survey_building_dimensions":"16.8 x 50"},"versions":[{"data":{"em_survey_land_dimensions":"98.9 x 50.2","em_survey_building_dimensions":"16.8 x 50"},"votes":1,"confidence":0.3333333333333333,"instances":[{"created":"2016-09-26T17:25:28Z","user_id":"57c49a363234370003600200","duration":10.172}]}],"region":{"x":267.3614282667684,"y":706.9001559325238,"width":461.9201481245254,"height":87.07120918584314,"label":"Dimension \u0026 Description","shape":"rectangle"},"task_key":"em_transcribed_survey","instructions":{"mark":"Dimension \u0026 Description","transcribe":"Enter, as they appear, any land and building dimensions that were recorded. In the next screen, you'll enter the descriptive information.","verify":"Choose the best transcription or enter your own!"}},{"id":"580db59c61643900034a9003","status":"awaiting_votes","name":"Stories \u0026 Materials","created_in_workflow":"verify","confidence":0.3333333333333333,"data":{"em_record_stories":"3","em_record_material":"brick"},"versions":[{"data":{"em_record_stories":"3","em_record_material":"brick"},"votes":1,"confidence":0.3333333333333333,"instances":[{"created":"2016-09-26T19:40:44Z","user_id":"57c49a363234370003600200","duration":3.474}]}],"region":{"x":267.3614282667684,"y":706.9001559325238,"width":461.9201481245254,"height":87.07120918584314,"label":"Dimension \u0026 Description","shape":"rectangle"},"task_key":"em_transcribed_stories_materials","instructions":{"mark":"Dimension \u0026 Description","transcribe":"Enter, as they appear, the number of stories and the building materials.","verify":"Choose the best transcription or enter your own!"}},{"id":"580db59c61643900034b9003","status":"complete","name":"Additional Info","created_in_workflow":"transcribe","confidence":1.0,"data":{"value":"Three houses"},"versions":[{"data":{"value":"Three houses"},"votes":2,"confidence":0.6666666666666666,"instances":[{"created":"2016-04-29T01:58:18Z","user_id":"5712af436365650003140000","duration":7.161},{"created":"2016-04-29T08:38:18Z","user_id":"57231bde6231350003170000","duration":5.338}]},{"data":{"value":""},"votes":1,"confidence":0.3333333333333333,"instances":[{"created":"2016-04-29T15:02:23Z","user_id":"572375646231350003870000","duration":3.019}]}],"region":{"x":267.3614282667684,"y":706.9001559325238,"width":461.9201481245254,"height":87.07120918584314,"label":"Dimension \u0026 Description","shape":"rectangle"},"task_key":"em_record_survey_additional_info","instructions":{"mark":"Dimension \u0026 Description","transcribe":"Enter any additional information you find about the building's construction or significance."}},{"id":"580db59c61643900034c9003","status":"complete","name":"Record Date","created_in_workflow":"verify","confidence":1.0,"data":{"value":"Sept. 17/94"},"versions":[{"data":{"value":"Sept. 17/94"},"votes":3,"confidence":1.0,"instances":[{"created":"2016-04-23T15:52:37Z","user_id":"563f8b7a3264340003774b00","duration":6.736},{"created":"2016-04-29T01:59:46Z","user_id":"5712af436365650003140000","duration":4.437},{"created":"2016-04-29T08:53:14Z","user_id":"57231bde6231350003170000","duration":4.421}]}],"region":{"x":265.9317367809828,"y":578.7148434914963,"width":181.88180868607645,"height":45.47045198861758,"label":"Record Date","shape":"rectangle"},"task_key":"em_transcribed_date","instructions":{"mark":"Record Date","transcribe":"Enter the record date","verify":"Choose the best transcription or enter your own!"}},{"id":"580db59c61643900034d9003","status":"complete","name":"Amount Loaned","created_in_workflow":"verify","confidence":1.0,"data":{"value":"$17,000"},"versions":[{"data":{"value":"$17,000"},"votes":3,"confidence":1.0,"instances":[{"created":"2016-04-27T21:53:56Z","user_id":"57212b913431360003610000","duration":3.191},{"created":"2016-04-29T01:45:00Z","user_id":"5712af436365650003140000","duration":3.053},{"created":"2016-04-29T08:43:52Z","user_id":"57231bde6231350003170000","duration":5.263}]}],"region":{"x":863.9370774609614,"y":661.38839256171,"width":88.18511936294612,"height":46.848344473121074,"label":"Amount Loaned","shape":"rectangle"},"task_key":"em_transcribed_amount_loaned","instructions":{"mark":"Amount Loaned","transcribe":"Enter the Amount Loaned","verify":"Choose the best transcription or enter your own!"}}]}],"export_document":{"name":"Record","export_fields":[{"name":"Mortgager","value":"Thomas J. Nealis","original_value":{"value":"Thomas J. Nealis"},"assertion_ids":["580db59c6164390003479003"]},{"name":"Street Address","value":"231-33-35 East 32nd St.","original_value":{"value":"231-33-35 East 32nd St."},"assertion_ids":["580db59c6164390003489003"]},{"name":"Record Date","value":"1894-09-17T00:00:00Z","original_value":{"value":"Sept. 17/94"},"assertion_ids":["580db59c61643900034c9003"]},{"name":"Land \u0026 Building Dimensions","value":{"em_survey_land_dimensions":[98.75,50.166666666666664],"em_survey_building_dimensions":[16.666666666666668,50]},"original_value":{"em_survey_land_dimensions":"98.9 x 50.2","em_survey_building_dimensions":"16.8 x 50"},"assertion_ids":["580db59c61643900033b9003"]},{"name":"Amount Loaned","value":17000.0,"original_value":{"value":"$17,000"},"assertion_ids":["580db59c61643900034d9003"]},{"name":"Stories \u0026 Materials","value":{"em_record_stories":3,"em_record_material":"brick"},"original_value":{"em_record_stories":"3","em_record_material":"brick"},"assertion_ids":["580db59c6164390003439003"]},{"name":"Valuation","value":null,"original_value":null,"assertion_ids":null},{"name":"Valuation","value":null,"original_value":null,"assertion_ids":null},{"name":"Record Number","value":4191,"original_value":{"value":"4191"},"assertion_ids":["580db59c6164390003469003"]},{"name":"Additional Info","value":"Three houses","original_value":{"value":"Three houses"},"assertion_ids":["580db59c61643900034b9003"]},{"name":"Additional Info","value":"Three 3 story brick houses","original_value":{"value":"Three 3 story brick houses"},"assertion_ids":["580db59c6164390003449003"]},{"name":"Additional Info","value":"three housesw","original_value":{"value":"three housesw"},"assertion_ids":["580db59c61643900033d9003"]}]}}