{"id":"56b10a7a7061755afbe9cb00","meta_data":{"capture_uuid":"13fcd670-02e7-0133-8114-58d385a7bbd0","page_uri":"http://digitalcollections.nypl.org/items/13fcd670-02e7-0133-8114-58d385a7bbd0","book_uri":"http://digitalcollections.nypl.org/items/109c0900-02e7-0133-03cf-58d385a7bbd0","source_rotated":"0.839234","source_x":"1215.39","source_y":"867.15","source_w":"1370.61","source_h":"977.85"},"type":"final_subject_set","search_terms_by_field":{"Valuation Date":[],"Land \u0026 Building Value":["$7000","4000"],"Total Value":[],"Record Number":["4049","4049","4049"],"Mortgager":["Sarah W. Dorrity et. al."],"Street Address":["240 E 32"],"Land \u0026 Building Dimensions":["18.9 x 98.9","18.9 x 50"],"Stories \u0026 Materials":["4","br."],"Record Date":["1893 June 19"],"Amount Loaned":["$4000.","$4000."]},"subjects":[{"id":"580db50b6164390003db8903","type":"root","location":{"standard":"https://s3.amazonaws.com/scribe.nypl.org/emigrant-s4/full/13fcd670-02e7-0133-8114-58d385a7bbd0.right-bottom.jpg","thumbnail":"https://s3.amazonaws.com/scribe.nypl.org/emigrant-s4/thumb/13fcd670-02e7-0133-8114-58d385a7bbd0.right-bottom.jpg"},"status":"retired","width":1370,"height":977,"meta_data":{"capture_uuid":"13fcd670-02e7-0133-8114-58d385a7bbd0","page_uri":"http://digitalcollections.nypl.org/items/13fcd670-02e7-0133-8114-58d385a7bbd0","book_uri":"http://digitalcollections.nypl.org/items/109c0900-02e7-0133-03cf-58d385a7bbd0","source_rotated":"0.839234","source_x":"1215.39","source_y":"867.15","source_w":"1370.61","source_h":"977.85"},"assertions":[{"id":"580db50b6164390003dc8903","status":"awaiting_transcriptions","name":"Valuation Date","created_in_workflow":"transcribe","confidence":0.3333333333333333,"data":{"value":""},"versions":[{"data":{"value":""},"votes":1,"confidence":0.3333333333333333,"instances":[{"created":"2015-12-13T05:00:13Z","user_id":"563f8b7a3264340003774b00","duration":2.043}]}],"region":{"x":837.7524329111989,"y":564.8443682004734,"width":200.95425722862387,"height":107.26611799960915,"label":"Valuation","shape":"rectangle"},"task_key":"em_record_valuation","instructions":{"mark":"Valuation","transcribe":"Enter the date of the valuation (if one is given). In the next screen, you'll enter the valuation's dollar amounts."}},{"id":"580db50b6164390003dd8903","status":"awaiting_transcriptions","name":"Land \u0026 Building Value","created_in_workflow":"transcribe","confidence":0.3333333333333333,"data":{"em_valuation_ground":"$7000","em_valuation_building":"4000"},"versions":[{"data":{"em_valuation_ground":"$7000","em_valuation_building":"4000"},"votes":1,"confidence":0.3333333333333333,"instances":[{"created":"2015-12-13T05:00:36Z","user_id":"563f8b7a3264340003774b00","duration":23.093}]}],"region":{"x":837.7524329111989,"y":564.8443682004734,"width":200.95425722862387,"height":107.26611799960915,"label":"Valuation","shape":"rectangle"},"task_key":"em_record_valuation_ground_building","instructions":{"mark":"Valuation","transcribe":"Sometimes valuations include itemized dollar values for \"ground\" and \"building\". Enter these amounts if you can find them. In the next screen, you'll enter the total valuation."}},{"id":"580db50b6164390003de8903","status":"awaiting_transcriptions","name":"Total Value","created_in_workflow":"transcribe","confidence":0.3333333333333333,"data":{"value":""},"versions":[{"data":{"value":""},"votes":1,"confidence":0.3333333333333333,"instances":[{"created":"2015-12-13T05:00:38Z","user_id":"563f8b7a3264340003774b00","duration":1.333}]}],"region":{"x":837.7524329111989,"y":564.8443682004734,"width":200.95425722862387,"height":107.26611799960915,"label":"Valuation","shape":"rectangle"},"task_key":"em_record_valuation_total","instructions":{"mark":"Valuation","transcribe":"Enter the valuation ***total*** (if one is given)"}},{"id":"580db50b6164390003df8903","status":"complete","name":"Record Number","created_in_workflow":"transcribe","confidence":1.0,"data":{"value":"4049"},"versions":[{"data":{"value":"4049"},"votes":3,"confidence":1.0,"instances":[{"created":"2016-01-11T20:56:23Z","user_id":"5693fa763166380003400300","duration":6.502},{"created":"2016-01-12T22:50:22Z","user_id":"56957fdc3064330003f90000","duration":2.439},{"created":"2016-01-13T03:58:12Z","user_id":"568ac34a3237350003b80500","duration":2.271}]}],"region":{"x":726.6123060025219,"y":40.712573190999784,"width":184.2273402674591,"height":66.15793143537465,"label":"Record Number","shape":"rectangle"},"task_key":"em_record_number","instructions":{"mark":"Record Number","transcribe":"Enter the record number"}},{"id":"580db50b6164390003e08903","status":"complete","name":"Record Number","created_in_workflow":"transcribe","confidence":1.0,"data":{"value":"4049"},"versions":[{"data":{"value":"4049"},"votes":3,"confidence":1.0,"instances":[{"created":"2015-12-13T04:58:32Z","user_id":"563f8b7a3264340003774b00","duration":6.362},{"created":"2015-12-13T07:08:17Z","user_id":"566d0fda3832630003030900","duration":3.252},{"created":"2015-12-13T17:54:24Z","user_id":"566dab6f3562640003610000","duration":8.186}]}],"region":{"x":734.5597062262299,"y":31.229376126468477,"width":183.3028697693528,"height":100.47712318950727,"label":"Record Number","shape":"rectangle"},"task_key":"em_record_number","instructions":{"mark":"Record Number","transcribe":"Enter the record number"}},{"id":"580db50b6164390003e18903","status":"complete","name":"Record Number","created_in_workflow":"transcribe","confidence":1.0,"data":{"value":"4049"},"versions":[{"data":{"value":"4049"},"votes":3,"confidence":1.0,"instances":[{"created":"2015-11-14T04:26:05Z","user_id":"5646b1e43861340003da0900","duration":4.192},{"created":"2015-11-14T05:16:00Z","user_id":"563f8b7a3264340003774b00","duration":10.943},{"created":"2015-11-14T06:30:07Z","user_id":"564238183636390003f01400","duration":8.306}]}],"region":{"x":797.0929726330892,"y":46.08270257350012,"width":153.19383315643893,"height":83.4470560114732,"label":"Record Number","shape":"rectangle"},"task_key":"em_record_number","instructions":{"mark":"Record Number","transcribe":"Enter the record number"}},{"id":"580db50b6164390003e28903","status":"complete","name":"Mortgager","created_in_workflow":"verify","confidence":1.0,"data":{"value":"Sarah W. Dorrity et. al."},"versions":[{"data":{"value":"Sarah W. Dorrity et. al."},"votes":3,"confidence":1.0,"instances":[{"created":"2015-11-14T13:25:16Z","user_id":"564735983562310003600400","duration":102.836},{"created":"2015-11-14T14:28:30Z","user_id":"56473fb33562310003650400","duration":21.694},{"created":"2016-04-26T02:44:12Z","user_id":"571edc6266633800033b0000","duration":12.67}]}],"region":{"x":224.17294619437428,"y":621.4937455182854,"width":406.0259317804805,"height":62.27392239662174,"label":"Mortgager Name","shape":"rectangle"},"task_key":"em_transcribed_mortgager","instructions":{"mark":"Mortgager Name","transcribe":"Enter the mortgager's name","verify":"Choose the best transcription or enter your own!"}},{"id":"580db50b6164390003e38903","status":"complete","name":"Street Address","created_in_workflow":"transcribe","confidence":1.0,"data":{"value":"240 E 32"},"versions":[{"data":{"value":"240 E 32"},"votes":3,"confidence":1.0,"instances":[{"created":"2015-11-14T04:38:00Z","user_id":"5646b1e43861340003da0900","duration":5.953},{"created":"2015-11-14T06:52:57Z","user_id":"564238183636390003f01400","duration":344.839},{"created":"2015-11-14T07:41:26Z","user_id":"564311863564380003cb2000","duration":8.155}]}],"region":{"x":257.80086078969015,"y":670.0674049876503,"width":230.41348889383096,"height":39.855310333837906,"label":"Street Address","shape":"rectangle"},"task_key":"em_record_street_address","instructions":{"mark":"Street Address","transcribe":"Enter the street address"}},{"id":"580db50b6164390003e48903","status":"awaiting_votes","name":"Land \u0026 Building Dimensions","created_in_workflow":"verify","confidence":0.3333333333333333,"data":{"em_survey_land_dimensions":"18.9 x 98.9","em_survey_building_dimensions":"18.9 x 50"},"versions":[{"data":{"em_survey_land_dimensions":"18.9 x 98.9","em_survey_building_dimensions":"18.9 x 50"},"votes":1,"confidence":0.3333333333333333,"instances":[{"created":"2016-09-11T02:07:06Z","user_id":"57c49a363234370003600200","duration":9.803}]}],"region":{"x":249.08251256127508,"y":706.1862799776909,"width":425.9535848740009,"height":98.39279738666256,"label":"Dimension \u0026 Description","shape":"rectangle"},"task_key":"em_transcribed_survey","instructions":{"mark":"Dimension \u0026 Description","transcribe":"Enter, as they appear, any land and building dimensions that were recorded. In the next screen, you'll enter the descriptive information.","verify":"Choose the best transcription or enter your own!"}},{"id":"580db50b6164390003e58903","status":"awaiting_votes","name":"Stories \u0026 Materials","created_in_workflow":"verify","confidence":0.3333333333333333,"data":{"em_record_stories":"4","em_record_material":"br."},"versions":[{"data":{"em_record_stories":"4","em_record_material":"br."},"votes":1,"confidence":0.3333333333333333,"instances":[{"created":"2016-10-02T23:31:46Z","user_id":"57c49a363234370003600200","duration":3.274}]}],"region":{"x":249.08251256127508,"y":706.1862799776909,"width":425.9535848740009,"height":98.39279738666256,"label":"Dimension \u0026 Description","shape":"rectangle"},"task_key":"em_transcribed_stories_materials","instructions":{"mark":"Dimension \u0026 Description","transcribe":"Enter, as they appear, the number of stories and the building materials.","verify":"Choose the best transcription or enter your own!"}},{"id":"580db50b6164390003e68903","status":"complete","name":"Record Date","created_in_workflow":"verify","confidence":1.0,"data":{"value":"1893 June 19"},"versions":[{"data":{"value":"June 19/93"},"votes":3,"confidence":0.6,"instances":[{"created":"2015-12-07T05:39:36Z","user_id":"5647496e3562310003960400","duration":4.355},{"created":"2015-12-26T20:23:09Z","user_id":"56748e5e3564620003fd0100","duration":3.351},{"created":"2016-09-15T13:32:14Z","user_id":"57c49a363234370003600200","duration":4.036}]},{"data":{"value":"1893 June 19"},"votes":2,"confidence":0.4,"instances":[{"created":"2015-12-26T16:12:16Z","user_id":"563bfc7535326200037f3900","duration":5.247},{"created":"2015-12-27T02:25:22Z","user_id":"567f35e03037360003d10000","duration":3.089}]}],"region":{"x":261.5372957447252,"y":581.6384351844473,"width":295.1783614477727,"height":44.83722412556767,"label":"Record Date","shape":"rectangle"},"task_key":"em_transcribed_date","instructions":{"mark":"Record Date","transcribe":"Enter the record date","verify":"Choose the best transcription or enter your own!"}},{"id":"580db50b6164390003e78903","status":"awaiting_votes","name":"Amount Loaned","created_in_workflow":"verify","confidence":0.3333333333333333,"data":{"value":"$4000."},"versions":[{"data":{"value":"$4000."},"votes":1,"confidence":0.3333333333333333,"instances":[{"created":"2016-09-13T18:49:24Z","user_id":"57c49a363234370003600200","duration":3.047}]}],"region":{"x":830.963437734556,"y":666.679290352001,"width":210.45885047592367,"height":54.311958480814724,"label":"Amount Loaned","shape":"rectangle"},"task_key":"em_transcribed_amount_loaned","instructions":{"mark":"Amount Loaned","transcribe":"Enter the Amount Loaned","verify":"Choose the best transcription or enter your own!"}},{"id":"580db50b6164390003e88903","status":"complete","name":"Amount Loaned","created_in_workflow":"verify","confidence":1.0,"data":{"value":"$4000."},"versions":[{"data":{"value":"$4000."},"votes":3,"confidence":1.0,"instances":[{"created":"2016-04-23T11:54:48Z","user_id":"563f8b7a3264340003774b00","duration":3.386},{"created":"2016-04-25T23:22:40Z","user_id":"571ea1136663350003330400","duration":8.343},{"created":"2016-04-26T02:02:42Z","user_id":"571edc6266633800033b0000","duration":7.95}]}],"region":{"x":906.695064647452,"y":673.8038403314476,"width":163.15765970319922,"height":34.87339654210825,"label":"Amount Loaned","shape":"rectangle"},"task_key":"em_transcribed_amount_loaned","instructions":{"mark":"Amount Loaned","transcribe":"Enter the Amount Loaned","verify":"Choose the best transcription or enter your own!"}}]}],"export_document":{"name":"Record","export_fields":[{"name":"Mortgager","value":"Sarah W. Dorrity et. al.","original_value":{"value":"Sarah W. Dorrity et. al."},"assertion_ids":["580db50b6164390003e28903"]},{"name":"Street Address","value":"240 E 32","original_value":{"value":"240 E 32"},"assertion_ids":["580db50b6164390003e38903"]},{"name":"Record Date","value":"1893-06-19T00:00:00Z","original_value":{"value":"1893 June 19"},"assertion_ids":["580db50b6164390003e68903"]},{"name":"Land \u0026 Building Dimensions","value":{"em_survey_land_dimensions":[18.75,98.75],"em_survey_building_dimensions":[18.75,50]},"original_value":{"em_survey_land_dimensions":"18.9 x 98.9","em_survey_building_dimensions":"18.9 x 50"},"assertion_ids":["580db50b6164390003e48903"]},{"name":"Amount Loaned","value":4000.0,"original_value":{"value":"$4000."},"assertion_ids":["580db50b6164390003e88903"]},{"name":"Stories \u0026 Materials","value":{"em_record_stories":4,"em_record_material":"br."},"original_value":{"em_record_stories":"4","em_record_material":"br."},"assertion_ids":["580db50b6164390003e58903"]},{"name":"Valuation","value":null,"original_value":null,"assertion_ids":null},{"name":"Record Number","value":4049,"original_value":{"value":"4049"},"assertion_ids":["580db50b6164390003df8903"]}]}}