{"id":"56b109c77061755afb00be00","meta_data":{"capture_uuid":"11818ae0-02e7-0133-4b7f-58d385a7bbd0","page_uri":"http://digitalcollections.nypl.org/items/11818ae0-02e7-0133-4b7f-58d385a7bbd0","book_uri":"http://digitalcollections.nypl.org/items/109c0900-02e7-0133-03cf-58d385a7bbd0","source_rotated":"-0.839234","source_x":"1215.39","source_y":"0","source_w":"1370.61","source_h":"901.1099999999999"},"type":"final_subject_set","search_terms_by_field":{"Land \u0026 Building Value":["16000.","14000."],"Record Number":["3788"],"Mortgager":["Jno.  M. Clancy"],"Street Address":["N.E. Cor. Bridge Sands Str. "],"Stories \u0026 Materials":["4","Brick"],"Land \u0026 Building Dimensions":["50 x 100","40 x 45"],"Record Date":["Nov 23/91"],"Amount Loaned":["$14000"]},"subjects":[{"id":"580d88276164390003494b02","type":"root","location":{"standard":"https://s3.amazonaws.com/scribe.nypl.org/emigrant-s4/full/11818ae0-02e7-0133-4b7f-58d385a7bbd0.right-top.jpg","thumbnail":"https://s3.amazonaws.com/scribe.nypl.org/emigrant-s4/thumb/11818ae0-02e7-0133-4b7f-58d385a7bbd0.right-top.jpg"},"status":"retired","width":1370,"height":901,"meta_data":{"capture_uuid":"11818ae0-02e7-0133-4b7f-58d385a7bbd0","page_uri":"http://digitalcollections.nypl.org/items/11818ae0-02e7-0133-4b7f-58d385a7bbd0","book_uri":"http://digitalcollections.nypl.org/items/109c0900-02e7-0133-03cf-58d385a7bbd0","source_rotated":"-0.839234","source_x":"1215.39","source_y":"0","source_w":"1370.61","source_h":"901.1099999999999"},"assertions":[{"id":"580d882761643900034a4b02","status":"contentious","name":"Land \u0026 Building Value","created_in_workflow":"verify","confidence":0.38095238095238093,"data":{"em_valuation_ground":"16000.","em_valuation_building":"14000."},"versions":[{"data":{"em_valuation_ground":"16000.","em_valuation_building":"14000."},"votes":8,"confidence":0.38095238095238093,"instances":[{"created":"2016-07-15T22:11:26Z","user_id":"5789580d36353900035a0000","duration":8.166},{"created":"2016-07-19T02:58:31Z","user_id":"578d8d8e33646600030e0200","duration":8.661},{"created":"2016-07-29T14:15:48Z","user_id":"579b64006539340003af0000","duration":29.722},{"created":"2016-07-29T22:32:27Z","user_id":"579bd4c338313900031a0000","duration":1.103},{"created":"2016-08-01T14:56:46Z","user_id":"579f62d13732300003240000","duration":8.828},{"created":"2016-08-01T15:16:00Z","user_id":"579f66f037323000032a0000","duration":21.752},{"created":"2016-08-02T13:17:11Z","user_id":"57a09b9e3265370003b50000","duration":3.785},{"created":"2016-10-02T17:34:20Z","user_id":"57c49a363234370003600200","duration":8.444}]},{"data":{"em_valuation_ground":"$16,000","em_valuation_building":"$14,000"},"votes":7,"confidence":0.3333333333333333,"instances":[{"created":"2016-07-17T22:05:23Z","user_id":"578a383f3336380003000000","duration":21.359},{"created":"2016-07-19T21:55:23Z","user_id":"578e9cec35366300033e0100","duration":4.253},{"created":"2016-07-24T17:33:27Z","user_id":"5794e6a83066310003040000","duration":9.965},{"created":"2016-07-26T13:59:16Z","user_id":"57976c123332300003000000","duration":5.521},{"created":"2016-08-02T02:08:41Z","user_id":"579ffe7332653700031f0000","duration":13.473},{"created":"2016-08-02T03:38:33Z","user_id":"57a00d083265370003490000","duration":4.76},{"created":"2016-08-02T17:16:13Z","user_id":"57a0d4b73265660003000000","duration":5.637}]},{"data":{"em_valuation_ground":"16000","em_valuation_building":"14000"},"votes":6,"confidence":0.2857142857142857,"instances":[{"created":"2015-12-08T02:56:44Z","user_id":"563f8b7a3264340003774b00","duration":5.988},{"created":"2015-12-13T04:25:20Z","user_id":"5668bbbe3064310003db0500","duration":4.633},{"created":"2015-12-19T00:26:23Z","user_id":"56748e5e3564620003fd0100","duration":3.295},{"created":"2016-07-29T17:18:51Z","user_id":"579b8fdc3831390003110000","duration":5.687},{"created":"2016-07-31T23:36:14Z","user_id":"579e8b4737323000030c0000","duration":13.504},{"created":"2016-08-02T02:57:39Z","user_id":"57a00b9c32653700033b0000","duration":9.15}]}],"region":{"x":931.6030578015534,"y":622.7348322857945,"width":137.00167238369613,"height":73.48271020972379,"label":"Valuation","shape":"rectangle"},"task_key":"em_transcribed_valuation_itemized","instructions":{"mark":"Valuation","transcribe":"Sometimes valuations include itemized dollar values for \"ground\" and \"building\". Enter these amounts if you can find them. In the next screen, you'll enter the total valuation.","verify":"Choose the best transcription or enter your own!"}},{"id":"580d882761643900034b4b02","status":"complete","name":"Record Number","created_in_workflow":"verify","confidence":1.0,"data":{"value":"3788"},"versions":[{"data":{"value":"3788"},"votes":3,"confidence":1.0,"instances":[{"created":"2015-11-29T03:41:44Z","user_id":"5647496e3562310003960400","duration":2.269},{"created":"2015-12-05T16:57:11Z","user_id":"563f8b7a3264340003774b00","duration":12.76},{"created":"2015-12-13T04:17:52Z","user_id":"5668bbbe3064310003db0500","duration":10.673}]}],"region":{"x":824.492659392482,"y":89.67381584915441,"width":115.8286866516703,"height":57.29160457029309,"label":"Record Number","shape":"rectangle"},"task_key":"em_transcribed_record_number","instructions":{"mark":"Record Number","transcribe":"Enter the record number","verify":"Choose the best transcription or enter your own!"}},{"id":"580d882761643900034c4b02","status":"awaiting_votes","name":"Mortgager","created_in_workflow":"verify","confidence":0.75,"data":{"value":"Jno.  M. Clancy"},"versions":[{"data":{"value":"Jno.  M. Clancy"},"votes":3,"confidence":0.75,"instances":[{"created":"2015-11-29T23:37:39Z","user_id":"5647496e3562310003960400","duration":29.675},{"created":"2015-12-13T21:32:38Z","user_id":"5668bbbe3064310003db0500","duration":65.866},{"created":"2016-09-13T20:13:50Z","user_id":"57c49a363234370003600200","duration":6.826}]},{"data":{"value":"Jno. M. Clancy"},"votes":1,"confidence":0.25,"instances":[{"created":"2015-12-10T01:56:06Z","user_id":"563f8b7a3264340003774b00","duration":14.015}]}],"region":{"x":260.2948631214426,"y":661.3443918875138,"width":199.27515983083066,"height":53.555195576578285,"label":"Mortgager Name","shape":"rectangle"},"task_key":"em_transcribed_mortgager","instructions":{"mark":"Mortgager Name","transcribe":"Enter the mortgager's name","verify":"Choose the best transcription or enter your own!"}},{"id":"580d882761643900034d4b02","status":"awaiting_votes","name":"Street Address","created_in_workflow":"transcribe","confidence":0.16666666666666666,"data":{"value":"N.E. Cor. Bridge Sands Str. "},"versions":[{"data":{"value":"N.E. Cor. Bridge Sands Str. "},"votes":1,"confidence":0.16666666666666666,"instances":[{"created":"2015-11-08T15:28:34Z","user_id":"563f7fdf3264340003683800","duration":16.817}]},{"data":{"value":"N.E. corner of Bridge Sands Sts Bk."},"votes":1,"confidence":0.16666666666666666,"instances":[{"created":"2015-11-08T16:15:18Z","user_id":"563f6feb32643400030f2100","duration":30.839}]},{"data":{"value":"N.E. Col Bridge Sands Sts"},"votes":1,"confidence":0.16666666666666666,"instances":[{"created":"2015-11-08T16:17:23Z","user_id":"563f73c53264340003eb2500","duration":30.767}]},{"data":{"value":"N.E. cor. Bridge Tands Sts. Bk."},"votes":1,"confidence":0.16666666666666666,"instances":[{"created":"2015-11-08T16:30:08Z","user_id":"563f75d03264340003982800","duration":379.711}]},{"data":{"value":"N.E. cor. Bridge \u0026 Sands Sts. B'k."},"votes":1,"confidence":0.16666666666666666,"instances":[{"created":"2015-11-29T03:46:40Z","user_id":"5647496e3562310003960400","duration":37.518}]},{"data":{"value":"N. E. cor. Bridge Sands Sts, B'k."},"votes":1,"confidence":0.16666666666666666,"instances":[{"created":"2016-09-09T15:39:35Z","user_id":"57c49a363234370003600200","duration":35.697}]}],"region":{"x":291.43160684500987,"y":694.9720728309467,"width":435.91441212994215,"height":54.800665241149886,"label":"Street Address","shape":"rectangle"},"task_key":"em_record_street_address","instructions":{"mark":"Street Address","transcribe":"Enter the street address"}},{"id":"580d882761643900034e4b02","status":"complete","name":"Stories \u0026 Materials","created_in_workflow":"transcribe","confidence":1.0,"data":{"em_record_stories":"4","em_record_material":"Brick"},"versions":[{"data":{"em_record_stories":"4","em_record_material":"Brick"},"votes":5,"confidence":1.0,"instances":[{"created":"2015-11-08T16:11:01Z","user_id":"563f6ed63264340003701f00","duration":6.242},{"created":"2015-11-08T16:11:18Z","user_id":"563f6baf3264340003021c00","duration":7.787},{"created":"2015-11-08T16:16:30Z","user_id":"563f6feb32643400030f2100","duration":12.094},{"created":"2015-11-08T16:20:06Z","user_id":"563f6a6e32643400036c1a00","duration":18.571},{"created":"2015-11-08T16:20:46Z","user_id":"563f73c53264340003eb2500","duration":9.6}]}],"region":{"x":367.40526153051405,"y":762.2274347178125,"width":290.1944515036472,"height":66.00989222229418,"label":"Dimension \u0026 Description","shape":"rectangle"},"task_key":"em_record_survey_stories_materials","instructions":{"mark":"Dimension \u0026 Description","transcribe":"Enter, as they appear, the number of stories and the building materials."}},{"id":"580d882761643900034f4b02","status":"complete","name":"Land \u0026 Building Dimensions","created_in_workflow":"verify","confidence":1.0,"data":{"em_survey_land_dimensions":"50 x 100","em_survey_building_dimensions":"40 x 45"},"versions":[{"data":{"em_survey_land_dimensions":"50 x 100","em_survey_building_dimensions":"40 x 45"},"votes":3,"confidence":1.0,"instances":[{"created":"2015-11-29T23:01:37Z","user_id":"5647496e3562310003960400","duration":11.025},{"created":"2015-12-08T02:50:44Z","user_id":"563f8b7a3264340003774b00","duration":11.605},{"created":"2015-12-13T04:25:56Z","user_id":"5668bbbe3064310003db0500","duration":20.023}]}],"region":{"x":367.40526153051405,"y":762.2274347178125,"width":290.1944515036472,"height":66.00989222229418,"label":"Dimension \u0026 Description","shape":"rectangle"},"task_key":"em_transcribed_survey","instructions":{"mark":"Dimension \u0026 Description","transcribe":"Enter, as they appear, any land and building dimensions that were recorded. In the next screen, you'll enter the descriptive information.","verify":"Choose the best transcription or enter your own!"}},{"id":"580d88276164390003504b02","status":"complete","name":"Record Date","created_in_workflow":"verify","confidence":1.0,"data":{"value":"Nov 23/91"},"versions":[{"data":{"value":"Nov 23/91"},"votes":6,"confidence":0.75,"instances":[{"created":"2015-11-08T16:26:36Z","user_id":"563f6fd93264340003f82000","duration":15.669},{"created":"2015-11-30T00:11:42Z","user_id":"5647496e3562310003960400","duration":11.845},{"created":"2015-12-10T02:27:50Z","user_id":"563f8b7a3264340003774b00","duration":10.923},{"created":"2015-12-14T00:56:48Z","user_id":"5668bbbe3064310003db0500","duration":8.208},{"created":"2015-12-19T03:17:11Z","user_id":"56748e5e3564620003fd0100","duration":7.411},{"created":"2015-12-21T02:13:29Z","user_id":"5677558f6666370003510100","duration":40.217}]},{"data":{"value":"November 23, 1891"},"votes":2,"confidence":0.25,"instances":[{"created":"2015-11-08T16:22:18Z","user_id":"563f76843264340003c82900","duration":17.324},{"created":"2015-11-08T16:26:36Z","user_id":"563f763c3264340003482900","duration":18.508}]}],"region":{"x":297.65895558972335,"y":628.9621806086525,"width":183.08405309457567,"height":38.609559601719184,"label":"Record Date","shape":"rectangle"},"task_key":"em_transcribed_date","instructions":{"mark":"Record Date","transcribe":"Enter the record date","verify":"Choose the best transcription or enter your own!"}},{"id":"580d88276164390003514b02","status":"complete","name":"Amount Loaned","created_in_workflow":"verify","confidence":1.0,"data":{"value":"$14000"},"versions":[{"data":{"value":"$14000"},"votes":3,"confidence":0.75,"instances":[{"created":"2015-12-05T18:25:55Z","user_id":"563f8b7a3264340003774b00","duration":4.484},{"created":"2015-12-19T00:18:02Z","user_id":"56748e5e3564620003fd0100","duration":3.756},{"created":"2015-12-21T01:42:36Z","user_id":"5677558f6666370003510100","duration":18.744}]},{"data":{"value":"$14,000"},"votes":1,"confidence":0.25,"instances":[{"created":"2015-12-13T04:19:11Z","user_id":"5668bbbe3064310003db0500","duration":4.421}]}],"region":{"x":925.3757090568399,"y":698.7084818246615,"width":120.81056564744108,"height":33.62768094343289,"label":"Amount Loaned","shape":"rectangle"},"task_key":"em_transcribed_amount_loaned","instructions":{"mark":"Amount Loaned","transcribe":"Enter the Amount Loaned","verify":"Choose the best transcription or enter your own!"}}]}],"export_document":{"name":"Record","export_fields":[{"name":"Mortgager","value":"Jno.  M. Clancy","original_value":{"value":"Jno.  M. Clancy"},"assertion_ids":["580d882761643900034c4b02"]},{"name":"Street Address","value":"N.E. Cor. Bridge Sands Str. ","original_value":{"value":"N.E. Cor. Bridge Sands Str. "},"assertion_ids":["580d882761643900034d4b02"]},{"name":"Record Date","value":"1891-11-23T00:00:00Z","original_value":{"value":"Nov 23/91"},"assertion_ids":["580d88276164390003504b02"]},{"name":"Land \u0026 Building Dimensions","value":{"em_survey_land_dimensions":[50,100],"em_survey_building_dimensions":[40,45]},"original_value":{"em_survey_land_dimensions":"50 x 100","em_survey_building_dimensions":"40 x 45"},"assertion_ids":["580d882761643900034f4b02"]},{"name":"Amount Loaned","value":14000.0,"original_value":{"value":"$14000"},"assertion_ids":["580d88276164390003514b02"]},{"name":"Stories \u0026 Materials","value":{"em_record_stories":4,"em_record_material":"Brick"},"original_value":{"em_record_stories":"4","em_record_material":"Brick"},"assertion_ids":["580d882761643900034e4b02"]},{"name":"Record Number","value":3788,"original_value":{"value":"3788"},"assertion_ids":["580d882761643900034b4b02"]}]}}