{"id":"56b10a9e7061755afba7ce00","meta_data":{"capture_uuid":"14b25ac0-02e7-0133-af0d-58d385a7bbd0","page_uri":"http://digitalcollections.nypl.org/items/14b25ac0-02e7-0133-af0d-58d385a7bbd0","book_uri":"http://digitalcollections.nypl.org/items/109c0900-02e7-0133-03cf-58d385a7bbd0","source_rotated":"0.839234","source_x":"0","source_y":"866.21","source_w":"1371.64","source_h":"976.79"},"type":"final_subject_set","search_terms_by_field":{"Land \u0026 Building Dimensions":["19.1.5 x 100","19.1.5 x 45"],"Stories \u0026 Materials":["3","br"],"Additional Info":[],"Record Number":["4099"],"Mortgager":["Susan Molloy"],"Street Address":["1531 Pacific St. Bk"],"Record Date":["Jany 8/94"],"Land \u0026 Building Value":["$1500.","5500."],"Total Value":[],"Valuation Date":[],"Amount Loaned":["$3500"]},"subjects":[{"id":"580db27f6164390003077103","type":"root","location":{"standard":"https://s3.amazonaws.com/scribe.nypl.org/emigrant-s4/full/14b25ac0-02e7-0133-af0d-58d385a7bbd0.left-bottom.jpg","thumbnail":"https://s3.amazonaws.com/scribe.nypl.org/emigrant-s4/thumb/14b25ac0-02e7-0133-af0d-58d385a7bbd0.left-bottom.jpg"},"status":"retired","width":1371,"height":976,"meta_data":{"capture_uuid":"14b25ac0-02e7-0133-af0d-58d385a7bbd0","page_uri":"http://digitalcollections.nypl.org/items/14b25ac0-02e7-0133-af0d-58d385a7bbd0","book_uri":"http://digitalcollections.nypl.org/items/109c0900-02e7-0133-03cf-58d385a7bbd0","source_rotated":"0.839234","source_x":"0","source_y":"866.21","source_w":"1371.64","source_h":"976.79"},"assertions":[{"id":"580db27f6164390003087103","status":"awaiting_transcriptions","name":"Land \u0026 Building Dimensions","created_in_workflow":"transcribe","confidence":0.3333333333333333,"data":{"em_survey_land_dimensions":"19.1.5 x 100","em_survey_building_dimensions":"19.1.5 x 45"},"versions":[{"data":{"em_survey_land_dimensions":"19.1.5 x 100","em_survey_building_dimensions":"19.1.5 x 45"},"votes":1,"confidence":0.3333333333333333,"instances":[{"created":"2015-11-19T20:05:21Z","user_id":"564e1f123964660003e30500","duration":36.394}]},{"data":{"em_survey_land_dimensions":"19.1 1/2x100","em_survey_building_dimensions":"19.1 1/2x45"},"votes":1,"confidence":0.3333333333333333,"instances":[{"created":"2015-12-18T16:35:56Z","user_id":"5668b33530333000032d0500","duration":13.394}]}],"region":{"x":92.08309562500735,"y":707.0499381717873,"width":554.0538729418138,"height":83.18234566726915,"label":"Dimension \u0026 Description","shape":"rectangle"},"task_key":"em_record_survey","instructions":{"mark":"Dimension \u0026 Description","transcribe":"Enter, as they appear, any land and building dimensions that were recorded. In the next screen, you'll enter the descriptive information."}},{"id":"580db27f6164390003097103","status":"awaiting_transcriptions","name":"Stories \u0026 Materials","created_in_workflow":"transcribe","confidence":0.3333333333333333,"data":{"em_record_stories":"3","em_record_material":"br"},"versions":[{"data":{"em_record_stories":"3","em_record_material":"br"},"votes":1,"confidence":0.3333333333333333,"instances":[{"created":"2015-11-19T20:05:28Z","user_id":"564e1f123964660003e30500","duration":6.389}]},{"data":{"em_record_stories":"3","em_record_material":"br."},"votes":1,"confidence":0.3333333333333333,"instances":[{"created":"2015-12-18T16:35:58Z","user_id":"5668b33530333000032d0500","duration":2.482}]}],"region":{"x":92.08309562500735,"y":707.0499381717873,"width":554.0538729418138,"height":83.18234566726915,"label":"Dimension \u0026 Description","shape":"rectangle"},"task_key":"em_record_survey_stories_materials","instructions":{"mark":"Dimension \u0026 Description","transcribe":"Enter, as they appear, the number of stories and the building materials."}},{"id":"580db27f61643900030a7103","status":"awaiting_transcriptions","name":"Additional Info","created_in_workflow":"transcribe","confidence":0.3333333333333333,"data":{"value":""},"versions":[{"data":{"value":""},"votes":1,"confidence":0.3333333333333333,"instances":[{"created":"2015-12-18T16:35:59Z","user_id":"5668b33530333000032d0500","duration":0.886}]}],"region":{"x":92.08309562500735,"y":707.0499381717873,"width":554.0538729418138,"height":83.18234566726915,"label":"Dimension \u0026 Description","shape":"rectangle"},"task_key":"em_record_survey_additional_info","instructions":{"mark":"Dimension \u0026 Description","transcribe":"Enter any additional information you find about the building's construction or significance."}},{"id":"580db27f61643900030b7103","status":"complete","name":"Record Number","created_in_workflow":"transcribe","confidence":1.0,"data":{"value":"4099"},"versions":[{"data":{"value":"4099"},"votes":3,"confidence":1.0,"instances":[{"created":"2015-11-13T20:59:36Z","user_id":"564618af6363350003da0c00","duration":4.89},{"created":"2015-11-13T21:33:20Z","user_id":"5646061e63633500031e0b00","duration":7.582},{"created":"2015-11-13T21:37:20Z","user_id":"564653f06363350003ca1200","duration":2.971}]}],"region":{"x":686.3289060760975,"y":53.050798874674875,"width":184.01995681534095,"height":77.91836084717872,"label":"Record Number","shape":"rectangle"},"task_key":"em_record_number","instructions":{"mark":"Record Number","transcribe":"Enter the record number"}},{"id":"580db27f61643900030c7103","status":"complete","name":"Mortgager","created_in_workflow":"transcribe","confidence":1.0,"data":{"value":"Susan Molloy"},"versions":[{"data":{"value":"Susan Molloy"},"votes":3,"confidence":1.0,"instances":[{"created":"2015-11-13T21:34:06Z","user_id":"5646061e63633500031e0b00","duration":6.78},{"created":"2015-11-13T21:37:51Z","user_id":"564653f06363350003ca1200","duration":5.002},{"created":"2015-11-13T21:53:54Z","user_id":"5646571f6363350003ea1300","duration":7.618}]}],"region":{"x":81.21823726889507,"y":620.0312118477625,"width":339.85667700130534,"height":49.73512394500773,"label":"Mortgager Name","shape":"rectangle"},"task_key":"em_record_mortgager","instructions":{"mark":"Mortgager Name","transcribe":"Enter the mortgager's name"}},{"id":"580db27f61643900030d7103","status":"complete","name":"Street Address","created_in_workflow":"verify","confidence":1.0,"data":{"value":"1531 Pacific St. Bk"},"versions":[{"data":{"value":"1531 Pacific St. Bk"},"votes":3,"confidence":1.0,"instances":[{"created":"2015-11-14T01:10:02Z","user_id":"564618af6363350003da0c00","duration":14.656},{"created":"2015-11-14T01:34:27Z","user_id":"56468e4e38613400033a0200","duration":28.008},{"created":"2016-04-18T23:21:36Z","user_id":"563f8b7a3264340003774b00","duration":9.066}]}],"region":{"x":76.24472492253449,"y":658.1614735389352,"width":467.5101605578934,"height":59.682148734009274,"label":"Street Address","shape":"rectangle"},"task_key":"em_transcribed_address","instructions":{"mark":"Street Address","transcribe":"Enter the street address","verify":"Choose the best transcription or enter your own!"}},{"id":"580db27f61643900030e7103","status":"complete","name":"Record Date","created_in_workflow":"verify","confidence":1.0,"data":{"value":"Jany 8/94"},"versions":[{"data":{"value":"Jany 8/94"},"votes":7,"confidence":0.5833333333333334,"instances":[{"created":"2016-04-18T23:10:23Z","user_id":"563f8b7a3264340003774b00","duration":5.682},{"created":"2016-04-24T13:07:19Z","user_id":"571cb8be30303100032f0000","duration":7.674},{"created":"2016-04-24T20:03:16Z","user_id":"571d23a53030310003370200","duration":3.444},{"created":"2016-04-24T23:26:42Z","user_id":"571d55053030310003ba0300","duration":17.903},{"created":"2016-04-24T23:51:45Z","user_id":"571d5c103030310003e80300","duration":95.642},{"created":"2016-04-25T00:40:53Z","user_id":"571d67923030310003050400","duration":26.551},{"created":"2016-04-25T00:50:44Z","user_id":"571d69e230303100030c0400","duration":35.241}]},{"data":{"value":"January 8/94"},"votes":4,"confidence":0.3333333333333333,"instances":[{"created":"2015-11-13T22:08:09Z","user_id":"56465a9b6363350003a01400","duration":7.992},{"created":"2015-11-13T22:13:10Z","user_id":"564653f06363350003ca1200","duration":4.92},{"created":"2016-04-24T20:11:36Z","user_id":"571d28e630303100036d0300","duration":25.335},{"created":"2016-04-24T20:16:00Z","user_id":"571d28e630303100036d0300","duration":4.811}]},{"data":{"value":"1894 January 8"},"votes":1,"confidence":0.08333333333333333,"instances":[{"created":"2015-11-13T22:37:36Z","user_id":"56465a2861613700039f0700","duration":21.332}]}],"region":{"x":87.84958706404248,"y":578.5852752269228,"width":363.0664012843215,"height":54.70863633950853,"label":"Record Date","shape":"rectangle"},"task_key":"em_transcribed_date","instructions":{"mark":"Record Date","transcribe":"Enter the record date","verify":"Choose the best transcription or enter your own!"}},{"id":"580db27f61643900030f7103","status":"awaiting_votes","name":"Land \u0026 Building Value","created_in_workflow":"verify","confidence":0.6666666666666666,"data":{"em_valuation_ground":"$1500.","em_valuation_building":"5500."},"versions":[{"data":{"em_valuation_ground":"$1500.","em_valuation_building":"5500."},"votes":2,"confidence":0.6666666666666666,"instances":[{"created":"2016-09-08T17:41:31Z","user_id":"57c49a363234370003600200","duration":10.518},{"created":"2016-10-13T22:42:24Z","user_id":"5750d4e061323000033d0000","duration":13.663}]}],"region":{"x":669.7505315882289,"y":573.6117628324221,"width":323.27830251343687,"height":92.8388980306811,"label":"Valuation","shape":"rectangle"},"task_key":"em_transcribed_valuation_itemized","instructions":{"mark":"Valuation","transcribe":"Sometimes valuations include itemized dollar values for \"ground\" and \"building\". Enter these amounts if you can find them. In the next screen, you'll enter the total valuation.","verify":"Choose the best transcription or enter your own!"}},{"id":"580db27f6164390003107103","status":"awaiting_votes","name":"Total Value","created_in_workflow":"verify","confidence":0.3333333333333333,"data":{"value":""},"versions":[{"data":{"value":""},"votes":1,"confidence":0.3333333333333333,"instances":[{"created":"2016-09-08T20:25:33Z","user_id":"57c49a363234370003600200","duration":7.16}]}],"region":{"x":669.7505315882289,"y":573.6117628324221,"width":323.27830251343687,"height":92.8388980306811,"label":"Valuation","shape":"rectangle"},"task_key":"em_transcribed_valuation_total","instructions":{"mark":"Valuation","transcribe":"Enter the valuation ***total*** (if one is given)","verify":"Choose the best transcription or enter your own!"}},{"id":"580db27f6164390003117103","status":"awaiting_votes","name":"Valuation Date","created_in_workflow":"transcribe","confidence":0.5,"data":{"value":""},"versions":[{"data":{"value":""},"votes":2,"confidence":0.5,"instances":[{"created":"2016-09-07T17:45:47Z","user_id":"57d04ef13366360003b50100","duration":3.252},{"created":"2016-09-08T17:37:36Z","user_id":"57d1a0573132340003790200","duration":3.083}]},{"data":{"value":"1994 july"},"votes":1,"confidence":0.25,"instances":[{"created":"2016-09-08T19:07:43Z","user_id":"57d1b8483132340003f20300","duration":120.979}]},{"data":{"value":"Jany 8/94"},"votes":1,"confidence":0.25,"instances":[{"created":"2016-09-08T20:24:50Z","user_id":"57c49a363234370003600200","duration":12.613}]}],"region":{"x":669.7505315882289,"y":573.6117628324221,"width":323.27830251343687,"height":92.8388980306811,"label":"Valuation","shape":"rectangle"},"task_key":"em_record_valuation","instructions":{"mark":"Valuation","transcribe":"Enter the date of the valuation (if one is given). In the next screen, you'll enter the valuation's dollar amounts."}},{"id":"580db27f6164390003127103","status":"complete","name":"Amount Loaned","created_in_workflow":"verify","confidence":1.0,"data":{"value":"$3500"},"versions":[{"data":{"value":"$3500"},"votes":3,"confidence":0.6,"instances":[{"created":"2015-11-13T22:14:54Z","user_id":"564653f06363350003ca1200","duration":5.522},{"created":"2015-11-14T01:09:47Z","user_id":"564618af6363350003da0c00","duration":9.735},{"created":"2016-04-18T23:18:10Z","user_id":"563f8b7a3264340003774b00","duration":4.141}]},{"data":{"value":"$3,500"},"votes":2,"confidence":0.4,"instances":[{"created":"2015-11-13T22:08:30Z","user_id":"56465a9b6363350003a01400","duration":5.598},{"created":"2015-11-14T01:30:44Z","user_id":"56468e4e38613400033a0200","duration":14.856}]}],"region":{"x":683.0132311785238,"y":656.5036360741016,"width":300.0685782304208,"height":61.339986198842894,"label":"Amount Loaned","shape":"rectangle"},"task_key":"em_transcribed_amount_loaned","instructions":{"mark":"Amount Loaned","transcribe":"Enter the Amount Loaned","verify":"Choose the best transcription or enter your own!"}}]}],"export_document":{"name":"Record","export_fields":[{"name":"Mortgager","value":"Susan Molloy","original_value":{"value":"Susan Molloy"},"assertion_ids":["580db27f61643900030c7103"]},{"name":"Street Address","value":"1531 Pacific St. Bk","original_value":{"value":"1531 Pacific St. Bk"},"assertion_ids":["580db27f61643900030d7103"]},{"name":"Record Date","value":"1894-01-08T00:00:00Z","original_value":{"value":"Jany 8/94"},"assertion_ids":["580db27f61643900030e7103"]},{"name":"Land \u0026 Building Dimensions","value":{"em_survey_land_dimensions":[19.51666666666667,100],"em_survey_building_dimensions":[19.51666666666667,45]},"original_value":{"em_survey_land_dimensions":"19.1.5 x 100","em_survey_building_dimensions":"19.1.5 x 45"},"assertion_ids":["580db27f6164390003087103"]},{"name":"Amount Loaned","value":3500.0,"original_value":{"value":"$3500"},"assertion_ids":["580db27f6164390003127103"]},{"name":"Stories \u0026 Materials","value":{"em_record_stories":3,"em_record_material":"br"},"original_value":{"em_record_stories":"3","em_record_material":"br"},"assertion_ids":["580db27f6164390003097103"]},{"name":"Valuation","value":null,"original_value":null,"assertion_ids":null},{"name":"Record Number","value":4099,"original_value":{"value":"4099"},"assertion_ids":["580db27f61643900030b7103"]},{"name":"Additional Info","value":"","original_value":{"value":""},"assertion_ids":["580db27f61643900030a7103"]}]}}