{"id":"56b10aa57061755afb31cf00","meta_data":{"capture_uuid":"14c5e530-02e7-0133-f8d9-58d385a7bbd0","page_uri":"http://digitalcollections.nypl.org/items/14c5e530-02e7-0133-f8d9-58d385a7bbd0","book_uri":"http://digitalcollections.nypl.org/items/109c0900-02e7-0133-03cf-58d385a7bbd0","source_rotated":"0.839234","source_x":"1215.39","source_y":"0","source_w":"1370.61","source_h":"901.5999999999999"},"type":"final_subject_set","search_terms_by_field":{"Land \u0026 Building Dimensions":["see diagram","74.6 x 134.6"],"Stories \u0026 Materials":["Br \u0026 Stone bldg"],"Additional Info":["Church"],"Record Number":["4108"],"Mortgager":["Church of Our Lady of Mercy"],"Street Address":["De Bevoise Place Brooklyn"],"Record Date":["Feby 26/94"],"Amount Loaned":["$15000"]},"subjects":[{"id":"580d8bcb6164390003c97202","type":"root","location":{"standard":"https://s3.amazonaws.com/scribe.nypl.org/emigrant-s4/full/14c5e530-02e7-0133-f8d9-58d385a7bbd0.right-top.jpg","thumbnail":"https://s3.amazonaws.com/scribe.nypl.org/emigrant-s4/thumb/14c5e530-02e7-0133-f8d9-58d385a7bbd0.right-top.jpg"},"status":"retired","width":1370,"height":901,"meta_data":{"capture_uuid":"14c5e530-02e7-0133-f8d9-58d385a7bbd0","page_uri":"http://digitalcollections.nypl.org/items/14c5e530-02e7-0133-f8d9-58d385a7bbd0","book_uri":"http://digitalcollections.nypl.org/items/109c0900-02e7-0133-03cf-58d385a7bbd0","source_rotated":"0.839234","source_x":"1215.39","source_y":"0","source_w":"1370.61","source_h":"901.5999999999999"},"assertions":[{"id":"580d8bcb6164390003ca7202","status":"awaiting_transcriptions","name":"Land \u0026 Building Dimensions","created_in_workflow":"transcribe","confidence":0.6666666666666666,"data":{"em_survey_land_dimensions":"see diagram","em_survey_building_dimensions":"74.6 x 134.6"},"versions":[{"data":{"em_survey_land_dimensions":"see diagram","em_survey_building_dimensions":"74.6 x 134.6"},"votes":2,"confidence":0.6666666666666666,"instances":[{"created":"2015-11-19T20:05:54Z","user_id":"564e1f123964660003e30500","duration":22.988},{"created":"2016-10-06T17:49:32Z","user_id":"57c49a363234370003600200","duration":70.647}]}],"region":{"x":135.06275177351583,"y":740.6712141882674,"width":581.8499001006599,"height":89.05866302864933,"label":"Dimension \u0026 Description","shape":"rectangle"},"task_key":"em_record_survey","instructions":{"mark":"Dimension \u0026 Description","transcribe":"Enter, as they appear, any land and building dimensions that were recorded. In the next screen, you'll enter the descriptive information."}},{"id":"580d8bcb6164390003cb7202","status":"awaiting_transcriptions","name":"Additional Info","created_in_workflow":"transcribe","confidence":0.3333333333333333,"data":{"value":"Church"},"versions":[{"data":{"value":"Church"},"votes":1,"confidence":0.3333333333333333,"instances":[{"created":"2015-11-19T20:06:24Z","user_id":"564e1f123964660003e30500","duration":7.02}]},{"data":{"value":"bldg."},"votes":1,"confidence":0.3333333333333333,"instances":[{"created":"2016-10-06T17:49:51Z","user_id":"57c49a363234370003600200","duration":4.727}]}],"region":{"x":135.06275177351583,"y":740.6712141882674,"width":581.8499001006599,"height":89.05866302864933,"label":"Dimension \u0026 Description","shape":"rectangle"},"task_key":"em_record_survey_additional_info","instructions":{"mark":"Dimension \u0026 Description","transcribe":"Enter any additional information you find about the building's construction or significance."}},{"id":"580d8bcb6164390003cc7202","status":"awaiting_transcriptions","name":"Stories \u0026 Materials","created_in_workflow":"transcribe","confidence":0.3333333333333333,"data":{"em_record_material":"Br \u0026 Stone bldg"},"versions":[{"data":{"em_record_material":"Br \u0026 Stone bldg"},"votes":1,"confidence":0.3333333333333333,"instances":[{"created":"2015-11-19T20:06:17Z","user_id":"564e1f123964660003e30500","duration":22.821}]},{"data":{"em_record_stories":" ","em_record_material":"Br \u0026 Stone"},"votes":1,"confidence":0.3333333333333333,"instances":[{"created":"2016-10-06T17:49:46Z","user_id":"57c49a363234370003600200","duration":13.861}]}],"region":{"x":135.06275177351583,"y":740.6712141882674,"width":581.8499001006599,"height":89.05866302864933,"label":"Dimension \u0026 Description","shape":"rectangle"},"task_key":"em_record_survey_stories_materials","instructions":{"mark":"Dimension \u0026 Description","transcribe":"Enter, as they appear, the number of stories and the building materials."}},{"id":"580d8bcb6164390003cd7202","status":"complete","name":"Record Number","created_in_workflow":"transcribe","confidence":1.0,"data":{"value":"4108"},"versions":[{"data":{"value":"4108"},"votes":3,"confidence":1.0,"instances":[{"created":"2015-11-13T20:57:45Z","user_id":"5646061e63633500031e0b00","duration":4.241},{"created":"2015-11-13T21:53:47Z","user_id":"5646571f6363350003ea1300","duration":5.15},{"created":"2015-11-13T22:02:17Z","user_id":"56465bf46363350003d81400","duration":3.638}]}],"region":{"x":743.810401652905,"y":97.74120891749024,"width":188.8558971147894,"height":57.98207308664675,"label":"Record Number","shape":"rectangle"},"task_key":"em_record_number","instructions":{"mark":"Record Number","transcribe":"Enter the record number"}},{"id":"580d8bcb6164390003ce7202","status":"complete","name":"Mortgager","created_in_workflow":"transcribe","confidence":1.0,"data":{"value":"Church of Our Lady of Mercy"},"versions":[{"data":{"value":"Church of Our Lady of Mercy"},"votes":3,"confidence":1.0,"instances":[{"created":"2015-11-13T20:58:16Z","user_id":"5646061e63633500031e0b00","duration":8.764},{"created":"2015-11-13T21:54:36Z","user_id":"5646571f6363350003ea1300","duration":8.536},{"created":"2015-11-13T22:02:33Z","user_id":"56465bf46363350003d81400","duration":8.527}]}],"region":{"x":147.4233581325176,"y":664.3088945070099,"width":550.001384579913,"height":44.72902780969898,"label":"Mortgager Name","shape":"rectangle"},"task_key":"em_record_mortgager","instructions":{"mark":"Mortgager Name","transcribe":"Enter the mortgager's name"}},{"id":"580d8bcb6164390003cf7202","status":"complete","name":"Street Address","created_in_workflow":"verify","confidence":1.0,"data":{"value":"De Bevoise Place Brooklyn"},"versions":[{"data":{"value":"De Bevoise Place Brooklyn"},"votes":2,"confidence":0.6666666666666666,"instances":[{"created":"2016-04-18T02:02:36Z","user_id":"563f8b7a3264340003774b00","duration":30.652},{"created":"2016-04-24T19:57:44Z","user_id":"571d23a53030310003370200","duration":6.742}]},{"data":{"value":"DuBevoise Place Brooklyn"},"votes":1,"confidence":0.3333333333333333,"instances":[{"created":"2016-04-24T12:57:55Z","user_id":"571cb8be30303100032f0000","duration":58.55}]}],"region":{"x":145.76672745607206,"y":705.7246609974718,"width":553.314645932804,"height":46.38565846931746,"label":"Street Address","shape":"rectangle"},"task_key":"em_transcribed_address","instructions":{"mark":"Street Address","transcribe":"Enter the street address","verify":"Choose the best transcription or enter your own!"}},{"id":"580d8bcb6164390003d07202","status":"complete","name":"Record Date","created_in_workflow":"verify","confidence":1.0,"data":{"value":"Feby 26/94"},"versions":[{"data":{"value":"Feby 26/94"},"votes":3,"confidence":1.0,"instances":[{"created":"2015-12-06T23:59:45Z","user_id":"5647496e3562310003960400","duration":5.904},{"created":"2015-12-24T09:29:44Z","user_id":"56748e5e3564620003fd0100","duration":4.082},{"created":"2015-12-25T03:34:29Z","user_id":"5668bbbe3064310003db0500","duration":6.272}]}],"region":{"x":145.76672745607206,"y":619.579866697311,"width":372.7419022002422,"height":48.04228912893586,"label":"Record Date","shape":"rectangle"},"task_key":"em_transcribed_date","instructions":{"mark":"Record Date","transcribe":"Enter the record date","verify":"Choose the best transcription or enter your own!"}},{"id":"580d8bcb6164390003d17202","status":"complete","name":"Amount Loaned","created_in_workflow":"verify","confidence":1.0,"data":{"value":"$15000"},"versions":[{"data":{"value":"$15000"},"votes":2,"confidence":0.6666666666666666,"instances":[{"created":"2016-04-18T02:02:05Z","user_id":"563f8b7a3264340003774b00","duration":4.683},{"created":"2016-04-24T19:57:38Z","user_id":"571d23a53030310003370200","duration":3.687}]},{"data":{"value":"$15,000"},"votes":1,"confidence":0.3333333333333333,"instances":[{"created":"2016-04-24T20:09:49Z","user_id":"571d28e630303100036d0300","duration":4.523}]}],"region":{"x":763.6899697702513,"y":702.411399678235,"width":266.7175389077288,"height":51.355550448172835,"label":"Amount Loaned","shape":"rectangle"},"task_key":"em_transcribed_amount_loaned","instructions":{"mark":"Amount Loaned","transcribe":"Enter the Amount Loaned","verify":"Choose the best transcription or enter your own!"}}]}],"export_document":{"name":"Record","export_fields":[{"name":"Mortgager","value":"Church of Our Lady of Mercy","original_value":{"value":"Church of Our Lady of Mercy"},"assertion_ids":["580d8bcb6164390003ce7202"]},{"name":"Street Address","value":"De Bevoise Place Brooklyn","original_value":{"value":"De Bevoise Place Brooklyn"},"assertion_ids":["580d8bcb6164390003cf7202"]},{"name":"Record Date","value":"1894-02-26T00:00:00Z","original_value":{"value":"Feby 26/94"},"assertion_ids":["580d8bcb6164390003d07202"]},{"name":"Land \u0026 Building Dimensions","value":{"em_survey_land_dimensions":[0],"em_survey_building_dimensions":[74.5,134.5]},"original_value":{"em_survey_land_dimensions":"see diagram","em_survey_building_dimensions":"74.6 x 134.6"},"assertion_ids":["580d8bcb6164390003ca7202"]},{"name":"Amount Loaned","value":15000.0,"original_value":{"value":"$15000"},"assertion_ids":["580d8bcb6164390003d17202"]},{"name":"Stories \u0026 Materials","value":{"em_record_material":"Br \u0026 Stone bldg"},"original_value":{"em_record_material":"Br \u0026 Stone bldg"},"assertion_ids":["580d8bcb6164390003cc7202"]},{"name":"Record Number","value":4108,"original_value":{"value":"4108"},"assertion_ids":["580d8bcb6164390003cd7202"]},{"name":"Additional Info","value":"Church","original_value":{"value":"Church"},"assertion_ids":["580d8bcb6164390003cb7202"]}]}}