{"id":"56b10a577061755afb39c900","meta_data":{"capture_uuid":"137e7050-02e7-0133-b31f-58d385a7bbd0","page_uri":"http://digitalcollections.nypl.org/items/137e7050-02e7-0133-b31f-58d385a7bbd0","book_uri":"http://digitalcollections.nypl.org/items/109c0900-02e7-0133-03cf-58d385a7bbd0","source_rotated":"0.979081","source_x":"1217.27","source_y":"0","source_w":"1372.73","source_h":"906.5"},"type":"final_subject_set","search_terms_by_field":{"Record Number":["3996","3996"],"Street Address":["131 E. Houston St.","181 E. Houston St"],"Land \u0026 Building Dimensions":["25 x 97","25 x 42 (front) and 25 x 30 (rear?)"],"Stories \u0026 Materials":["5","br"],"Additional Info":[],"Record Date":["January 16, 1893","Jany 16/93"],"Valuation Date":[],"Land \u0026 Building Value":["$20000","15000"],"Total Value":[],"Amount Loaned":["$15,000","$15000"],"Mortgager":["Chas Frank"]},"subjects":[{"id":"580d6d036164390003ff3a01","type":"root","location":{"standard":"https://s3.amazonaws.com/scribe.nypl.org/emigrant-s4/full/137e7050-02e7-0133-b31f-58d385a7bbd0.right-top.jpg","thumbnail":"https://s3.amazonaws.com/scribe.nypl.org/emigrant-s4/thumb/137e7050-02e7-0133-b31f-58d385a7bbd0.right-top.jpg"},"status":"retired","width":1372,"height":906,"meta_data":{"capture_uuid":"137e7050-02e7-0133-b31f-58d385a7bbd0","page_uri":"http://digitalcollections.nypl.org/items/137e7050-02e7-0133-b31f-58d385a7bbd0","book_uri":"http://digitalcollections.nypl.org/items/109c0900-02e7-0133-03cf-58d385a7bbd0","source_rotated":"0.979081","source_x":"1217.27","source_y":"0","source_w":"1372.73","source_h":"906.5"},"assertions":[{"id":"580d6d036164390003003b01","status":"awaiting_transcriptions","name":"Record Number","created_in_workflow":"transcribe","confidence":0.3333333333333333,"data":{"value":"3996"},"versions":[{"data":{"value":"3996"},"votes":1,"confidence":0.3333333333333333,"instances":[{"created":"2016-01-14T02:16:42Z","user_id":"569702286133640003830600","duration":13.529}]}],"region":{"x":1098.6184264279436,"y":114.43959562290301,"width":15.0,"height":15.0,"label":"Record Number","shape":"rectangle"},"task_key":"em_record_number","instructions":{"mark":"Record Number","transcribe":"Enter the record number"}},{"id":"580d6d036164390003013b01","status":"awaiting_transcriptions","name":"Street Address","created_in_workflow":"transcribe","confidence":0.3333333333333333,"data":{"value":"131 E. Houston St."},"versions":[{"data":{"value":"131 E. Houston St."},"votes":1,"confidence":0.3333333333333333,"instances":[{"created":"2015-12-17T04:16:32Z","user_id":"56722e0e6434380003c90300","duration":7.737}]}],"region":{"x":677.7349852259449,"y":740.0427183614395,"width":15.0,"height":15.0,"label":"Street Address","shape":"rectangle"},"task_key":"em_record_street_address","instructions":{"mark":"Street Address","transcribe":"Enter the street address"}},{"id":"580d6d036164390003023b01","status":"awaiting_transcriptions","name":"Land \u0026 Building Dimensions","created_in_workflow":"transcribe","confidence":0.3333333333333333,"data":{"em_survey_land_dimensions":"25 x 97","em_survey_building_dimensions":"25 x 42 (front) and 25 x 30 (rear?)"},"versions":[{"data":{"em_survey_land_dimensions":"25 x 97","em_survey_building_dimensions":"25 x 42 (front) and 25 x 30 (rear?)"},"votes":1,"confidence":0.3333333333333333,"instances":[{"created":"2015-12-17T04:17:20Z","user_id":"56722e0e6434380003c90300","duration":47.385}]}],"region":{"x":356.03253621051994,"y":761.6590864235437,"width":370.0213939268328,"height":118.25424881033312,"label":"Dimension \u0026 Description","shape":"rectangle"},"task_key":"em_record_survey","instructions":{"mark":"Dimension \u0026 Description","transcribe":"Enter, as they appear, any land and building dimensions that were recorded. In the next screen, you'll enter the descriptive information."}},{"id":"580d6d036164390003033b01","status":"awaiting_transcriptions","name":"Stories \u0026 Materials","created_in_workflow":"transcribe","confidence":0.3333333333333333,"data":{"em_record_stories":"5","em_record_material":"br"},"versions":[{"data":{"em_record_stories":"5","em_record_material":"br"},"votes":1,"confidence":0.3333333333333333,"instances":[{"created":"2015-12-17T04:17:22Z","user_id":"56722e0e6434380003c90300","duration":2.584}]}],"region":{"x":356.03253621051994,"y":761.6590864235437,"width":370.0213939268328,"height":118.25424881033312,"label":"Dimension \u0026 Description","shape":"rectangle"},"task_key":"em_record_survey_stories_materials","instructions":{"mark":"Dimension \u0026 Description","transcribe":"Enter, as they appear, the number of stories and the building materials."}},{"id":"580d6d036164390003043b01","status":"awaiting_transcriptions","name":"Additional Info","created_in_workflow":"transcribe","confidence":0.3333333333333333,"data":{"value":""},"versions":[{"data":{"value":""},"votes":1,"confidence":0.3333333333333333,"instances":[{"created":"2015-12-17T04:17:24Z","user_id":"56722e0e6434380003c90300","duration":2.015}]}],"region":{"x":356.03253621051994,"y":761.6590864235437,"width":370.0213939268328,"height":118.25424881033312,"label":"Dimension \u0026 Description","shape":"rectangle"},"task_key":"em_record_survey_additional_info","instructions":{"mark":"Dimension \u0026 Description","transcribe":"Enter any additional information you find about the building's construction or significance."}},{"id":"580d6d036164390003053b01","status":"awaiting_transcriptions","name":"Record Date","created_in_workflow":"transcribe","confidence":0.3333333333333333,"data":{"value":"January 16, 1893"},"versions":[{"data":{"value":"January 16, 1893"},"votes":1,"confidence":0.3333333333333333,"instances":[{"created":"2015-12-17T04:16:07Z","user_id":"56722e0e6434380003c90300","duration":8.922}]}],"region":{"x":637.0453474058121,"y":629.4177759259666,"width":15.0,"height":15.0,"label":"Record Date","shape":"rectangle"},"task_key":"em_record_date","instructions":{"mark":"Record Date","transcribe":"Enter the record date"}},{"id":"580d6d036164390003063b01","status":"awaiting_transcriptions","name":"Valuation Date","created_in_workflow":"transcribe","confidence":0.3333333333333333,"data":{"value":""},"versions":[{"data":{"value":""},"votes":1,"confidence":0.3333333333333333,"instances":[{"created":"2015-12-17T02:51:56Z","user_id":"5647496e3562310003960400","duration":3.782}]}],"region":{"x":906.614197964192,"y":630.6893269884432,"width":162.75855128053126,"height":82.65081906098555,"label":"Valuation","shape":"rectangle"},"task_key":"em_record_valuation","instructions":{"mark":"Valuation","transcribe":"Enter the date of the valuation (if one is given). In the next screen, you'll enter the valuation's dollar amounts."}},{"id":"580d6d036164390003073b01","status":"awaiting_transcriptions","name":"Land \u0026 Building Value","created_in_workflow":"transcribe","confidence":0.3333333333333333,"data":{"em_valuation_ground":"$20000","em_valuation_building":"15000"},"versions":[{"data":{"em_valuation_ground":"$20000","em_valuation_building":"15000"},"votes":1,"confidence":0.3333333333333333,"instances":[{"created":"2015-12-17T02:52:04Z","user_id":"5647496e3562310003960400","duration":7.637}]}],"region":{"x":906.614197964192,"y":630.6893269884432,"width":162.75855128053126,"height":82.65081906098555,"label":"Valuation","shape":"rectangle"},"task_key":"em_record_valuation_ground_building","instructions":{"mark":"Valuation","transcribe":"Sometimes valuations include itemized dollar values for \"ground\" and \"building\". Enter these amounts if you can find them. In the next screen, you'll enter the total valuation."}},{"id":"580d6d036164390003083b01","status":"awaiting_transcriptions","name":"Total Value","created_in_workflow":"transcribe","confidence":0.3333333333333333,"data":{"value":""},"versions":[{"data":{"value":""},"votes":1,"confidence":0.3333333333333333,"instances":[{"created":"2015-12-17T02:52:05Z","user_id":"5647496e3562310003960400","duration":1.129}]}],"region":{"x":906.614197964192,"y":630.6893269884432,"width":162.75855128053126,"height":82.65081906098555,"label":"Valuation","shape":"rectangle"},"task_key":"em_record_valuation_total","instructions":{"mark":"Valuation","transcribe":"Enter the valuation ***total*** (if one is given)"}},{"id":"580d6d036164390003093b01","status":"awaiting_transcriptions","name":"Amount Loaned","created_in_workflow":"transcribe","confidence":0.3333333333333333,"data":{"value":"$15,000"},"versions":[{"data":{"value":"$15,000"},"votes":1,"confidence":0.3333333333333333,"instances":[{"created":"2015-12-17T04:16:25Z","user_id":"56722e0e6434380003c90300","duration":3.971}]}],"region":{"x":1138.0365130661974,"y":738.7711672989627,"width":15.0,"height":15.0,"label":"Amount Loaned","shape":"rectangle"},"task_key":"em_record_amount_loaned","instructions":{"mark":"Amount Loaned","transcribe":"Enter the Amount Loaned"}},{"id":"580d6d0361643900030a3b01","status":"awaiting_votes","name":"Record Number","created_in_workflow":"verify","confidence":0.3333333333333333,"data":{"value":"3996"},"versions":[{"data":{"value":"3996"},"votes":1,"confidence":0.3333333333333333,"instances":[{"created":"2016-09-14T02:33:05Z","user_id":"57c49a363234370003600200","duration":4.172}]}],"region":{"x":820.1487175964098,"y":97.9094318107059,"width":179.28871664496012,"height":63.577553123835024,"label":"Record Number","shape":"rectangle"},"task_key":"em_transcribed_record_number","instructions":{"mark":"Record Number","transcribe":"Enter the record number","verify":"Choose the best transcription or enter your own!"}},{"id":"580d6d0361643900030b3b01","status":"awaiting_votes","name":"Mortgager","created_in_workflow":"verify","confidence":0.3333333333333333,"data":{"value":"Chas Frank"},"versions":[{"data":{"value":"Chas Frank"},"votes":1,"confidence":0.3333333333333333,"instances":[{"created":"2016-09-14T02:33:45Z","user_id":"57c49a363234370003600200","duration":3.413}]}],"region":{"x":251.7653392964296,"y":663.7496546128377,"width":364.9351891993162,"height":50.86204249906795,"label":"Mortgager Name","shape":"rectangle"},"task_key":"em_transcribed_mortgager","instructions":{"mark":"Mortgager Name","transcribe":"Enter the mortgager's name","verify":"Choose the best transcription or enter your own!"}},{"id":"580d6d0361643900030c3b01","status":"awaiting_votes","name":"Street Address","created_in_workflow":"verify","confidence":0.3333333333333333,"data":{"value":"181 E. Houston St"},"versions":[{"data":{"value":"181 E. Houston St"},"votes":1,"confidence":0.3333333333333333,"instances":[{"created":"2016-09-14T02:33:54Z","user_id":"57c49a363234370003600200","duration":5.459}]}],"region":{"x":302.3687723890459,"y":719.6979013618122,"width":348.663638017437,"height":42.974123374487405,"label":"Street Address","shape":"rectangle"},"task_key":"em_transcribed_address","instructions":{"mark":"Street Address","transcribe":"Enter the street address","verify":"Choose the best transcription or enter your own!"}},{"id":"580d6d0361643900030d3b01","status":"awaiting_votes","name":"Record Date","created_in_workflow":"verify","confidence":0.3333333333333333,"data":{"value":"Jany 16/93"},"versions":[{"data":{"value":"Jany 16/93"},"votes":1,"confidence":0.3333333333333333,"instances":[{"created":"2016-09-14T02:38:17Z","user_id":"57c49a363234370003600200","duration":3.237}]}],"region":{"x":302.6273865715956,"y":607.801407863863,"width":253.03868519395093,"height":69.93530843621853,"label":"Record Date","shape":"rectangle"},"task_key":"em_transcribed_date","instructions":{"mark":"Record Date","transcribe":"Enter the record date","verify":"Choose the best transcription or enter your own!"}},{"id":"580d6d0361643900030e3b01","status":"awaiting_votes","name":"Amount Loaned","created_in_workflow":"verify","confidence":0.3333333333333333,"data":{"value":"$15000"},"versions":[{"data":{"value":"$15000"},"votes":1,"confidence":0.3333333333333333,"instances":[{"created":"2016-09-14T02:33:56Z","user_id":"57c49a363234370003600200","duration":2.896}]}],"region":{"x":924.4159145105001,"y":720.969452424289,"width":120.79736227851924,"height":30.517225499440727,"label":"Amount Loaned","shape":"rectangle"},"task_key":"em_transcribed_amount_loaned","instructions":{"mark":"Amount Loaned","transcribe":"Enter the Amount Loaned","verify":"Choose the best transcription or enter your own!"}}]}],"export_document":{"name":"Record","export_fields":[{"name":"Mortgager","value":"Chas Frank","original_value":{"value":"Chas Frank"},"assertion_ids":["580d6d0361643900030b3b01"]},{"name":"Street Address","value":"131 E. Houston St.","original_value":{"value":"131 E. Houston St."},"assertion_ids":["580d6d036164390003013b01"]},{"name":"Record Date","value":"1893-01-16T00:00:00Z","original_value":{"value":"January 16, 1893"},"assertion_ids":["580d6d036164390003053b01"]},{"name":"Land \u0026 Building Dimensions","value":{"em_survey_land_dimensions":[25,97],"em_survey_building_dimensions":[25,42,30]},"original_value":{"em_survey_land_dimensions":"25 x 97","em_survey_building_dimensions":"25 x 42 (front) and 25 x 30 (rear?)"},"assertion_ids":["580d6d036164390003023b01"]},{"name":"Amount Loaned","value":15000.0,"original_value":{"value":"$15,000"},"assertion_ids":["580d6d036164390003093b01"]},{"name":"Stories \u0026 Materials","value":{"em_record_stories":5,"em_record_material":"br"},"original_value":{"em_record_stories":"5","em_record_material":"br"},"assertion_ids":["580d6d036164390003033b01"]},{"name":"Valuation","value":null,"original_value":null,"assertion_ids":null},{"name":"Record Number","value":3996,"original_value":{"value":"3996"},"assertion_ids":["580d6d036164390003003b01"]},{"name":"Additional Info","value":"","original_value":{"value":""},"assertion_ids":["580d6d036164390003043b01"]}]}}