{"id":"56b10a287061755afb95c500","meta_data":{"capture_uuid":"12e39030-02e7-0133-db0c-58d385a7bbd0","page_uri":"http://digitalcollections.nypl.org/items/12e39030-02e7-0133-db0c-58d385a7bbd0","book_uri":"http://digitalcollections.nypl.org/items/109c0900-02e7-0133-03cf-58d385a7bbd0","source_rotated":"0.363689","source_x":"0","source_y":"854.46","source_w":"1363.19","source_h":"963.54"},"type":"final_subject_set","search_terms_by_field":{"Valuation Date":[],"Land \u0026 Building Value":["$25000","5000"],"Total Value":[],"Record Number":["3931"],"Mortgager":["Robt. Beatty"],"Street Address":["150 W. Bway \u0026 1 St John's Lane"],"Land \u0026 Building Dimensions":["See Diagram","Covering lot"],"Stories \u0026 Materials":["fr \u0026 bk"],"Additional Info":[],"Record Date":["July 18/92"],"Amount Loaned":["$15,000.00"]},"subjects":[{"id":"580db4c76164390003018703","type":"root","location":{"standard":"https://s3.amazonaws.com/scribe.nypl.org/emigrant-s4/full/12e39030-02e7-0133-db0c-58d385a7bbd0.left-bottom.jpg","thumbnail":"https://s3.amazonaws.com/scribe.nypl.org/emigrant-s4/thumb/12e39030-02e7-0133-db0c-58d385a7bbd0.left-bottom.jpg"},"status":"retired","width":1363,"height":963,"meta_data":{"capture_uuid":"12e39030-02e7-0133-db0c-58d385a7bbd0","page_uri":"http://digitalcollections.nypl.org/items/12e39030-02e7-0133-db0c-58d385a7bbd0","book_uri":"http://digitalcollections.nypl.org/items/109c0900-02e7-0133-03cf-58d385a7bbd0","source_rotated":"0.363689","source_x":"0","source_y":"854.46","source_w":"1363.19","source_h":"963.54"},"assertions":[{"id":"580db4c76164390003028703","status":"awaiting_transcriptions","name":"Valuation Date","created_in_workflow":"transcribe","confidence":0.3333333333333333,"data":{"value":""},"versions":[{"data":{"value":""},"votes":1,"confidence":0.3333333333333333,"instances":[{"created":"2015-12-07T19:09:02Z","user_id":"5647496e3562310003960400","duration":2.175}]}],"region":{"x":668.8228163710144,"y":575.280960081709,"width":307.74907541969435,"height":111.03447101881011,"label":"Valuation","shape":"rectangle"},"task_key":"em_record_valuation","instructions":{"mark":"Valuation","transcribe":"Enter the date of the valuation (if one is given). In the next screen, you'll enter the valuation's dollar amounts."}},{"id":"580db4c76164390003038703","status":"awaiting_transcriptions","name":"Land \u0026 Building Value","created_in_workflow":"transcribe","confidence":0.3333333333333333,"data":{"em_valuation_ground":"$25000","em_valuation_building":"5000"},"versions":[{"data":{"em_valuation_ground":"$25000","em_valuation_building":"5000"},"votes":1,"confidence":0.3333333333333333,"instances":[{"created":"2015-12-07T19:09:10Z","user_id":"5647496e3562310003960400","duration":8.598}]}],"region":{"x":668.8228163710144,"y":575.280960081709,"width":307.74907541969435,"height":111.03447101881011,"label":"Valuation","shape":"rectangle"},"task_key":"em_record_valuation_ground_building","instructions":{"mark":"Valuation","transcribe":"Sometimes valuations include itemized dollar values for \"ground\" and \"building\". Enter these amounts if you can find them. In the next screen, you'll enter the total valuation."}},{"id":"580db4c76164390003048703","status":"awaiting_transcriptions","name":"Total Value","created_in_workflow":"transcribe","confidence":0.3333333333333333,"data":{"value":""},"versions":[{"data":{"value":""},"votes":1,"confidence":0.3333333333333333,"instances":[{"created":"2015-12-07T19:09:12Z","user_id":"5647496e3562310003960400","duration":1.151}]}],"region":{"x":668.8228163710144,"y":575.280960081709,"width":307.74907541969435,"height":111.03447101881011,"label":"Valuation","shape":"rectangle"},"task_key":"em_record_valuation_total","instructions":{"mark":"Valuation","transcribe":"Enter the valuation ***total*** (if one is given)"}},{"id":"580db4c76164390003058703","status":"complete","name":"Record Number","created_in_workflow":"transcribe","confidence":1.0,"data":{"value":"3931"},"versions":[{"data":{"value":"3931"},"votes":3,"confidence":1.0,"instances":[{"created":"2015-11-14T05:44:31Z","user_id":"563f8b7a3264340003774b00","duration":10.462},{"created":"2015-11-14T08:40:52Z","user_id":"5646ec883861340003ea0f00","duration":2.878},{"created":"2015-11-14T14:56:56Z","user_id":"5647496e3562310003960400","duration":6.947}]}],"region":{"x":305.2832655289918,"y":76.99947396107312,"width":575.4697310724533,"height":49.98211467648605,"label":"Record Number","shape":"rectangle"},"task_key":"em_record_number","instructions":{"mark":"Record Number","transcribe":"Enter the record number"}},{"id":"580db4c76164390003068703","status":"complete","name":"Mortgager","created_in_workflow":"verify","confidence":1.0,"data":{"value":"Robt. Beatty"},"versions":[{"data":{"value":"Robt. Beatty"},"votes":2,"confidence":0.6666666666666666,"instances":[{"created":"2016-04-26T00:47:34Z","user_id":"571eb9bf6663350003c10400","duration":7.636},{"created":"2016-04-26T00:51:36Z","user_id":"571edc6266633800033b0000","duration":112.332}]},{"data":{"value":"Robert Beatty"},"votes":1,"confidence":0.3333333333333333,"instances":[{"created":"2016-04-25T22:32:49Z","user_id":"571e962c6663350003cf0300","duration":13.909}]}],"region":{"x":62.12704113218055,"y":638.960547080484,"width":368.7869403351637,"height":47.280378748027346,"label":"Mortgager Name","shape":"rectangle"},"task_key":"em_transcribed_mortgager","instructions":{"mark":"Mortgager Name","transcribe":"Enter the mortgager's name","verify":"Choose the best transcription or enter your own!"}},{"id":"580db4c76164390003078703","status":"awaiting_votes","name":"Street Address","created_in_workflow":"verify","confidence":0.6666666666666666,"data":{"value":"150 W. Bway \u0026 1 St John's Lane"},"versions":[{"data":{"value":"150 W. Bway \u0026 1 St John's Lane"},"votes":2,"confidence":0.6666666666666666,"instances":[{"created":"2016-04-21T11:37:58Z","user_id":"563f8b7a3264340003774b00","duration":18.81},{"created":"2016-09-25T22:39:02Z","user_id":"57c49a363234370003600200","duration":83.608}]}],"region":{"x":63.47790904549618,"y":683.5391899000526,"width":572.767995245822,"height":48.63124671225671,"label":"Street Address","shape":"rectangle"},"task_key":"em_transcribed_address","instructions":{"mark":"Street Address","transcribe":"Enter the street address","verify":"Choose the best transcription or enter your own!"}},{"id":"580db4c76164390003088703","status":"awaiting_votes","name":"Land \u0026 Building Dimensions","created_in_workflow":"verify","confidence":0.3333333333333333,"data":{"em_survey_land_dimensions":"See Diagram","em_survey_building_dimensions":"Covering lot"},"versions":[{"data":{"em_survey_land_dimensions":"See Diagram","em_survey_building_dimensions":"Covering lot"},"votes":1,"confidence":0.3333333333333333,"instances":[{"created":"2016-09-19T00:09:09Z","user_id":"57c49a363234370003600200","duration":13.455}]}],"region":{"x":63.47790904549618,"y":738.924776433456,"width":548.4523728061409,"height":74.29773803261446,"label":"Dimension \u0026 Description","shape":"rectangle"},"task_key":"em_transcribed_survey","instructions":{"mark":"Dimension \u0026 Description","transcribe":"Enter, as they appear, any land and building dimensions that were recorded. In the next screen, you'll enter the descriptive information.","verify":"Choose the best transcription or enter your own!"}},{"id":"580db4c76164390003098703","status":"awaiting_votes","name":"Stories \u0026 Materials","created_in_workflow":"verify","confidence":0.3333333333333333,"data":{"em_record_stories":"","em_record_material":"fr \u0026 bk"},"versions":[{"data":{"em_record_stories":"","em_record_material":"fr \u0026 bk"},"votes":1,"confidence":0.3333333333333333,"instances":[{"created":"2016-10-03T00:46:01Z","user_id":"57c49a363234370003600200","duration":14.426}]}],"region":{"x":63.47790904549618,"y":738.924776433456,"width":548.4523728061409,"height":74.29773803261446,"label":"Dimension \u0026 Description","shape":"rectangle"},"task_key":"em_transcribed_stories_materials","instructions":{"mark":"Dimension \u0026 Description","transcribe":"Enter, as they appear, the number of stories and the building materials.","verify":"Choose the best transcription or enter your own!"}},{"id":"580db4c761643900030a8703","status":"awaiting_transcriptions","name":"Additional Info","created_in_workflow":"transcribe","confidence":0.3333333333333333,"data":{"value":""},"versions":[{"data":{"value":""},"votes":1,"confidence":0.3333333333333333,"instances":[{"created":"2016-09-19T01:38:48Z","user_id":"5750d4e061323000033d0000","duration":0.995}]}],"region":{"x":63.47790904549618,"y":738.924776433456,"width":548.4523728061409,"height":74.29773803261446,"label":"Dimension \u0026 Description","shape":"rectangle"},"task_key":"em_record_survey_additional_info","instructions":{"mark":"Dimension \u0026 Description","transcribe":"Enter any additional information you find about the building's construction or significance."}},{"id":"580db4c761643900030b8703","status":"complete","name":"Record Date","created_in_workflow":"verify","confidence":1.0,"data":{"value":"July 18/92"},"versions":[{"data":{"value":"July 18/92"},"votes":3,"confidence":1.0,"instances":[{"created":"2016-04-25T19:20:56Z","user_id":"571e6b016663350003bb0100","duration":8.895},{"created":"2016-04-25T20:44:28Z","user_id":"571e7f5366633500034a0200","duration":27.68},{"created":"2016-04-25T21:16:38Z","user_id":"5712af436365650003140000","duration":3.984}]}],"region":{"x":60.77617321886495,"y":599.7853761178327,"width":360.68173285527007,"height":47.280378748027374,"label":"Record Date","shape":"rectangle"},"task_key":"em_transcribed_date","instructions":{"mark":"Record Date","transcribe":"Enter the record date","verify":"Choose the best transcription or enter your own!"}},{"id":"580db4c761643900030c8703","status":"awaiting_votes","name":"Amount Loaned","created_in_workflow":"verify","confidence":0.3333333333333333,"data":{"value":"$15,000.00"},"versions":[{"data":{"value":"$15,000.00"},"votes":1,"confidence":0.3333333333333333,"instances":[{"created":"2016-04-25T22:32:56Z","user_id":"571e962c6663350003cf0300","duration":7.552}]},{"data":{"value":"15000"},"votes":1,"confidence":0.3333333333333333,"instances":[{"created":"2016-04-26T00:47:44Z","user_id":"571eb9bf6663350003c10400","duration":9.73}]}],"region":{"x":690.280620823943,"y":687.5917937927408,"width":309.3487521492765,"height":41.8769068911099,"label":"Amount Loaned","shape":"rectangle"},"task_key":"em_transcribed_amount_loaned","instructions":{"mark":"Amount Loaned","transcribe":"Enter the Amount Loaned","verify":"Choose the best transcription or enter your own!"}}]}],"export_document":{"name":"Record","export_fields":[{"name":"Mortgager","value":"Robt. Beatty","original_value":{"value":"Robt. Beatty"},"assertion_ids":["580db4c76164390003068703"]},{"name":"Street Address","value":"150 W. Bway \u0026 1 St John's Lane","original_value":{"value":"150 W. Bway \u0026 1 St John's Lane"},"assertion_ids":["580db4c76164390003078703"]},{"name":"Record Date","value":"1892-07-18T00:00:00Z","original_value":{"value":"July 18/92"},"assertion_ids":["580db4c761643900030b8703"]},{"name":"Land \u0026 Building Dimensions","value":{"em_survey_land_dimensions":[0],"em_survey_building_dimensions":[0]},"original_value":{"em_survey_land_dimensions":"See Diagram","em_survey_building_dimensions":"Covering lot"},"assertion_ids":["580db4c76164390003088703"]},{"name":"Amount Loaned","value":15000.0,"original_value":{"value":"$15,000.00"},"assertion_ids":["580db4c761643900030c8703"]},{"name":"Stories \u0026 Materials","value":{"em_record_stories":null,"em_record_material":"fr \u0026 bk"},"original_value":{"em_record_stories":"","em_record_material":"fr \u0026 bk"},"assertion_ids":["580db4c76164390003098703"]},{"name":"Valuation","value":null,"original_value":null,"assertion_ids":null},{"name":"Record Number","value":3931,"original_value":{"value":"3931"},"assertion_ids":["580db4c76164390003058703"]},{"name":"Additional Info","value":"","original_value":{"value":""},"assertion_ids":["580db4c761643900030a8703"]}]}}