{"id":"56b10a977061755afb18ce00","meta_data":{"capture_uuid":"14954120-02e7-0133-162c-58d385a7bbd0","page_uri":"http://digitalcollections.nypl.org/items/14954120-02e7-0133-162c-58d385a7bbd0","book_uri":"http://digitalcollections.nypl.org/items/109c0900-02e7-0133-03cf-58d385a7bbd0","source_rotated":"0.783292","source_x":"1214.45","source_y":"862.4499999999999","source_w":"1369.55","source_h":"972.5500000000001"},"type":"final_subject_set","search_terms_by_field":{"Record Number":["4089"],"Mortgager":["James A. O'Gorman"],"Street Address":["408 W. 43 St."],"Additional Info":["house"],"Land \u0026 Building Dimensions":["16.9 x 100.4","16.9 x 50"],"Stories \u0026 Materials":["3","br."],"Record Date":["1894 January 15"],"Land \u0026 Building Value":["$6,000","$4,000"],"Valuation Date":[],"Total Value":[],"Amount Loaned":["$5000"]},"subjects":[{"id":"580d7a1d6164390003a3be01","type":"root","location":{"standard":"https://s3.amazonaws.com/scribe.nypl.org/emigrant-s4/full/14954120-02e7-0133-162c-58d385a7bbd0.right-bottom.jpg","thumbnail":"https://s3.amazonaws.com/scribe.nypl.org/emigrant-s4/thumb/14954120-02e7-0133-162c-58d385a7bbd0.right-bottom.jpg"},"status":"retired","width":1369,"height":972,"meta_data":{"capture_uuid":"14954120-02e7-0133-162c-58d385a7bbd0","page_uri":"http://digitalcollections.nypl.org/items/14954120-02e7-0133-162c-58d385a7bbd0","book_uri":"http://digitalcollections.nypl.org/items/109c0900-02e7-0133-03cf-58d385a7bbd0","source_rotated":"0.783292","source_x":"1214.45","source_y":"862.4499999999999","source_w":"1369.55","source_h":"972.5500000000001"},"assertions":[{"id":"580d7a1d6164390003a4be01","status":"complete","name":"Record Number","created_in_workflow":"transcribe","confidence":1.0,"data":{"value":"4089"},"versions":[{"data":{"value":"4089"},"votes":3,"confidence":1.0,"instances":[{"created":"2015-11-06T18:53:56Z","user_id":"563cb8ab6532620003060900","duration":4.661},{"created":"2015-11-06T19:45:35Z","user_id":"563cccdf6532620003301300","duration":6.994},{"created":"2015-11-06T19:46:49Z","user_id":"563d031b65326200035f2500","duration":13.539}]}],"region":{"x":734.8634464453881,"y":54.30488714923335,"width":198.82596941865256,"height":58.68431353223605,"label":"Record Number","shape":"rectangle"},"task_key":"em_record_number","instructions":{"mark":"Record Number","transcribe":"Enter the record number"}},{"id":"580d7a1d6164390003a5be01","status":"complete","name":"Mortgager","created_in_workflow":"verify","confidence":1.0,"data":{"value":"James A. O'Gorman"},"versions":[{"data":{"value":"James A. O'Gorman"},"votes":3,"confidence":1.0,"instances":[{"created":"2015-11-15T21:54:54Z","user_id":"563f8b7a3264340003774b00","duration":8.967},{"created":"2015-11-17T18:23:49Z","user_id":"5647496e3562310003960400","duration":10.638},{"created":"2015-11-18T04:20:36Z","user_id":"564618af6363350003da0c00","duration":12.533}]}],"region":{"x":103.35012507601132,"y":628.8856285991862,"width":425.6802693280405,"height":44.67014910662738,"label":"Mortgager Name","shape":"rectangle"},"task_key":"em_transcribed_mortgager","instructions":{"mark":"Mortgager Name","transcribe":"Enter the mortgager's name","verify":"Choose the best transcription or enter your own!"}},{"id":"580d7a1d6164390003a6be01","status":"awaiting_votes","name":"Street Address","created_in_workflow":"verify","confidence":0.5,"data":{"value":"408 W. 43 St."},"versions":[{"data":{"value":"408 W. 43 St."},"votes":2,"confidence":0.5,"instances":[{"created":"2015-11-15T22:42:52Z","user_id":"563f8b7a3264340003774b00","duration":11.926},{"created":"2015-11-17T19:52:00Z","user_id":"5647496e3562310003960400","duration":5.406}]},{"data":{"value":"408 West 43 St."},"votes":1,"confidence":0.25,"instances":[{"created":"2015-11-18T04:14:41Z","user_id":"564618af6363350003da0c00","duration":10.582}]},{"data":{"value":"408 W 43 St"},"votes":1,"confidence":0.25,"instances":[{"created":"2016-09-06T16:15:49Z","user_id":"57c49a363234370003600200","duration":7.763}]}],"region":{"x":105.10189573168226,"y":677.0593188122158,"width":430.05969596721775,"height":32.40775523421996,"label":"Street Address","shape":"rectangle"},"task_key":"em_transcribed_address","instructions":{"mark":"Street Address","transcribe":"Enter the street address","verify":"Choose the best transcription or enter your own!"}},{"id":"580d7a1d6164390003a7be01","status":"awaiting_transcriptions","name":"Additional Info","created_in_workflow":"transcribe","confidence":0.3333333333333333,"data":{"value":"house"},"versions":[{"data":{"value":"house"},"votes":1,"confidence":0.3333333333333333,"instances":[{"created":"2015-11-06T19:02:26Z","user_id":"563cf1dd6532620003741f00","duration":8.328}]},{"data":{"value":""},"votes":1,"confidence":0.3333333333333333,"instances":[{"created":"2015-11-17T19:56:12Z","user_id":"5647496e3562310003960400","duration":1.99}]}],"region":{"x":108.60543704302417,"y":714.722385706039,"width":539.5453619466521,"height":75.32613378764631,"label":"Dimension \u0026 Description","shape":"rectangle"},"task_key":"em_record_survey_additional_info","instructions":{"mark":"Dimension \u0026 Description","transcribe":"Enter any additional information you find about the building's construction or significance."}},{"id":"580d7a1d6164390003a8be01","status":"complete","name":"Land \u0026 Building Dimensions","created_in_workflow":"verify","confidence":1.0,"data":{"em_survey_land_dimensions":"16.9 x 100.4","em_survey_building_dimensions":"16.9 x 50"},"versions":[{"data":{"em_survey_land_dimensions":"16.9 x 100.4","em_survey_building_dimensions":"16.9 x 50"},"votes":3,"confidence":0.75,"instances":[{"created":"2015-11-22T02:46:45Z","user_id":"5649188c3863370003020e00","duration":23.265},{"created":"2015-11-26T00:30:22Z","user_id":"5647496e3562310003960400","duration":15.88},{"created":"2015-11-26T04:22:40Z","user_id":"5656865b6332630003b60000","duration":21.156}]},{"data":{"em_survey_land_dimensions":"16'9 x 100'4","em_survey_building_dimensions":"16'9 x 50"},"votes":1,"confidence":0.25,"instances":[{"created":"2015-11-18T04:26:10Z","user_id":"564618af6363350003da0c00","duration":6.985}]}],"region":{"x":108.60543704302417,"y":714.722385706039,"width":539.5453619466521,"height":75.32613378764631,"label":"Dimension \u0026 Description","shape":"rectangle"},"task_key":"em_transcribed_survey","instructions":{"mark":"Dimension \u0026 Description","transcribe":"Enter, as they appear, any land and building dimensions that were recorded. In the next screen, you'll enter the descriptive information.","verify":"Choose the best transcription or enter your own!"}},{"id":"580d7a1d6164390003a9be01","status":"contentious","name":"Stories \u0026 Materials","created_in_workflow":"verify","confidence":0.47619047619047616,"data":{"em_record_stories":"3","em_record_material":"br."},"versions":[{"data":{"em_record_stories":"3","em_record_material":"br."},"votes":10,"confidence":0.47619047619047616,"instances":[{"created":"2015-11-26T00:15:03Z","user_id":"5647496e3562310003960400","duration":5.699},{"created":"2015-11-28T14:34:30Z","user_id":"5659b8a93466340003390000","duration":26.485},{"created":"2015-11-30T23:57:21Z","user_id":"565cf1ce3935310003e30700","duration":9.806},{"created":"2015-12-01T02:20:11Z","user_id":"563bfc7535326200037f3900","duration":12.173},{"created":"2015-12-01T04:53:37Z","user_id":"565d26e13862380003ef0100","duration":14.707},{"created":"2015-12-01T08:00:01Z","user_id":"565d527838623800034d0200","duration":17.111},{"created":"2015-12-01T14:09:24Z","user_id":"565da9753862380003290400","duration":22.015},{"created":"2015-12-01T14:41:57Z","user_id":"565dade538623800032f0400","duration":12.0},{"created":"2015-12-01T17:36:06Z","user_id":"565cf1ce3935310003e30700","duration":18.453},{"created":"2015-12-02T06:03:32Z","user_id":"565e87d03237340003030800","duration":13.44}]},{"data":{"em_record_stories":"3","em_record_material":"br"},"votes":6,"confidence":0.2857142857142857,"instances":[{"created":"2015-11-18T04:16:07Z","user_id":"564618af6363350003da0c00","duration":8.133},{"created":"2015-11-22T02:46:22Z","user_id":"5649188c3863370003020e00","duration":4.804},{"created":"2015-11-30T01:21:52Z","user_id":"565ba3083766660003da0900","duration":18.853},{"created":"2015-12-01T11:42:40Z","user_id":"565d855e3862380003570300","duration":22.857},{"created":"2015-12-01T13:17:19Z","user_id":"565d9d8d3237340003770000","duration":11.565},{"created":"2015-12-01T17:00:03Z","user_id":"564d46703463650003401900","duration":8.412}]},{"data":{"em_record_stories":"3","em_record_material":"brick"},"votes":5,"confidence":0.23809523809523808,"instances":[{"created":"2015-11-15T22:36:00Z","user_id":"563f8b7a3264340003774b00","duration":6.543},{"created":"2015-11-26T04:22:18Z","user_id":"5656865b6332630003b60000","duration":13.796},{"created":"2015-11-27T23:00:06Z","user_id":"564e49d539646600031a0b00","duration":13.6},{"created":"2015-11-28T21:01:02Z","user_id":"565a12db3961610003d00200","duration":1.111},{"created":"2015-12-01T06:38:13Z","user_id":"565d31ab3663610003b80900","duration":19.362}]}],"region":{"x":108.60543704302417,"y":714.722385706039,"width":539.5453619466521,"height":75.32613378764631,"label":"Dimension \u0026 Description","shape":"rectangle"},"task_key":"em_transcribed_stories_materials","instructions":{"mark":"Dimension \u0026 Description","transcribe":"Enter, as they appear, the number of stories and the building materials.","verify":"Choose the best transcription or enter your own!"}},{"id":"580d7a1d6164390003aabe01","status":"awaiting_votes","name":"Record Date","created_in_workflow":"verify","confidence":0.6666666666666666,"data":{"value":"1894 January 15"},"versions":[{"data":{"value":"1894 January 15"},"votes":2,"confidence":0.6666666666666666,"instances":[{"created":"2015-11-18T04:20:17Z","user_id":"564618af6363350003da0c00","duration":5.6},{"created":"2015-11-22T02:30:15Z","user_id":"5649188c3863370003020e00","duration":9.094}]},{"data":{"value":"Jany 15 / 94"},"votes":1,"confidence":0.3333333333333333,"instances":[{"created":"2015-11-17T18:23:12Z","user_id":"5647496e3562310003960400","duration":6.623}]}],"region":{"x":102.47423974817585,"y":580.7119383861567,"width":409.03844809916643,"height":45.54603438322795,"label":"Record Date","shape":"rectangle"},"task_key":"em_transcribed_date","instructions":{"mark":"Record Date","transcribe":"Enter the record date","verify":"Choose the best transcription or enter your own!"}},{"id":"580d7a1d6164390003abbe01","status":"awaiting_votes","name":"Valuation Date","created_in_workflow":"transcribe","confidence":0.3333333333333333,"data":{"value":""},"versions":[{"data":{"value":""},"votes":3,"confidence":0.3333333333333333,"instances":[{"created":"2016-03-19T16:40:27Z","user_id":"56ed809d3237390003160000","duration":10.607},{"created":"2016-07-20T21:13:41Z","user_id":"5750d4e061323000033d0000","duration":2.434},{"created":"2016-07-22T01:06:47Z","user_id":"57914de46235630003680000","duration":0.611}]},{"data":{"value":"January 15, 1894"},"votes":1,"confidence":0.1111111111111111,"instances":[{"created":"2015-11-10T03:20:12Z","user_id":"5641537261616500034e4f00","duration":6.916}]},{"data":{"value":"dddrf"},"votes":1,"confidence":0.1111111111111111,"instances":[{"created":"2016-03-19T16:39:54Z","user_id":"56ed809d3237390003160000","duration":3.103}]},{"data":{"value":"Value of Land #6000."},"votes":1,"confidence":0.1111111111111111,"instances":[{"created":"2016-03-18T16:50:13Z","user_id":"56ec303533613000033a0000","duration":31.673}]},{"data":{"value":"1894 Jany 15"},"votes":1,"confidence":0.1111111111111111,"instances":[{"created":"2016-07-20T19:32:16Z","user_id":"578fcd106636630003550000","duration":20.6}]},{"data":{"value":"July 15 1894"},"votes":1,"confidence":0.1111111111111111,"instances":[{"created":"2016-07-21T06:04:06Z","user_id":"5790644e66366300033e0200","duration":46.035}]},{"data":{"value":"Jany 15/94"},"votes":1,"confidence":0.1111111111111111,"instances":[{"created":"2016-09-25T17:06:00Z","user_id":"57c49a363234370003600200","duration":8.565}]}],"region":{"x":726.5768446551479,"y":576.7601953279662,"width":330.4569242490877,"height":94.41625973340365,"label":"Valuation","shape":"rectangle"},"task_key":"em_record_valuation","instructions":{"mark":"Valuation","transcribe":"Enter the date of the valuation (if one is given). In the next screen, you'll enter the valuation's dollar amounts."}},{"id":"580d7a1d6164390003acbe01","status":"complete","name":"Total Value","created_in_workflow":"transcribe","confidence":1.0,"data":{"value":""},"versions":[{"data":{"value":""},"votes":3,"confidence":1.0,"instances":[{"created":"2015-11-10T03:20:17Z","user_id":"5641537261616500034e4f00","duration":0.422},{"created":"2016-07-20T21:13:57Z","user_id":"5750d4e061323000033d0000","duration":1.476},{"created":"2016-07-22T01:06:59Z","user_id":"57914de46235630003680000","duration":1.095}]}],"region":{"x":726.5768446551479,"y":576.7601953279662,"width":330.4569242490877,"height":94.41625973340365,"label":"Valuation","shape":"rectangle"},"task_key":"em_record_valuation_total","instructions":{"mark":"Valuation","transcribe":"Enter the valuation ***total*** (if one is given)"}},{"id":"580d7a1d6164390003adbe01","status":"contentious","name":"Land \u0026 Building Value","created_in_workflow":"verify","confidence":0.5238095238095238,"data":{"em_valuation_ground":"$6,000","em_valuation_building":"$4,000"},"versions":[{"data":{"em_valuation_ground":"$6,000","em_valuation_building":"$4,000"},"votes":11,"confidence":0.5238095238095238,"instances":[{"created":"2016-03-14T02:18:46Z","user_id":"563f8b7a3264340003774b00","duration":12.766},{"created":"2016-03-17T16:26:23Z","user_id":"56ead88432633000035c0000","duration":21.233},{"created":"2016-03-18T14:51:00Z","user_id":"56ec157a3361300003250000","duration":12.597},{"created":"2016-03-18T18:49:56Z","user_id":"56ec4d993361300003440000","duration":58.895},{"created":"2016-03-19T06:43:15Z","user_id":"56ecf4c93237390003000000","duration":22.427},{"created":"2016-03-19T18:13:23Z","user_id":"56ed96c132373900031f0000","duration":21.984},{"created":"2016-03-19T18:32:39Z","user_id":"56ed9b1b3237390003280000","duration":36.322},{"created":"2016-09-26T14:32:44Z","user_id":"57e92d7f31346100039b0200","duration":3.895},{"created":"2016-10-15T16:07:10Z","user_id":"580252993437340003040000","duration":9.831},{"created":"2016-10-19T14:36:22Z","user_id":"580784cd62316100031e0000","duration":1.586},{"created":"2016-10-19T16:09:04Z","user_id":"58079a3662316100035c0000","duration":4.431}]},{"data":{"em_valuation_ground":"$6000.","em_valuation_building":"4000."},"votes":5,"confidence":0.23809523809523808,"instances":[{"created":"2016-10-14T03:11:04Z","user_id":"580044dc35376200038d0000","duration":8.095},{"created":"2016-10-15T05:16:09Z","user_id":"5801b0fb3334640003a70000","duration":10.367},{"created":"2016-10-15T22:35:53Z","user_id":"5802ae523437340003430000","duration":17.158},{"created":"2016-10-19T14:36:38Z","user_id":"580784b562316100031d0000","duration":10.879},{"created":"2016-10-19T15:26:57Z","user_id":"5807904662316100034d0000","duration":31.239}]},{"data":{"em_valuation_ground":"6000","em_valuation_building":"4000"},"votes":4,"confidence":0.19047619047619047,"instances":[{"created":"2016-03-18T00:47:26Z","user_id":"56eb22aa32633000036a0100","duration":3159.14},{"created":"2016-03-18T13:22:51Z","user_id":"56ec00533361300003010000","duration":25.084},{"created":"2016-03-18T23:34:09Z","user_id":"56ec731f33613000034b0000","duration":7504.065},{"created":"2016-10-15T04:23:57Z","user_id":"5801ae1b33346400038d0000","duration":5.793}]},{"data":{"em_valuation_ground":"$6000.","em_valuation_building":"$4000."},"votes":1,"confidence":0.047619047619047616,"instances":[{"created":"2016-08-31T19:48:14Z","user_id":"57c49a363234370003600200","duration":16.016}]}],"region":{"x":726.5768446551479,"y":576.7601953279662,"width":330.4569242490877,"height":94.41625973340365,"label":"Valuation","shape":"rectangle"},"task_key":"em_transcribed_valuation_itemized","instructions":{"mark":"Valuation","transcribe":"Sometimes valuations include itemized dollar values for \"ground\" and \"building\". Enter these amounts if you can find them. In the next screen, you'll enter the total valuation.","verify":"Choose the best transcription or enter your own!"}},{"id":"580d7a1d6164390003aebe01","status":"awaiting_votes","name":"Valuation Date","created_in_workflow":"verify","confidence":0.3333333333333333,"data":{"value":""},"versions":[{"data":{"value":""},"votes":1,"confidence":0.3333333333333333,"instances":[{"created":"2016-06-10T16:29:49Z","user_id":"575adece6264620003de0600","duration":20.407}]}],"region":{"x":740.9946437402365,"y":580.7119383861567,"width":273.27622228466794,"height":47.297804936428975,"label":"Valuation","shape":"rectangle"},"task_key":"em_transcribed_valuation_date","instructions":{"mark":"Valuation","transcribe":"Enter the date of the valuation (if one is given). In the next screen, you'll enter the valuation's dollar amounts.","verify":"Choose the best transcription or enter your own!"}},{"id":"580d7a1d6164390003afbe01","status":"awaiting_transcriptions","name":"Total Value","created_in_workflow":"transcribe","confidence":0.3333333333333333,"data":{"value":""},"versions":[{"data":{"value":""},"votes":1,"confidence":0.3333333333333333,"instances":[{"created":"2016-06-09T21:17:09Z","user_id":"5750d4e061323000033d0000","duration":55.63}]}],"region":{"x":740.9946437402365,"y":580.7119383861567,"width":273.27622228466794,"height":47.297804936428975,"label":"Valuation","shape":"rectangle"},"task_key":"em_record_valuation_total","instructions":{"mark":"Valuation","transcribe":"Enter the valuation ***total*** (if one is given)"}},{"id":"580d7a1d6164390003b0be01","status":"awaiting_votes","name":"Amount Loaned","created_in_workflow":"verify","confidence":0.75,"data":{"value":"$5000"},"versions":[{"data":{"value":"$5000"},"votes":3,"confidence":0.75,"instances":[{"created":"2015-11-18T04:11:18Z","user_id":"564618af6363350003da0c00","duration":4.454},{"created":"2015-11-22T02:41:37Z","user_id":"5649188c3863370003020e00","duration":2.57},{"created":"2016-09-07T16:57:27Z","user_id":"57c49a363234370003600200","duration":5.961}]},{"data":{"value":"5000"},"votes":1,"confidence":0.25,"instances":[{"created":"2015-11-24T14:57:50Z","user_id":"565476973465330003ab0100","duration":1.292}]}],"region":{"x":755.0088089856041,"y":664.7969249398083,"width":310.06340605375783,"height":50.801346042831256,"label":"Amount Loaned","shape":"rectangle"},"task_key":"em_transcribed_amount_loaned","instructions":{"mark":"Amount Loaned","transcribe":"Enter the Amount Loaned","verify":"Choose the best transcription or enter your own!"}}]}],"export_document":{"name":"Record","export_fields":[{"name":"Mortgager","value":"James A. O'Gorman","original_value":{"value":"James A. O'Gorman"},"assertion_ids":["580d7a1d6164390003a5be01"]},{"name":"Street Address","value":"408 W. 43 St.","original_value":{"value":"408 W. 43 St."},"assertion_ids":["580d7a1d6164390003a6be01"]},{"name":"Record Date","value":"1894-01-15T00:00:00Z","original_value":{"value":"1894 January 15"},"assertion_ids":["580d7a1d6164390003aabe01"]},{"name":"Land \u0026 Building Dimensions","value":{"em_survey_land_dimensions":[16.75,100.33333333333333],"em_survey_building_dimensions":[16.75,50]},"original_value":{"em_survey_land_dimensions":"16.9 x 100.4","em_survey_building_dimensions":"16.9 x 50"},"assertion_ids":["580d7a1d6164390003a8be01"]},{"name":"Amount Loaned","value":5000.0,"original_value":{"value":"$5000"},"assertion_ids":["580d7a1d6164390003b0be01"]},{"name":"Stories \u0026 Materials","value":{"em_record_stories":3,"em_record_material":"br."},"original_value":{"em_record_stories":"3","em_record_material":"br."},"assertion_ids":["580d7a1d6164390003a9be01"]},{"name":"Valuation","value":null,"original_value":null,"assertion_ids":null},{"name":"Valuation","value":null,"original_value":null,"assertion_ids":null},{"name":"Record Number","value":4089,"original_value":{"value":"4089"},"assertion_ids":["580d7a1d6164390003a4be01"]},{"name":"Additional Info","value":"house","original_value":{"value":"house"},"assertion_ids":["580d7a1d6164390003a7be01"]}]}}