{"id":"56b109bc7061755afb3ebd00","meta_data":{"capture_uuid":"11643130-02e7-0133-376f-58d385a7bbd0","page_uri":"http://digitalcollections.nypl.org/items/11643130-02e7-0133-376f-58d385a7bbd0","book_uri":"http://digitalcollections.nypl.org/items/109c0900-02e7-0133-03cf-58d385a7bbd0","source_rotated":"-0.0279765","source_x":"1203.17","source_y":"847.41","source_w":"1356.83","source_h":"955.59"},"type":"final_subject_set","search_terms_by_field":{"Land \u0026 Building Dimensions":["16 x 74","16 x 50"],"Stories \u0026 Materials":["3","brick"],"Additional Info":[],"Valuation Date":[],"Land \u0026 Building Value":["6000","7000"],"Total Value":[],"Record Number":["3777"],"Mortgager":["Jane Van Cott"],"Street Address":["105 W 71 St"],"Record Date":["Oct 26/91"],"Amount Loaned":["$5000"]},"subjects":[{"id":"580d6c296164390003e53201","type":"root","location":{"standard":"https://s3.amazonaws.com/scribe.nypl.org/emigrant-s4/full/11643130-02e7-0133-376f-58d385a7bbd0.right-bottom.jpg","thumbnail":"https://s3.amazonaws.com/scribe.nypl.org/emigrant-s4/thumb/11643130-02e7-0133-376f-58d385a7bbd0.right-bottom.jpg"},"status":"retired","width":1356,"height":955,"meta_data":{"capture_uuid":"11643130-02e7-0133-376f-58d385a7bbd0","page_uri":"http://digitalcollections.nypl.org/items/11643130-02e7-0133-376f-58d385a7bbd0","book_uri":"http://digitalcollections.nypl.org/items/109c0900-02e7-0133-03cf-58d385a7bbd0","source_rotated":"-0.0279765","source_x":"1203.17","source_y":"847.41","source_w":"1356.83","source_h":"955.59"},"assertions":[{"id":"580d6c296164390003e63201","status":"awaiting_transcriptions","name":"Land \u0026 Building Dimensions","created_in_workflow":"transcribe","confidence":0.3333333333333333,"data":{"em_survey_land_dimensions":"16 x 74","em_survey_building_dimensions":"16 x 50"},"versions":[{"data":{"em_survey_land_dimensions":"16 x 74","em_survey_building_dimensions":"16 x 50"},"votes":1,"confidence":0.3333333333333333,"instances":[{"created":"2015-12-16T02:21:16Z","user_id":"5670a0323938300003820400","duration":12.75}]}],"region":{"x":134.3855940964374,"y":727.059082213769,"width":516.064147381943,"height":77.94718441478494,"label":"Dimension \u0026 Description","shape":"rectangle"},"task_key":"em_record_survey","instructions":{"mark":"Dimension \u0026 Description","transcribe":"Enter, as they appear, any land and building dimensions that were recorded. In the next screen, you'll enter the descriptive information."}},{"id":"580d6c296164390003e73201","status":"awaiting_transcriptions","name":"Stories \u0026 Materials","created_in_workflow":"transcribe","confidence":0.3333333333333333,"data":{"em_record_stories":"3","em_record_material":"brick"},"versions":[{"data":{"em_record_stories":"3","em_record_material":"brick"},"votes":1,"confidence":0.3333333333333333,"instances":[{"created":"2015-12-16T02:21:19Z","user_id":"5670a0323938300003820400","duration":3.174}]}],"region":{"x":134.3855940964374,"y":727.059082213769,"width":516.064147381943,"height":77.94718441478494,"label":"Dimension \u0026 Description","shape":"rectangle"},"task_key":"em_record_survey_stories_materials","instructions":{"mark":"Dimension \u0026 Description","transcribe":"Enter, as they appear, the number of stories and the building materials."}},{"id":"580d6c296164390003e83201","status":"awaiting_transcriptions","name":"Additional Info","created_in_workflow":"transcribe","confidence":0.3333333333333333,"data":{"value":""},"versions":[{"data":{"value":""},"votes":1,"confidence":0.3333333333333333,"instances":[{"created":"2015-12-16T02:21:20Z","user_id":"5670a0323938300003820400","duration":1.108}]}],"region":{"x":134.3855940964374,"y":727.059082213769,"width":516.064147381943,"height":77.94718441478494,"label":"Dimension \u0026 Description","shape":"rectangle"},"task_key":"em_record_survey_additional_info","instructions":{"mark":"Dimension \u0026 Description","transcribe":"Enter any additional information you find about the building's construction or significance."}},{"id":"580d6c296164390003e93201","status":"awaiting_transcriptions","name":"Valuation Date","created_in_workflow":"transcribe","confidence":0.3333333333333333,"data":{"value":""},"versions":[{"data":{"value":""},"votes":1,"confidence":0.3333333333333333,"instances":[{"created":"2015-12-16T02:20:20Z","user_id":"5670a0323938300003820400","duration":2.752}]}],"region":{"x":770.0583589705496,"y":606.1065546735856,"width":267.43949304428827,"height":88.6985201961345,"label":"Valuation","shape":"rectangle"},"task_key":"em_record_valuation","instructions":{"mark":"Valuation","transcribe":"Enter the date of the valuation (if one is given). In the next screen, you'll enter the valuation's dollar amounts."}},{"id":"580d6c296164390003ea3201","status":"awaiting_transcriptions","name":"Land \u0026 Building Value","created_in_workflow":"transcribe","confidence":0.3333333333333333,"data":{"em_valuation_ground":"6000","em_valuation_building":"7000"},"versions":[{"data":{"em_valuation_ground":"6000","em_valuation_building":"7000"},"votes":1,"confidence":0.3333333333333333,"instances":[{"created":"2015-12-16T02:20:25Z","user_id":"5670a0323938300003820400","duration":5.208}]}],"region":{"x":770.0583589705496,"y":606.1065546735856,"width":267.43949304428827,"height":88.6985201961345,"label":"Valuation","shape":"rectangle"},"task_key":"em_record_valuation_ground_building","instructions":{"mark":"Valuation","transcribe":"Sometimes valuations include itemized dollar values for \"ground\" and \"building\". Enter these amounts if you can find them. In the next screen, you'll enter the total valuation."}},{"id":"580d6c296164390003eb3201","status":"awaiting_transcriptions","name":"Total Value","created_in_workflow":"transcribe","confidence":0.3333333333333333,"data":{"value":""},"versions":[{"data":{"value":""},"votes":1,"confidence":0.3333333333333333,"instances":[{"created":"2015-12-16T02:20:27Z","user_id":"5670a0323938300003820400","duration":1.528}]}],"region":{"x":770.0583589705496,"y":606.1065546735856,"width":267.43949304428827,"height":88.6985201961345,"label":"Valuation","shape":"rectangle"},"task_key":"em_record_valuation_total","instructions":{"mark":"Valuation","transcribe":"Enter the valuation ***total*** (if one is given)"}},{"id":"580d6c296164390003ec3201","status":"complete","name":"Record Number","created_in_workflow":"transcribe","confidence":1.0,"data":{"value":"3777"},"versions":[{"data":{"value":"3777"},"votes":3,"confidence":1.0,"instances":[{"created":"2015-12-16T04:04:13Z","user_id":"565e09223237340003e30200","duration":5.243},{"created":"2015-12-16T17:01:52Z","user_id":"567198603063380003830900","duration":6.957},{"created":"2015-12-16T18:03:37Z","user_id":"5671a72e3063380003b50900","duration":15.159}]}],"region":{"x":415.2642576454637,"y":71.22759955144133,"width":534.8789860885765,"height":63.16409771542911,"label":"Record Number","shape":"rectangle"},"task_key":"em_record_number","instructions":{"mark":"Record Number","transcribe":"Enter the record number"}},{"id":"580d6c296164390003ed3201","status":"awaiting_votes","name":"Mortgager","created_in_workflow":"transcribe","confidence":0.5,"data":{"value":"Jane Van Cott"},"versions":[{"data":{"value":"Jane Van Cott"},"votes":2,"confidence":0.5,"instances":[{"created":"2015-12-16T04:05:03Z","user_id":"565e09223237340003e30200","duration":5.004},{"created":"2015-12-16T18:05:31Z","user_id":"5671a72e3063380003b50900","duration":13.583}]},{"data":{"value":"Jane Uau Pott"},"votes":1,"confidence":0.25,"instances":[{"created":"2015-12-16T18:49:17Z","user_id":"5671b1653063380003e20900","duration":19.95}]},{"data":{"value":"Jane Van Pott"},"votes":1,"confidence":0.25,"instances":[{"created":"2016-09-14T01:55:40Z","user_id":"57c49a363234370003600200","duration":11.304}]}],"region":{"x":141.10517934880644,"y":631.640977154291,"width":356.1380183755597,"height":60.47626377009169,"label":"Mortgager Name","shape":"rectangle"},"task_key":"em_record_mortgager","instructions":{"mark":"Mortgager Name","transcribe":"Enter the mortgager's name"}},{"id":"580d6c296164390003ee3201","status":"awaiting_votes","name":"Street Address","created_in_workflow":"verify","confidence":0.3333333333333333,"data":{"value":"105 W 71 St"},"versions":[{"data":{"value":"105 W 71 St"},"votes":1,"confidence":0.3333333333333333,"instances":[{"created":"2016-09-14T01:26:47Z","user_id":"57c49a363234370003600200","duration":6.371}]}],"region":{"x":147.8247646011755,"y":685.3976560610392,"width":416.61428564688117,"height":41.661426152729746,"label":"Street Address","shape":"rectangle"},"task_key":"em_transcribed_address","instructions":{"mark":"Street Address","transcribe":"Enter the street address","verify":"Choose the best transcription or enter your own!"}},{"id":"580d6c296164390003ef3201","status":"complete","name":"Record Date","created_in_workflow":"transcribe","confidence":1.0,"data":{"value":"Oct 26/91"},"versions":[{"data":{"value":"Oct 26/91"},"votes":3,"confidence":1.0,"instances":[{"created":"2015-12-16T04:04:58Z","user_id":"565e09223237340003e30200","duration":5.989},{"created":"2015-12-16T14:48:43Z","user_id":"567173ba3938300003a10b00","duration":3.453},{"created":"2015-12-16T18:05:18Z","user_id":"5671a72e3063380003b50900","duration":18.157}]}],"region":{"x":145.13693050022786,"y":599.3869698102421,"width":378.9846082336145,"height":47.037094043404636,"label":"Record Date","shape":"rectangle"},"task_key":"em_record_date","instructions":{"mark":"Record Date","transcribe":"Enter the record date"}},{"id":"580d6c296164390003f03201","status":"complete","name":"Amount Loaned","created_in_workflow":"transcribe","confidence":1.0,"data":{"value":"$5000"},"versions":[{"data":{"value":"$5000"},"votes":3,"confidence":1.0,"instances":[{"created":"2015-12-16T02:20:38Z","user_id":"5670a0323938300003820400","duration":2.892},{"created":"2015-12-16T04:05:27Z","user_id":"565e09223237340003e30200","duration":8.836},{"created":"2015-12-16T18:06:29Z","user_id":"5671a72e3063380003b50900","duration":12.39}]}],"region":{"x":760.6509396172329,"y":693.4611578970514,"width":290.2860829023431,"height":49.72492798874214,"label":"Amount Loaned","shape":"rectangle"},"task_key":"em_record_amount_loaned","instructions":{"mark":"Amount Loaned","transcribe":"Enter the Amount Loaned"}}]}],"export_document":{"name":"Record","export_fields":[{"name":"Mortgager","value":"Jane Van Cott","original_value":{"value":"Jane Van Cott"},"assertion_ids":["580d6c296164390003ed3201"]},{"name":"Street Address","value":"105 W 71 St","original_value":{"value":"105 W 71 St"},"assertion_ids":["580d6c296164390003ee3201"]},{"name":"Record Date","value":"1891-10-26T00:00:00Z","original_value":{"value":"Oct 26/91"},"assertion_ids":["580d6c296164390003ef3201"]},{"name":"Land \u0026 Building Dimensions","value":{"em_survey_land_dimensions":[16,74],"em_survey_building_dimensions":[16,50]},"original_value":{"em_survey_land_dimensions":"16 x 74","em_survey_building_dimensions":"16 x 50"},"assertion_ids":["580d6c296164390003e63201"]},{"name":"Amount Loaned","value":5000.0,"original_value":{"value":"$5000"},"assertion_ids":["580d6c296164390003f03201"]},{"name":"Stories \u0026 Materials","value":{"em_record_stories":3,"em_record_material":"brick"},"original_value":{"em_record_stories":"3","em_record_material":"brick"},"assertion_ids":["580d6c296164390003e73201"]},{"name":"Valuation","value":null,"original_value":null,"assertion_ids":null},{"name":"Record Number","value":3777,"original_value":{"value":"3777"},"assertion_ids":["580d6c296164390003ec3201"]},{"name":"Additional Info","value":"","original_value":{"value":""},"assertion_ids":["580d6c296164390003e83201"]}]}}