{"id":"56b10a987061755afb31ce00","meta_data":{"capture_uuid":"149ee4f0-02e7-0133-1743-58d385a7bbd0","page_uri":"http://digitalcollections.nypl.org/items/149ee4f0-02e7-0133-1743-58d385a7bbd0","book_uri":"http://digitalcollections.nypl.org/items/109c0900-02e7-0133-03cf-58d385a7bbd0","source_rotated":"0.783292","source_x":"0","source_y":"864.8","source_w":"1370.58","source_h":"975.2"},"type":"final_subject_set","search_terms_by_field":{"Record Number":["4091","4091"],"Land \u0026 Building Dimensions":["see diagram 155 x 98.9 x 80 x 59 x 75 x 38.9"],"Stories \u0026 Materials":["2 4-story","br."],"Additional Info":[],"Valuation Date":[],"Land \u0026 Building Value":["$60000.","10000."],"Total Value":[],"Mortgager":["Hermine Cloherty"],"Street Address":["NW cor. 2d Ave \u0026 40 St"],"Record Date":["Jany 15/94"],"Amount Loaned":["$35000"]},"subjects":[{"id":"580d6d6161643900037f3f01","type":"root","location":{"standard":"https://s3.amazonaws.com/scribe.nypl.org/emigrant-s4/full/149ee4f0-02e7-0133-1743-58d385a7bbd0.left-bottom.jpg","thumbnail":"https://s3.amazonaws.com/scribe.nypl.org/emigrant-s4/thumb/149ee4f0-02e7-0133-1743-58d385a7bbd0.left-bottom.jpg"},"status":"retired","width":1370,"height":975,"meta_data":{"capture_uuid":"149ee4f0-02e7-0133-1743-58d385a7bbd0","page_uri":"http://digitalcollections.nypl.org/items/149ee4f0-02e7-0133-1743-58d385a7bbd0","book_uri":"http://digitalcollections.nypl.org/items/109c0900-02e7-0133-03cf-58d385a7bbd0","source_rotated":"0.783292","source_x":"0","source_y":"864.8","source_w":"1370.58","source_h":"975.2"},"assertions":[{"id":"580d6d616164390003803f01","status":"awaiting_transcriptions","name":"Record Number","created_in_workflow":"transcribe","confidence":0.6666666666666666,"data":{"value":"4091"},"versions":[{"data":{"value":"4091"},"votes":2,"confidence":0.6666666666666666,"instances":[{"created":"2015-12-06T23:23:00Z","user_id":"5647496e3562310003960400","duration":26.189},{"created":"2015-12-07T19:23:41Z","user_id":"566eeeda3637340003010100","duration":3.223}]}],"region":{"x":315.00197534123254,"y":65.17396696912331,"width":549.9053826369956,"height":61.100594033553094,"label":"Record Number","shape":"rectangle"},"task_key":"em_record_number","instructions":{"mark":"Record Number","transcribe":"Enter the record number"}},{"id":"580d6d616164390003813f01","status":"awaiting_transcriptions","name":"Land \u0026 Building Dimensions","created_in_workflow":"transcribe","confidence":0.3333333333333333,"data":{"em_survey_land_dimensions":"see diagram 155 x 98.9 x 80 x 59 x 75 x 38.9","em_survey_building_dimensions":""},"versions":[{"data":{"em_survey_land_dimensions":"see diagram 155 x 98.9 x 80 x 59 x 75 x 38.9","em_survey_building_dimensions":""},"votes":1,"confidence":0.3333333333333333,"instances":[{"created":"2015-12-06T23:37:32Z","user_id":"5647496e3562310003960400","duration":558.098}]}],"region":{"x":71.95737412636292,"y":720.9870095959266,"width":467.0801274743863,"height":78.75187675435734,"label":"Dimension \u0026 Description","shape":"rectangle"},"task_key":"em_record_survey","instructions":{"mark":"Dimension \u0026 Description","transcribe":"Enter, as they appear, any land and building dimensions that were recorded. In the next screen, you'll enter the descriptive information."}},{"id":"580d6d616164390003823f01","status":"awaiting_transcriptions","name":"Stories \u0026 Materials","created_in_workflow":"transcribe","confidence":0.3333333333333333,"data":{"em_record_stories":"2 4-story","em_record_material":"br."},"versions":[{"data":{"em_record_stories":"2 4-story","em_record_material":"br."},"votes":1,"confidence":0.3333333333333333,"instances":[{"created":"2015-12-06T23:37:48Z","user_id":"5647496e3562310003960400","duration":15.382}]}],"region":{"x":71.95737412636292,"y":720.9870095959266,"width":467.0801274743863,"height":78.75187675435734,"label":"Dimension \u0026 Description","shape":"rectangle"},"task_key":"em_record_survey_stories_materials","instructions":{"mark":"Dimension \u0026 Description","transcribe":"Enter, as they appear, the number of stories and the building materials."}},{"id":"580d6d616164390003833f01","status":"awaiting_transcriptions","name":"Additional Info","created_in_workflow":"transcribe","confidence":0.3333333333333333,"data":{"value":""},"versions":[{"data":{"value":""},"votes":1,"confidence":0.3333333333333333,"instances":[{"created":"2015-12-06T23:37:51Z","user_id":"5647496e3562310003960400","duration":3.272}]}],"region":{"x":71.95737412636292,"y":720.9870095959266,"width":467.0801274743863,"height":78.75187675435734,"label":"Dimension \u0026 Description","shape":"rectangle"},"task_key":"em_record_survey_additional_info","instructions":{"mark":"Dimension \u0026 Description","transcribe":"Enter any additional information you find about the building's construction or significance."}},{"id":"580d6d616164390003843f01","status":"awaiting_transcriptions","name":"Valuation Date","created_in_workflow":"transcribe","confidence":0.3333333333333333,"data":{"value":""},"versions":[{"data":{"value":""},"votes":1,"confidence":0.3333333333333333,"instances":[{"created":"2016-01-21T23:22:50Z","user_id":"56a14d543833370003c80000","duration":3.443}]}],"region":{"x":818.2630769570534,"y":582.2059194738333,"width":158.1544067962608,"height":90.93878563295141,"label":"Valuation","shape":"rectangle"},"task_key":"em_record_valuation","instructions":{"mark":"Valuation","transcribe":"Enter the date of the valuation (if one is given). In the next screen, you'll enter the valuation's dollar amounts."}},{"id":"580d6d616164390003853f01","status":"awaiting_transcriptions","name":"Land \u0026 Building Value","created_in_workflow":"transcribe","confidence":0.3333333333333333,"data":{"em_valuation_ground":"$60000.","em_valuation_building":"10000."},"versions":[{"data":{"em_valuation_ground":"$60000.","em_valuation_building":"10000."},"votes":1,"confidence":0.3333333333333333,"instances":[{"created":"2016-01-21T23:23:07Z","user_id":"56a14d543833370003c80000","duration":16.726}]}],"region":{"x":818.2630769570534,"y":582.2059194738333,"width":158.1544067962608,"height":90.93878563295141,"label":"Valuation","shape":"rectangle"},"task_key":"em_record_valuation_ground_building","instructions":{"mark":"Valuation","transcribe":"Sometimes valuations include itemized dollar values for \"ground\" and \"building\". Enter these amounts if you can find them. In the next screen, you'll enter the total valuation."}},{"id":"580d6d616164390003863f01","status":"awaiting_transcriptions","name":"Total Value","created_in_workflow":"transcribe","confidence":0.3333333333333333,"data":{"value":""},"versions":[{"data":{"value":""},"votes":1,"confidence":0.3333333333333333,"instances":[{"created":"2016-01-21T23:23:08Z","user_id":"56a14d543833370003c80000","duration":0.615}]}],"region":{"x":818.2630769570534,"y":582.2059194738333,"width":158.1544067962608,"height":90.93878563295141,"label":"Valuation","shape":"rectangle"},"task_key":"em_record_valuation_total","instructions":{"mark":"Valuation","transcribe":"Enter the valuation ***total*** (if one is given)"}},{"id":"580d6d616164390003873f01","status":"complete","name":"Record Number","created_in_workflow":"transcribe","confidence":1.0,"data":{"value":"4091"},"versions":[{"data":{"value":"4091"},"votes":3,"confidence":1.0,"instances":[{"created":"2016-01-02T05:12:55Z","user_id":"56875be63833320003000000","duration":2.386},{"created":"2016-01-02T07:13:47Z","user_id":"56877de16338370003d50400","duration":5.739},{"created":"2016-01-02T07:36:23Z","user_id":"56877de16338370003d50400","duration":2.821}]}],"region":{"x":746.3537490033001,"y":77.16666328785452,"width":107.52730737852096,"height":41.74589981146228,"label":"Record Number","shape":"rectangle"},"task_key":"em_record_number","instructions":{"mark":"Record Number","transcribe":"Enter the record number"}},{"id":"580d6d616164390003883f01","status":"complete","name":"Mortgager","created_in_workflow":"transcribe","confidence":1.0,"data":{"value":"Hermine Cloherty"},"versions":[{"data":{"value":"Hermine Cloherty"},"votes":3,"confidence":1.0,"instances":[{"created":"2015-12-06T23:26:36Z","user_id":"5647496e3562310003960400","duration":54.031},{"created":"2015-12-07T18:46:53Z","user_id":"5665c0803538380003d10300","duration":84.419},{"created":"2015-12-07T19:14:47Z","user_id":"5655e5253437330003fd0100","duration":11.173}]}],"region":{"x":84.17749374051837,"y":630.0150140348586,"width":377.46591697057966,"height":51.59605718388934,"label":"Mortgager Name","shape":"rectangle"},"task_key":"em_record_mortgager","instructions":{"mark":"Mortgager Name","transcribe":"Enter the mortgager's name"}},{"id":"580d6d616164390003893f01","status":"awaiting_votes","name":"Street Address","created_in_workflow":"verify","confidence":0.3333333333333333,"data":{"value":"NW cor. 2d Ave \u0026 40 St"},"versions":[{"data":{"value":"NW cor. 2d Ave \u0026 40 St"},"votes":1,"confidence":0.3333333333333333,"instances":[{"created":"2016-09-12T23:11:46Z","user_id":"57c49a363234370003600200","duration":18.416}]}],"region":{"x":86.89307587699737,"y":663.9597884979437,"width":439.9243061095964,"height":54.31163914093611,"label":"Street Address","shape":"rectangle"},"task_key":"em_transcribed_address","instructions":{"mark":"Street Address","transcribe":"Enter the street address","verify":"Choose the best transcription or enter your own!"}},{"id":"580d6d6161643900038a3f01","status":"awaiting_votes","name":"Record Date","created_in_workflow":"verify","confidence":0.3333333333333333,"data":{"value":"Jany 15/94"},"versions":[{"data":{"value":"Jany 15/94"},"votes":1,"confidence":0.3333333333333333,"instances":[{"created":"2016-09-12T23:11:20Z","user_id":"57c49a363234370003600200","duration":10.184}]}],"region":{"x":76.0307473310814,"y":589.2812846791566,"width":358.45684201522675,"height":51.59605718388934,"label":"Record Date","shape":"rectangle"},"task_key":"em_transcribed_date","instructions":{"mark":"Record Date","transcribe":"Enter the record date","verify":"Choose the best transcription or enter your own!"}},{"id":"580d6d6161643900038b3f01","status":"awaiting_votes","name":"Amount Loaned","created_in_workflow":"verify","confidence":0.3333333333333333,"data":{"value":"$35000"},"versions":[{"data":{"value":"$35000"},"votes":1,"confidence":0.3333333333333333,"instances":[{"created":"2016-09-12T23:11:55Z","user_id":"57c49a363234370003600200","duration":4.954}]}],"region":{"x":695.1834744482912,"y":663.9597884979437,"width":328.5854385139578,"height":70.60513088321693,"label":"Amount Loaned","shape":"rectangle"},"task_key":"em_transcribed_amount_loaned","instructions":{"mark":"Amount Loaned","transcribe":"Enter the Amount Loaned","verify":"Choose the best transcription or enter your own!"}}]}],"export_document":{"name":"Record","export_fields":[{"name":"Mortgager","value":"Hermine Cloherty","original_value":{"value":"Hermine Cloherty"},"assertion_ids":["580d6d616164390003883f01"]},{"name":"Street Address","value":"NW cor. 2d Ave \u0026 40 St","original_value":{"value":"NW cor. 2d Ave \u0026 40 St"},"assertion_ids":["580d6d616164390003893f01"]},{"name":"Record Date","value":"1894-01-15T00:00:00Z","original_value":{"value":"Jany 15/94"},"assertion_ids":["580d6d6161643900038a3f01"]},{"name":"Land \u0026 Building Dimensions","value":{"em_survey_land_dimensions":[0,98.75,80,59,75,38.75],"em_survey_building_dimensions":[]},"original_value":{"em_survey_land_dimensions":"see diagram 155 x 98.9 x 80 x 59 x 75 x 38.9","em_survey_building_dimensions":""},"assertion_ids":["580d6d616164390003813f01"]},{"name":"Amount Loaned","value":35000.0,"original_value":{"value":"$35000"},"assertion_ids":["580d6d6161643900038b3f01"]},{"name":"Stories \u0026 Materials","value":{"em_record_stories":2,"em_record_material":"br."},"original_value":{"em_record_stories":"2 4-story","em_record_material":"br."},"assertion_ids":["580d6d616164390003823f01"]},{"name":"Valuation","value":null,"original_value":null,"assertion_ids":null},{"name":"Record Number","value":4091,"original_value":{"value":"4091"},"assertion_ids":["580d6d616164390003873f01"]},{"name":"Additional Info","value":"","original_value":{"value":""},"assertion_ids":["580d6d616164390003833f01"]}]}}