{"id":"56b109a07061755afb1cbb00","meta_data":{"capture_uuid":"110a9c10-02e7-0133-2fb3-58d385a7bbd0","page_uri":"http://digitalcollections.nypl.org/items/110a9c10-02e7-0133-2fb3-58d385a7bbd0","book_uri":"http://digitalcollections.nypl.org/items/109c0900-02e7-0133-03cf-58d385a7bbd0","source_rotated":"0.111906","source_x":"1205.05","source_y":"0","source_w":"1358.95","source_h":"892.78"},"type":"final_subject_set","search_terms_by_field":{"Stories \u0026 Materials":["3","brick","3","brick"],"Land \u0026 Building Dimensions":["see diagram","25 x 45","25 x 45"],"Additional Info":[],"Land \u0026 Building Value":["$17,000","$5,000"],"Valuation Date":["July 13/91"],"Total Value":["$22,000"],"Record Number":["3740","3740"],"Mortgager":["Dorothea Bornhagen","Dorothea Bornhagen"],"Street Address":["52 Bond St","52 Bond St"],"Record Date":["July 13/91","July 13/91"],"Amount Loaned":["$8000","$8000"]},"subjects":[{"id":"580d8bc96164390003917202","type":"root","location":{"standard":"https://s3.amazonaws.com/scribe.nypl.org/emigrant-s4/full/110a9c10-02e7-0133-2fb3-58d385a7bbd0.right-top.jpg","thumbnail":"https://s3.amazonaws.com/scribe.nypl.org/emigrant-s4/thumb/110a9c10-02e7-0133-2fb3-58d385a7bbd0.right-top.jpg"},"status":"retired","width":1358,"height":892,"meta_data":{"capture_uuid":"110a9c10-02e7-0133-2fb3-58d385a7bbd0","page_uri":"http://digitalcollections.nypl.org/items/110a9c10-02e7-0133-2fb3-58d385a7bbd0","book_uri":"http://digitalcollections.nypl.org/items/109c0900-02e7-0133-03cf-58d385a7bbd0","source_rotated":"0.111906","source_x":"1205.05","source_y":"0","source_w":"1358.95","source_h":"892.78"},"assertions":[{"id":"580d8bc96164390003927202","status":"complete","name":"Land \u0026 Building Dimensions","created_in_workflow":"transcribe","confidence":1.0,"data":{"em_survey_land_dimensions":"see diagram","em_survey_building_dimensions":"25 x 45"},"versions":[{"data":{"em_survey_land_dimensions":"see diagram","em_survey_building_dimensions":"25 x 45"},"votes":3,"confidence":1.0,"instances":[{"created":"2015-11-21T13:56:23Z","user_id":"5650756130643800030b0100","duration":23.198},{"created":"2015-11-21T14:36:53Z","user_id":"563f8b7a3264340003774b00","duration":34.371},{"created":"2016-10-10T02:43:30Z","user_id":"57c49a363234370003600200","duration":16.963}]}],"region":{"x":368.34390215644885,"y":757.2736638050401,"width":289.3133237285259,"height":90.11398504569377,"label":"Dimension \u0026 Description","shape":"rectangle"},"task_key":"em_record_survey","instructions":{"mark":"Dimension \u0026 Description","transcribe":"Enter, as they appear, any land and building dimensions that were recorded. In the next screen, you'll enter the descriptive information."}},{"id":"580d8bc96164390003937202","status":"awaiting_transcriptions","name":"Additional Info","created_in_workflow":"transcribe","confidence":0.6666666666666666,"data":{"value":""},"versions":[{"data":{"value":""},"votes":2,"confidence":0.6666666666666666,"instances":[{"created":"2015-11-21T14:37:17Z","user_id":"563f8b7a3264340003774b00","duration":13.674},{"created":"2016-10-10T02:43:39Z","user_id":"57c49a363234370003600200","duration":2.782}]}],"region":{"x":368.34390215644885,"y":757.2736638050401,"width":289.3133237285259,"height":90.11398504569377,"label":"Dimension \u0026 Description","shape":"rectangle"},"task_key":"em_record_survey_additional_info","instructions":{"mark":"Dimension \u0026 Description","transcribe":"Enter any additional information you find about the building's construction or significance."}},{"id":"580d8bc96164390003947202","status":"complete","name":"Stories \u0026 Materials","created_in_workflow":"verify","confidence":1.0,"data":{"em_record_stories":"3","em_record_material":"brick"},"versions":[{"data":{"em_record_stories":"3","em_record_material":"brick"},"votes":9,"confidence":0.75,"instances":[{"created":"2016-10-10T17:30:16Z","user_id":"57fbcf8c3934330003020000","duration":26.65},{"created":"2016-10-10T17:30:21Z","user_id":"57fbcf8c3934330003020000","duration":1.851},{"created":"2016-10-10T17:30:21Z","user_id":"57fbcf8c3934330003020000","duration":1.521},{"created":"2016-10-10T19:59:58Z","user_id":"57fbefc43934330003230000","duration":17.451},{"created":"2016-10-10T20:00:05Z","user_id":"57fbefc43934330003230000","duration":2.688},{"created":"2016-10-10T20:00:16Z","user_id":"57fbefc43934330003230000","duration":1.733},{"created":"2016-10-10T20:00:18Z","user_id":"57fbefc43934330003230000","duration":8.497},{"created":"2016-10-12T10:13:39Z","user_id":"57fe0c8c3137660003000000","duration":12.407},{"created":"2016-10-12T10:13:47Z","user_id":"57fe0c8c3137660003000000","duration":0.774}]},{"data":{"em_record_stories":"3 ","em_record_material":"brick"},"votes":3,"confidence":0.25,"instances":[{"created":"2016-10-10T17:30:21Z","user_id":"57fbcf8c3934330003020000","duration":1.182},{"created":"2016-10-12T10:13:47Z","user_id":"57fe0c8c3137660003000000","duration":3.445},{"created":"2016-10-12T10:13:47Z","user_id":"57fe0c8c3137660003000000","duration":1.366}]}],"region":{"x":368.34390215644885,"y":757.2736638050401,"width":289.3133237285259,"height":90.11398504569377,"label":"Dimension \u0026 Description","shape":"rectangle"},"task_key":"em_transcribed_stories_materials","instructions":{"mark":"Dimension \u0026 Description","transcribe":"Enter, as they appear, the number of stories and the building materials.","verify":"Choose the best transcription or enter your own!"}},{"id":"580d8bc96164390003957202","status":"awaiting_votes","name":"Land \u0026 Building Value","created_in_workflow":"transcribe","confidence":0.3333333333333333,"data":{"em_valuation_ground":"$17,000","em_valuation_building":"$5,000"},"versions":[{"data":{"em_valuation_ground":"$17,000","em_valuation_building":"$5,000"},"votes":1,"confidence":0.3333333333333333,"instances":[{"created":"2015-11-21T05:20:19Z","user_id":"564ff9396435360003a21200","duration":28.597}]},{"data":{"em_valuation_ground":"$17,000.","em_valuation_building":"$5,000."},"votes":1,"confidence":0.3333333333333333,"instances":[{"created":"2015-11-21T11:11:08Z","user_id":"56504ea433343800038c0000","duration":21.458}]},{"data":{"em_valuation_ground":"$17000.","em_valuation_building":"$5000."},"votes":1,"confidence":0.3333333333333333,"instances":[{"created":"2016-10-10T02:43:04Z","user_id":"57c49a363234370003600200","duration":61.878}]}],"region":{"x":934.322972619904,"y":618.1503184713375,"width":124.89482281176811,"height":93.27587925782336,"label":"Valuation","shape":"rectangle"},"task_key":"em_record_valuation_ground_building","instructions":{"mark":"Valuation","transcribe":"Sometimes valuations include itemized dollar values for \"ground\" and \"building\". Enter these amounts if you can find them. In the next screen, you'll enter the total valuation."}},{"id":"580d8bc96164390003967202","status":"awaiting_transcriptions","name":"Valuation Date","created_in_workflow":"transcribe","confidence":0.3333333333333333,"data":{"value":"July 13/91"},"versions":[{"data":{"value":"July 13/91"},"votes":1,"confidence":0.3333333333333333,"instances":[{"created":"2016-10-10T02:42:01Z","user_id":"57c49a363234370003600200","duration":14.508}]}],"region":{"x":934.322972619904,"y":618.1503184713375,"width":124.89482281176811,"height":93.27587925782336,"label":"Valuation","shape":"rectangle"},"task_key":"em_record_valuation","instructions":{"mark":"Valuation","transcribe":"Enter the date of the valuation (if one is given). In the next screen, you'll enter the valuation's dollar amounts."}},{"id":"580d8bc96164390003977202","status":"awaiting_transcriptions","name":"Total Value","created_in_workflow":"transcribe","confidence":0.3333333333333333,"data":{"value":"$22,000"},"versions":[{"data":{"value":"$22,000"},"votes":1,"confidence":0.3333333333333333,"instances":[{"created":"2015-11-21T05:20:30Z","user_id":"564ff9396435360003a21200","duration":11.369}]},{"data":{"value":""},"votes":1,"confidence":0.3333333333333333,"instances":[{"created":"2015-11-21T11:11:30Z","user_id":"56504ea433343800038c0000","duration":22.473}]}],"region":{"x":934.322972619904,"y":618.1503184713375,"width":124.89482281176811,"height":93.27587925782336,"label":"Valuation","shape":"rectangle"},"task_key":"em_record_valuation_total","instructions":{"mark":"Valuation","transcribe":"Enter the valuation ***total*** (if one is given)"}},{"id":"580d8bc96164390003987202","status":"complete","name":"Record Number","created_in_workflow":"transcribe","confidence":1.0,"data":{"value":"3740"},"versions":[{"data":{"value":"3740"},"votes":3,"confidence":1.0,"instances":[{"created":"2015-11-13T20:53:32Z","user_id":"564618af6363350003da0c00","duration":4.893},{"created":"2015-11-13T20:54:44Z","user_id":"5646061e63633500031e0b00","duration":5.691},{"created":"2015-11-13T21:34:35Z","user_id":"564653f06363350003ca1200","duration":3.179}]}],"region":{"x":775.1615861503764,"y":79.8190584848956,"width":205.7722793182361,"height":75.28639614669564,"label":"Record Number","shape":"rectangle"},"task_key":"em_record_number","instructions":{"mark":"Record Number","transcribe":"Enter the record number"}},{"id":"580d8bc96164390003997202","status":"complete","name":"Record Number","created_in_workflow":"transcribe","confidence":1.0,"data":{"value":"3740"},"versions":[{"data":{"value":"3740"},"votes":3,"confidence":1.0,"instances":[{"created":"2015-11-21T02:22:13Z","user_id":"564fa9a96138360003120a00","duration":8.472},{"created":"2015-11-21T04:18:11Z","user_id":"564fbb416138360003440b00","duration":60.082},{"created":"2015-11-21T04:23:43Z","user_id":"564fe5dd6138360003c20f00","duration":6.403}]}],"region":{"x":834.7233037953295,"y":93.2758792578233,"width":121.73292856336889,"height":55.33314871226807,"label":"Record Number","shape":"rectangle"},"task_key":"em_record_number","instructions":{"mark":"Record Number","transcribe":"Enter the record number"}},{"id":"580d8bc961643900039a7202","status":"complete","name":"Mortgager","created_in_workflow":"verify","confidence":1.0,"data":{"value":"Dorothea Bornhagen"},"versions":[{"data":{"value":"Dorothea Bornhagen"},"votes":3,"confidence":1.0,"instances":[{"created":"2016-04-18T02:01:53Z","user_id":"563f8b7a3264340003774b00","duration":23.008},{"created":"2016-04-24T12:47:27Z","user_id":"571cb8be30303100032f0000","duration":9.201},{"created":"2016-09-26T02:15:47Z","user_id":"57c49a363234370003600200","duration":11.141}]}],"region":{"x":151.12016390422247,"y":670.0106077638269,"width":395.4055563370027,"height":47.05399759168483,"label":"Mortgager Name","shape":"rectangle"},"task_key":"em_transcribed_mortgager","instructions":{"mark":"Mortgager Name","transcribe":"Enter the mortgager's name","verify":"Choose the best transcription or enter your own!"}},{"id":"580d8bc961643900039b7202","status":"awaiting_votes","name":"Mortgager","created_in_workflow":"verify","confidence":0.3333333333333333,"data":{"value":"Dorothea Bornhagen"},"versions":[{"data":{"value":"Dorothea Bornhagen"},"votes":1,"confidence":0.3333333333333333,"instances":[{"created":"2016-09-06T14:17:01Z","user_id":"57c49a363234370003600200","duration":19.752}]}],"region":{"x":256.09665633827757,"y":668.7406258654112,"width":282.98953523172753,"height":49.00936028800891,"label":"Mortgager Name","shape":"rectangle"},"task_key":"em_transcribed_mortgager","instructions":{"mark":"Mortgager Name","transcribe":"Enter the mortgager's name","verify":"Choose the best transcription or enter your own!"}},{"id":"580d8bc961643900039c7202","status":"complete","name":"Street Address","created_in_workflow":"verify","confidence":1.0,"data":{"value":"52 Bond St"},"versions":[{"data":{"value":"52 Bond St"},"votes":3,"confidence":1.0,"instances":[{"created":"2016-04-18T02:02:42Z","user_id":"563f8b7a3264340003774b00","duration":3.546},{"created":"2016-04-24T12:47:41Z","user_id":"571cb8be30303100032f0000","duration":3.619},{"created":"2016-04-24T20:01:14Z","user_id":"571d23a53030310003370200","duration":2.346}]}],"region":{"x":156.49983133737896,"y":718.4090052867027,"width":383.3013046124006,"height":38.98759800453877,"label":"Street Address","shape":"rectangle"},"task_key":"em_transcribed_address","instructions":{"mark":"Street Address","transcribe":"Enter the street address","verify":"Choose the best transcription or enter your own!"}},{"id":"580d8bc961643900039d7202","status":"awaiting_votes","name":"Street Address","created_in_workflow":"verify","confidence":0.6666666666666666,"data":{"value":"52 Bond St"},"versions":[{"data":{"value":"52 Bond St"},"votes":2,"confidence":0.6666666666666666,"instances":[{"created":"2016-05-23T21:57:16Z","user_id":"563f8b7a3264340003774b00","duration":4.965},{"created":"2016-09-06T13:59:25Z","user_id":"57c49a363234370003600200","duration":3.772}]}],"region":{"x":297.20128156746705,"y":711.4261977291609,"width":226.07543876054217,"height":36.36178343949041,"label":"Street Address","shape":"rectangle"},"task_key":"em_transcribed_address","instructions":{"mark":"Street Address","transcribe":"Enter the street address","verify":"Choose the best transcription or enter your own!"}},{"id":"580d8bc961643900039e7202","status":"awaiting_votes","name":"Land \u0026 Building Dimensions","created_in_workflow":"transcribe","confidence":0.36363636363636365,"data":{"em_survey_building_dimensions":"25 x 45"},"versions":[{"data":{"em_survey_building_dimensions":"25 x 45"},"votes":4,"confidence":0.36363636363636365,"instances":[{"created":"2016-09-10T16:01:42Z","user_id":"57d42d123161390003090000","duration":19.269},{"created":"2016-09-13T15:18:18Z","user_id":"57d8174833386300039e0200","duration":20.098},{"created":"2016-09-15T23:42:27Z","user_id":"57db1c4061356600032c0200","duration":13.821},{"created":"2016-09-17T16:07:21Z","user_id":"57dd69766238350003140400","duration":26.693}]},{"data":{"em_survey_land_dimensions":"see diagram","em_survey_building_dimensions":"25 x 45"},"votes":3,"confidence":0.2727272727272727,"instances":[{"created":"2016-09-09T17:55:52Z","user_id":"57c49a363234370003600200","duration":19.189},{"created":"2016-09-11T15:38:40Z","user_id":"57d579e06238380003110000","duration":11.861},{"created":"2016-09-12T11:47:50Z","user_id":"57d691be3733300003000000","duration":46.803}]},{"data":{"em_survey_land_dimensions":"","em_survey_building_dimensions":"25 x 45"},"votes":1,"confidence":0.09090909090909091,"instances":[{"created":"2015-11-13T21:33:05Z","user_id":"5646061e63633500031e0b00","duration":12.546}]},{"data":{"em_survey_land_dimensions":"see diagram","em_survey_building_dimensions":"3"},"votes":1,"confidence":0.09090909090909091,"instances":[{"created":"2016-09-09T15:28:59Z","user_id":"57d2d36f3137360003a50000","duration":11.909}]},{"data":{"em_survey_land_dimensions":"1066 x 45","em_survey_building_dimensions":"25 x 45"},"votes":1,"confidence":0.09090909090909091,"instances":[{"created":"2016-09-08T18:41:38Z","user_id":"57d1b8483132340003f20300","duration":134.065}]},{"data":{"em_survey_land_dimensions":"19'6\" x 50+25 x 25 x 75","em_survey_building_dimensions":"25 x 45"},"votes":1,"confidence":0.09090909090909091,"instances":[{"created":"2016-09-14T20:26:45Z","user_id":"57d9aed26639350003950400","duration":102.442}]}],"region":{"x":151.12016390422247,"y":761.4298030848145,"width":527.207408449337,"height":87.3859955274146,"label":"Dimension \u0026 Description","shape":"rectangle"},"task_key":"em_record_survey","instructions":{"mark":"Dimension \u0026 Description","transcribe":"Enter, as they appear, any land and building dimensions that were recorded. In the next screen, you'll enter the descriptive information."}},{"id":"580d8bc961643900039f7202","status":"awaiting_votes","name":"Stories \u0026 Materials","created_in_workflow":"transcribe","confidence":0.6428571428571429,"data":{"em_record_stories":"3","em_record_material":"brick"},"versions":[{"data":{"em_record_stories":"3","em_record_material":"brick"},"votes":9,"confidence":0.6428571428571429,"instances":[{"created":"2015-11-13T21:33:10Z","user_id":"5646061e63633500031e0b00","duration":4.48},{"created":"2016-09-08T18:41:52Z","user_id":"57d1b8483132340003f20300","duration":13.309},{"created":"2016-09-09T16:31:06Z","user_id":"57d2e2aa3137360003070200","duration":6.836},{"created":"2016-09-09T17:55:59Z","user_id":"57c49a363234370003600200","duration":7.165},{"created":"2016-09-11T15:38:45Z","user_id":"57d579e06238380003110000","duration":5.622},{"created":"2016-09-12T11:48:01Z","user_id":"57d691be3733300003000000","duration":11.023},{"created":"2016-09-13T15:18:25Z","user_id":"57d8174833386300039e0200","duration":6.071},{"created":"2016-09-15T23:42:34Z","user_id":"57db1c4061356600032c0200","duration":7.017},{"created":"2016-09-17T16:07:26Z","user_id":"57dd69766238350003140400","duration":5.817}]},{"data":{"em_record_stories":"3","em_record_material":"Brick"},"votes":3,"confidence":0.21428571428571427,"instances":[{"created":"2016-09-09T15:29:15Z","user_id":"57d2d36f3137360003a50000","duration":15.471},{"created":"2016-09-10T16:01:53Z","user_id":"57d42d123161390003090000","duration":11.316},{"created":"2016-09-16T19:36:55Z","user_id":"57dc48ad6238350003790000","duration":10.423}]},{"data":{"em_record_stories":"3","em_record_material":"Br"},"votes":1,"confidence":0.07142857142857142,"instances":[{"created":"2016-09-14T20:26:55Z","user_id":"57d9aed26639350003950400","duration":10.079}]},{"data":{"em_record_stories":"3"},"votes":1,"confidence":0.07142857142857142,"instances":[{"created":"2016-09-15T00:57:01Z","user_id":"57d9efdf66393500032a0600","duration":4.416}]}],"region":{"x":151.12016390422247,"y":761.4298030848145,"width":527.207408449337,"height":87.3859955274146,"label":"Dimension \u0026 Description","shape":"rectangle"},"task_key":"em_record_survey_stories_materials","instructions":{"mark":"Dimension \u0026 Description","transcribe":"Enter, as they appear, the number of stories and the building materials."}},{"id":"580d8bc96164390003a07202","status":"complete","name":"Additional Info","created_in_workflow":"transcribe","confidence":1.0,"data":{"value":""},"versions":[{"data":{"value":""},"votes":2,"confidence":0.6666666666666666,"instances":[{"created":"2016-09-08T18:43:22Z","user_id":"57d1b8483132340003f20300","duration":90.464},{"created":"2016-09-17T16:07:27Z","user_id":"57dd69766238350003140400","duration":0.444}]},{"data":{"value":"25 x 45"},"votes":1,"confidence":0.3333333333333333,"instances":[{"created":"2016-09-09T15:29:21Z","user_id":"57d2d36f3137360003a50000","duration":6.39}]}],"region":{"x":151.12016390422247,"y":761.4298030848145,"width":527.207408449337,"height":87.3859955274146,"label":"Dimension \u0026 Description","shape":"rectangle"},"task_key":"em_record_survey_additional_info","instructions":{"mark":"Dimension \u0026 Description","transcribe":"Enter any additional information you find about the building's construction or significance."}},{"id":"580d8bc96164390003a17202","status":"complete","name":"Record Date","created_in_workflow":"verify","confidence":1.0,"data":{"value":"July 13/91"},"versions":[{"data":{"value":"July 13/91"},"votes":3,"confidence":1.0,"instances":[{"created":"2015-12-07T00:01:37Z","user_id":"5647496e3562310003960400","duration":4.296},{"created":"2015-12-24T09:20:16Z","user_id":"56748e5e3564620003fd0100","duration":4.341},{"created":"2015-12-25T03:30:51Z","user_id":"5668bbbe3064310003db0500","duration":8.551}]}],"region":{"x":155.15491447908985,"y":613.5458106538052,"width":394.0606394787136,"height":55.12039717883067,"label":"Record Date","shape":"rectangle"},"task_key":"em_transcribed_date","instructions":{"mark":"Record Date","transcribe":"Enter the record date","verify":"Choose the best transcription or enter your own!"}},{"id":"580d8bc96164390003a27202","status":"awaiting_votes","name":"Record Date","created_in_workflow":"verify","confidence":0.3333333333333333,"data":{"value":"July 13/91"},"versions":[{"data":{"value":"July 13/91"},"votes":1,"confidence":0.3333333333333333,"instances":[{"created":"2016-09-06T13:26:23Z","user_id":"57c49a363234370003600200","duration":5.379}]}],"region":{"x":317.75359418206176,"y":624.4741068955967,"width":145.44713542636282,"height":50.59030739407365,"label":"Record Date","shape":"rectangle"},"task_key":"em_transcribed_date","instructions":{"mark":"Record Date","transcribe":"Enter the record date","verify":"Choose the best transcription or enter your own!"}},{"id":"580d8bc96164390003a37202","status":"complete","name":"Amount Loaned","created_in_workflow":"verify","confidence":1.0,"data":{"value":"$8000"},"versions":[{"data":{"value":"$8000"},"votes":2,"confidence":0.6666666666666666,"instances":[{"created":"2016-04-18T02:02:39Z","user_id":"563f8b7a3264340003774b00","duration":2.651},{"created":"2016-04-24T20:01:10Z","user_id":"571d23a53030310003370200","duration":1.601}]},{"data":{"value":"$8,000"},"votes":1,"confidence":0.3333333333333333,"instances":[{"created":"2016-04-24T12:47:38Z","user_id":"571cb8be30303100032f0000","duration":2.272}]}],"region":{"x":780.5412535835328,"y":707.6538058371748,"width":316.05546169794434,"height":61.84239683478563,"label":"Amount Loaned","shape":"rectangle"},"task_key":"em_transcribed_amount_loaned","instructions":{"mark":"Amount Loaned","transcribe":"Enter the Amount Loaned","verify":"Choose the best transcription or enter your own!"}},{"id":"580d8bc96164390003a47202","status":"awaiting_votes","name":"Amount Loaned","created_in_workflow":"verify","confidence":0.3333333333333333,"data":{"value":"$8000"},"versions":[{"data":{"value":"$8000"},"votes":1,"confidence":0.3333333333333333,"instances":[{"created":"2016-09-06T13:59:32Z","user_id":"57c49a363234370003600200","duration":4.027}]}],"region":{"x":954.8752852344987,"y":713.0071448352256,"width":104.3425101971734,"height":42.685571863749715,"label":"Amount Loaned","shape":"rectangle"},"task_key":"em_transcribed_amount_loaned","instructions":{"mark":"Amount Loaned","transcribe":"Enter the Amount Loaned","verify":"Choose the best transcription or enter your own!"}}]}],"export_document":{"name":"Record","export_fields":[{"name":"Mortgager","value":"Dorothea Bornhagen","original_value":{"value":"Dorothea Bornhagen"},"assertion_ids":["580d8bc961643900039a7202"]},{"name":"Street Address","value":"52 Bond St","original_value":{"value":"52 Bond St"},"assertion_ids":["580d8bc961643900039c7202"]},{"name":"Record Date","value":"1891-07-13T00:00:00Z","original_value":{"value":"July 13/91"},"assertion_ids":["580d8bc96164390003a17202"]},{"name":"Land \u0026 Building Dimensions","value":{"em_survey_land_dimensions":[0],"em_survey_building_dimensions":[25,45]},"original_value":{"em_survey_land_dimensions":"see diagram","em_survey_building_dimensions":"25 x 45"},"assertion_ids":["580d8bc96164390003927202"]},{"name":"Amount Loaned","value":8000.0,"original_value":{"value":"$8000"},"assertion_ids":["580d8bc96164390003a37202"]},{"name":"Stories \u0026 Materials","value":{"em_record_stories":3,"em_record_material":"brick"},"original_value":{"em_record_stories":"3","em_record_material":"brick"},"assertion_ids":["580d8bc96164390003947202"]},{"name":"Valuation","value":null,"original_value":null,"assertion_ids":null},{"name":"Record Number","value":3740,"original_value":{"value":"3740"},"assertion_ids":["580d8bc96164390003987202"]},{"name":"Additional Info","value":"","original_value":{"value":""},"assertion_ids":["580d8bc96164390003a07202"]}]}}