{"id":"56b10a7f7061755afb4bcc00","meta_data":{"capture_uuid":"1429dcc0-02e7-0133-9c3f-58d385a7bbd0","page_uri":"http://digitalcollections.nypl.org/items/1429dcc0-02e7-0133-9c3f-58d385a7bbd0","book_uri":"http://digitalcollections.nypl.org/items/109c0900-02e7-0133-03cf-58d385a7bbd0","source_rotated":"0.811263","source_x":"1215.39","source_y":"0","source_w":"1370.61","source_h":"903.0699999999999"},"type":"final_subject_set","search_terms_by_field":{"Record Number":["4056"],"Mortgager":["Mary A. Parker"],"Street Address":["142 W 124 St"],"Land \u0026 Building Dimensions":["25 x 100","25 x 50"],"Stories \u0026 Materials":["3","br."],"Additional Info":[],"Record Date":["June 19/93"],"Valuation Date":[],"Land \u0026 Building Value":["7000","3000"],"Total Value":[],"Amount Loaned":["$4000"]},"subjects":[{"id":"580d6d466164390003203e01","type":"root","location":{"standard":"https://s3.amazonaws.com/scribe.nypl.org/emigrant-s4/full/1429dcc0-02e7-0133-9c3f-58d385a7bbd0.right-top.jpg","thumbnail":"https://s3.amazonaws.com/scribe.nypl.org/emigrant-s4/thumb/1429dcc0-02e7-0133-9c3f-58d385a7bbd0.right-top.jpg"},"status":"retired","width":1370,"height":903,"meta_data":{"capture_uuid":"1429dcc0-02e7-0133-9c3f-58d385a7bbd0","page_uri":"http://digitalcollections.nypl.org/items/1429dcc0-02e7-0133-9c3f-58d385a7bbd0","book_uri":"http://digitalcollections.nypl.org/items/109c0900-02e7-0133-03cf-58d385a7bbd0","source_rotated":"0.811263","source_x":"1215.39","source_y":"0","source_w":"1370.61","source_h":"903.0699999999999"},"assertions":[{"id":"580d6d466164390003213e01","status":"awaiting_transcriptions","name":"Land \u0026 Building Dimensions","created_in_workflow":"transcribe","confidence":0.6666666666666666,"data":{"em_survey_land_dimensions":"25 x 100","em_survey_building_dimensions":"25 x 50"},"versions":[{"data":{"em_survey_land_dimensions":"25 x 100","em_survey_building_dimensions":"25 x 50"},"votes":2,"confidence":0.6666666666666666,"instances":[{"created":"2015-12-08T00:06:56Z","user_id":"56661b603539360003ae1000","duration":20.978},{"created":"2015-12-08T00:34:55Z","user_id":"56590dee3966390003290200","duration":12.615}]}],"region":{"x":105.89871143237791,"y":745.4316660009869,"width":570.2755948379865,"height":103.19272607663925,"label":"Dimension \u0026 Description","shape":"rectangle"},"task_key":"em_record_survey","instructions":{"mark":"Dimension \u0026 Description","transcribe":"Enter, as they appear, any land and building dimensions that were recorded. In the next screen, you'll enter the descriptive information."}},{"id":"580d6d466164390003223e01","status":"awaiting_transcriptions","name":"Stories \u0026 Materials","created_in_workflow":"transcribe","confidence":0.3333333333333333,"data":{"em_record_stories":"3","em_record_material":"br."},"versions":[{"data":{"em_record_stories":"3","em_record_material":"br."},"votes":1,"confidence":0.3333333333333333,"instances":[{"created":"2015-12-08T00:07:04Z","user_id":"56661b603539360003ae1000","duration":7.662}]},{"data":{"em_record_stories":"3","em_record_material":"br"},"votes":1,"confidence":0.3333333333333333,"instances":[{"created":"2015-12-08T00:34:59Z","user_id":"56590dee3966390003290200","duration":4.659}]}],"region":{"x":105.89871143237791,"y":745.4316660009869,"width":570.2755948379865,"height":103.19272607663925,"label":"Dimension \u0026 Description","shape":"rectangle"},"task_key":"em_record_survey_stories_materials","instructions":{"mark":"Dimension \u0026 Description","transcribe":"Enter, as they appear, the number of stories and the building materials."}},{"id":"580d6d466164390003233e01","status":"awaiting_transcriptions","name":"Additional Info","created_in_workflow":"transcribe","confidence":0.3333333333333333,"data":{"value":""},"versions":[{"data":{"value":""},"votes":1,"confidence":0.3333333333333333,"instances":[{"created":"2015-12-08T00:35:01Z","user_id":"56590dee3966390003290200","duration":1.761}]}],"region":{"x":105.89871143237791,"y":745.4316660009869,"width":570.2755948379865,"height":103.19272607663925,"label":"Dimension \u0026 Description","shape":"rectangle"},"task_key":"em_record_survey_additional_info","instructions":{"mark":"Dimension \u0026 Description","transcribe":"Enter any additional information you find about the building's construction or significance."}},{"id":"580d6d466164390003243e01","status":"awaiting_transcriptions","name":"Valuation Date","created_in_workflow":"transcribe","confidence":0.3333333333333333,"data":{"value":""},"versions":[{"data":{"value":""},"votes":1,"confidence":0.3333333333333333,"instances":[{"created":"2015-11-19T18:49:38Z","user_id":"5647496e3562310003960400","duration":2.406}]},{"data":{"value":"June 19/93"},"votes":1,"confidence":0.3333333333333333,"instances":[{"created":"2016-10-06T17:39:20Z","user_id":"57c49a363234370003600200","duration":9.106}]}],"region":{"x":739.1776686716753,"y":627.8673686914087,"width":290.9267199792621,"height":92.02784127391806,"label":"Valuation","shape":"rectangle"},"task_key":"em_record_valuation","instructions":{"mark":"Valuation","transcribe":"Enter the date of the valuation (if one is given). In the next screen, you'll enter the valuation's dollar amounts."}},{"id":"580d6d466164390003253e01","status":"awaiting_transcriptions","name":"Land \u0026 Building Value","created_in_workflow":"transcribe","confidence":0.3333333333333333,"data":{"em_valuation_ground":"7000","em_valuation_building":"3000"},"versions":[{"data":{"em_valuation_ground":"7000","em_valuation_building":"3000"},"votes":1,"confidence":0.3333333333333333,"instances":[{"created":"2015-11-19T18:49:43Z","user_id":"5647496e3562310003960400","duration":4.886}]},{"data":{"em_valuation_ground":"$7000.","em_valuation_building":"3000."},"votes":1,"confidence":0.3333333333333333,"instances":[{"created":"2016-10-06T17:39:28Z","user_id":"57c49a363234370003600200","duration":7.892}]}],"region":{"x":739.1776686716753,"y":627.8673686914087,"width":290.9267199792621,"height":92.02784127391806,"label":"Valuation","shape":"rectangle"},"task_key":"em_record_valuation_ground_building","instructions":{"mark":"Valuation","transcribe":"Sometimes valuations include itemized dollar values for \"ground\" and \"building\". Enter these amounts if you can find them. In the next screen, you'll enter the total valuation."}},{"id":"580d6d466164390003263e01","status":"awaiting_transcriptions","name":"Total Value","created_in_workflow":"transcribe","confidence":0.6666666666666666,"data":{"value":""},"versions":[{"data":{"value":""},"votes":2,"confidence":0.6666666666666666,"instances":[{"created":"2015-11-19T18:49:44Z","user_id":"5647496e3562310003960400","duration":1.568},{"created":"2016-10-06T17:39:29Z","user_id":"57c49a363234370003600200","duration":0.871}]}],"region":{"x":739.1776686716753,"y":627.8673686914087,"width":290.9267199792621,"height":92.02784127391806,"label":"Valuation","shape":"rectangle"},"task_key":"em_record_valuation_total","instructions":{"mark":"Valuation","transcribe":"Enter the valuation ***total*** (if one is given)"}},{"id":"580d6d466164390003273e01","status":"complete","name":"Record Number","created_in_workflow":"transcribe","confidence":1.0,"data":{"value":"4056"},"versions":[{"data":{"value":"4056"},"votes":3,"confidence":1.0,"instances":[{"created":"2015-11-19T19:29:00Z","user_id":"564e1f123964660003e30500","duration":6.415},{"created":"2015-11-19T19:35:22Z","user_id":"564d13346531660003af1200","duration":4.798},{"created":"2015-11-19T20:00:10Z","user_id":"564e280439646600034b0700","duration":3.875}]}],"region":{"x":371.06630869791496,"y":94.99648131501223,"width":559.5886399601115,"height":72.73168100680621,"label":"Record Number","shape":"rectangle"},"task_key":"em_record_number","instructions":{"mark":"Record Number","transcribe":"Enter the record number"}},{"id":"580d6d466164390003283e01","status":"complete","name":"Mortgager","created_in_workflow":"verify","confidence":1.0,"data":{"value":"Mary A. Parker"},"versions":[{"data":{"value":"Mary A. Parker"},"votes":2,"confidence":0.6666666666666666,"instances":[{"created":"2016-05-21T00:53:05Z","user_id":"563f8b7a3264340003774b00","duration":5.912},{"created":"2016-08-16T02:02:29Z","user_id":"5750d4e061323000033d0000","duration":6.979}]},{"data":{"value":"Mary A Parker"},"votes":1,"confidence":0.3333333333333333,"instances":[{"created":"2016-09-05T22:49:05Z","user_id":"57c49a363234370003600200","duration":10.267}]}],"region":{"x":120.21622871579599,"y":663.4910491845383,"width":409.67231997079784,"height":54.919840760241414,"label":"Mortgager Name","shape":"rectangle"},"task_key":"em_transcribed_mortgager","instructions":{"mark":"Mortgager Name","transcribe":"Enter the mortgager's name","verify":"Choose the best transcription or enter your own!"}},{"id":"580d6d466164390003293e01","status":"complete","name":"Street Address","created_in_workflow":"verify","confidence":1.0,"data":{"value":"142 W 124 St"},"versions":[{"data":{"value":"142 W 124 St"},"votes":3,"confidence":1.0,"instances":[{"created":"2016-05-21T00:51:47Z","user_id":"563f8b7a3264340003774b00","duration":10.795},{"created":"2016-08-16T02:09:32Z","user_id":"5750d4e061323000033d0000","duration":19.422},{"created":"2016-09-05T20:25:18Z","user_id":"57c49a363234370003600200","duration":10.95}]}],"region":{"x":126.15350871537278,"y":702.083369718762,"width":440.84303996857585,"height":54.919840760241414,"label":"Street Address","shape":"rectangle"},"task_key":"em_transcribed_address","instructions":{"mark":"Street Address","transcribe":"Enter the street address","verify":"Choose the best transcription or enter your own!"}},{"id":"580d6d4661643900032a3e01","status":"complete","name":"Record Date","created_in_workflow":"transcribe","confidence":1.0,"data":{"value":"June 19/93"},"versions":[{"data":{"value":"June 19/93"},"votes":3,"confidence":1.0,"instances":[{"created":"2015-11-19T19:30:04Z","user_id":"564e1f123964660003e30500","duration":10.137},{"created":"2015-12-18T16:32:09Z","user_id":"5668b33530333000032d0500","duration":4.947},{"created":"2015-12-19T03:01:11Z","user_id":"5668bbbe3064310003db0500","duration":8.384}]}],"region":{"x":105.37302871685405,"y":605.6025683832028,"width":378.5015999730197,"height":75.70032104790027,"label":"Record Date","shape":"rectangle"},"task_key":"em_record_date","instructions":{"mark":"Record Date","transcribe":"Enter the record date"}},{"id":"580d6d4661643900032b3e01","status":"complete","name":"Amount Loaned","created_in_workflow":"verify","confidence":1.0,"data":{"value":"$4000"},"versions":[{"data":{"value":"$4000"},"votes":3,"confidence":1.0,"instances":[{"created":"2016-05-21T00:52:09Z","user_id":"563f8b7a3264340003774b00","duration":2.638},{"created":"2016-08-16T02:09:37Z","user_id":"5750d4e061323000033d0000","duration":5.687},{"created":"2016-09-05T20:32:53Z","user_id":"57c49a363234370003600200","duration":7.922}]}],"region":{"x":736.209028671887,"y":712.4736098625915,"width":307.2542399780982,"height":46.01392063695903,"label":"Amount Loaned","shape":"rectangle"},"task_key":"em_transcribed_amount_loaned","instructions":{"mark":"Amount Loaned","transcribe":"Enter the Amount Loaned","verify":"Choose the best transcription or enter your own!"}}]}],"export_document":{"name":"Record","export_fields":[{"name":"Mortgager","value":"Mary A. Parker","original_value":{"value":"Mary A. Parker"},"assertion_ids":["580d6d466164390003283e01"]},{"name":"Street Address","value":"142 W 124 St","original_value":{"value":"142 W 124 St"},"assertion_ids":["580d6d466164390003293e01"]},{"name":"Record Date","value":"1893-06-19T00:00:00Z","original_value":{"value":"June 19/93"},"assertion_ids":["580d6d4661643900032a3e01"]},{"name":"Land \u0026 Building Dimensions","value":{"em_survey_land_dimensions":[25,100],"em_survey_building_dimensions":[25,50]},"original_value":{"em_survey_land_dimensions":"25 x 100","em_survey_building_dimensions":"25 x 50"},"assertion_ids":["580d6d466164390003213e01"]},{"name":"Amount Loaned","value":4000.0,"original_value":{"value":"$4000"},"assertion_ids":["580d6d4661643900032b3e01"]},{"name":"Stories \u0026 Materials","value":{"em_record_stories":3,"em_record_material":"br."},"original_value":{"em_record_stories":"3","em_record_material":"br."},"assertion_ids":["580d6d466164390003223e01"]},{"name":"Valuation","value":null,"original_value":null,"assertion_ids":null},{"name":"Record Number","value":4056,"original_value":{"value":"4056"},"assertion_ids":["580d6d466164390003273e01"]},{"name":"Additional Info","value":"","original_value":{"value":""},"assertion_ids":["580d6d466164390003233e01"]}]}}