{"id":"56b10a047061755afbd3c200","meta_data":{"capture_uuid":"1264eac0-02e7-0133-9459-58d385a7bbd0","page_uri":"http://digitalcollections.nypl.org/items/1264eac0-02e7-0133-9459-58d385a7bbd0","book_uri":"http://digitalcollections.nypl.org/items/109c0900-02e7-0133-03cf-58d385a7bbd0","source_rotated":"0.699377","source_x":"1214.48","source_y":"0","source_w":"1369.52","source_h":"899.64"},"type":"final_subject_set","search_terms_by_field":{"Land \u0026 Building Value":["7000","13000"],"Valuation Date":["April 4/92"],"Total Value":[],"Record Number":["3880"],"Mortgager":["Carsten Stemmermann"],"Street Address":["S side 68 W 106 St"],"Land \u0026 Building Dimensions":["25 x 100.11","25 x 85"],"Stories \u0026 Materials":["4","br"],"Additional Info":[],"Record Date":["April 4/92"],"Amount Loaned":["$3,000"]},"subjects":[{"id":"580d990f616439000371db02","type":"root","location":{"standard":"https://s3.amazonaws.com/scribe.nypl.org/emigrant-s4/full/1264eac0-02e7-0133-9459-58d385a7bbd0.right-top.jpg","thumbnail":"https://s3.amazonaws.com/scribe.nypl.org/emigrant-s4/thumb/1264eac0-02e7-0133-9459-58d385a7bbd0.right-top.jpg"},"status":"retired","width":1369,"height":899,"meta_data":{"capture_uuid":"1264eac0-02e7-0133-9459-58d385a7bbd0","page_uri":"http://digitalcollections.nypl.org/items/1264eac0-02e7-0133-9459-58d385a7bbd0","book_uri":"http://digitalcollections.nypl.org/items/109c0900-02e7-0133-03cf-58d385a7bbd0","source_rotated":"0.699377","source_x":"1214.48","source_y":"0","source_w":"1369.52","source_h":"899.64"},"assertions":[{"id":"580d990f616439000372db02","status":"awaiting_votes","name":"Land \u0026 Building Value","created_in_workflow":"transcribe","confidence":0.3333333333333333,"data":{"em_valuation_ground":"7000","em_valuation_building":"13000"},"versions":[{"data":{"em_valuation_ground":"7000","em_valuation_building":"13000"},"votes":1,"confidence":0.3333333333333333,"instances":[{"created":"2015-11-18T17:07:39Z","user_id":"564ca14965316600033c0700","duration":6.775}]},{"data":{"em_valuation_ground":"$7,000","em_valuation_building":"$13,000"},"votes":1,"confidence":0.3333333333333333,"instances":[{"created":"2015-11-18T17:42:16Z","user_id":"564caff93463650003190900","duration":42.221}]},{"data":{"em_valuation_ground":"7000.","em_valuation_building":"13000."},"votes":1,"confidence":0.3333333333333333,"instances":[{"created":"2016-10-05T19:32:33Z","user_id":"57c49a363234370003600200","duration":9.993}]}],"region":{"x":935.5322004908454,"y":634.8779869108619,"width":100.70478257084221,"height":71.51499162903963,"label":"Valuation","shape":"rectangle"},"task_key":"em_record_valuation_ground_building","instructions":{"mark":"Valuation","transcribe":"Sometimes valuations include itemized dollar values for \"ground\" and \"building\". Enter these amounts if you can find them. In the next screen, you'll enter the total valuation."}},{"id":"580d990f616439000373db02","status":"awaiting_transcriptions","name":"Valuation Date","created_in_workflow":"transcribe","confidence":0.6666666666666666,"data":{"value":"April 4/92"},"versions":[{"data":{"value":"April 4/92"},"votes":2,"confidence":0.6666666666666666,"instances":[{"created":"2015-11-18T17:07:32Z","user_id":"564ca14965316600033c0700","duration":12.536},{"created":"2016-10-05T19:32:23Z","user_id":"57c49a363234370003600200","duration":9.232}]}],"region":{"x":935.5322004908454,"y":634.8779869108619,"width":100.70478257084221,"height":71.51499162903963,"label":"Valuation","shape":"rectangle"},"task_key":"em_record_valuation","instructions":{"mark":"Valuation","transcribe":"Enter the date of the valuation (if one is given). In the next screen, you'll enter the valuation's dollar amounts."}},{"id":"580d990f616439000374db02","status":"awaiting_transcriptions","name":"Total Value","created_in_workflow":"transcribe","confidence":0.6666666666666666,"data":{"value":""},"versions":[{"data":{"value":""},"votes":2,"confidence":0.6666666666666666,"instances":[{"created":"2015-11-18T17:42:35Z","user_id":"564caff93463650003190900","duration":18.914},{"created":"2016-10-05T19:32:35Z","user_id":"57c49a363234370003600200","duration":1.751}]}],"region":{"x":935.5322004908454,"y":634.8779869108619,"width":100.70478257084221,"height":71.51499162903963,"label":"Valuation","shape":"rectangle"},"task_key":"em_record_valuation_total","instructions":{"mark":"Valuation","transcribe":"Enter the valuation ***total*** (if one is given)"}},{"id":"580d990f616439000375db02","status":"complete","name":"Record Number","created_in_workflow":"transcribe","confidence":1.0,"data":{"value":"3880"},"versions":[{"data":{"value":"3880"},"votes":3,"confidence":1.0,"instances":[{"created":"2015-11-18T14:11:53Z","user_id":"564c675865316600033b0100","duration":7.71},{"created":"2015-11-18T17:33:12Z","user_id":"564cb05c3463650003290900","duration":9.098},{"created":"2015-11-18T17:40:38Z","user_id":"564caef53463650003f40800","duration":4.083}]}],"region":{"x":756.0149793863008,"y":93.40733600527624,"width":195.57160673178043,"height":67.1365227537923,"label":"Record Number","shape":"rectangle"},"task_key":"em_record_number","instructions":{"mark":"Record Number","transcribe":"Enter the record number"}},{"id":"580d990f616439000376db02","status":"complete","name":"Mortgager","created_in_workflow":"verify","confidence":1.0,"data":{"value":"Carsten Stemmermann"},"versions":[{"data":{"value":"Carsten Stemmermann"},"votes":3,"confidence":1.0,"instances":[{"created":"2016-05-14T22:48:41Z","user_id":"563f8b7a3264340003774b00","duration":12.014},{"created":"2016-06-02T14:05:38Z","user_id":"575034e536656200034d0200","duration":25.482},{"created":"2016-09-29T00:53:21Z","user_id":"57c49a363234370003600200","duration":7.89}]}],"region":{"x":258.3290249419938,"y":666.9867586626756,"width":322.5472021471901,"height":51.08213687788543,"label":"Mortgager Name","shape":"rectangle"},"task_key":"em_transcribed_mortgager","instructions":{"mark":"Mortgager Name","transcribe":"Enter the mortgager's name","verify":"Choose the best transcription or enter your own!"}},{"id":"580d990f616439000377db02","status":"awaiting_votes","name":"Street Address","created_in_workflow":"verify","confidence":0.3333333333333333,"data":{"value":"S side 68 W 106 St"},"versions":[{"data":{"value":"S side 68 W 106 St"},"votes":1,"confidence":0.3333333333333333,"instances":[{"created":"2016-05-15T12:38:38Z","user_id":"563f8b7a3264340003774b00","duration":9.458}]},{"data":{"value":"S.s. No. 68 W 106 St."},"votes":1,"confidence":0.3333333333333333,"instances":[{"created":"2016-09-29T01:20:29Z","user_id":"57c49a363234370003600200","duration":13.755}]}],"region":{"x":296.2757546063691,"y":710.7714474151488,"width":291.8979204951946,"height":46.703668002638096,"label":"Street Address","shape":"rectangle"},"task_key":"em_transcribed_address","instructions":{"mark":"Street Address","transcribe":"Enter the street address","verify":"Choose the best transcription or enter your own!"}},{"id":"580d990f616439000378db02","status":"awaiting_votes","name":"Land \u0026 Building Dimensions","created_in_workflow":"transcribe","confidence":0.6666666666666666,"data":{"em_survey_land_dimensions":"25 x 100.11","em_survey_building_dimensions":"25 x 85"},"versions":[{"data":{"em_survey_land_dimensions":"25 x 100.11","em_survey_building_dimensions":"25 x 85"},"votes":2,"confidence":0.6666666666666666,"instances":[{"created":"2015-11-18T17:44:28Z","user_id":"564caff93463650003190900","duration":24.371},{"created":"2016-10-05T19:32:48Z","user_id":"57c49a363234370003600200","duration":12.633}]},{"data":{"em_survey_land_dimensions":"26 x 100.11","em_survey_building_dimensions":"25 x 85"},"votes":1,"confidence":0.3333333333333333,"instances":[{"created":"2015-11-18T17:08:38Z","user_id":"564ca14965316600033c0700","duration":12.908}]}],"region":{"x":360.4932971153119,"y":760.3940946679519,"width":268.54608685557906,"height":78.81243975445182,"label":"Dimension \u0026 Description","shape":"rectangle"},"task_key":"em_record_survey","instructions":{"mark":"Dimension \u0026 Description","transcribe":"Enter, as they appear, any land and building dimensions that were recorded. In the next screen, you'll enter the descriptive information."}},{"id":"580d990f616439000379db02","status":"awaiting_votes","name":"Stories \u0026 Materials","created_in_workflow":"transcribe","confidence":0.6666666666666666,"data":{"em_record_stories":"4","em_record_material":"br"},"versions":[{"data":{"em_record_stories":"4","em_record_material":"br"},"votes":2,"confidence":0.6666666666666666,"instances":[{"created":"2015-11-18T17:44:39Z","user_id":"564caff93463650003190900","duration":11.126},{"created":"2016-10-05T19:33:20Z","user_id":"57c49a363234370003600200","duration":31.682}]},{"data":{"em_record_stories":"4","em_record_material":"brick"},"votes":1,"confidence":0.3333333333333333,"instances":[{"created":"2015-11-18T17:08:48Z","user_id":"564ca14965316600033c0700","duration":7.325}]}],"region":{"x":360.4932971153119,"y":760.3940946679519,"width":268.54608685557906,"height":78.81243975445182,"label":"Dimension \u0026 Description","shape":"rectangle"},"task_key":"em_record_survey_stories_materials","instructions":{"mark":"Dimension \u0026 Description","transcribe":"Enter, as they appear, the number of stories and the building materials."}},{"id":"580d990f61643900037adb02","status":"awaiting_transcriptions","name":"Additional Info","created_in_workflow":"transcribe","confidence":0.3333333333333333,"data":{"value":""},"versions":[{"data":{"value":""},"votes":1,"confidence":0.3333333333333333,"instances":[{"created":"2016-10-05T19:33:21Z","user_id":"57c49a363234370003600200","duration":1.016}]}],"region":{"x":360.4932971153119,"y":760.3940946679519,"width":268.54608685557906,"height":78.81243975445182,"label":"Dimension \u0026 Description","shape":"rectangle"},"task_key":"em_record_survey_additional_info","instructions":{"mark":"Dimension \u0026 Description","transcribe":"Enter any additional information you find about the building's construction or significance."}},{"id":"580d990f61643900037bdb02","status":"complete","name":"Record Date","created_in_workflow":"verify","confidence":1.0,"data":{"value":"April 4/92"},"versions":[{"data":{"value":"April 4/92"},"votes":3,"confidence":1.0,"instances":[{"created":"2015-12-18T01:57:55Z","user_id":"5647496e3562310003960400","duration":3.484},{"created":"2016-01-02T17:48:00Z","user_id":"56748e5e3564620003fd0100","duration":3.249},{"created":"2016-01-30T21:30:48Z","user_id":"56980a2d3337650003270200","duration":7.485}]}],"region":{"x":315.24911943855676,"y":621.74258028512,"width":153.24640825997716,"height":54.001116128050285,"label":"Record Date","shape":"rectangle"},"task_key":"em_transcribed_date","instructions":{"mark":"Record Date","transcribe":"Enter the record date","verify":"Choose the best transcription or enter your own!"}},{"id":"580d990f61643900037cdb02","status":"awaiting_votes","name":"Amount Loaned","created_in_workflow":"verify","confidence":0.3333333333333333,"data":{"value":"$3,000"},"versions":[{"data":{"value":"$3,000"},"votes":1,"confidence":0.3333333333333333,"instances":[{"created":"2016-06-02T04:00:16Z","user_id":"574faca23665620003080200","duration":4.093}]},{"data":{"value":"$3000."},"votes":1,"confidence":0.3333333333333333,"instances":[{"created":"2016-09-29T00:53:49Z","user_id":"57c49a363234370003600200","duration":7.062}]}],"region":{"x":918.0183252611338,"y":707.852468164984,"width":109.46172018569803,"height":49.62264725280295,"label":"Amount Loaned","shape":"rectangle"},"task_key":"em_transcribed_amount_loaned","instructions":{"mark":"Amount Loaned","transcribe":"Enter the Amount Loaned","verify":"Choose the best transcription or enter your own!"}}]}],"export_document":{"name":"Record","export_fields":[{"name":"Mortgager","value":"Carsten Stemmermann","original_value":{"value":"Carsten Stemmermann"},"assertion_ids":["580d990f616439000376db02"]},{"name":"Street Address","value":"S side 68 W 106 St","original_value":{"value":"S side 68 W 106 St"},"assertion_ids":["580d990f616439000377db02"]},{"name":"Record Date","value":"1892-04-04T00:00:00Z","original_value":{"value":"April 4/92"},"assertion_ids":["580d990f61643900037bdb02"]},{"name":"Land \u0026 Building Dimensions","value":{"em_survey_land_dimensions":[25,100.91666666666667],"em_survey_building_dimensions":[25,85]},"original_value":{"em_survey_land_dimensions":"25 x 100.11","em_survey_building_dimensions":"25 x 85"},"assertion_ids":["580d990f616439000378db02"]},{"name":"Amount Loaned","value":3000.0,"original_value":{"value":"$3,000"},"assertion_ids":["580d990f61643900037cdb02"]},{"name":"Stories \u0026 Materials","value":{"em_record_stories":4,"em_record_material":"br"},"original_value":{"em_record_stories":"4","em_record_material":"br"},"assertion_ids":["580d990f616439000379db02"]},{"name":"Valuation","value":null,"original_value":null,"assertion_ids":null},{"name":"Record Number","value":3880,"original_value":{"value":"3880"},"assertion_ids":["580d990f616439000375db02"]},{"name":"Additional Info","value":"","original_value":{"value":""},"assertion_ids":["580d990f61643900037adb02"]}]}}