{"id":"56b10a997061755afb41ce00","meta_data":{"capture_uuid":"149ee4f0-02e7-0133-1743-58d385a7bbd0","page_uri":"http://digitalcollections.nypl.org/items/149ee4f0-02e7-0133-1743-58d385a7bbd0","book_uri":"http://digitalcollections.nypl.org/items/109c0900-02e7-0133-03cf-58d385a7bbd0","source_rotated":"0.783292","source_x":"1215.42","source_y":"0","source_w":"1370.58","source_h":"901.5999999999999"},"type":"final_subject_set","search_terms_by_field":{"Land \u0026 Building Dimensions":["22 x 102.2","22 x 50","22 x 102.2","22 x 50"],"Stories \u0026 Materials":["3","Brick","3","Brick"],"Additional Info":[],"Land \u0026 Building Value":["$12,000","8,000","$12000","8000"],"Total Value":[],"Record Number":["4092"],"Mortgager":["Hermine Cloherty"],"Street Address":["179 E 79 St."],"Record Date":["Jany 15/94"],"Amount Loaned":["$10000."]},"subjects":[{"id":"580d6d636164390003993f01","type":"root","location":{"standard":"https://s3.amazonaws.com/scribe.nypl.org/emigrant-s4/full/149ee4f0-02e7-0133-1743-58d385a7bbd0.right-top.jpg","thumbnail":"https://s3.amazonaws.com/scribe.nypl.org/emigrant-s4/thumb/149ee4f0-02e7-0133-1743-58d385a7bbd0.right-top.jpg"},"status":"retired","width":1370,"height":901,"meta_data":{"capture_uuid":"149ee4f0-02e7-0133-1743-58d385a7bbd0","page_uri":"http://digitalcollections.nypl.org/items/149ee4f0-02e7-0133-1743-58d385a7bbd0","book_uri":"http://digitalcollections.nypl.org/items/109c0900-02e7-0133-03cf-58d385a7bbd0","source_rotated":"0.783292","source_x":"1215.42","source_y":"0","source_w":"1370.58","source_h":"901.5999999999999"},"assertions":[{"id":"580d6d6361643900039a3f01","status":"awaiting_transcriptions","name":"Land \u0026 Building Dimensions","created_in_workflow":"transcribe","confidence":0.3333333333333333,"data":{"em_survey_land_dimensions":"22 x 102.2","em_survey_building_dimensions":"22 x 50"},"versions":[{"data":{"em_survey_land_dimensions":"22 x 102.2","em_survey_building_dimensions":"22 x 50"},"votes":1,"confidence":0.3333333333333333,"instances":[{"created":"2016-01-26T01:58:28Z","user_id":"56a6c7596536660003bc0400","duration":7.825}]}],"region":{"x":259.18494810388495,"y":749.3639921722114,"width":379.09004072193454,"height":88.16046966731892,"label":"Dimension \u0026 Description","shape":"rectangle"},"task_key":"em_record_survey","instructions":{"mark":"Dimension \u0026 Description","transcribe":"Enter, as they appear, any land and building dimensions that were recorded. In the next screen, you'll enter the descriptive information."}},{"id":"580d6d6361643900039b3f01","status":"awaiting_transcriptions","name":"Stories \u0026 Materials","created_in_workflow":"transcribe","confidence":0.3333333333333333,"data":{"em_record_stories":"3","em_record_material":"Brick"},"versions":[{"data":{"em_record_stories":"3","em_record_material":"Brick"},"votes":1,"confidence":0.3333333333333333,"instances":[{"created":"2016-01-26T01:58:30Z","user_id":"56a6c7596536660003bc0400","duration":2.678}]}],"region":{"x":259.18494810388495,"y":749.3639921722114,"width":379.09004072193454,"height":88.16046966731892,"label":"Dimension \u0026 Description","shape":"rectangle"},"task_key":"em_record_survey_stories_materials","instructions":{"mark":"Dimension \u0026 Description","transcribe":"Enter, as they appear, the number of stories and the building materials."}},{"id":"580d6d6361643900039c3f01","status":"awaiting_transcriptions","name":"Additional Info","created_in_workflow":"transcribe","confidence":0.3333333333333333,"data":{"value":""},"versions":[{"data":{"value":""},"votes":1,"confidence":0.3333333333333333,"instances":[{"created":"2016-01-26T01:58:31Z","user_id":"56a6c7596536660003bc0400","duration":1.086}]}],"region":{"x":259.18494810388495,"y":749.3639921722114,"width":379.09004072193454,"height":88.16046966731892,"label":"Dimension \u0026 Description","shape":"rectangle"},"task_key":"em_record_survey_additional_info","instructions":{"mark":"Dimension \u0026 Description","transcribe":"Enter any additional information you find about the building's construction or significance."}},{"id":"580d6d6361643900039d3f01","status":"awaiting_transcriptions","name":"Land \u0026 Building Dimensions","created_in_workflow":"transcribe","confidence":0.3333333333333333,"data":{"em_survey_land_dimensions":"22 x 102.2","em_survey_building_dimensions":"22 x 50"},"versions":[{"data":{"em_survey_land_dimensions":"22 x 102.2","em_survey_building_dimensions":"22 x 50"},"votes":1,"confidence":0.3333333333333333,"instances":[{"created":"2016-01-13T04:47:26Z","user_id":"5695d1a53064330003a90300","duration":7.302}]}],"region":{"x":333.75531914893617,"y":753.4850142098885,"width":307.5212765957446,"height":78.70056241263819,"label":"Dimension \u0026 Description","shape":"rectangle"},"task_key":"em_record_survey","instructions":{"mark":"Dimension \u0026 Description","transcribe":"Enter, as they appear, any land and building dimensions that were recorded. In the next screen, you'll enter the descriptive information."}},{"id":"580d6d6361643900039e3f01","status":"awaiting_transcriptions","name":"Stories \u0026 Materials","created_in_workflow":"transcribe","confidence":0.3333333333333333,"data":{"em_record_stories":"3","em_record_material":"Brick"},"versions":[{"data":{"em_record_stories":"3","em_record_material":"Brick"},"votes":1,"confidence":0.3333333333333333,"instances":[{"created":"2016-01-13T04:47:28Z","user_id":"5695d1a53064330003a90300","duration":2.694}]}],"region":{"x":333.75531914893617,"y":753.4850142098885,"width":307.5212765957446,"height":78.70056241263819,"label":"Dimension \u0026 Description","shape":"rectangle"},"task_key":"em_record_survey_stories_materials","instructions":{"mark":"Dimension \u0026 Description","transcribe":"Enter, as they appear, the number of stories and the building materials."}},{"id":"580d6d6361643900039f3f01","status":"awaiting_transcriptions","name":"Additional Info","created_in_workflow":"transcribe","confidence":0.3333333333333333,"data":{"value":""},"versions":[{"data":{"value":""},"votes":1,"confidence":0.3333333333333333,"instances":[{"created":"2016-01-13T04:47:29Z","user_id":"5695d1a53064330003a90300","duration":1.116}]}],"region":{"x":333.75531914893617,"y":753.4850142098885,"width":307.5212765957446,"height":78.70056241263819,"label":"Dimension \u0026 Description","shape":"rectangle"},"task_key":"em_record_survey_additional_info","instructions":{"mark":"Dimension \u0026 Description","transcribe":"Enter any additional information you find about the building's construction or significance."}},{"id":"580d6d636164390003a03f01","status":"awaiting_transcriptions","name":"Land \u0026 Building Value","created_in_workflow":"transcribe","confidence":0.3333333333333333,"data":{"em_valuation_ground":"$12,000","em_valuation_building":"8,000"},"versions":[{"data":{"em_valuation_ground":"$12,000","em_valuation_building":"8,000"},"votes":1,"confidence":0.3333333333333333,"instances":[{"created":"2016-01-26T01:58:03Z","user_id":"56a6c7596536660003bc0400","duration":6.128}]}],"region":{"x":826.9384044409218,"y":627.7025440313112,"width":186.9002061233724,"height":84.6340508806262,"label":"Valuation","shape":"rectangle"},"task_key":"em_record_valuation_ground_building","instructions":{"mark":"Valuation","transcribe":"Sometimes valuations include itemized dollar values for \"ground\" and \"building\". Enter these amounts if you can find them. In the next screen, you'll enter the total valuation."}},{"id":"580d6d636164390003a13f01","status":"awaiting_transcriptions","name":"Total Value","created_in_workflow":"transcribe","confidence":0.3333333333333333,"data":{"value":""},"versions":[{"data":{"value":""},"votes":1,"confidence":0.3333333333333333,"instances":[{"created":"2016-01-26T01:58:03Z","user_id":"56a6c7596536660003bc0400","duration":0.346}]}],"region":{"x":826.9384044409218,"y":627.7025440313112,"width":186.9002061233724,"height":84.6340508806262,"label":"Valuation","shape":"rectangle"},"task_key":"em_record_valuation_total","instructions":{"mark":"Valuation","transcribe":"Enter the valuation ***total*** (if one is given)"}},{"id":"580d6d636164390003a23f01","status":"awaiting_transcriptions","name":"Land \u0026 Building Value","created_in_workflow":"transcribe","confidence":0.3333333333333333,"data":{"em_valuation_ground":"$12000","em_valuation_building":"8000"},"versions":[{"data":{"em_valuation_ground":"$12000","em_valuation_building":"8000"},"votes":1,"confidence":0.3333333333333333,"instances":[{"created":"2016-01-13T04:46:52Z","user_id":"5695d1a53064330003a90300","duration":8.403}]}],"region":{"x":894.8723404255319,"y":625.2322458337372,"width":126.79787234042544,"height":80.15798023509456,"label":"Valuation","shape":"rectangle"},"task_key":"em_record_valuation_ground_building","instructions":{"mark":"Valuation","transcribe":"Sometimes valuations include itemized dollar values for \"ground\" and \"building\". Enter these amounts if you can find them. In the next screen, you'll enter the total valuation."}},{"id":"580d6d636164390003a33f01","status":"awaiting_transcriptions","name":"Total Value","created_in_workflow":"transcribe","confidence":0.3333333333333333,"data":{"value":""},"versions":[{"data":{"value":""},"votes":1,"confidence":0.3333333333333333,"instances":[{"created":"2016-01-13T04:46:53Z","user_id":"5695d1a53064330003a90300","duration":0.398}]}],"region":{"x":894.8723404255319,"y":625.2322458337372,"width":126.79787234042544,"height":80.15798023509456,"label":"Valuation","shape":"rectangle"},"task_key":"em_record_valuation_total","instructions":{"mark":"Valuation","transcribe":"Enter the valuation ***total*** (if one is given)"}},{"id":"580d6d636164390003a43f01","status":"complete","name":"Record Number","created_in_workflow":"transcribe","confidence":1.0,"data":{"value":"4092"},"versions":[{"data":{"value":"4092"},"votes":3,"confidence":1.0,"instances":[{"created":"2016-01-13T04:46:34Z","user_id":"5695d1a53064330003a90300","duration":2.337},{"created":"2016-01-13T14:49:24Z","user_id":"569652e06236640003140600","duration":7.75},{"created":"2016-01-13T16:46:13Z","user_id":"5696797a3064330003320700","duration":6.123}]}],"region":{"x":801.5957446808509,"y":103.47666539439474,"width":110.76595744680859,"height":48.094788141056696,"label":"Record Number","shape":"rectangle"},"task_key":"em_record_number","instructions":{"mark":"Record Number","transcribe":"Enter the record number"}},{"id":"580d6d636164390003a53f01","status":"awaiting_votes","name":"Mortgager","created_in_workflow":"verify","confidence":0.3333333333333333,"data":{"value":"Hermine Cloherty"},"versions":[{"data":{"value":"Hermine Cloherty"},"votes":1,"confidence":0.3333333333333333,"instances":[{"created":"2016-09-20T18:13:48Z","user_id":"57c49a363234370003600200","duration":7.637}]}],"region":{"x":237.56382978723403,"y":664.5825270400563,"width":282.7446808510639,"height":53.924459430881825,"label":"Mortgager Name","shape":"rectangle"},"task_key":"em_transcribed_mortgager","instructions":{"mark":"Mortgager Name","transcribe":"Enter the mortgager's name","verify":"Choose the best transcription or enter your own!"}},{"id":"580d6d636164390003a63f01","status":"awaiting_votes","name":"Street Address","created_in_workflow":"verify","confidence":0.3333333333333333,"data":{"value":"179 E 79 St."},"versions":[{"data":{"value":"179 E 79 St."},"votes":1,"confidence":0.3333333333333333,"instances":[{"created":"2016-09-20T18:13:54Z","user_id":"57c49a363234370003600200","duration":5.344}]}],"region":{"x":275.4574468085106,"y":705.3902260688318,"width":243.39361702127658,"height":55.381877253337976,"label":"Street Address","shape":"rectangle"},"task_key":"em_transcribed_address","instructions":{"mark":"Street Address","transcribe":"Enter the street address","verify":"Choose the best transcription or enter your own!"}},{"id":"580d6d636164390003a73f01","status":"awaiting_votes","name":"Record Date","created_in_workflow":"verify","confidence":0.3333333333333333,"data":{"value":"Jany 15/94"},"versions":[{"data":{"value":"Jany 15/94"},"votes":1,"confidence":0.3333333333333333,"instances":[{"created":"2016-09-20T18:13:35Z","user_id":"57c49a363234370003600200","duration":8.24}]}],"region":{"x":292.9468085106383,"y":615.0303210765434,"width":222.9893617021276,"height":64.12638418807569,"label":"Record Date","shape":"rectangle"},"task_key":"em_transcribed_date","instructions":{"mark":"Record Date","transcribe":"Enter the record date","verify":"Choose the best transcription or enter your own!"}},{"id":"580d6d636164390003a83f01","status":"awaiting_votes","name":"Amount Loaned","created_in_workflow":"verify","confidence":0.3333333333333333,"data":{"value":"$10000."},"versions":[{"data":{"value":"$10000."},"votes":1,"confidence":0.3333333333333333,"instances":[{"created":"2016-09-20T18:13:58Z","user_id":"57c49a363234370003600200","duration":4.271}]}],"region":{"x":891.9574468085106,"y":705.3902260688318,"width":129.7127659574469,"height":52.467041608425475,"label":"Amount Loaned","shape":"rectangle"},"task_key":"em_transcribed_amount_loaned","instructions":{"mark":"Amount Loaned","transcribe":"Enter the Amount Loaned","verify":"Choose the best transcription or enter your own!"}}]}],"export_document":{"name":"Record","export_fields":[{"name":"Mortgager","value":"Hermine Cloherty","original_value":{"value":"Hermine Cloherty"},"assertion_ids":["580d6d636164390003a53f01"]},{"name":"Street Address","value":"179 E 79 St.","original_value":{"value":"179 E 79 St."},"assertion_ids":["580d6d636164390003a63f01"]},{"name":"Record Date","value":"1894-01-15T00:00:00Z","original_value":{"value":"Jany 15/94"},"assertion_ids":["580d6d636164390003a73f01"]},{"name":"Land \u0026 Building Dimensions","value":{"em_survey_land_dimensions":[22,102.16666666666667],"em_survey_building_dimensions":[22,50]},"original_value":{"em_survey_land_dimensions":"22 x 102.2","em_survey_building_dimensions":"22 x 50"},"assertion_ids":["580d6d6361643900039a3f01"]},{"name":"Amount Loaned","value":10000.0,"original_value":{"value":"$10000."},"assertion_ids":["580d6d636164390003a83f01"]},{"name":"Stories \u0026 Materials","value":{"em_record_stories":3,"em_record_material":"Brick"},"original_value":{"em_record_stories":"3","em_record_material":"Brick"},"assertion_ids":["580d6d6361643900039b3f01"]},{"name":"Valuation","value":null,"original_value":null,"assertion_ids":null},{"name":"Record Number","value":4092,"original_value":{"value":"4092"},"assertion_ids":["580d6d636164390003a43f01"]},{"name":"Additional Info","value":"","original_value":{"value":""},"assertion_ids":["580d6d6361643900039c3f01"]}]}}