{"id":"56b10abf7061755afb27d100","meta_data":{"capture_uuid":"151cb8d0-02e7-0133-6f4f-58d385a7bbd0","page_uri":"http://digitalcollections.nypl.org/items/151cb8d0-02e7-0133-6f4f-58d385a7bbd0","book_uri":"http://digitalcollections.nypl.org/items/109c0900-02e7-0133-03cf-58d385a7bbd0","source_rotated":"0.895174","source_x":"1216.33","source_y":"868.0899999999999","source_w":"1371.67","source_h":"978.9100000000001"},"type":"final_subject_set","search_terms_by_field":{"Land \u0026 Building Dimensions":["20.8 x 107.6","20.8 x 48.9 1/2"],"Stories \u0026 Materials":["3","Br."],"Land \u0026 Building Value":["$4,500","$6,500"],"Total Value":[],"Valuation Date":[],"Record Number":["4145"],"Mortgager":["Mary Ann Mullarky"],"Street Address":["141 Lawrence St B'k"],"Record Date":["May 21/94"],"Amount Loaned":["$5500."]},"subjects":[{"id":"580d7b176164390003fec601","type":"root","location":{"standard":"https://s3.amazonaws.com/scribe.nypl.org/emigrant-s4/full/151cb8d0-02e7-0133-6f4f-58d385a7bbd0.right-bottom.jpg","thumbnail":"https://s3.amazonaws.com/scribe.nypl.org/emigrant-s4/thumb/151cb8d0-02e7-0133-6f4f-58d385a7bbd0.right-bottom.jpg"},"status":"retired","width":1371,"height":978,"meta_data":{"capture_uuid":"151cb8d0-02e7-0133-6f4f-58d385a7bbd0","page_uri":"http://digitalcollections.nypl.org/items/151cb8d0-02e7-0133-6f4f-58d385a7bbd0","book_uri":"http://digitalcollections.nypl.org/items/109c0900-02e7-0133-03cf-58d385a7bbd0","source_rotated":"0.895174","source_x":"1216.33","source_y":"868.0899999999999","source_w":"1371.67","source_h":"978.9100000000001"},"assertions":[{"id":"580d7b176164390003ffc601","status":"awaiting_transcriptions","name":"Land \u0026 Building Dimensions","created_in_workflow":"transcribe","confidence":0.3333333333333333,"data":{"em_survey_land_dimensions":"20.8 x 107.6","em_survey_building_dimensions":"20.8 x 48.9 1/2"},"versions":[{"data":{"em_survey_land_dimensions":"20.8 x 107.6","em_survey_building_dimensions":"20.8 x 48.9 1/2"},"votes":1,"confidence":0.3333333333333333,"instances":[{"created":"2015-11-26T07:50:45Z","user_id":"56569e116332630003550200","duration":87.085}]},{"data":{"em_survey_land_dimensions":"20.8 x 104.6","em_survey_building_dimensions":"3 story br 20.8 x 48.9.5"},"votes":1,"confidence":0.3333333333333333,"instances":[{"created":"2015-11-26T14:12:41Z","user_id":"5657127e6332630003bd0400","duration":96.183}]}],"region":{"x":263.0758805194887,"y":706.5263887685242,"width":423.10218855199537,"height":86.79018979114312,"label":"Dimension \u0026 Description","shape":"rectangle"},"task_key":"em_record_survey","instructions":{"mark":"Dimension \u0026 Description","transcribe":"Enter, as they appear, any land and building dimensions that were recorded. In the next screen, you'll enter the descriptive information."}},{"id":"580d7b17616439000300c701","status":"awaiting_transcriptions","name":"Stories \u0026 Materials","created_in_workflow":"transcribe","confidence":0.3333333333333333,"data":{"em_record_stories":"3","em_record_material":"Br."},"versions":[{"data":{"em_record_stories":"3","em_record_material":"Br."},"votes":1,"confidence":0.3333333333333333,"instances":[{"created":"2015-11-26T07:51:00Z","user_id":"56569e116332630003550200","duration":15.223}]},{"data":{"em_record_stories":"3 story","em_record_material":"br"},"votes":1,"confidence":0.3333333333333333,"instances":[{"created":"2015-11-26T14:13:00Z","user_id":"5657127e6332630003bd0400","duration":19.193}]}],"region":{"x":263.0758805194887,"y":706.5263887685242,"width":423.10218855199537,"height":86.79018979114312,"label":"Dimension \u0026 Description","shape":"rectangle"},"task_key":"em_record_survey_stories_materials","instructions":{"mark":"Dimension \u0026 Description","transcribe":"Enter, as they appear, the number of stories and the building materials."}},{"id":"580d7b17616439000301c701","status":"awaiting_votes","name":"Land \u0026 Building Value","created_in_workflow":"transcribe","confidence":0.6666666666666666,"data":{"em_valuation_ground":"$4,500","em_valuation_building":"$6,500"},"versions":[{"data":{"em_valuation_ground":"$4,500","em_valuation_building":"$6,500"},"votes":2,"confidence":0.6666666666666666,"instances":[{"created":"2015-11-16T07:22:33Z","user_id":"56457ec76363350003490700","duration":9.439},{"created":"2015-11-16T12:49:50Z","user_id":"5649d0146532380003fc0200","duration":25.282}]},{"data":{"em_valuation_ground":"$4500.","em_valuation_building":"6500."},"votes":1,"confidence":0.3333333333333333,"instances":[{"created":"2016-09-29T14:55:49Z","user_id":"57c49a363234370003600200","duration":10.102}]}],"region":{"x":757.5421093158668,"y":571.8809625516161,"width":316.3912685752798,"height":89.12430585219988,"label":"Valuation","shape":"rectangle"},"task_key":"em_record_valuation_ground_building","instructions":{"mark":"Valuation","transcribe":"Sometimes valuations include itemized dollar values for \"ground\" and \"building\". Enter these amounts if you can find them. In the next screen, you'll enter the total valuation."}},{"id":"580d7b17616439000302c701","status":"awaiting_transcriptions","name":"Total Value","created_in_workflow":"transcribe","confidence":0.3333333333333333,"data":{"value":""},"versions":[{"data":{"value":""},"votes":1,"confidence":0.3333333333333333,"instances":[{"created":"2016-09-29T14:55:50Z","user_id":"57c49a363234370003600200","duration":1.41}]}],"region":{"x":757.5421093158668,"y":571.8809625516161,"width":316.3912685752798,"height":89.12430585219988,"label":"Valuation","shape":"rectangle"},"task_key":"em_record_valuation_total","instructions":{"mark":"Valuation","transcribe":"Enter the valuation ***total*** (if one is given)"}},{"id":"580d7b17616439000303c701","status":"awaiting_transcriptions","name":"Valuation Date","created_in_workflow":"transcribe","confidence":0.3333333333333333,"data":{"value":""},"versions":[{"data":{"value":""},"votes":1,"confidence":0.3333333333333333,"instances":[{"created":"2015-11-16T07:22:24Z","user_id":"56457ec76363350003490700","duration":3.813}]},{"data":{"value":"May 21/94"},"votes":1,"confidence":0.3333333333333333,"instances":[{"created":"2016-09-29T14:55:39Z","user_id":"57c49a363234370003600200","duration":15.083}]}],"region":{"x":757.5421093158668,"y":571.8809625516161,"width":316.3912685752798,"height":89.12430585219988,"label":"Valuation","shape":"rectangle"},"task_key":"em_record_valuation","instructions":{"mark":"Valuation","transcribe":"Enter the date of the valuation (if one is given). In the next screen, you'll enter the valuation's dollar amounts."}},{"id":"580d7b17616439000304c701","status":"complete","name":"Record Number","created_in_workflow":"transcribe","confidence":1.0,"data":{"value":"4145"},"versions":[{"data":{"value":"4145"},"votes":3,"confidence":1.0,"instances":[{"created":"2015-11-16T04:13:59Z","user_id":"5647496e3562310003960400","duration":6.086},{"created":"2015-11-16T07:22:48Z","user_id":"56497c176532380003450000","duration":13.026},{"created":"2015-11-16T11:11:05Z","user_id":"5649b5af65323800039f0100","duration":6.871}]}],"region":{"x":813.9874999537101,"y":41.59134273102663,"width":136.65726154425238,"height":65.35782429161327,"label":"Record Number","shape":"rectangle"},"task_key":"em_record_number","instructions":{"mark":"Record Number","transcribe":"Enter the record number"}},{"id":"580d7b17616439000305c701","status":"complete","name":"Mortgager","created_in_workflow":"verify","confidence":1.0,"data":{"value":"Mary Ann Mullarky"},"versions":[{"data":{"value":"Mary Ann Mullarky"},"votes":3,"confidence":1.0,"instances":[{"created":"2015-11-16T18:58:10Z","user_id":"564618af6363350003da0c00","duration":16.31},{"created":"2015-11-16T21:14:03Z","user_id":"563f8b7a3264340003774b00","duration":8.229},{"created":"2015-11-16T23:06:37Z","user_id":"5649188c3863370003020e00","duration":15.383}]}],"region":{"x":243.5919735081352,"y":619.4139256727893,"width":366.8950391459818,"height":49.01836821870999,"label":"Mortgager Name","shape":"rectangle"},"task_key":"em_transcribed_mortgager","instructions":{"mark":"Mortgager Name","transcribe":"Enter the mortgager's name","verify":"Choose the best transcription or enter your own!"}},{"id":"580d7b17616439000306c701","status":"complete","name":"Street Address","created_in_workflow":"verify","confidence":1.0,"data":{"value":"141 Lawrence St B'k"},"versions":[{"data":{"value":"141 Lawrence St B'k"},"votes":2,"confidence":0.6666666666666666,"instances":[{"created":"2016-04-26T01:03:17Z","user_id":"563f8b7a3264340003774b00","duration":10.723},{"created":"2016-09-27T22:41:29Z","user_id":"57c49a363234370003600200","duration":8.163}]},{"data":{"value":"141 Lawrence St. B'k."},"votes":1,"confidence":0.3333333333333333,"instances":[{"created":"2016-05-05T03:42:30Z","user_id":"572ac2a86563360003fa0100","duration":41.815}]}],"region":{"x":279.2416939109836,"y":659.5198633062794,"width":426.31123981739586,"height":47.532963121173225,"label":"Street Address","shape":"rectangle"},"task_key":"em_transcribed_address","instructions":{"mark":"Street Address","transcribe":"Enter the street address","verify":"Choose the best transcription or enter your own!"}},{"id":"580d7b17616439000307c701","status":"complete","name":"Record Date","created_in_workflow":"transcribe","confidence":1.0,"data":{"value":"May 21/94"},"versions":[{"data":{"value":"May 21/94"},"votes":3,"confidence":1.0,"instances":[{"created":"2015-11-16T04:16:53Z","user_id":"5647496e3562310003960400","duration":18.752},{"created":"2015-11-16T07:25:22Z","user_id":"56497c176532380003450000","duration":12.855},{"created":"2015-11-16T11:11:36Z","user_id":"5649b5af65323800039f0100","duration":8.287}]}],"region":{"x":300.03736414597853,"y":567.4247472590062,"width":213.89832241709058,"height":59.41620390146659,"label":"Record Date","shape":"rectangle"},"task_key":"em_record_date","instructions":{"mark":"Record Date","transcribe":"Enter the record date"}},{"id":"580d7b17616439000308c701","status":"complete","name":"Amount Loaned","created_in_workflow":"verify","confidence":1.0,"data":{"value":"$5500."},"versions":[{"data":{"value":"$5500."},"votes":2,"confidence":0.6666666666666666,"instances":[{"created":"2016-04-26T23:13:48Z","user_id":"563f8b7a3264340003774b00","duration":14.95},{"created":"2016-05-07T20:06:53Z","user_id":"572e48246430310003040000","duration":47.087}]},{"data":{"value":"$5,500"},"votes":1,"confidence":0.3333333333333333,"instances":[{"created":"2016-05-07T09:54:53Z","user_id":"572dba7d3932630003fe0000","duration":29.978}]}],"region":{"x":925.3928762126112,"y":656.549053111206,"width":112.89078127568678,"height":50.503773316246566,"label":"Amount Loaned","shape":"rectangle"},"task_key":"em_transcribed_amount_loaned","instructions":{"mark":"Amount Loaned","transcribe":"Enter the Amount Loaned","verify":"Choose the best transcription or enter your own!"}}]}],"export_document":{"name":"Record","export_fields":[{"name":"Mortgager","value":"Mary Ann Mullarky","original_value":{"value":"Mary Ann Mullarky"},"assertion_ids":["580d7b17616439000305c701"]},{"name":"Street Address","value":"141 Lawrence St B'k","original_value":{"value":"141 Lawrence St B'k"},"assertion_ids":["580d7b17616439000306c701"]},{"name":"Record Date","value":"1894-05-21T00:00:00Z","original_value":{"value":"May 21/94"},"assertion_ids":["580d7b17616439000307c701"]},{"name":"Land \u0026 Building Dimensions","value":{"em_survey_land_dimensions":[20.666666666666668,107.5],"em_survey_building_dimensions":[20.666666666666668,48.791666666666664]},"original_value":{"em_survey_land_dimensions":"20.8 x 107.6","em_survey_building_dimensions":"20.8 x 48.9 1/2"},"assertion_ids":["580d7b176164390003ffc601"]},{"name":"Amount Loaned","value":5500.0,"original_value":{"value":"$5500."},"assertion_ids":["580d7b17616439000308c701"]},{"name":"Stories \u0026 Materials","value":{"em_record_stories":3,"em_record_material":"Br."},"original_value":{"em_record_stories":"3","em_record_material":"Br."},"assertion_ids":["580d7b17616439000300c701"]},{"name":"Valuation","value":null,"original_value":null,"assertion_ids":null},{"name":"Record Number","value":4145,"original_value":{"value":"4145"},"assertion_ids":["580d7b17616439000304c701"]}]}}