{"id":"56b10a327061755afb55c600","meta_data":{"capture_uuid":"13009150-02e7-0133-ef90-58d385a7bbd0","page_uri":"http://digitalcollections.nypl.org/items/13009150-02e7-0133-ef90-58d385a7bbd0","book_uri":"http://digitalcollections.nypl.org/items/109c0900-02e7-0133-03cf-58d385a7bbd0","source_rotated":"0.587485","source_x":"1211.63","source_y":"860.57","source_w":"1366.37","source_h":"970.43"},"type":"final_subject_set","search_terms_by_field":{"Record Number":["3945"],"Mortgager":["Mary Ann Timken"],"Street Address":["422 W 52"],"Land \u0026 Building Dimensions":["25 x 100.5","25 x 90"],"Stories \u0026 Materials":["5","brick"],"Additional Info":[],"Record Date":["Sept 12/92"],"Valuation Date":[],"Land \u0026 Building Value":["$7000.","18000."],"Total Value":[],"Amount Loaned":["$7000."]},"subjects":[{"id":"580d6cbd6164390003f43801","type":"root","location":{"standard":"https://s3.amazonaws.com/scribe.nypl.org/emigrant-s4/full/13009150-02e7-0133-ef90-58d385a7bbd0.right-bottom.jpg","thumbnail":"https://s3.amazonaws.com/scribe.nypl.org/emigrant-s4/thumb/13009150-02e7-0133-ef90-58d385a7bbd0.right-bottom.jpg"},"status":"retired","width":1366,"height":970,"meta_data":{"capture_uuid":"13009150-02e7-0133-ef90-58d385a7bbd0","page_uri":"http://digitalcollections.nypl.org/items/13009150-02e7-0133-ef90-58d385a7bbd0","book_uri":"http://digitalcollections.nypl.org/items/109c0900-02e7-0133-03cf-58d385a7bbd0","source_rotated":"0.587485","source_x":"1211.63","source_y":"860.57","source_w":"1366.37","source_h":"970.43"},"assertions":[{"id":"580d6cbd6164390003f53801","status":"awaiting_transcriptions","name":"Land \u0026 Building Dimensions","created_in_workflow":"transcribe","confidence":0.3333333333333333,"data":{"em_survey_land_dimensions":"25 x 100.5","em_survey_building_dimensions":"25 x 90"},"versions":[{"data":{"em_survey_land_dimensions":"25 x 100.5","em_survey_building_dimensions":"25 x 90"},"votes":1,"confidence":0.3333333333333333,"instances":[{"created":"2016-01-05T18:26:36Z","user_id":"568bfed86136360003d70000","duration":18.817}]}],"region":{"x":296.2460537547037,"y":702.6779362136973,"width":421.60673851096186,"height":121.7975089437075,"label":"Dimension \u0026 Description","shape":"rectangle"},"task_key":"em_record_survey","instructions":{"mark":"Dimension \u0026 Description","transcribe":"Enter, as they appear, any land and building dimensions that were recorded. In the next screen, you'll enter the descriptive information."}},{"id":"580d6cbd6164390003f63801","status":"awaiting_transcriptions","name":"Stories \u0026 Materials","created_in_workflow":"transcribe","confidence":0.3333333333333333,"data":{"em_record_stories":"5","em_record_material":"brick"},"versions":[{"data":{"em_record_stories":"5","em_record_material":"brick"},"votes":1,"confidence":0.3333333333333333,"instances":[{"created":"2016-01-05T18:26:43Z","user_id":"568bfed86136360003d70000","duration":6.754}]}],"region":{"x":296.2460537547037,"y":702.6779362136973,"width":421.60673851096186,"height":121.7975089437075,"label":"Dimension \u0026 Description","shape":"rectangle"},"task_key":"em_record_survey_stories_materials","instructions":{"mark":"Dimension \u0026 Description","transcribe":"Enter, as they appear, the number of stories and the building materials."}},{"id":"580d6cbd6164390003f73801","status":"awaiting_transcriptions","name":"Additional Info","created_in_workflow":"transcribe","confidence":0.3333333333333333,"data":{"value":""},"versions":[{"data":{"value":""},"votes":1,"confidence":0.3333333333333333,"instances":[{"created":"2016-01-05T18:26:43Z","user_id":"568bfed86136360003d70000","duration":0.474}]}],"region":{"x":296.2460537547037,"y":702.6779362136973,"width":421.60673851096186,"height":121.7975089437075,"label":"Dimension \u0026 Description","shape":"rectangle"},"task_key":"em_record_survey_additional_info","instructions":{"mark":"Dimension \u0026 Description","transcribe":"Enter any additional information you find about the building's construction or significance."}},{"id":"580d6cbd6164390003f83801","status":"awaiting_transcriptions","name":"Valuation Date","created_in_workflow":"transcribe","confidence":0.3333333333333333,"data":{"value":""},"versions":[{"data":{"value":""},"votes":1,"confidence":0.3333333333333333,"instances":[{"created":"2016-01-05T18:25:11Z","user_id":"568bfed86136360003d70000","duration":3.33}]}],"region":{"x":828.4074481418734,"y":565.8899646307642,"width":286.69258218745404,"height":108.68085413438519,"label":"Valuation","shape":"rectangle"},"task_key":"em_record_valuation","instructions":{"mark":"Valuation","transcribe":"Enter the date of the valuation (if one is given). In the next screen, you'll enter the valuation's dollar amounts."}},{"id":"580d6cbd6164390003f93801","status":"awaiting_transcriptions","name":"Land \u0026 Building Value","created_in_workflow":"transcribe","confidence":0.3333333333333333,"data":{"em_valuation_ground":"$7000.","em_valuation_building":"18000."},"versions":[{"data":{"em_valuation_ground":"$7000.","em_valuation_building":"18000."},"votes":1,"confidence":0.3333333333333333,"instances":[{"created":"2016-01-05T18:25:30Z","user_id":"568bfed86136360003d70000","duration":18.287}]}],"region":{"x":828.4074481418734,"y":565.8899646307642,"width":286.69258218745404,"height":108.68085413438519,"label":"Valuation","shape":"rectangle"},"task_key":"em_record_valuation_ground_building","instructions":{"mark":"Valuation","transcribe":"Sometimes valuations include itemized dollar values for \"ground\" and \"building\". Enter these amounts if you can find them. In the next screen, you'll enter the total valuation."}},{"id":"580d6cbd6164390003fa3801","status":"awaiting_transcriptions","name":"Total Value","created_in_workflow":"transcribe","confidence":0.3333333333333333,"data":{"value":""},"versions":[{"data":{"value":""},"votes":1,"confidence":0.3333333333333333,"instances":[{"created":"2016-01-05T18:25:31Z","user_id":"568bfed86136360003d70000","duration":1.69}]}],"region":{"x":828.4074481418734,"y":565.8899646307642,"width":286.69258218745404,"height":108.68085413438519,"label":"Valuation","shape":"rectangle"},"task_key":"em_record_valuation_total","instructions":{"mark":"Valuation","transcribe":"Enter the valuation ***total*** (if one is given)"}},{"id":"580d6cbd6164390003fb3801","status":"complete","name":"Record Number","created_in_workflow":"transcribe","confidence":1.0,"data":{"value":"3945"},"versions":[{"data":{"value":"3945"},"votes":3,"confidence":1.0,"instances":[{"created":"2016-01-05T18:24:50Z","user_id":"568bfed86136360003d70000","duration":6.558},{"created":"2016-01-06T05:11:12Z","user_id":"568c9ce06136360003eb0300","duration":3.945},{"created":"2016-01-06T05:57:03Z","user_id":"568ca7216136360003710400","duration":7.43}]}],"region":{"x":820.9122172350118,"y":56.214234897095785,"width":136.7879640502232,"height":71.20469753632133,"label":"Record Number","shape":"rectangle"},"task_key":"em_record_number","instructions":{"mark":"Record Number","transcribe":"Enter the record number"}},{"id":"580d6cbd6164390003fc3801","status":"complete","name":"Mortgager","created_in_workflow":"transcribe","confidence":1.0,"data":{"value":"Mary Ann Timken"},"versions":[{"data":{"value":"Mary Ann Timken"},"votes":3,"confidence":1.0,"instances":[{"created":"2016-01-05T18:25:55Z","user_id":"568bfed86136360003d70000","duration":12.214},{"created":"2016-01-06T05:13:43Z","user_id":"568c9ce06136360003eb0300","duration":6.356},{"created":"2016-01-06T05:57:53Z","user_id":"568ca7216136360003710400","duration":14.428}]}],"region":{"x":215.67232150594214,"y":635.2208543371823,"width":367.2663144362157,"height":44.97138791767668,"label":"Mortgager Name","shape":"rectangle"},"task_key":"em_record_mortgager","instructions":{"mark":"Mortgager Name","transcribe":"Enter the mortgager's name"}},{"id":"580d6cbd6164390003fd3801","status":"awaiting_votes","name":"Street Address","created_in_workflow":"verify","confidence":0.3333333333333333,"data":{"value":"422 W 52"},"versions":[{"data":{"value":"422 W 52"},"votes":1,"confidence":0.3333333333333333,"instances":[{"created":"2016-09-19T17:36:42Z","user_id":"57c49a363234370003600200","duration":2.857}]}],"region":{"x":228.78897559294984,"y":674.5708187651494,"width":391.6258148835157,"height":44.97138791767668,"label":"Street Address","shape":"rectangle"},"task_key":"em_transcribed_address","instructions":{"mark":"Street Address","transcribe":"Enter the street address","verify":"Choose the best transcription or enter your own!"}},{"id":"580d6cbd6164390003fe3801","status":"awaiting_votes","name":"Record Date","created_in_workflow":"verify","confidence":0.3333333333333333,"data":{"value":"Sept 12/92"},"versions":[{"data":{"value":"Sept 12/92"},"votes":1,"confidence":0.3333333333333333,"instances":[{"created":"2016-09-19T17:36:39Z","user_id":"57c49a363234370003600200","duration":8.269}]}],"region":{"x":234.410398773096,"y":569.6375802905707,"width":339.1591985354849,"height":63.709466216708506,"label":"Record Date","shape":"rectangle"},"task_key":"em_transcribed_date","instructions":{"mark":"Record Date","transcribe":"Enter the record date","verify":"Choose the best transcription or enter your own!"}},{"id":"580d6cbd6164390003ff3801","status":"awaiting_votes","name":"Amount Loaned","created_in_workflow":"verify","confidence":0.3333333333333333,"data":{"value":"$7000."},"versions":[{"data":{"value":"$7000."},"votes":1,"confidence":0.3333333333333333,"instances":[{"created":"2016-09-19T17:36:52Z","user_id":"57c49a363234370003600200","duration":3.822}]}],"region":{"x":895.8645263036273,"y":674.5708187651494,"width":157.39984904409255,"height":56.21423489709582,"label":"Amount Loaned","shape":"rectangle"},"task_key":"em_transcribed_amount_loaned","instructions":{"mark":"Amount Loaned","transcribe":"Enter the Amount Loaned","verify":"Choose the best transcription or enter your own!"}}]}],"export_document":{"name":"Record","export_fields":[{"name":"Mortgager","value":"Mary Ann Timken","original_value":{"value":"Mary Ann Timken"},"assertion_ids":["580d6cbd6164390003fc3801"]},{"name":"Street Address","value":"422 W 52","original_value":{"value":"422 W 52"},"assertion_ids":["580d6cbd6164390003fd3801"]},{"name":"Record Date","value":"1892-09-12T00:00:00Z","original_value":{"value":"Sept 12/92"},"assertion_ids":["580d6cbd6164390003fe3801"]},{"name":"Land \u0026 Building Dimensions","value":{"em_survey_land_dimensions":[25,100.41666666666667],"em_survey_building_dimensions":[25,90]},"original_value":{"em_survey_land_dimensions":"25 x 100.5","em_survey_building_dimensions":"25 x 90"},"assertion_ids":["580d6cbd6164390003f53801"]},{"name":"Amount Loaned","value":7000.0,"original_value":{"value":"$7000."},"assertion_ids":["580d6cbd6164390003ff3801"]},{"name":"Stories \u0026 Materials","value":{"em_record_stories":5,"em_record_material":"brick"},"original_value":{"em_record_stories":"5","em_record_material":"brick"},"assertion_ids":["580d6cbd6164390003f63801"]},{"name":"Valuation","value":null,"original_value":null,"assertion_ids":null},{"name":"Record Number","value":3945,"original_value":{"value":"3945"},"assertion_ids":["580d6cbd6164390003fb3801"]},{"name":"Additional Info","value":"","original_value":{"value":""},"assertion_ids":["580d6cbd6164390003f73801"]}]}}