{"id":"56b109be7061755afb58bd00","meta_data":{"capture_uuid":"116e1c10-02e7-0133-6765-58d385a7bbd0","page_uri":"http://digitalcollections.nypl.org/items/116e1c10-02e7-0133-6765-58d385a7bbd0","book_uri":"http://digitalcollections.nypl.org/items/109c0900-02e7-0133-03cf-58d385a7bbd0","source_rotated":"-0.111906","source_x":"0","source_y":"849.7599999999999","source_w":"1359.98","source_h":"958.2400000000001"},"type":"final_subject_set","search_terms_by_field":{"Record Number":["3778","3779"],"Mortgager":["Wm C. Grull"],"Amount Loaned":["$1500."]},"subjects":[{"id":"580da8776164390003ac1a03","type":"root","location":{"standard":"https://s3.amazonaws.com/scribe.nypl.org/emigrant-s4/full/116e1c10-02e7-0133-6765-58d385a7bbd0.left-bottom.jpg","thumbnail":"https://s3.amazonaws.com/scribe.nypl.org/emigrant-s4/thumb/116e1c10-02e7-0133-6765-58d385a7bbd0.left-bottom.jpg"},"status":"retired","width":1359,"height":958,"meta_data":{"capture_uuid":"116e1c10-02e7-0133-6765-58d385a7bbd0","page_uri":"http://digitalcollections.nypl.org/items/116e1c10-02e7-0133-6765-58d385a7bbd0","book_uri":"http://digitalcollections.nypl.org/items/109c0900-02e7-0133-03cf-58d385a7bbd0","source_rotated":"-0.111906","source_x":"0","source_y":"849.7599999999999","source_w":"1359.98","source_h":"958.2400000000001"},"assertions":[{"id":"580da8776164390003ad1a03","status":"complete","name":"Record Number","created_in_workflow":"transcribe","confidence":1.0,"data":{"value":"3778"},"versions":[{"data":{"value":"3778"},"votes":3,"confidence":1.0,"instances":[{"created":"2016-02-22T06:01:20Z","user_id":"56caa29f6532320003af0200","duration":2.739},{"created":"2016-02-22T11:50:47Z","user_id":"56caea7665323200030b0500","duration":6.163},{"created":"2016-02-22T16:52:27Z","user_id":"56968eef6133640003bd0100","duration":5.975}]}],"region":{"x":400.5707805995375,"y":310.5187783648681,"width":108.88320534945348,"height":76.62151673938303,"label":"Record Number","shape":"rectangle"},"task_key":"em_record_number","instructions":{"mark":"Record Number","transcribe":"Enter the record number"}},{"id":"580da8776164390003ae1a03","status":"complete","name":"Record Number","created_in_workflow":"transcribe","confidence":1.0,"data":{"value":"3779"},"versions":[{"data":{"value":"3779"},"votes":3,"confidence":1.0,"instances":[{"created":"2015-12-19T21:15:55Z","user_id":"565e09223237340003e30200","duration":3.442},{"created":"2015-12-19T22:48:12Z","user_id":"5675dabc3262350003170600","duration":3.716},{"created":"2015-12-20T02:55:24Z","user_id":"564238183636390003f01400","duration":7.558}]}],"region":{"x":736.5970510779352,"y":61.726596976357875,"width":126.53951486676272,"height":68.92803329026628,"label":"Record Number","shape":"rectangle"},"task_key":"em_record_number","instructions":{"mark":"Record Number","transcribe":"Enter the record number"}},{"id":"580da8776164390003af1a03","status":"awaiting_votes","name":"Mortgager","created_in_workflow":"verify","confidence":0.3333333333333333,"data":{"value":"Wm C. Grull"},"versions":[{"data":{"value":"Wm C. Grull"},"votes":1,"confidence":0.3333333333333333,"instances":[{"created":"2016-09-14T16:54:01Z","user_id":"57c49a363234370003600200","duration":7.021}]}],"region":{"x":166.65484590568684,"y":627.5537359263051,"width":273.6545606061698,"height":83.33090591808309,"label":"Mortgager Name","shape":"rectangle"},"task_key":"em_transcribed_mortgager","instructions":{"mark":"Mortgager Name","transcribe":"Enter the mortgager's name","verify":"Choose the best transcription or enter your own!"}},{"id":"580da8776164390003b01a03","status":"awaiting_votes","name":"Amount Loaned","created_in_workflow":"verify","confidence":0.3333333333333333,"data":{"value":"$1500."},"versions":[{"data":{"value":"$1500."},"votes":1,"confidence":0.3333333333333333,"instances":[{"created":"2016-09-14T16:52:44Z","user_id":"57c49a363234370003600200","duration":2.651}]}],"region":{"x":828.1581634612025,"y":667.6760239609376,"width":146.0862691957749,"height":65.84170344144843,"label":"Amount Loaned","shape":"rectangle"},"task_key":"em_transcribed_amount_loaned","instructions":{"mark":"Amount Loaned","transcribe":"Enter the Amount Loaned","verify":"Choose the best transcription or enter your own!"}}]}],"export_document":{"name":"Record","export_fields":[{"name":"Mortgager","value":"Wm C. Grull","original_value":{"value":"Wm C. Grull"},"assertion_ids":["580da8776164390003af1a03"]},{"name":"Amount Loaned","value":1500.0,"original_value":{"value":"$1500."},"assertion_ids":["580da8776164390003b01a03"]},{"name":"Record Number","value":3778,"original_value":{"value":"3778"},"assertion_ids":["580da8776164390003ad1a03"]}]}}