{"id":"56b10af77061755afb5cd500","meta_data":{"capture_uuid":"15ca5fc0-02e7-0133-213b-58d385a7bbd0","page_uri":"http://digitalcollections.nypl.org/items/15ca5fc0-02e7-0133-213b-58d385a7bbd0","book_uri":"http://digitalcollections.nypl.org/items/109c0900-02e7-0133-03cf-58d385a7bbd0","source_rotated":"0.839234","source_x":"1216.36","source_y":"0","source_w":"1371.64","source_h":"911.4"},"type":"final_subject_set","search_terms_by_field":{"Street Address":["66 St","342 East 66th St"],"Land \u0026 Building Dimensions":["25 x 100.4","25 x 50"],"Stories \u0026 Materials":["4","br."],"Additional Info":[],"Valuation Date":[],"Land \u0026 Building Value":["$7000.","$7000."],"Total Value":[],"Record Number":["4216","4216"],"Mortgager":["Sarah D. Reed"],"Record Date":["Oct. 22d/94"],"Amount Loaned":["$7000."]},"subjects":[{"id":"580d6dd96164390003314401","type":"root","location":{"standard":"https://s3.amazonaws.com/scribe.nypl.org/emigrant-s4/full/15ca5fc0-02e7-0133-213b-58d385a7bbd0.right-top.jpg","thumbnail":"https://s3.amazonaws.com/scribe.nypl.org/emigrant-s4/thumb/15ca5fc0-02e7-0133-213b-58d385a7bbd0.right-top.jpg"},"status":"retired","width":1371,"height":911,"meta_data":{"capture_uuid":"15ca5fc0-02e7-0133-213b-58d385a7bbd0","page_uri":"http://digitalcollections.nypl.org/items/15ca5fc0-02e7-0133-213b-58d385a7bbd0","book_uri":"http://digitalcollections.nypl.org/items/109c0900-02e7-0133-03cf-58d385a7bbd0","source_rotated":"0.839234","source_x":"1216.36","source_y":"0","source_w":"1371.64","source_h":"911.4"},"assertions":[{"id":"580d6dd96164390003324401","status":"awaiting_transcriptions","name":"Street Address","created_in_workflow":"transcribe","confidence":0.3333333333333333,"data":{"value":"66 St"},"versions":[{"data":{"value":"66 St"},"votes":1,"confidence":0.3333333333333333,"instances":[{"created":"2016-01-25T19:47:25Z","user_id":"56a677263464300003e40900","duration":16.92}]},{"data":{"value":"342 E. 66th St."},"votes":1,"confidence":0.3333333333333333,"instances":[{"created":"2016-01-25T19:55:54Z","user_id":"56a67a9d3464300003d60a00","duration":18.857}]}],"region":{"x":595.0595145155582,"y":176.94887819792274,"width":211.0279394650371,"height":74.71174857245629,"label":"Street Address","shape":"rectangle"},"task_key":"em_record_street_address","instructions":{"mark":"Street Address","transcribe":"Enter the street address"}},{"id":"580d6dd96164390003334401","status":"awaiting_transcriptions","name":"Land \u0026 Building Dimensions","created_in_workflow":"transcribe","confidence":0.3333333333333333,"data":{"em_survey_land_dimensions":"25 x 100.4","em_survey_building_dimensions":"25 x 50"},"versions":[{"data":{"em_survey_land_dimensions":"25 x 100.4","em_survey_building_dimensions":"25 x 50"},"votes":1,"confidence":0.3333333333333333,"instances":[{"created":"2015-12-24T21:25:57Z","user_id":"567c4d8d3862610003150600","duration":22.773}]}],"region":{"x":138.13874817786908,"y":747.144400285336,"width":528.7940451795891,"height":87.63721593804132,"label":"Dimension \u0026 Description","shape":"rectangle"},"task_key":"em_record_survey","instructions":{"mark":"Dimension \u0026 Description","transcribe":"Enter, as they appear, any land and building dimensions that were recorded. In the next screen, you'll enter the descriptive information."}},{"id":"580d6dd96164390003344401","status":"awaiting_transcriptions","name":"Stories \u0026 Materials","created_in_workflow":"transcribe","confidence":0.3333333333333333,"data":{"em_record_stories":"4","em_record_material":"br."},"versions":[{"data":{"em_record_stories":"4","em_record_material":"br."},"votes":1,"confidence":0.3333333333333333,"instances":[{"created":"2015-12-24T21:26:05Z","user_id":"567c4d8d3862610003150600","duration":8.03}]}],"region":{"x":138.13874817786908,"y":747.144400285336,"width":528.7940451795891,"height":87.63721593804132,"label":"Dimension \u0026 Description","shape":"rectangle"},"task_key":"em_record_survey_stories_materials","instructions":{"mark":"Dimension \u0026 Description","transcribe":"Enter, as they appear, the number of stories and the building materials."}},{"id":"580d6dd96164390003354401","status":"awaiting_transcriptions","name":"Additional Info","created_in_workflow":"transcribe","confidence":0.3333333333333333,"data":{"value":""},"versions":[{"data":{"value":""},"votes":1,"confidence":0.3333333333333333,"instances":[{"created":"2015-12-24T21:26:05Z","user_id":"567c4d8d3862610003150600","duration":0.426}]}],"region":{"x":138.13874817786908,"y":747.144400285336,"width":528.7940451795891,"height":87.63721593804132,"label":"Dimension \u0026 Description","shape":"rectangle"},"task_key":"em_record_survey_additional_info","instructions":{"mark":"Dimension \u0026 Description","transcribe":"Enter any additional information you find about the building's construction or significance."}},{"id":"580d6dd96164390003364401","status":"awaiting_transcriptions","name":"Valuation Date","created_in_workflow":"transcribe","confidence":0.3333333333333333,"data":{"value":""},"versions":[{"data":{"value":""},"votes":1,"confidence":0.3333333333333333,"instances":[{"created":"2015-12-24T21:24:55Z","user_id":"567c4d8d3862610003150600","duration":4.762}]}],"region":{"x":766.453020961482,"y":626.8289004381943,"width":270.3385287154081,"height":78.72495669010493,"label":"Valuation","shape":"rectangle"},"task_key":"em_record_valuation","instructions":{"mark":"Valuation","transcribe":"Enter the date of the valuation (if one is given). In the next screen, you'll enter the valuation's dollar amounts."}},{"id":"580d6dd96164390003374401","status":"awaiting_transcriptions","name":"Land \u0026 Building Value","created_in_workflow":"transcribe","confidence":0.3333333333333333,"data":{"em_valuation_ground":"$7000.","em_valuation_building":"$7000."},"versions":[{"data":{"em_valuation_ground":"$7000.","em_valuation_building":"$7000."},"votes":1,"confidence":0.3333333333333333,"instances":[{"created":"2015-12-24T21:25:24Z","user_id":"567c4d8d3862610003150600","duration":29.018}]}],"region":{"x":766.453020961482,"y":626.8289004381943,"width":270.3385287154081,"height":78.72495669010493,"label":"Valuation","shape":"rectangle"},"task_key":"em_record_valuation_ground_building","instructions":{"mark":"Valuation","transcribe":"Sometimes valuations include itemized dollar values for \"ground\" and \"building\". Enter these amounts if you can find them. In the next screen, you'll enter the total valuation."}},{"id":"580d6dd96164390003384401","status":"awaiting_transcriptions","name":"Total Value","created_in_workflow":"transcribe","confidence":0.3333333333333333,"data":{"value":""},"versions":[{"data":{"value":""},"votes":1,"confidence":0.3333333333333333,"instances":[{"created":"2015-12-24T21:25:25Z","user_id":"567c4d8d3862610003150600","duration":1.084}]}],"region":{"x":766.453020961482,"y":626.8289004381943,"width":270.3385287154081,"height":78.72495669010493,"label":"Valuation","shape":"rectangle"},"task_key":"em_record_valuation_total","instructions":{"mark":"Valuation","transcribe":"Enter the valuation ***total*** (if one is given)"}},{"id":"580d6dd96164390003394401","status":"complete","name":"Record Number","created_in_workflow":"transcribe","confidence":1.0,"data":{"value":"4216"},"versions":[{"data":{"value":"4216"},"votes":3,"confidence":1.0,"instances":[{"created":"2016-01-25T19:46:46Z","user_id":"56a677263464300003e40900","duration":6.835},{"created":"2016-01-25T19:54:17Z","user_id":"56a67a9d3464300003d60a00","duration":5.439},{"created":"2016-01-25T20:22:06Z","user_id":"56980a2d3337650003270200","duration":7.436}]}],"region":{"x":733.9971641012348,"y":77.33321343464772,"width":242.4855205033034,"height":96.99419990108359,"label":"Record Number","shape":"rectangle"},"task_key":"em_record_number","instructions":{"mark":"Record Number","transcribe":"Enter the record number"}},{"id":"580d6dd961643900033a4401","status":"complete","name":"Record Number","created_in_workflow":"transcribe","confidence":1.0,"data":{"value":"4216"},"versions":[{"data":{"value":"4216"},"votes":4,"confidence":1.0,"instances":[{"created":"2015-12-26T00:34:12Z","user_id":"567de0846437360003000000","duration":9.89},{"created":"2015-12-26T00:39:10Z","user_id":"567de1a96437360003090000","duration":4.826},{"created":"2015-12-26T02:16:57Z","user_id":"567df5b466336600035f0000","duration":6.855},{"created":"2015-12-26T02:17:50Z","user_id":"5668bbbe3064310003db0500","duration":1429.118}]}],"region":{"x":748.628502584642,"y":84.6664628553959,"width":200.52583173945095,"height":74.26882706613677,"label":"Record Number","shape":"rectangle"},"task_key":"em_record_number","instructions":{"mark":"Record Number","transcribe":"Enter the record number"}},{"id":"580d6dd961643900033b4401","status":"awaiting_votes","name":"Mortgager","created_in_workflow":"verify","confidence":0.3333333333333333,"data":{"value":"Sarah D. Reed"},"versions":[{"data":{"value":"Sarah D. Reed"},"votes":1,"confidence":0.3333333333333333,"instances":[{"created":"2016-09-15T02:51:41Z","user_id":"57c49a363234370003600200","duration":5.632}]}],"region":{"x":246.57123497031293,"y":656.536431264649,"width":301.53143587487807,"height":54.95893202894126,"label":"Mortgager Name","shape":"rectangle"},"task_key":"em_transcribed_mortgager","instructions":{"mark":"Mortgager Name","transcribe":"Enter the mortgager's name","verify":"Choose the best transcription or enter your own!"}},{"id":"580d6dd961643900033c4401","status":"complete","name":"Street Address","created_in_workflow":"transcribe","confidence":1.0,"data":{"value":"342 East 66th St"},"versions":[{"data":{"value":"342 East 66th St"},"votes":3,"confidence":1.0,"instances":[{"created":"2015-12-25T18:36:38Z","user_id":"567d8a003930610003d60100","duration":24.073},{"created":"2015-12-26T00:36:43Z","user_id":"567de0846437360003000000","duration":18.554},{"created":"2015-12-26T00:40:43Z","user_id":"567de1a96437360003090000","duration":16.902}]}],"region":{"x":297.0740370380265,"y":702.5831040456537,"width":323.8120838459282,"height":41.59054315703668,"label":"Street Address","shape":"rectangle"},"task_key":"em_record_street_address","instructions":{"mark":"Street Address","transcribe":"Enter the street address"}},{"id":"580d6dd961643900033d4401","status":"awaiting_votes","name":"Record Date","created_in_workflow":"verify","confidence":0.3333333333333333,"data":{"value":"Oct. 22d/94"},"versions":[{"data":{"value":"Oct. 22d/94"},"votes":1,"confidence":0.3333333333333333,"instances":[{"created":"2016-09-15T03:26:06Z","user_id":"57c49a363234370003600200","duration":6.763}]}],"region":{"x":308.95704928925323,"y":613.4605115662897,"width":209.43809092787097,"height":56.44430857026384,"label":"Record Date","shape":"rectangle"},"task_key":"em_transcribed_date","instructions":{"mark":"Record Date","transcribe":"Enter the record date","verify":"Choose the best transcription or enter your own!"}},{"id":"580d6dd961643900033e4401","status":"awaiting_votes","name":"Amount Loaned","created_in_workflow":"verify","confidence":0.3333333333333333,"data":{"value":"$7000."},"versions":[{"data":{"value":"$7000."},"votes":1,"confidence":0.3333333333333333,"instances":[{"created":"2016-09-15T03:24:37Z","user_id":"57c49a363234370003600200","duration":4.491}]}],"region":{"x":767.9383974928854,"y":701.097727504331,"width":267.36777565260115,"height":54.95893202894126,"label":"Amount Loaned","shape":"rectangle"},"task_key":"em_transcribed_amount_loaned","instructions":{"mark":"Amount Loaned","transcribe":"Enter the Amount Loaned","verify":"Choose the best transcription or enter your own!"}}]}],"export_document":{"name":"Record","export_fields":[{"name":"Mortgager","value":"Sarah D. Reed","original_value":{"value":"Sarah D. Reed"},"assertion_ids":["580d6dd961643900033b4401"]},{"name":"Street Address","value":"342 East 66th St","original_value":{"value":"342 East 66th St"},"assertion_ids":["580d6dd961643900033c4401"]},{"name":"Record Date","value":"1894-10-22T00:00:00Z","original_value":{"value":"Oct. 22d/94"},"assertion_ids":["580d6dd961643900033d4401"]},{"name":"Land \u0026 Building Dimensions","value":{"em_survey_land_dimensions":[25,100.33333333333333],"em_survey_building_dimensions":[25,50]},"original_value":{"em_survey_land_dimensions":"25 x 100.4","em_survey_building_dimensions":"25 x 50"},"assertion_ids":["580d6dd96164390003334401"]},{"name":"Amount Loaned","value":7000.0,"original_value":{"value":"$7000."},"assertion_ids":["580d6dd961643900033e4401"]},{"name":"Stories \u0026 Materials","value":{"em_record_stories":4,"em_record_material":"br."},"original_value":{"em_record_stories":"4","em_record_material":"br."},"assertion_ids":["580d6dd96164390003344401"]},{"name":"Valuation","value":null,"original_value":null,"assertion_ids":null},{"name":"Record Number","value":4216,"original_value":{"value":"4216"},"assertion_ids":["580d6dd96164390003394401"]},{"name":"Additional Info","value":"","original_value":{"value":""},"assertion_ids":["580d6dd96164390003354401"]}]}}