{"id":"56b109a67061755afb8ebb00","meta_data":{"capture_uuid":"1127df30-02e7-0133-74ab-58d385a7bbd0","page_uri":"http://digitalcollections.nypl.org/items/1127df30-02e7-0133-74ab-58d385a7bbd0","book_uri":"http://digitalcollections.nypl.org/items/109c0900-02e7-0133-03cf-58d385a7bbd0","source_rotated":"-0.0","source_x":"0","source_y":"839.89","source_w":"1355.77","source_h":"947.11"},"type":"final_subject_set","search_terms_by_field":{"Stories \u0026 Materials":["2","brick"],"Land \u0026 Building Dimensions":["14 x 97.10½","14 x 36"],"Additional Info":[],"Valuation Date":[],"Land \u0026 Building Value":["1000","1400"],"Total Value":[],"Record Number":["3751"],"Mortgager":["Claudius H. Dumahut"],"Street Address":["541  6 Ave  Bk"],"Record Date":["Sept 15/91"],"Amount Loaned":["$1200."]},"subjects":[{"id":"580d6bf261643900039c3101","type":"root","location":{"standard":"https://s3.amazonaws.com/scribe.nypl.org/emigrant-s4/full/1127df30-02e7-0133-74ab-58d385a7bbd0.left-bottom.jpg","thumbnail":"https://s3.amazonaws.com/scribe.nypl.org/emigrant-s4/thumb/1127df30-02e7-0133-74ab-58d385a7bbd0.left-bottom.jpg"},"status":"retired","width":1355,"height":947,"meta_data":{"capture_uuid":"1127df30-02e7-0133-74ab-58d385a7bbd0","page_uri":"http://digitalcollections.nypl.org/items/1127df30-02e7-0133-74ab-58d385a7bbd0","book_uri":"http://digitalcollections.nypl.org/items/109c0900-02e7-0133-03cf-58d385a7bbd0","source_rotated":"-0.0","source_x":"0","source_y":"839.89","source_w":"1355.77","source_h":"947.11"},"assertions":[{"id":"580d6bf261643900039d3101","status":"awaiting_transcriptions","name":"Stories \u0026 Materials","created_in_workflow":"transcribe","confidence":0.3333333333333333,"data":{"em_record_stories":"2","em_record_material":"brick"},"versions":[{"data":{"em_record_stories":"2","em_record_material":"brick"},"votes":1,"confidence":0.3333333333333333,"instances":[{"created":"2015-12-05T02:03:22Z","user_id":"565e4fed3862380003f10900","duration":5.303}]}],"region":{"x":79.22245622260898,"y":719.8131661164166,"width":518.372964371053,"height":88.63371075314092,"label":"Dimension \u0026 Description","shape":"rectangle"},"task_key":"em_record_survey_stories_materials","instructions":{"mark":"Dimension \u0026 Description","transcribe":"Enter, as they appear, the number of stories and the building materials."}},{"id":"580d6bf261643900039e3101","status":"awaiting_transcriptions","name":"Land \u0026 Building Dimensions","created_in_workflow":"transcribe","confidence":0.3333333333333333,"data":{"em_survey_land_dimensions":"14 x 97.10½","em_survey_building_dimensions":"14 x 36"},"versions":[{"data":{"em_survey_land_dimensions":"14 x 97.10½","em_survey_building_dimensions":"14 x 36"},"votes":1,"confidence":0.3333333333333333,"instances":[{"created":"2015-12-05T02:03:17Z","user_id":"565e4fed3862380003f10900","duration":22.904}]}],"region":{"x":79.22245622260898,"y":719.8131661164166,"width":518.372964371053,"height":88.63371075314092,"label":"Dimension \u0026 Description","shape":"rectangle"},"task_key":"em_record_survey","instructions":{"mark":"Dimension \u0026 Description","transcribe":"Enter, as they appear, any land and building dimensions that were recorded. In the next screen, you'll enter the descriptive information."}},{"id":"580d6bf261643900039f3101","status":"awaiting_transcriptions","name":"Additional Info","created_in_workflow":"transcribe","confidence":0.3333333333333333,"data":{"value":""},"versions":[{"data":{"value":""},"votes":1,"confidence":0.3333333333333333,"instances":[{"created":"2015-12-05T02:03:23Z","user_id":"565e4fed3862380003f10900","duration":1.123}]}],"region":{"x":79.22245622260898,"y":719.8131661164166,"width":518.372964371053,"height":88.63371075314092,"label":"Dimension \u0026 Description","shape":"rectangle"},"task_key":"em_record_survey_additional_info","instructions":{"mark":"Dimension \u0026 Description","transcribe":"Enter any additional information you find about the building's construction or significance."}},{"id":"580d6bf26164390003a03101","status":"awaiting_transcriptions","name":"Valuation Date","created_in_workflow":"transcribe","confidence":0.3333333333333333,"data":{"value":""},"versions":[{"data":{"value":""},"votes":1,"confidence":0.3333333333333333,"instances":[{"created":"2015-12-05T02:01:59Z","user_id":"565e4fed3862380003f10900","duration":2.063}]}],"region":{"x":703.6872967214164,"y":611.0354301921074,"width":282.01637958010645,"height":67.14675057056127,"label":"Valuation","shape":"rectangle"},"task_key":"em_record_valuation","instructions":{"mark":"Valuation","transcribe":"Enter the date of the valuation (if one is given). In the next screen, you'll enter the valuation's dollar amounts."}},{"id":"580d6bf26164390003a13101","status":"awaiting_transcriptions","name":"Land \u0026 Building Value","created_in_workflow":"transcribe","confidence":0.3333333333333333,"data":{"em_valuation_ground":"1000","em_valuation_building":"1400"},"versions":[{"data":{"em_valuation_ground":"1000","em_valuation_building":"1400"},"votes":1,"confidence":0.3333333333333333,"instances":[{"created":"2015-12-05T02:02:05Z","user_id":"565e4fed3862380003f10900","duration":6.683}]}],"region":{"x":703.6872967214164,"y":611.0354301921074,"width":282.01637958010645,"height":67.14675057056127,"label":"Valuation","shape":"rectangle"},"task_key":"em_record_valuation_ground_building","instructions":{"mark":"Valuation","transcribe":"Sometimes valuations include itemized dollar values for \"ground\" and \"building\". Enter these amounts if you can find them. In the next screen, you'll enter the total valuation."}},{"id":"580d6bf26164390003a23101","status":"awaiting_transcriptions","name":"Total Value","created_in_workflow":"transcribe","confidence":0.3333333333333333,"data":{"value":""},"versions":[{"data":{"value":""},"votes":1,"confidence":0.3333333333333333,"instances":[{"created":"2015-12-05T02:02:08Z","user_id":"565e4fed3862380003f10900","duration":2.67}]}],"region":{"x":703.6872967214164,"y":611.0354301921074,"width":282.01637958010645,"height":67.14675057056127,"label":"Valuation","shape":"rectangle"},"task_key":"em_record_valuation_total","instructions":{"mark":"Valuation","transcribe":"Enter the valuation ***total*** (if one is given)"}},{"id":"580d6bf26164390003a33101","status":"complete","name":"Record Number","created_in_workflow":"transcribe","confidence":1.0,"data":{"value":"3751"},"versions":[{"data":{"value":"3751"},"votes":3,"confidence":1.0,"instances":[{"created":"2015-12-05T02:01:30Z","user_id":"565e4fed3862380003f10900","duration":5.035},{"created":"2015-12-05T07:15:11Z","user_id":"56628c6e3963630003a20c00","duration":4.754},{"created":"2015-12-05T14:32:56Z","user_id":"563f8b7a3264340003774b00","duration":8.577}]}],"region":{"x":750.6900266514341,"y":69.83262059338371,"width":107.43481126861207,"height":60.432075513505126,"label":"Record Number","shape":"rectangle"},"task_key":"em_record_number","instructions":{"mark":"Record Number","transcribe":"Enter the record number"}},{"id":"580d6bf26164390003a43101","status":"complete","name":"Mortgager","created_in_workflow":"transcribe","confidence":1.0,"data":{"value":"Claudius H. Dumahut"},"versions":[{"data":{"value":"Claudius H. Dumahut"},"votes":3,"confidence":1.0,"instances":[{"created":"2015-12-05T02:02:24Z","user_id":"565e4fed3862380003f10900","duration":15.801},{"created":"2015-12-05T07:16:15Z","user_id":"56628c6e3963630003a20c00","duration":11.881},{"created":"2015-12-05T14:34:38Z","user_id":"563f8b7a3264340003774b00","duration":53.963}]}],"region":{"x":190.68607291379396,"y":631.1794553632758,"width":303.5033418338289,"height":56.40327047927144,"label":"Mortgager Name","shape":"rectangle"},"task_key":"em_record_mortgager","instructions":{"mark":"Mortgager Name","transcribe":"Enter the mortgager's name"}},{"id":"580d6bf26164390003a53101","status":"awaiting_votes","name":"Street Address","created_in_workflow":"verify","confidence":0.3333333333333333,"data":{"value":"541  6 Ave  Bk"},"versions":[{"data":{"value":"541  6 Ave  Bk"},"votes":1,"confidence":0.3333333333333333,"instances":[{"created":"2016-09-12T19:48:16Z","user_id":"57c49a363234370003600200","duration":9.397}]}],"region":{"x":230.97412713952346,"y":679.5251157740798,"width":298.1316012703983,"height":48.34566041080416,"label":"Street Address","shape":"rectangle"},"task_key":"em_transcribed_address","instructions":{"mark":"Street Address","transcribe":"Enter the street address","verify":"Choose the best transcription or enter your own!"}},{"id":"580d6bf26164390003a63101","status":"complete","name":"Record Date","created_in_workflow":"transcribe","confidence":1.0,"data":{"value":"Sept 15/91"},"versions":[{"data":{"value":"Sept 15/91"},"votes":3,"confidence":1.0,"instances":[{"created":"2015-12-05T02:01:57Z","user_id":"565e4fed3862380003f10900","duration":7.486},{"created":"2015-12-05T07:15:45Z","user_id":"56628c6e3963630003a20c00","duration":7.218},{"created":"2015-12-05T14:33:44Z","user_id":"563f8b7a3264340003774b00","duration":12.212}]}],"region":{"x":245.7464136889576,"y":598.9490150894064,"width":130.2647086631921,"height":48.345660410804044,"label":"Record Date","shape":"rectangle"},"task_key":"em_record_date","instructions":{"mark":"Record Date","transcribe":"Enter the record date"}},{"id":"580d6bf26164390003a73101","status":"awaiting_votes","name":"Amount Loaned","created_in_workflow":"verify","confidence":0.3333333333333333,"data":{"value":"$1200."},"versions":[{"data":{"value":"$1200."},"votes":1,"confidence":0.3333333333333333,"instances":[{"created":"2016-09-12T19:48:20Z","user_id":"57c49a363234370003600200","duration":3.44}]}],"region":{"x":856.7819027791885,"y":692.9544658881921,"width":103.40600584603908,"height":36.25924530810312,"label":"Amount Loaned","shape":"rectangle"},"task_key":"em_transcribed_amount_loaned","instructions":{"mark":"Amount Loaned","transcribe":"Enter the Amount Loaned","verify":"Choose the best transcription or enter your own!"}}]}],"export_document":{"name":"Record","export_fields":[{"name":"Mortgager","value":"Claudius H. Dumahut","original_value":{"value":"Claudius H. Dumahut"},"assertion_ids":["580d6bf26164390003a43101"]},{"name":"Street Address","value":"541  6 Ave  Bk","original_value":{"value":"541  6 Ave  Bk"},"assertion_ids":["580d6bf26164390003a53101"]},{"name":"Record Date","value":"1891-09-15T00:00:00Z","original_value":{"value":"Sept 15/91"},"assertion_ids":["580d6bf26164390003a63101"]},{"name":"Land \u0026 Building Dimensions","value":{"em_survey_land_dimensions":[14,97.1],"em_survey_building_dimensions":[14,36]},"original_value":{"em_survey_land_dimensions":"14 x 97.10½","em_survey_building_dimensions":"14 x 36"},"assertion_ids":["580d6bf261643900039e3101"]},{"name":"Amount Loaned","value":1200.0,"original_value":{"value":"$1200."},"assertion_ids":["580d6bf26164390003a73101"]},{"name":"Stories \u0026 Materials","value":{"em_record_stories":2,"em_record_material":"brick"},"original_value":{"em_record_stories":"2","em_record_material":"brick"},"assertion_ids":["580d6bf261643900039d3101"]},{"name":"Valuation","value":null,"original_value":null,"assertion_ids":null},{"name":"Record Number","value":3751,"original_value":{"value":"3751"},"assertion_ids":["580d6bf26164390003a33101"]},{"name":"Additional Info","value":"","original_value":{"value":""},"assertion_ids":["580d6bf261643900039f3101"]}]}}