{"id":"56b10aaf7061755afbe5cf00","meta_data":{"capture_uuid":"14e31930-02e7-0133-fe22-58d385a7bbd0","page_uri":"http://digitalcollections.nypl.org/items/14e31930-02e7-0133-fe22-58d385a7bbd0","book_uri":"http://digitalcollections.nypl.org/items/109c0900-02e7-0133-03cf-58d385a7bbd0","source_rotated":"0.895174","source_x":"1217.3","source_y":"0","source_w":"1372.7","source_h":"899.64"},"type":"final_subject_set","search_terms_by_field":{"Land \u0026 Building Dimensions":["See Diagram","25 x 100"],"Stories \u0026 Materials":["5","br."],"Valuation Date":[],"Land \u0026 Building Value":["30000.","50000."],"Total Value":[],"Record Number":["4120"],"Mortgager":["Thos. McManus"],"Street Address":["N.E. cor. 5 Av \u0026 115 St"],"Record Date":["April 2/94"],"Amount Loaned":["$40000"]},"subjects":[{"id":"580d6d746164390003854001","type":"root","location":{"standard":"https://s3.amazonaws.com/scribe.nypl.org/emigrant-s4/full/14e31930-02e7-0133-fe22-58d385a7bbd0.right-top.jpg","thumbnail":"https://s3.amazonaws.com/scribe.nypl.org/emigrant-s4/thumb/14e31930-02e7-0133-fe22-58d385a7bbd0.right-top.jpg"},"status":"retired","width":1372,"height":899,"meta_data":{"capture_uuid":"14e31930-02e7-0133-fe22-58d385a7bbd0","page_uri":"http://digitalcollections.nypl.org/items/14e31930-02e7-0133-fe22-58d385a7bbd0","book_uri":"http://digitalcollections.nypl.org/items/109c0900-02e7-0133-03cf-58d385a7bbd0","source_rotated":"0.895174","source_x":"1217.3","source_y":"0","source_w":"1372.7","source_h":"899.64"},"assertions":[{"id":"580d6d746164390003864001","status":"awaiting_transcriptions","name":"Land \u0026 Building Dimensions","created_in_workflow":"transcribe","confidence":0.3333333333333333,"data":{"em_survey_land_dimensions":"See Diagram","em_survey_building_dimensions":"25 x 100"},"versions":[{"data":{"em_survey_land_dimensions":"See Diagram","em_survey_building_dimensions":"25 x 100"},"votes":1,"confidence":0.3333333333333333,"instances":[{"created":"2016-01-06T06:10:44Z","user_id":"568ca7216136360003710400","duration":20.379}]},{"data":{"em_survey_land_dimensions":"see diagram","em_survey_building_dimensions":"25x100"},"votes":1,"confidence":0.3333333333333333,"instances":[{"created":"2016-01-06T18:01:26Z","user_id":"568d4eec3130650003540200","duration":39.4}]}],"region":{"x":143.3383064073723,"y":742.9139480185137,"width":542.4459691252143,"height":80.01396172715818,"label":"Dimension \u0026 Description","shape":"rectangle"},"task_key":"em_record_survey","instructions":{"mark":"Dimension \u0026 Description","transcribe":"Enter, as they appear, any land and building dimensions that were recorded. In the next screen, you'll enter the descriptive information."}},{"id":"580d6d746164390003874001","status":"awaiting_transcriptions","name":"Stories \u0026 Materials","created_in_workflow":"transcribe","confidence":0.3333333333333333,"data":{"em_record_stories":"5","em_record_material":"br."},"versions":[{"data":{"em_record_stories":"5","em_record_material":"br."},"votes":1,"confidence":0.3333333333333333,"instances":[{"created":"2016-01-06T06:10:53Z","user_id":"568ca7216136360003710400","duration":8.762}]},{"data":{"em_record_stories":"5"},"votes":1,"confidence":0.3333333333333333,"instances":[{"created":"2016-01-06T18:01:42Z","user_id":"568d4eec3130650003540200","duration":16.01}]}],"region":{"x":143.3383064073723,"y":742.9139480185137,"width":542.4459691252143,"height":80.01396172715818,"label":"Dimension \u0026 Description","shape":"rectangle"},"task_key":"em_record_survey_stories_materials","instructions":{"mark":"Dimension \u0026 Description","transcribe":"Enter, as they appear, the number of stories and the building materials."}},{"id":"580d6d746164390003884001","status":"awaiting_transcriptions","name":"Valuation Date","created_in_workflow":"transcribe","confidence":0.3333333333333333,"data":{"value":""},"versions":[{"data":{"value":""},"votes":1,"confidence":0.3333333333333333,"instances":[{"created":"2016-01-05T18:59:10Z","user_id":"568bfed86136360003d70000","duration":5.459}]}],"region":{"x":769.328014812175,"y":626.4230331510333,"width":297.6981132075472,"height":74.1305821883966,"label":"Valuation","shape":"rectangle"},"task_key":"em_record_valuation","instructions":{"mark":"Valuation","transcribe":"Enter the date of the valuation (if one is given). In the next screen, you'll enter the valuation's dollar amounts."}},{"id":"580d6d746164390003894001","status":"awaiting_transcriptions","name":"Land \u0026 Building Value","created_in_workflow":"transcribe","confidence":0.3333333333333333,"data":{"em_valuation_ground":"30000.","em_valuation_building":"50000."},"versions":[{"data":{"em_valuation_ground":"30000.","em_valuation_building":"50000."},"votes":1,"confidence":0.3333333333333333,"instances":[{"created":"2016-01-05T18:59:20Z","user_id":"568bfed86136360003d70000","duration":9.464}]}],"region":{"x":769.328014812175,"y":626.4230331510333,"width":297.6981132075472,"height":74.1305821883966,"label":"Valuation","shape":"rectangle"},"task_key":"em_record_valuation_ground_building","instructions":{"mark":"Valuation","transcribe":"Sometimes valuations include itemized dollar values for \"ground\" and \"building\". Enter these amounts if you can find them. In the next screen, you'll enter the total valuation."}},{"id":"580d6d7461643900038a4001","status":"awaiting_transcriptions","name":"Total Value","created_in_workflow":"transcribe","confidence":0.3333333333333333,"data":{"value":""},"versions":[{"data":{"value":""},"votes":1,"confidence":0.3333333333333333,"instances":[{"created":"2016-01-05T18:59:21Z","user_id":"568bfed86136360003d70000","duration":0.838}]}],"region":{"x":769.328014812175,"y":626.4230331510333,"width":297.6981132075472,"height":74.1305821883966,"label":"Valuation","shape":"rectangle"},"task_key":"em_record_valuation_total","instructions":{"mark":"Valuation","transcribe":"Enter the valuation ***total*** (if one is given)"}},{"id":"580d6d7461643900038b4001","status":"complete","name":"Record Number","created_in_workflow":"transcribe","confidence":1.0,"data":{"value":"4120"},"versions":[{"data":{"value":"4120"},"votes":3,"confidence":1.0,"instances":[{"created":"2016-01-06T06:08:00Z","user_id":"568ca7216136360003710400","duration":5.406},{"created":"2016-01-06T17:59:07Z","user_id":"568d4eec3130650003540200","duration":4.502},{"created":"2016-01-06T19:51:38Z","user_id":"568d70473130650003fe0500","duration":3.326}]}],"region":{"x":751.6779290488818,"y":95.31074852793843,"width":191.79759862778724,"height":57.657119479863994,"label":"Record Number","shape":"rectangle"},"task_key":"em_record_number","instructions":{"mark":"Record Number","transcribe":"Enter the record number"}},{"id":"580d6d7461643900038c4001","status":"complete","name":"Mortgager","created_in_workflow":"transcribe","confidence":1.0,"data":{"value":"Thos. McManus"},"versions":[{"data":{"value":"Thos. McManus"},"votes":4,"confidence":1.0,"instances":[{"created":"2016-01-06T06:08:51Z","user_id":"568ca7216136360003710400","duration":10.134},{"created":"2016-01-06T17:59:33Z","user_id":"568d4eec3130650003540200","duration":8.936},{"created":"2016-01-06T20:28:45Z","user_id":"568ac34a3237350003b80500","duration":4.63},{"created":"2016-01-06T20:41:26Z","user_id":"5668bbbe3064310003db0500","duration":212.743}]}],"region":{"x":145.6916511758114,"y":656.5851565257981,"width":364.7684391080617,"height":48.243712217845314,"label":"Mortgager Name","shape":"rectangle"},"task_key":"em_record_mortgager","instructions":{"mark":"Mortgager Name","transcribe":"Enter the mortgager's name"}},{"id":"580d6d7461643900038d4001","status":"awaiting_votes","name":"Street Address","created_in_workflow":"verify","confidence":0.3333333333333333,"data":{"value":"N.E. cor. 5 Av \u0026 115 St"},"versions":[{"data":{"value":"N.E. cor. 5 Av \u0026 115 St"},"votes":1,"confidence":0.3333333333333333,"instances":[{"created":"2016-09-19T18:56:51Z","user_id":"57c49a363234370003600200","duration":13.185}]}],"region":{"x":142.16163402315274,"y":702.9069671549346,"width":505.9691252144082,"height":42.36033267908374,"label":"Street Address","shape":"rectangle"},"task_key":"em_transcribed_address","instructions":{"mark":"Street Address","transcribe":"Enter the street address","verify":"Choose the best transcription or enter your own!"}},{"id":"580d6d7461643900038e4001","status":"awaiting_votes","name":"Record Date","created_in_workflow":"verify","confidence":0.3333333333333333,"data":{"value":"April 2/94"},"versions":[{"data":{"value":"April 2/94"},"votes":1,"confidence":0.3333333333333333,"instances":[{"created":"2016-09-19T17:57:02Z","user_id":"57c49a363234370003600200","duration":10.721}]}],"region":{"x":143.3383064073723,"y":606.2626549921634,"width":368.2984562607204,"height":61.18714720312096,"label":"Record Date","shape":"rectangle"},"task_key":"em_transcribed_date","instructions":{"mark":"Record Date","transcribe":"Enter the record date","verify":"Choose the best transcription or enter your own!"}},{"id":"580d6d7461643900038f4001","status":"awaiting_votes","name":"Amount Loaned","created_in_workflow":"verify","confidence":0.3333333333333333,"data":{"value":"$40000"},"versions":[{"data":{"value":"$40000"},"votes":1,"confidence":0.3333333333333333,"instances":[{"created":"2016-09-19T18:01:29Z","user_id":"57c49a363234370003600200","duration":4.827}]}],"region":{"x":770.5046871963946,"y":702.9069671549346,"width":517.7358490566037,"height":42.36033267908374,"label":"Amount Loaned","shape":"rectangle"},"task_key":"em_transcribed_amount_loaned","instructions":{"mark":"Amount Loaned","transcribe":"Enter the Amount Loaned","verify":"Choose the best transcription or enter your own!"}}]}],"export_document":{"name":"Record","export_fields":[{"name":"Mortgager","value":"Thos. McManus","original_value":{"value":"Thos. McManus"},"assertion_ids":["580d6d7461643900038c4001"]},{"name":"Street Address","value":"N.E. cor. 5 Av \u0026 115 St","original_value":{"value":"N.E. cor. 5 Av \u0026 115 St"},"assertion_ids":["580d6d7461643900038d4001"]},{"name":"Record Date","value":"1894-04-02T00:00:00Z","original_value":{"value":"April 2/94"},"assertion_ids":["580d6d7461643900038e4001"]},{"name":"Land \u0026 Building Dimensions","value":{"em_survey_land_dimensions":[0],"em_survey_building_dimensions":[25,100]},"original_value":{"em_survey_land_dimensions":"See Diagram","em_survey_building_dimensions":"25 x 100"},"assertion_ids":["580d6d746164390003864001"]},{"name":"Amount Loaned","value":40000.0,"original_value":{"value":"$40000"},"assertion_ids":["580d6d7461643900038f4001"]},{"name":"Stories \u0026 Materials","value":{"em_record_stories":5,"em_record_material":"br."},"original_value":{"em_record_stories":"5","em_record_material":"br."},"assertion_ids":["580d6d746164390003874001"]},{"name":"Valuation","value":null,"original_value":null,"assertion_ids":null},{"name":"Record Number","value":4120,"original_value":{"value":"4120"},"assertion_ids":["580d6d7461643900038b4001"]}]}}