{"id":"56b10a447061755afbbcc700","meta_data":{"capture_uuid":"133a8270-02e7-0133-dfcf-58d385a7bbd0","page_uri":"http://digitalcollections.nypl.org/items/133a8270-02e7-0133-dfcf-58d385a7bbd0","book_uri":"http://digitalcollections.nypl.org/items/109c0900-02e7-0133-03cf-58d385a7bbd0","source_rotated":"0.867204","source_x":"1215.39","source_y":"0","source_w":"1370.61","source_h":"903.0699999999999"},"type":"final_subject_set","search_terms_by_field":{"Record Number":["3968"],"Mortgager":["Martin Maus"],"Street Address":["655 Fulton St Br"],"Land \u0026 Building Dimensions":["20 x 90.1 x 21.8 x 78.4"],"Stories \u0026 Materials":["3","br."],"Additional Info":[],"Record Date":["Nov 28/92"],"Amount Loaned":["$6000"]},"subjects":[{"id":"580d9343616439000379b302","type":"root","location":{"standard":"https://s3.amazonaws.com/scribe.nypl.org/emigrant-s4/full/133a8270-02e7-0133-dfcf-58d385a7bbd0.right-top.jpg","thumbnail":"https://s3.amazonaws.com/scribe.nypl.org/emigrant-s4/thumb/133a8270-02e7-0133-dfcf-58d385a7bbd0.right-top.jpg"},"status":"retired","width":1370,"height":903,"meta_data":{"capture_uuid":"133a8270-02e7-0133-dfcf-58d385a7bbd0","page_uri":"http://digitalcollections.nypl.org/items/133a8270-02e7-0133-dfcf-58d385a7bbd0","book_uri":"http://digitalcollections.nypl.org/items/109c0900-02e7-0133-03cf-58d385a7bbd0","source_rotated":"0.867204","source_x":"1215.39","source_y":"0","source_w":"1370.61","source_h":"903.0699999999999"},"assertions":[{"id":"580d934361643900037ab302","status":"active","name":null,"created_in_workflow":"mark","confidence":1.0,"data":{"belongsToUser":"true","toolName":"rectangleTool","userCreated":"true","subToolIndex":"1","color":"blue","isTranscribable":"true","x":"801.0918175205901","y":"97.76152996734253","width":"149.35789388613944","height":"57.027559147616486","_key":"0.5200243578334822","status":"mark","isUncommitted":"true"},"versions":null,"region":{"x":801.0918175205901,"y":97.76152996734253,"width":149.35789388613944,"height":57.027559147616486,"label":"Record Number","shape":"rectangle"},"task_key":"mark_primary","instructions":{"mark":""}},{"id":"580d934361643900037bb302","status":"active","name":null,"created_in_workflow":"mark","confidence":1.0,"data":{"belongsToUser":"true","toolName":"rectangleTool","userCreated":"true","subToolIndex":"0","color":"red","isTranscribable":"true","x":"163.63395925536045","y":"241.82975531744856","width":"15","height":"110.77830108853183","_key":"0.45051052413036696","status":"mark","isUncommitted":"true"},"versions":null,"region":{"x":163.63395925536045,"y":241.82975531744856,"width":15.0,"height":110.77830108853183,"label":"Record Date","shape":"rectangle"},"task_key":"mark_primary","instructions":{"mark":""}},{"id":"580d934361643900037cb302","status":"active","name":null,"created_in_workflow":"mark","confidence":1.0,"data":{"belongsToUser":"true","toolName":"rectangleTool","userCreated":"true","subToolIndex":"0","color":"red","isTranscribable":"true","x":"302.77957155501616","y":"630.0187486784297","width":"192.8074630166526","height":"46.1651669290228","_key":"0.6960147265051675","status":"mark","isUncommitted":"true"},"versions":null,"region":{"x":302.77957155501616,"y":630.0187486784297,"width":192.8074630166526,"height":46.1651669290228,"label":"Record Date","shape":"rectangle"},"task_key":"mark_primary","instructions":{"mark":""}},{"id":"580d934361643900037db302","status":"active","name":null,"created_in_workflow":"mark","confidence":1.0,"data":{"belongsToUser":"true","toolName":"rectangleTool","userCreated":"true","subToolIndex":"0","color":"red","isTranscribable":"true","x":"314.9591693631938","y":"180.28625471270865","width":"48.510952522606885","height":"200.55940785309357","_key":"0.013223284682557068","status":"mark","isUncommitted":"true"},"versions":null,"region":{"x":314.9591693631938,"y":180.28625471270865,"width":48.510952522606885,"height":200.55940785309357,"label":"Record Date","shape":"rectangle"},"task_key":"mark_primary","instructions":{"mark":""}},{"id":"580d934361643900037eb302","status":"active","name":null,"created_in_workflow":"mark","confidence":1.0,"data":{"belongsToUser":"true","toolName":"rectangleTool","userCreated":"true","subToolIndex":"5","color":"sienna","isTranscribable":"true","x":"761.4409534127844","y":"636.7656226047105","width":"284.9837486457204","height":"69.76220107790527","_key":"0.8697741373316316","status":"mark","isUncommitted":"true"},"versions":null,"region":{"x":761.4409534127844,"y":636.7656226047105,"width":284.9837486457204,"height":69.76220107790527,"label":"Valuation","shape":"rectangle"},"task_key":"mark_primary","instructions":{"mark":""}},{"id":"580d934361643900037fb302","status":"complete","name":"Record Number","created_in_workflow":"transcribe","confidence":1.0,"data":{"value":"3968"},"versions":[{"data":{"value":"3968"},"votes":3,"confidence":1.0,"instances":[{"created":"2015-11-12T12:51:12Z","user_id":"564486d23936300003d11600","duration":10.345},{"created":"2015-11-12T14:16:13Z","user_id":"564497e63936300003301700","duration":5.006},{"created":"2015-11-12T15:00:29Z","user_id":"5644a7e13936300003211800","duration":5.82}]}],"region":{"x":802.4476964065527,"y":101.81197642421134,"width":145.3044636251542,"height":55.35408426947413,"label":"Record Number","shape":"rectangle"},"task_key":"em_record_number","instructions":{"mark":"Record Number","transcribe":"Enter the record number"}},{"id":"580d9343616439000380b302","status":"complete","name":"Mortgager","created_in_workflow":"transcribe","confidence":1.0,"data":{"value":"Martin Maus"},"versions":[{"data":{"value":"Martin Maus"},"votes":3,"confidence":1.0,"instances":[{"created":"2015-11-12T12:52:08Z","user_id":"564486d23936300003d11600","duration":6.81},{"created":"2015-11-12T15:00:57Z","user_id":"5644a7e13936300003211800","duration":11.276},{"created":"2015-11-12T15:17:42Z","user_id":"5644ab4d3936300003551800","duration":6.275}]}],"region":{"x":138.1987198344196,"y":670.1798035928938,"width":330.14755680817336,"height":51.40022110736879,"label":"Mortgager Name","shape":"rectangle"},"task_key":"em_record_mortgager","instructions":{"mark":"Mortgager Name","transcribe":"Enter the mortgager's name"}},{"id":"580d9343616439000381b302","status":"awaiting_votes","name":"Street Address","created_in_workflow":"verify","confidence":0.6666666666666666,"data":{"value":"655 Fulton St Br"},"versions":[{"data":{"value":"655 Fulton St Br"},"votes":2,"confidence":0.6666666666666666,"instances":[{"created":"2016-04-19T03:04:56Z","user_id":"5715967266363800034f0300","duration":5.872},{"created":"2016-04-21T01:11:51Z","user_id":"5718277231336200039b0000","duration":54.144}]}],"region":{"x":112.49861062180729,"y":712.6838325855257,"width":531.7945675532852,"height":48.43482373578979,"label":"Street Address","shape":"rectangle"},"task_key":"em_transcribed_address","instructions":{"mark":"Street Address","transcribe":"Enter the street address","verify":"Choose the best transcription or enter your own!"}},{"id":"580d9343616439000382b302","status":"awaiting_votes","name":"Land \u0026 Building Dimensions","created_in_workflow":"transcribe","confidence":0.18181818181818182,"data":{"em_survey_land_dimensions":"20 x 90.1 x 21.8 x 78.4"},"versions":[{"data":{"em_survey_land_dimensions":"20 x 90.1 x 21.8 x 78.4"},"votes":2,"confidence":0.18181818181818182,"instances":[{"created":"2016-08-23T21:40:33Z","user_id":"57bcbec33231300003fd0100","duration":24.253},{"created":"2016-08-24T17:12:52Z","user_id":"57bdd2c666646100034d0000","duration":36.994}]},{"data":{"em_survey_land_dimensions":"20 X 90 X 21 X 78","em_survey_building_dimensions":"20 X 50"},"votes":1,"confidence":0.09090909090909091,"instances":[{"created":"2016-08-26T23:13:09Z","user_id":"57c0ca6d3439620003bd0000","duration":41.429}]},{"data":{"em_survey_land_dimensions":"20 x 90.1","em_survey_building_dimensions":"21.8 x 78.4"},"votes":1,"confidence":0.09090909090909091,"instances":[{"created":"2016-08-17T14:21:06Z","user_id":"5794e6a83066310003040000","duration":90.946}]},{"data":{"em_survey_land_dimensions":"20 x 90","em_survey_building_dimensions":"20 x 50"},"votes":1,"confidence":0.09090909090909091,"instances":[{"created":"2016-08-23T20:47:58Z","user_id":"56968eef6133640003bd0100","duration":11.481}]},{"data":{"em_survey_land_dimensions":"20 x 90.1 x 21.8 X 78.3"},"votes":1,"confidence":0.09090909090909091,"instances":[{"created":"2015-11-12T12:54:08Z","user_id":"564486d23936300003d11600","duration":42.223}]},{"data":{"em_survey_land_dimensions":"20 x 90' x 21.8 x 78.4","em_survey_building_dimensions":"3 story br. 20 x 50 rec.-"},"votes":1,"confidence":0.09090909090909091,"instances":[{"created":"2015-11-12T15:19:48Z","user_id":"5644ab4d3936300003551800","duration":48.461}]},{"data":{"em_survey_land_dimensions":"20 x 90 x 21.8 x 78.4","em_survey_building_dimensions":"20 x 50"},"votes":1,"confidence":0.09090909090909091,"instances":[{"created":"2016-08-27T11:34:56Z","user_id":"57c179166165650003010000","duration":79.734}]},{"data":{"em_survey_land_dimensions":"20 x 90.1 x 21.8 x 78.4","em_survey_building_dimensions":"20 x 50  \u0026 el"},"votes":1,"confidence":0.09090909090909091,"instances":[{"created":"2016-08-27T16:46:10Z","user_id":"57c1c2486165650003a80000","duration":162.51}]},{"data":{"em_survey_land_dimensions":"20 x 90.1 x 21.8 x 78.4","em_survey_building_dimensions":"20 x 50 + ext."},"votes":1,"confidence":0.09090909090909091,"instances":[{"created":"2016-08-28T00:52:25Z","user_id":"5750d4e061323000033d0000","duration":75.747}]},{"data":{"em_survey_land_dimensions":"20 x 90.1 x 21.8 x 78.4","em_survey_building_dimensions":"20 x 50"},"votes":1,"confidence":0.09090909090909091,"instances":[{"created":"2016-09-05T12:39:21Z","user_id":"57c49a363234370003600200","duration":29.284}]}],"region":{"x":326.00721023427866,"y":761.1186563213155,"width":357.82459749867894,"height":82.04266061368492,"label":"Dimension \u0026 Description","shape":"rectangle"},"task_key":"em_record_survey","instructions":{"mark":"Dimension \u0026 Description","transcribe":"Enter, as they appear, any land and building dimensions that were recorded. In the next screen, you'll enter the descriptive information."}},{"id":"580d9343616439000383b302","status":"awaiting_votes","name":"Stories \u0026 Materials","created_in_workflow":"transcribe","confidence":0.5454545454545454,"data":{"em_record_stories":"3","em_record_material":"br."},"versions":[{"data":{"em_record_stories":"3","em_record_material":"br."},"votes":6,"confidence":0.5454545454545454,"instances":[{"created":"2015-11-12T12:54:22Z","user_id":"564486d23936300003d11600","duration":13.403},{"created":"2015-11-12T15:19:59Z","user_id":"5644ab4d3936300003551800","duration":11.199},{"created":"2016-08-24T17:12:59Z","user_id":"57bdd2c666646100034d0000","duration":11.556},{"created":"2016-08-27T16:46:23Z","user_id":"57c1c2486165650003a80000","duration":13.048},{"created":"2016-08-28T00:52:46Z","user_id":"5750d4e061323000033d0000","duration":21.125},{"created":"2016-09-05T12:39:43Z","user_id":"57c49a363234370003600200","duration":21.925}]},{"data":{"em_record_stories":"3","em_record_material":"Brick"},"votes":2,"confidence":0.18181818181818182,"instances":[{"created":"2016-08-17T14:21:20Z","user_id":"5794e6a83066310003040000","duration":13.456},{"created":"2016-08-23T21:40:56Z","user_id":"57bcbec33231300003fd0100","duration":23.08}]},{"data":{"em_record_stories":"3","em_record_material":"Br"},"votes":2,"confidence":0.18181818181818182,"instances":[{"created":"2016-08-26T23:13:20Z","user_id":"57c0ca6d3439620003bd0000","duration":11.199},{"created":"2016-08-27T11:35:11Z","user_id":"57c179166165650003010000","duration":14.878}]},{"data":{"em_record_stories":"3","em_record_material":"br"},"votes":1,"confidence":0.09090909090909091,"instances":[{"created":"2016-08-23T20:48:07Z","user_id":"56968eef6133640003bd0100","duration":9.354}]}],"region":{"x":326.00721023427866,"y":761.1186563213155,"width":357.82459749867894,"height":82.04266061368492,"label":"Dimension \u0026 Description","shape":"rectangle"},"task_key":"em_record_survey_stories_materials","instructions":{"mark":"Dimension \u0026 Description","transcribe":"Enter, as they appear, the number of stories and the building materials."}},{"id":"580d9343616439000384b302","status":"complete","name":"Additional Info","created_in_workflow":"transcribe","confidence":1.0,"data":{"value":""},"versions":[{"data":{"value":""},"votes":2,"confidence":0.5,"instances":[{"created":"2016-08-27T16:46:24Z","user_id":"57c1c2486165650003a80000","duration":1.034},{"created":"2016-08-28T00:52:50Z","user_id":"5750d4e061323000033d0000","duration":3.378}]},{"data":{"value":"Brick 20 x 50 "},"votes":1,"confidence":0.25,"instances":[{"created":"2016-08-23T21:41:16Z","user_id":"57bcbec33231300003fd0100","duration":20.151}]},{"data":{"value":"20 x 50 rec.-"},"votes":1,"confidence":0.25,"instances":[{"created":"2015-11-12T15:20:12Z","user_id":"5644ab4d3936300003551800","duration":12.613}]}],"region":{"x":326.00721023427866,"y":761.1186563213155,"width":357.82459749867894,"height":82.04266061368492,"label":"Dimension \u0026 Description","shape":"rectangle"},"task_key":"em_record_survey_additional_info","instructions":{"mark":"Dimension \u0026 Description","transcribe":"Enter any additional information you find about the building's construction or significance."}},{"id":"580d9343616439000385b302","status":"complete","name":"Record Date","created_in_workflow":"verify","confidence":1.0,"data":{"value":"Nov 28/92"},"versions":[{"data":{"value":"Nov 28/92"},"votes":3,"confidence":1.0,"instances":[{"created":"2015-12-02T00:05:00Z","user_id":"5647496e3562310003960400","duration":6.706},{"created":"2015-12-10T21:52:25Z","user_id":"563f8b7a3264340003774b00","duration":6.522},{"created":"2015-12-17T21:48:01Z","user_id":"5668bbbe3064310003db0500","duration":18.33}]}],"region":{"x":303.2724982385063,"y":630.6411719718408,"width":192.7508190945922,"height":44.48096057368457,"label":"Record Date","shape":"rectangle"},"task_key":"em_transcribed_date","instructions":{"mark":"Record Date","transcribe":"Enter the record date","verify":"Choose the best transcription or enter your own!"}},{"id":"580d9343616439000386b302","status":"complete","name":"Amount Loaned","created_in_workflow":"verify","confidence":1.0,"data":{"value":"$6000"},"versions":[{"data":{"value":"$6000"},"votes":3,"confidence":1.0,"instances":[{"created":"2016-04-15T23:55:14Z","user_id":"563f8b7a3264340003774b00","duration":4.231},{"created":"2016-04-19T03:04:50Z","user_id":"5715967266363800034f0300","duration":3.135},{"created":"2016-04-20T01:07:35Z","user_id":"5716c4bb3161610003280000","duration":9.022}]}],"region":{"x":769.8283270213141,"y":711.6953667949994,"width":264.90881803769605,"height":54.365618478947795,"label":"Amount Loaned","shape":"rectangle"},"task_key":"em_transcribed_amount_loaned","instructions":{"mark":"Amount Loaned","transcribe":"Enter the Amount Loaned","verify":"Choose the best transcription or enter your own!"}}]}],"export_document":{"name":"Record","export_fields":[{"name":"Mortgager","value":"Martin Maus","original_value":{"value":"Martin Maus"},"assertion_ids":["580d9343616439000380b302"]},{"name":"Street Address","value":"655 Fulton St Br","original_value":{"value":"655 Fulton St Br"},"assertion_ids":["580d9343616439000381b302"]},{"name":"Record Date","value":"1892-11-28T00:00:00Z","original_value":{"value":"Nov 28/92"},"assertion_ids":["580d9343616439000385b302"]},{"name":"Land \u0026 Building Dimensions","value":{"em_survey_land_dimensions":[20,90.08333333333333,21.666666666666668,78.33333333333333]},"original_value":{"em_survey_land_dimensions":"20 x 90.1 x 21.8 x 78.4"},"assertion_ids":["580d9343616439000382b302"]},{"name":"Amount Loaned","value":6000.0,"original_value":{"value":"$6000"},"assertion_ids":["580d9343616439000386b302"]},{"name":"Stories \u0026 Materials","value":{"em_record_stories":3,"em_record_material":"br."},"original_value":{"em_record_stories":"3","em_record_material":"br."},"assertion_ids":["580d9343616439000383b302"]},{"name":"Record Number","value":3968,"original_value":{"value":"3968"},"assertion_ids":["580d934361643900037fb302"]},{"name":"Additional Info","value":"","original_value":{"value":""},"assertion_ids":["580d9343616439000384b302"]}]}}