{"id":"56b10a6f7061755afbfeca00","meta_data":{"capture_uuid":"13d5c4d0-02e7-0133-810d-58d385a7bbd0","page_uri":"http://digitalcollections.nypl.org/items/13d5c4d0-02e7-0133-810d-58d385a7bbd0","book_uri":"http://digitalcollections.nypl.org/items/109c0900-02e7-0133-03cf-58d385a7bbd0","source_rotated":"0.895174","source_x":"0","source_y":"0","source_w":"1372.7","source_h":"888.48"},"type":"final_subject_set","search_terms_by_field":{"Land \u0026 Building Dimensions":["50 x 74.8","25 x 50 each"],"Stories \u0026 Materials":["5","Brick"],"Additional Info":["two structures"],"Land \u0026 Building Value":["$18000.","18000."],"Valuation Date":[],"Total Value":[],"Record Number":["4030"],"Mortgager":["Jacob Schlosser"],"Street Address":["149 + 157 E 32 St"],"Record Date":["May 22/93"],"Amount Loaned":["$18000."]},"subjects":[{"id":"580dab266164390003023a03","type":"root","location":{"standard":"https://s3.amazonaws.com/scribe.nypl.org/emigrant-s4/full/13d5c4d0-02e7-0133-810d-58d385a7bbd0.left-top.jpg","thumbnail":"https://s3.amazonaws.com/scribe.nypl.org/emigrant-s4/thumb/13d5c4d0-02e7-0133-810d-58d385a7bbd0.left-top.jpg"},"status":"retired","width":1372,"height":888,"meta_data":{"capture_uuid":"13d5c4d0-02e7-0133-810d-58d385a7bbd0","page_uri":"http://digitalcollections.nypl.org/items/13d5c4d0-02e7-0133-810d-58d385a7bbd0","book_uri":"http://digitalcollections.nypl.org/items/109c0900-02e7-0133-03cf-58d385a7bbd0","source_rotated":"0.895174","source_x":"0","source_y":"0","source_w":"1372.7","source_h":"888.48"},"assertions":[{"id":"580dab266164390003033a03","status":"awaiting_transcriptions","name":"Land \u0026 Building Dimensions","created_in_workflow":"transcribe","confidence":0.3333333333333333,"data":{"em_survey_land_dimensions":"50 x 74.8","em_survey_building_dimensions":"25 x 50 each"},"versions":[{"data":{"em_survey_land_dimensions":"50 x 74.8","em_survey_building_dimensions":"25 x 50 each"},"votes":1,"confidence":0.3333333333333333,"instances":[{"created":"2016-02-01T19:36:49Z","user_id":"56afb28e6238610003070100","duration":9.364}]}],"region":{"x":275.29151342632827,"y":756.2596230504988,"width":362.43357884166267,"height":84.63326046622694,"label":"Dimension \u0026 Description","shape":"rectangle"},"task_key":"em_record_survey","instructions":{"mark":"Dimension \u0026 Description","transcribe":"Enter, as they appear, any land and building dimensions that were recorded. In the next screen, you'll enter the descriptive information."}},{"id":"580dab266164390003043a03","status":"awaiting_transcriptions","name":"Stories \u0026 Materials","created_in_workflow":"transcribe","confidence":0.3333333333333333,"data":{"em_record_stories":"5","em_record_material":"Brick"},"versions":[{"data":{"em_record_stories":"5","em_record_material":"Brick"},"votes":1,"confidence":0.3333333333333333,"instances":[{"created":"2016-02-01T19:36:52Z","user_id":"56afb28e6238610003070100","duration":2.787}]}],"region":{"x":275.29151342632827,"y":756.2596230504988,"width":362.43357884166267,"height":84.63326046622694,"label":"Dimension \u0026 Description","shape":"rectangle"},"task_key":"em_record_survey_stories_materials","instructions":{"mark":"Dimension \u0026 Description","transcribe":"Enter, as they appear, the number of stories and the building materials."}},{"id":"580dab266164390003053a03","status":"awaiting_transcriptions","name":"Additional Info","created_in_workflow":"transcribe","confidence":0.3333333333333333,"data":{"value":"two structures"},"versions":[{"data":{"value":"two structures"},"votes":1,"confidence":0.3333333333333333,"instances":[{"created":"2016-02-01T19:36:55Z","user_id":"56afb28e6238610003070100","duration":3.6}]}],"region":{"x":275.29151342632827,"y":756.2596230504988,"width":362.43357884166267,"height":84.63326046622694,"label":"Dimension \u0026 Description","shape":"rectangle"},"task_key":"em_record_survey_additional_info","instructions":{"mark":"Dimension \u0026 Description","transcribe":"Enter any additional information you find about the building's construction or significance."}},{"id":"580dab266164390003063a03","status":"awaiting_votes","name":"Land \u0026 Building Value","created_in_workflow":"verify","confidence":0.3333333333333333,"data":{"em_valuation_ground":"$18000.","em_valuation_building":"18000."},"versions":[{"data":{"em_valuation_ground":"$18000.","em_valuation_building":"18000."},"votes":1,"confidence":0.3333333333333333,"instances":[{"created":"2016-09-25T01:56:33Z","user_id":"57c49a363234370003600200","duration":6.381}]}],"region":{"x":747.643472736364,"y":612.2346008535861,"width":224.29291149627488,"height":109.87475920176837,"label":"Valuation","shape":"rectangle"},"task_key":"em_transcribed_valuation_itemized","instructions":{"mark":"Valuation","transcribe":"Sometimes valuations include itemized dollar values for \"ground\" and \"building\". Enter these amounts if you can find them. In the next screen, you'll enter the total valuation.","verify":"Choose the best transcription or enter your own!"}},{"id":"580dab266164390003073a03","status":"awaiting_transcriptions","name":"Valuation Date","created_in_workflow":"transcribe","confidence":0.3333333333333333,"data":{"value":""},"versions":[{"data":{"value":""},"votes":1,"confidence":0.3333333333333333,"instances":[{"created":"2016-02-26T00:22:39Z","user_id":"56cf933e6134330003060000","duration":3.925}]}],"region":{"x":747.643472736364,"y":612.2346008535861,"width":224.29291149627488,"height":109.87475920176837,"label":"Valuation","shape":"rectangle"},"task_key":"em_record_valuation","instructions":{"mark":"Valuation","transcribe":"Enter the date of the valuation (if one is given). In the next screen, you'll enter the valuation's dollar amounts."}},{"id":"580dab266164390003083a03","status":"awaiting_transcriptions","name":"Total Value","created_in_workflow":"transcribe","confidence":0.3333333333333333,"data":{"value":""},"versions":[{"data":{"value":""},"votes":1,"confidence":0.3333333333333333,"instances":[{"created":"2016-02-26T00:22:57Z","user_id":"56cf933e6134330003060000","duration":0.542}]}],"region":{"x":747.643472736364,"y":612.2346008535861,"width":224.29291149627488,"height":109.87475920176837,"label":"Valuation","shape":"rectangle"},"task_key":"em_record_valuation_total","instructions":{"mark":"Valuation","transcribe":"Enter the valuation ***total*** (if one is given)"}},{"id":"580dab266164390003093a03","status":"complete","name":"Record Number","created_in_workflow":"transcribe","confidence":1.0,"data":{"value":"4030"},"versions":[{"data":{"value":"4030"},"votes":3,"confidence":1.0,"instances":[{"created":"2016-02-01T16:19:10Z","user_id":"56af84ab62386100034d0000","duration":3.516},{"created":"2016-02-01T17:28:05Z","user_id":"56980a2d3337650003270200","duration":7.433},{"created":"2016-02-01T20:53:41Z","user_id":"56968eef6133640003bd0100","duration":3.726}]}],"region":{"x":731.3042540180923,"y":61.37601080147694,"width":173.789871821617,"height":109.87475920176841,"label":"Record Number","shape":"rectangle"},"task_key":"em_record_number","instructions":{"mark":"Record Number","transcribe":"Enter the record number"}},{"id":"580dab2661643900030a3a03","status":"complete","name":"Mortgager","created_in_workflow":"transcribe","confidence":1.0,"data":{"value":"Jacob Schlosser"},"versions":[{"data":{"value":"Jacob Schlosser"},"votes":3,"confidence":1.0,"instances":[{"created":"2016-02-01T17:29:40Z","user_id":"56980a2d3337650003270200","duration":15.201},{"created":"2016-02-01T20:54:04Z","user_id":"56968eef6133640003bd0100","duration":9.425},{"created":"2016-02-01T22:01:04Z","user_id":"56afd4ff3636340003bf0400","duration":21.88}]}],"region":{"x":163.88774943811234,"y":655.2936281083332,"width":283.70825228998996,"height":69.78532003355554,"label":"Mortgager Name","shape":"rectangle"},"task_key":"em_record_mortgager","instructions":{"mark":"Mortgager Name","transcribe":"Enter the mortgager's name"}},{"id":"580dab2661643900030b3a03","status":"awaiting_votes","name":"Street Address","created_in_workflow":"transcribe","confidence":0.25,"data":{"value":"149 + 157 E 32 St"},"versions":[{"data":{"value":"149 + 157 E 32 St"},"votes":1,"confidence":0.25,"instances":[{"created":"2016-02-01T20:54:20Z","user_id":"56968eef6133640003bd0100","duration":16.327}]},{"data":{"value":"149 and 151 East 32 St"},"votes":1,"confidence":0.25,"instances":[{"created":"2016-02-01T22:01:47Z","user_id":"56afd4ff3636340003bf0400","duration":28.807}]},{"data":{"value":"149 and 151 East 32nd Street"},"votes":1,"confidence":0.25,"instances":[{"created":"2016-02-01T22:04:20Z","user_id":"56afd5e53636340003cf0400","duration":10.447}]},{"data":{"value":"149 \u0026 151 E 32 St"},"votes":1,"confidence":0.25,"instances":[{"created":"2016-09-22T20:36:58Z","user_id":"57c49a363234370003600200","duration":12.797}]}],"region":{"x":212.90540559292734,"y":701.3222434496146,"width":326.78437436543356,"height":63.84614386048702,"label":"Street Address","shape":"rectangle"},"task_key":"em_record_street_address","instructions":{"mark":"Street Address","transcribe":"Enter the street address"}},{"id":"580dab2661643900030c3a03","status":"complete","name":"Record Date","created_in_workflow":"verify","confidence":1.0,"data":{"value":"May 22/93"},"versions":[{"data":{"value":"May 22/93"},"votes":3,"confidence":1.0,"instances":[{"created":"2016-02-18T13:28:35Z","user_id":"563f8b7a3264340003774b00","duration":11.876},{"created":"2016-03-02T11:29:50Z","user_id":"56d6cb4e6361620003330000","duration":6.157},{"created":"2016-03-03T05:02:07Z","user_id":"56d7c44339363300030b0000","duration":7.622}]}],"region":{"x":229.24462431119903,"y":610.749806810319,"width":185.67293998035993,"height":68.3005259902884,"label":"Record Date","shape":"rectangle"},"task_key":"em_transcribed_date","instructions":{"mark":"Record Date","transcribe":"Enter the record date","verify":"Choose the best transcription or enter your own!"}},{"id":"580dab2661643900030d3a03","status":"awaiting_votes","name":"Amount Loaned","created_in_workflow":"verify","confidence":0.3333333333333333,"data":{"value":"$18000."},"versions":[{"data":{"value":"$18000."},"votes":1,"confidence":0.3333333333333333,"instances":[{"created":"2016-09-22T20:40:43Z","user_id":"57c49a363234370003600200","duration":6.573}]}],"region":{"x":830.8249498475652,"y":708.7462136659502,"width":178.2460223811455,"height":59.39176173068563,"label":"Amount Loaned","shape":"rectangle"},"task_key":"em_transcribed_amount_loaned","instructions":{"mark":"Amount Loaned","transcribe":"Enter the Amount Loaned","verify":"Choose the best transcription or enter your own!"}}]}],"export_document":{"name":"Record","export_fields":[{"name":"Mortgager","value":"Jacob Schlosser","original_value":{"value":"Jacob Schlosser"},"assertion_ids":["580dab2661643900030a3a03"]},{"name":"Street Address","value":"149 + 157 E 32 St","original_value":{"value":"149 + 157 E 32 St"},"assertion_ids":["580dab2661643900030b3a03"]},{"name":"Record Date","value":"1893-05-22T00:00:00Z","original_value":{"value":"May 22/93"},"assertion_ids":["580dab2661643900030c3a03"]},{"name":"Land \u0026 Building Dimensions","value":{"em_survey_land_dimensions":[50,74.66666666666667],"em_survey_building_dimensions":[25,50]},"original_value":{"em_survey_land_dimensions":"50 x 74.8","em_survey_building_dimensions":"25 x 50 each"},"assertion_ids":["580dab266164390003033a03"]},{"name":"Amount Loaned","value":18000.0,"original_value":{"value":"$18000."},"assertion_ids":["580dab2661643900030d3a03"]},{"name":"Stories \u0026 Materials","value":{"em_record_stories":5,"em_record_material":"Brick"},"original_value":{"em_record_stories":"5","em_record_material":"Brick"},"assertion_ids":["580dab266164390003043a03"]},{"name":"Valuation","value":null,"original_value":null,"assertion_ids":null},{"name":"Record Number","value":4030,"original_value":{"value":"4030"},"assertion_ids":["580dab266164390003093a03"]},{"name":"Additional Info","value":"two structures","original_value":{"value":"two structures"},"assertion_ids":["580dab266164390003053a03"]}]}}