{"id":"56b10a327061755afb62c600","meta_data":{"capture_uuid":"130a3d00-02e7-0133-d85a-58d385a7bbd0","page_uri":"http://digitalcollections.nypl.org/items/130a3d00-02e7-0133-d85a-58d385a7bbd0","book_uri":"http://digitalcollections.nypl.org/items/109c0900-02e7-0133-03cf-58d385a7bbd0","source_rotated":"1.00705","source_x":"0","source_y":"0","source_w":"1373.79","source_h":"888.48"},"type":"final_subject_set","search_terms_by_field":{"Record Number":["3946"],"Mortgager":["Jno G. Walkinshaw"],"Street Address":["1737 Sedgwick Ave."],"Land \u0026 Building Dimensions":["75 x see diagram","25 x 46"],"Stories \u0026 Materials":["3","frame","3","frame"],"Additional Info":[],"Record Date":["Sept 12/92"],"Valuation Date":[],"Land \u0026 Building Value":["$3,500","$6,500"],"Amount Loaned":["$5,000"]},"subjects":[{"id":"580d6cc061643900030d3901","type":"root","location":{"standard":"https://s3.amazonaws.com/scribe.nypl.org/emigrant-s4/full/130a3d00-02e7-0133-d85a-58d385a7bbd0.left-top.jpg","thumbnail":"https://s3.amazonaws.com/scribe.nypl.org/emigrant-s4/thumb/130a3d00-02e7-0133-d85a-58d385a7bbd0.left-top.jpg"},"status":"retired","width":1373,"height":888,"meta_data":{"capture_uuid":"130a3d00-02e7-0133-d85a-58d385a7bbd0","page_uri":"http://digitalcollections.nypl.org/items/130a3d00-02e7-0133-d85a-58d385a7bbd0","book_uri":"http://digitalcollections.nypl.org/items/109c0900-02e7-0133-03cf-58d385a7bbd0","source_rotated":"1.00705","source_x":"0","source_y":"0","source_w":"1373.79","source_h":"888.48"},"assertions":[{"id":"580d6cc061643900030e3901","status":"awaiting_transcriptions","name":"Land \u0026 Building Dimensions","created_in_workflow":"transcribe","confidence":0.3333333333333333,"data":{"em_survey_land_dimensions":"75 x see diagram","em_survey_building_dimensions":"25 x 46"},"versions":[{"data":{"em_survey_land_dimensions":"75 x see diagram","em_survey_building_dimensions":"25 x 46"},"votes":1,"confidence":0.3333333333333333,"instances":[{"created":"2015-11-28T19:33:04Z","user_id":"563bfc7535326200037f3900","duration":15.259}]}],"region":{"x":56.97612770516386,"y":755.6279175602616,"width":591.6186142115171,"height":83.2097528423543,"label":"Dimension \u0026 Description","shape":"rectangle"},"task_key":"em_record_survey","instructions":{"mark":"Dimension \u0026 Description","transcribe":"Enter, as they appear, any land and building dimensions that were recorded. In the next screen, you'll enter the descriptive information."}},{"id":"580d6cc061643900030f3901","status":"awaiting_transcriptions","name":"Stories \u0026 Materials","created_in_workflow":"transcribe","confidence":0.3333333333333333,"data":{"em_record_stories":"3","em_record_material":"frame"},"versions":[{"data":{"em_record_stories":"3","em_record_material":"frame"},"votes":1,"confidence":0.3333333333333333,"instances":[{"created":"2015-11-28T19:33:08Z","user_id":"563bfc7535326200037f3900","duration":4.196}]}],"region":{"x":56.97612770516386,"y":755.6279175602616,"width":591.6186142115171,"height":83.2097528423543,"label":"Dimension \u0026 Description","shape":"rectangle"},"task_key":"em_record_survey_stories_materials","instructions":{"mark":"Dimension \u0026 Description","transcribe":"Enter, as they appear, the number of stories and the building materials."}},{"id":"580d6cc06164390003103901","status":"awaiting_transcriptions","name":"Additional Info","created_in_workflow":"transcribe","confidence":0.3333333333333333,"data":{"value":""},"versions":[{"data":{"value":""},"votes":1,"confidence":0.3333333333333333,"instances":[{"created":"2015-11-28T19:33:11Z","user_id":"563bfc7535326200037f3900","duration":2.54}]}],"region":{"x":56.97612770516386,"y":755.6279175602616,"width":591.6186142115171,"height":83.2097528423543,"label":"Dimension \u0026 Description","shape":"rectangle"},"task_key":"em_record_survey_additional_info","instructions":{"mark":"Dimension \u0026 Description","transcribe":"Enter any additional information you find about the building's construction or significance."}},{"id":"580d6cc06164390003113901","status":"awaiting_transcriptions","name":"Stories \u0026 Materials","created_in_workflow":"transcribe","confidence":0.3333333333333333,"data":{"em_record_stories":"3","em_record_material":"frame"},"versions":[{"data":{"em_record_stories":"3","em_record_material":"frame"},"votes":1,"confidence":0.3333333333333333,"instances":[{"created":"2015-11-28T21:57:04Z","user_id":"565a1ebe3466340003480700","duration":1137.061}]}],"region":{"x":736.2969987972828,"y":311.3473182655509,"width":245.26902347964904,"height":105.49807949655633,"label":"Dimension \u0026 Description","shape":"rectangle"},"task_key":"em_record_survey_stories_materials","instructions":{"mark":"Dimension \u0026 Description","transcribe":"Enter, as they appear, the number of stories and the building materials."}},{"id":"580d6cc06164390003123901","status":"awaiting_transcriptions","name":"Additional Info","created_in_workflow":"transcribe","confidence":0.3333333333333333,"data":{"value":""},"versions":[{"data":{"value":""},"votes":1,"confidence":0.3333333333333333,"instances":[{"created":"2015-11-28T22:26:12Z","user_id":"565a1ebe3466340003480700","duration":1748.647}]}],"region":{"x":736.2969987972828,"y":311.3473182655509,"width":245.26902347964904,"height":105.49807949655633,"label":"Dimension \u0026 Description","shape":"rectangle"},"task_key":"em_record_survey_additional_info","instructions":{"mark":"Dimension \u0026 Description","transcribe":"Enter any additional information you find about the building's construction or significance."}},{"id":"580d6cc06164390003133901","status":"awaiting_transcriptions","name":"Land \u0026 Building Dimensions","created_in_workflow":"transcribe","confidence":0.6666666666666666,"data":{"em_survey_land_dimensions":""},"versions":[{"data":{"em_survey_land_dimensions":""},"votes":2,"confidence":0.6666666666666666,"instances":[{"created":"2015-11-28T19:56:10Z","user_id":"565a044939616100034b0200","duration":189.345},{"created":"2015-11-28T21:38:06Z","user_id":"565a1ebe3466340003480700","duration":4572.355}]}],"region":{"x":736.2969987972828,"y":311.3473182655509,"width":245.26902347964904,"height":105.49807949655633,"label":"Dimension \u0026 Description","shape":"rectangle"},"task_key":"em_record_survey","instructions":{"mark":"Dimension \u0026 Description","transcribe":"Enter, as they appear, any land and building dimensions that were recorded. In the next screen, you'll enter the descriptive information."}},{"id":"580d6cc06164390003143901","status":"awaiting_transcriptions","name":"Valuation Date","created_in_workflow":"transcribe","confidence":0.3333333333333333,"data":{"value":""},"versions":[{"data":{"value":""},"votes":1,"confidence":0.3333333333333333,"instances":[{"created":"2015-11-28T19:31:42Z","user_id":"563bfc7535326200037f3900","duration":2.501}]}],"region":{"x":691.702630891892,"y":617.4402923042089,"width":267.5662074323444,"height":102.52630260932938,"label":"Valuation","shape":"rectangle"},"task_key":"em_record_valuation","instructions":{"mark":"Valuation","transcribe":"Enter the date of the valuation (if one is given). In the next screen, you'll enter the valuation's dollar amounts."}},{"id":"580d6cc06164390003153901","status":"awaiting_transcriptions","name":"Land \u0026 Building Value","created_in_workflow":"transcribe","confidence":0.6666666666666666,"data":{"em_valuation_ground":"$3,500","em_valuation_building":"$6,500"},"versions":[{"data":{"em_valuation_ground":"$3,500","em_valuation_building":"$6,500"},"votes":2,"confidence":0.6666666666666666,"instances":[{"created":"2015-11-28T19:31:54Z","user_id":"563bfc7535326200037f3900","duration":12.017},{"created":"2015-11-28T20:11:08Z","user_id":"565a044939616100034b0200","duration":29.946}]}],"region":{"x":691.702630891892,"y":617.4402923042089,"width":267.5662074323444,"height":102.52630260932938,"label":"Valuation","shape":"rectangle"},"task_key":"em_record_valuation_ground_building","instructions":{"mark":"Valuation","transcribe":"Sometimes valuations include itemized dollar values for \"ground\" and \"building\". Enter these amounts if you can find them. In the next screen, you'll enter the total valuation."}},{"id":"580d6cc06164390003163901","status":"complete","name":"Record Number","created_in_workflow":"transcribe","confidence":1.0,"data":{"value":"3946"},"versions":[{"data":{"value":"3946"},"votes":3,"confidence":1.0,"instances":[{"created":"2015-11-27T22:37:21Z","user_id":"5658afa93732330003680300","duration":7.633},{"created":"2015-11-28T19:31:34Z","user_id":"563bfc7535326200037f3900","duration":5.234},{"created":"2015-11-28T19:52:40Z","user_id":"565a044939616100034b0200","duration":7.924}]}],"region":{"x":321.5693772771489,"y":95.59630945101759,"width":545.5377673759467,"height":65.37909151899265,"label":"Record Number","shape":"rectangle"},"task_key":"em_record_number","instructions":{"mark":"Record Number","transcribe":"Enter the record number"}},{"id":"580d6cc06164390003173901","status":"awaiting_votes","name":"Mortgager","created_in_workflow":"verify","confidence":0.3333333333333333,"data":{"value":"Jno G. Walkinshaw"},"versions":[{"data":{"value":"Jno G. Walkinshaw"},"votes":1,"confidence":0.3333333333333333,"instances":[{"created":"2016-09-08T21:46:50Z","user_id":"57c49a363234370003600200","duration":21.607}]}],"region":{"x":71.84091700696077,"y":664.9887224998399,"width":487.5650890989387,"height":47.548430195631,"label":"Mortgager Name","shape":"rectangle"},"task_key":"em_transcribed_mortgager","instructions":{"mark":"Mortgager Name","transcribe":"Enter the mortgager's name","verify":"Choose the best transcription or enter your own!"}},{"id":"580d6cc06164390003183901","status":"awaiting_votes","name":"Street Address","created_in_workflow":"verify","confidence":0.3333333333333333,"data":{"value":"1737 Sedgwick Ave."},"versions":[{"data":{"value":"1737 Sedgwick Ave."},"votes":1,"confidence":0.3333333333333333,"instances":[{"created":"2016-09-08T21:47:14Z","user_id":"57c49a363234370003600200","duration":14.295}]}],"region":{"x":67.38148021642169,"y":706.5935989210171,"width":499.45692054037625,"height":49.034318639244475,"label":"Street Address","shape":"rectangle"},"task_key":"em_transcribed_address","instructions":{"mark":"Street Address","transcribe":"Enter the street address","verify":"Choose the best transcription or enter your own!"}},{"id":"580d6cc06164390003193901","status":"awaiting_votes","name":"Record Date","created_in_workflow":"verify","confidence":0.3333333333333333,"data":{"value":"Sept 12/92"},"versions":[{"data":{"value":"Sept 12/92"},"votes":1,"confidence":0.3333333333333333,"instances":[{"created":"2016-09-08T21:23:18Z","user_id":"57c49a363234370003600200","duration":4.478}]}],"region":{"x":76.30035379749985,"y":619.8177455559921,"width":368.6467746845634,"height":63.89315772966256,"label":"Record Date","shape":"rectangle"},"task_key":"em_transcribed_date","instructions":{"mark":"Record Date","transcribe":"Enter the record date","verify":"Choose the best transcription or enter your own!"}},{"id":"580d6cc061643900031a3901","status":"awaiting_votes","name":"Amount Loaned","created_in_workflow":"transcribe","confidence":0.6,"data":{"value":"$5,000"},"versions":[{"data":{"value":"$5,000"},"votes":3,"confidence":0.6,"instances":[{"created":"2015-11-28T19:32:36Z","user_id":"563bfc7535326200037f3900","duration":4.042},{"created":"2015-11-28T20:11:58Z","user_id":"565a044939616100034b0200","duration":8.024},{"created":"2015-11-28T22:06:39Z","user_id":"565a1aa73961610003390300","duration":23.862}]},{"data":{"value":"5000"},"votes":1,"confidence":0.2,"instances":[{"created":"2015-11-28T23:42:13Z","user_id":"565a1ebe3466340003480700","duration":1127.34}]},{"data":{"value":"$5000."},"votes":1,"confidence":0.2,"instances":[{"created":"2016-09-08T21:47:53Z","user_id":"57c49a363234370003600200","duration":28.009}]}],"region":{"x":696.1620676824311,"y":706.5935989210171,"width":255.6743759909068,"height":54.977872413698265,"label":"Amount Loaned","shape":"rectangle"},"task_key":"em_record_amount_loaned","instructions":{"mark":"Amount Loaned","transcribe":"Enter the Amount Loaned"}}]}],"export_document":{"name":"Record","export_fields":[{"name":"Mortgager","value":"Jno G. Walkinshaw","original_value":{"value":"Jno G. Walkinshaw"},"assertion_ids":["580d6cc06164390003173901"]},{"name":"Street Address","value":"1737 Sedgwick Ave.","original_value":{"value":"1737 Sedgwick Ave."},"assertion_ids":["580d6cc06164390003183901"]},{"name":"Record Date","value":"1892-09-12T00:00:00Z","original_value":{"value":"Sept 12/92"},"assertion_ids":["580d6cc06164390003193901"]},{"name":"Land \u0026 Building Dimensions","value":{"em_survey_land_dimensions":[]},"original_value":{"em_survey_land_dimensions":""},"assertion_ids":["580d6cc06164390003133901"]},{"name":"Amount Loaned","value":5000.0,"original_value":{"value":"$5,000"},"assertion_ids":["580d6cc061643900031a3901"]},{"name":"Stories \u0026 Materials","value":{"em_record_stories":3,"em_record_material":"frame"},"original_value":{"em_record_stories":"3","em_record_material":"frame"},"assertion_ids":["580d6cc061643900030f3901"]},{"name":"Record Number","value":3946,"original_value":{"value":"3946"},"assertion_ids":["580d6cc06164390003163901"]},{"name":"Additional Info","value":"","original_value":{"value":""},"assertion_ids":["580d6cc06164390003103901"]}]}}