{"id":"56b10a857061755afbbccc00","meta_data":{"capture_uuid":"14627a60-02e7-0133-2a35-58d385a7bbd0","page_uri":"http://digitalcollections.nypl.org/items/14627a60-02e7-0133-2a35-58d385a7bbd0","book_uri":"http://digitalcollections.nypl.org/items/109c0900-02e7-0133-03cf-58d385a7bbd0","source_rotated":"0.839234","source_x":"1216.36","source_y":"0","source_w":"1371.64","source_h":"901.5999999999999"},"type":"final_subject_set","search_terms_by_field":{"Land \u0026 Building Dimensions":["22 x 100.5","22 x 50"],"Stories \u0026 Materials":["4","brick"],"Additional Info":[],"Land \u0026 Building Value":["$22,000","$18,000"],"Valuation Date":[],"Total Value":[],"Record Number":["4064"],"Mortgager":["Nora Ann Rook"],"Street Address":["60 E 56 St"],"Record Date":["July 17/93"],"Amount Loaned":["$13000"]},"subjects":[{"id":"580db09d6164390003416103","type":"root","location":{"standard":"https://s3.amazonaws.com/scribe.nypl.org/emigrant-s4/full/14627a60-02e7-0133-2a35-58d385a7bbd0.right-top.jpg","thumbnail":"https://s3.amazonaws.com/scribe.nypl.org/emigrant-s4/thumb/14627a60-02e7-0133-2a35-58d385a7bbd0.right-top.jpg"},"status":"retired","width":1371,"height":901,"meta_data":{"capture_uuid":"14627a60-02e7-0133-2a35-58d385a7bbd0","page_uri":"http://digitalcollections.nypl.org/items/14627a60-02e7-0133-2a35-58d385a7bbd0","book_uri":"http://digitalcollections.nypl.org/items/109c0900-02e7-0133-03cf-58d385a7bbd0","source_rotated":"0.839234","source_x":"1216.36","source_y":"0","source_w":"1371.64","source_h":"901.5999999999999"},"assertions":[{"id":"580db09d6164390003426103","status":"awaiting_transcriptions","name":"Land \u0026 Building Dimensions","created_in_workflow":"transcribe","confidence":0.6666666666666666,"data":{"em_survey_land_dimensions":"22 x 100.5","em_survey_building_dimensions":"22 x 50"},"versions":[{"data":{"em_survey_land_dimensions":"22 x 100.5","em_survey_building_dimensions":"22 x 50"},"votes":2,"confidence":0.6666666666666666,"instances":[{"created":"2015-11-25T18:44:26Z","user_id":"5655d2873437330003e50000","duration":8.078},{"created":"2015-11-25T21:58:12Z","user_id":"5647496e3562310003960400","duration":11.032}]}],"region":{"x":137.34468779406635,"y":753.6508022442272,"width":529.7607952405897,"height":82.37592796981221,"label":"Dimension \u0026 Description","shape":"rectangle"},"task_key":"em_record_survey","instructions":{"mark":"Dimension \u0026 Description","transcribe":"Enter, as they appear, any land and building dimensions that were recorded. In the next screen, you'll enter the descriptive information."}},{"id":"580db09d6164390003436103","status":"awaiting_transcriptions","name":"Stories \u0026 Materials","created_in_workflow":"transcribe","confidence":0.3333333333333333,"data":{"em_record_stories":"4","em_record_material":"brick"},"versions":[{"data":{"em_record_stories":"4","em_record_material":"brick"},"votes":1,"confidence":0.3333333333333333,"instances":[{"created":"2015-11-25T18:44:31Z","user_id":"5655d2873437330003e50000","duration":4.619}]},{"data":{"em_record_stories":"4","em_record_material":"br."},"votes":1,"confidence":0.3333333333333333,"instances":[{"created":"2015-11-25T21:58:16Z","user_id":"5647496e3562310003960400","duration":3.189}]}],"region":{"x":137.34468779406635,"y":753.6508022442272,"width":529.7607952405897,"height":82.37592796981221,"label":"Dimension \u0026 Description","shape":"rectangle"},"task_key":"em_record_survey_stories_materials","instructions":{"mark":"Dimension \u0026 Description","transcribe":"Enter, as they appear, the number of stories and the building materials."}},{"id":"580db09d6164390003446103","status":"awaiting_transcriptions","name":"Additional Info","created_in_workflow":"transcribe","confidence":0.3333333333333333,"data":{"value":""},"versions":[{"data":{"value":""},"votes":1,"confidence":0.3333333333333333,"instances":[{"created":"2015-11-25T21:58:17Z","user_id":"5647496e3562310003960400","duration":1.2}]}],"region":{"x":137.34468779406635,"y":753.6508022442272,"width":529.7607952405897,"height":82.37592796981221,"label":"Dimension \u0026 Description","shape":"rectangle"},"task_key":"em_record_survey_additional_info","instructions":{"mark":"Dimension \u0026 Description","transcribe":"Enter any additional information you find about the building's construction or significance."}},{"id":"580db09d6164390003456103","status":"awaiting_transcriptions","name":"Land \u0026 Building Value","created_in_workflow":"transcribe","confidence":0.3333333333333333,"data":{"em_valuation_ground":"$22,000","em_valuation_building":"$18,000"},"versions":[{"data":{"em_valuation_ground":"$22,000","em_valuation_building":"$18,000"},"votes":1,"confidence":0.3333333333333333,"instances":[{"created":"2015-11-25T18:44:01Z","user_id":"5655d2873437330003e50000","duration":8.609}]},{"data":{"em_valuation_ground":"$22000","em_valuation_building":"18000"},"votes":1,"confidence":0.3333333333333333,"instances":[{"created":"2015-11-25T21:57:17Z","user_id":"5647496e3562310003960400","duration":8.591}]}],"region":{"x":749.5127178498589,"y":619.7899192932821,"width":306.08401502789627,"height":92.67291896603888,"label":"Valuation","shape":"rectangle"},"task_key":"em_record_valuation_ground_building","instructions":{"mark":"Valuation","transcribe":"Sometimes valuations include itemized dollar values for \"ground\" and \"building\". Enter these amounts if you can find them. In the next screen, you'll enter the total valuation."}},{"id":"580db09d6164390003466103","status":"awaiting_transcriptions","name":"Valuation Date","created_in_workflow":"transcribe","confidence":0.3333333333333333,"data":{"value":""},"versions":[{"data":{"value":""},"votes":1,"confidence":0.3333333333333333,"instances":[{"created":"2015-11-25T21:57:08Z","user_id":"5647496e3562310003960400","duration":2.22}]}],"region":{"x":749.5127178498589,"y":619.7899192932821,"width":306.08401502789627,"height":92.67291896603888,"label":"Valuation","shape":"rectangle"},"task_key":"em_record_valuation","instructions":{"mark":"Valuation","transcribe":"Enter the date of the valuation (if one is given). In the next screen, you'll enter the valuation's dollar amounts."}},{"id":"580db09d6164390003476103","status":"awaiting_transcriptions","name":"Total Value","created_in_workflow":"transcribe","confidence":0.3333333333333333,"data":{"value":""},"versions":[{"data":{"value":""},"votes":1,"confidence":0.3333333333333333,"instances":[{"created":"2015-11-25T21:57:19Z","user_id":"5647496e3562310003960400","duration":2.271}]}],"region":{"x":749.5127178498589,"y":619.7899192932821,"width":306.08401502789627,"height":92.67291896603888,"label":"Valuation","shape":"rectangle"},"task_key":"em_record_valuation_total","instructions":{"mark":"Valuation","transcribe":"Enter the valuation ***total*** (if one is given)"}},{"id":"580db09d6164390003486103","status":"complete","name":"Record Number","created_in_workflow":"transcribe","confidence":1.0,"data":{"value":"4064"},"versions":[{"data":{"value":"4064"},"votes":3,"confidence":1.0,"instances":[{"created":"2015-11-25T18:43:45Z","user_id":"5655d2873437330003e50000","duration":2.332},{"created":"2015-11-25T21:56:48Z","user_id":"5647496e3562310003960400","duration":5.016},{"created":"2015-11-25T22:24:47Z","user_id":"5656341c3262660003a90d00","duration":5.274}]}],"region":{"x":795.1310085511318,"y":84.3463874895021,"width":129.49708328103304,"height":75.02093440107906,"label":"Record Number","shape":"rectangle"},"task_key":"em_record_number","instructions":{"mark":"Record Number","transcribe":"Enter the record number"}},{"id":"580db09d6164390003496103","status":"complete","name":"Mortgager","created_in_workflow":"transcribe","confidence":1.0,"data":{"value":"Nora Ann Rook"},"versions":[{"data":{"value":"Nora Ann Rook"},"votes":3,"confidence":1.0,"instances":[{"created":"2015-11-25T18:44:09Z","user_id":"5655d2873437330003e50000","duration":4.935},{"created":"2015-11-25T21:57:27Z","user_id":"5647496e3562310003960400","duration":7.935},{"created":"2015-11-25T22:25:27Z","user_id":"5656341c3262660003a90d00","duration":10.267}]}],"region":{"x":216.8088070801548,"y":662.448881991935,"width":341.40140137726894,"height":50.01395626738599,"label":"Mortgager Name","shape":"rectangle"},"task_key":"em_record_mortgager","instructions":{"mark":"Mortgager Name","transcribe":"Enter the mortgager's name"}},{"id":"580db09d61643900034a6103","status":"awaiting_votes","name":"Street Address","created_in_workflow":"verify","confidence":0.6666666666666666,"data":{"value":"60 E 56 St"},"versions":[{"data":{"value":"60 E 56 St"},"votes":2,"confidence":0.6666666666666666,"instances":[{"created":"2016-06-02T00:50:20Z","user_id":"563f8b7a3264340003774b00","duration":9.153},{"created":"2016-09-08T03:23:23Z","user_id":"57c49a363234370003600200","duration":6.858}]}],"region":{"x":278.61423319155693,"y":697.7528511218545,"width":236.92080009370812,"height":48.542957553639326,"label":"Street Address","shape":"rectangle"},"task_key":"em_transcribed_address","instructions":{"mark":"Street Address","transcribe":"Enter the street address","verify":"Choose the best transcription or enter your own!"}},{"id":"580db09d61643900034b6103","status":"complete","name":"Record Date","created_in_workflow":"verify","confidence":1.0,"data":{"value":"July 17/93"},"versions":[{"data":{"value":"July 17/93"},"votes":3,"confidence":1.0,"instances":[{"created":"2016-03-28T13:39:59Z","user_id":"563f8b7a3264340003774b00","duration":8.967},{"created":"2016-04-05T18:59:03Z","user_id":"570135123537650003160100","duration":11.086},{"created":"2016-04-09T01:26:40Z","user_id":"564b62033863320003ba0500","duration":11.038}]}],"region":{"x":287.4435797789001,"y":603.608933442069,"width":216.31899138990747,"height":72.07893697358577,"label":"Record Date","shape":"rectangle"},"task_key":"em_transcribed_date","instructions":{"mark":"Record Date","transcribe":"Enter the record date","verify":"Choose the best transcription or enter your own!"}},{"id":"580db09d61643900034c6103","status":"awaiting_votes","name":"Amount Loaned","created_in_workflow":"verify","confidence":0.6666666666666666,"data":{"value":"$13000"},"versions":[{"data":{"value":"$13000"},"votes":2,"confidence":0.6666666666666666,"instances":[{"created":"2016-06-02T00:50:23Z","user_id":"563f8b7a3264340003774b00","duration":3.693},{"created":"2016-09-08T03:23:29Z","user_id":"57c49a363234370003600200","duration":2.943}]}],"region":{"x":906.9693986574786,"y":703.6368459768411,"width":150.0988919848338,"height":52.95595369487933,"label":"Amount Loaned","shape":"rectangle"},"task_key":"em_transcribed_amount_loaned","instructions":{"mark":"Amount Loaned","transcribe":"Enter the Amount Loaned","verify":"Choose the best transcription or enter your own!"}}]}],"export_document":{"name":"Record","export_fields":[{"name":"Mortgager","value":"Nora Ann Rook","original_value":{"value":"Nora Ann Rook"},"assertion_ids":["580db09d6164390003496103"]},{"name":"Street Address","value":"60 E 56 St","original_value":{"value":"60 E 56 St"},"assertion_ids":["580db09d61643900034a6103"]},{"name":"Record Date","value":"1893-07-17T00:00:00Z","original_value":{"value":"July 17/93"},"assertion_ids":["580db09d61643900034b6103"]},{"name":"Land \u0026 Building Dimensions","value":{"em_survey_land_dimensions":[22,100.41666666666667],"em_survey_building_dimensions":[22,50]},"original_value":{"em_survey_land_dimensions":"22 x 100.5","em_survey_building_dimensions":"22 x 50"},"assertion_ids":["580db09d6164390003426103"]},{"name":"Amount Loaned","value":13000.0,"original_value":{"value":"$13000"},"assertion_ids":["580db09d61643900034c6103"]},{"name":"Stories \u0026 Materials","value":{"em_record_stories":4,"em_record_material":"brick"},"original_value":{"em_record_stories":"4","em_record_material":"brick"},"assertion_ids":["580db09d6164390003436103"]},{"name":"Valuation","value":null,"original_value":null,"assertion_ids":null},{"name":"Record Number","value":4064,"original_value":{"value":"4064"},"assertion_ids":["580db09d6164390003486103"]},{"name":"Additional Info","value":"","original_value":{"value":""},"assertion_ids":["580db09d6164390003446103"]}]}}