{"id":"56b10a847061755afba3cc00","meta_data":{"capture_uuid":"14627a60-02e7-0133-2a35-58d385a7bbd0","page_uri":"http://digitalcollections.nypl.org/items/14627a60-02e7-0133-2a35-58d385a7bbd0","book_uri":"http://digitalcollections.nypl.org/items/109c0900-02e7-0133-03cf-58d385a7bbd0","source_rotated":"0.839234","source_x":"0","source_y":"0","source_w":"1371.64","source_h":"883.1999999999999"},"type":"final_subject_set","search_terms_by_field":{"Land \u0026 Building Dimensions":["25.4 x 77","25.4 x 67"],"Stories \u0026 Materials":["4","br."],"Additional Info":[],"Valuation Date":[],"Land \u0026 Building Value":["$12000","12000"],"Total Value":[],"Record Number":["4062"],"Mortgager":["Mary McCormick et. al."],"Street Address":["S.W. cor. 70 St \u0026 1 Ave"],"Record Date":["April 10/93"],"Amount Loaned":["$12000"]},"subjects":[{"id":"580d6d4e61643900038d3e01","type":"root","location":{"standard":"https://s3.amazonaws.com/scribe.nypl.org/emigrant-s4/full/14627a60-02e7-0133-2a35-58d385a7bbd0.left-top.jpg","thumbnail":"https://s3.amazonaws.com/scribe.nypl.org/emigrant-s4/thumb/14627a60-02e7-0133-2a35-58d385a7bbd0.left-top.jpg"},"status":"retired","width":1371,"height":883,"meta_data":{"capture_uuid":"14627a60-02e7-0133-2a35-58d385a7bbd0","page_uri":"http://digitalcollections.nypl.org/items/14627a60-02e7-0133-2a35-58d385a7bbd0","book_uri":"http://digitalcollections.nypl.org/items/109c0900-02e7-0133-03cf-58d385a7bbd0","source_rotated":"0.839234","source_x":"0","source_y":"0","source_w":"1371.64","source_h":"883.1999999999999"},"assertions":[{"id":"580d6d4e61643900038e3e01","status":"awaiting_transcriptions","name":"Land \u0026 Building Dimensions","created_in_workflow":"transcribe","confidence":0.3333333333333333,"data":{"em_survey_land_dimensions":"25.4 x 77","em_survey_building_dimensions":"25.4 x 67"},"versions":[{"data":{"em_survey_land_dimensions":"25.4 x 77","em_survey_building_dimensions":"25.4 x 67"},"votes":1,"confidence":0.3333333333333333,"instances":[{"created":"2016-01-03T18:34:31Z","user_id":"56895b9661356400039f0300","duration":23.765}]}],"region":{"x":294.86834170854274,"y":749.5740159949895,"width":303.1356783919598,"height":96.45253882288466,"label":"Dimension \u0026 Description","shape":"rectangle"},"task_key":"em_record_survey","instructions":{"mark":"Dimension \u0026 Description","transcribe":"Enter, as they appear, any land and building dimensions that were recorded. In the next screen, you'll enter the descriptive information."}},{"id":"580d6d4e61643900038f3e01","status":"awaiting_transcriptions","name":"Stories \u0026 Materials","created_in_workflow":"transcribe","confidence":0.3333333333333333,"data":{"em_record_stories":"4","em_record_material":"br."},"versions":[{"data":{"em_record_stories":"4","em_record_material":"br."},"votes":1,"confidence":0.3333333333333333,"instances":[{"created":"2016-01-03T18:34:42Z","user_id":"56895b9661356400039f0300","duration":10.891}]}],"region":{"x":294.86834170854274,"y":749.5740159949895,"width":303.1356783919598,"height":96.45253882288466,"label":"Dimension \u0026 Description","shape":"rectangle"},"task_key":"em_record_survey_stories_materials","instructions":{"mark":"Dimension \u0026 Description","transcribe":"Enter, as they appear, the number of stories and the building materials."}},{"id":"580d6d4e6164390003903e01","status":"awaiting_transcriptions","name":"Additional Info","created_in_workflow":"transcribe","confidence":0.3333333333333333,"data":{"value":""},"versions":[{"data":{"value":""},"votes":1,"confidence":0.3333333333333333,"instances":[{"created":"2016-01-03T18:34:42Z","user_id":"56895b9661356400039f0300","duration":0.419}]}],"region":{"x":294.86834170854274,"y":749.5740159949895,"width":303.1356783919598,"height":96.45253882288466,"label":"Dimension \u0026 Description","shape":"rectangle"},"task_key":"em_record_survey_additional_info","instructions":{"mark":"Dimension \u0026 Description","transcribe":"Enter any additional information you find about the building's construction or significance."}},{"id":"580d6d4e6164390003913e01","status":"awaiting_transcriptions","name":"Valuation Date","created_in_workflow":"transcribe","confidence":0.3333333333333333,"data":{"value":""},"versions":[{"data":{"value":""},"votes":1,"confidence":0.3333333333333333,"instances":[{"created":"2015-12-18T02:41:18Z","user_id":"5647496e3562310003960400","duration":1.991}]}],"region":{"x":699.7672652799716,"y":622.324981966819,"width":270.39884320893384,"height":89.68001923539316,"label":"Valuation","shape":"rectangle"},"task_key":"em_record_valuation","instructions":{"mark":"Valuation","transcribe":"Enter the date of the valuation (if one is given). In the next screen, you'll enter the valuation's dollar amounts."}},{"id":"580d6d4e6164390003923e01","status":"awaiting_transcriptions","name":"Land \u0026 Building Value","created_in_workflow":"transcribe","confidence":0.3333333333333333,"data":{"em_valuation_ground":"$12000","em_valuation_building":"12000"},"versions":[{"data":{"em_valuation_ground":"$12000","em_valuation_building":"12000"},"votes":1,"confidence":0.3333333333333333,"instances":[{"created":"2015-12-18T02:41:25Z","user_id":"5647496e3562310003960400","duration":6.837}]}],"region":{"x":699.7672652799716,"y":622.324981966819,"width":270.39884320893384,"height":89.68001923539316,"label":"Valuation","shape":"rectangle"},"task_key":"em_record_valuation_ground_building","instructions":{"mark":"Valuation","transcribe":"Sometimes valuations include itemized dollar values for \"ground\" and \"building\". Enter these amounts if you can find them. In the next screen, you'll enter the total valuation."}},{"id":"580d6d4e6164390003933e01","status":"awaiting_transcriptions","name":"Total Value","created_in_workflow":"transcribe","confidence":0.3333333333333333,"data":{"value":""},"versions":[{"data":{"value":""},"votes":1,"confidence":0.3333333333333333,"instances":[{"created":"2015-12-18T02:41:26Z","user_id":"5647496e3562310003960400","duration":0.72}]}],"region":{"x":699.7672652799716,"y":622.324981966819,"width":270.39884320893384,"height":89.68001923539316,"label":"Valuation","shape":"rectangle"},"task_key":"em_record_valuation_total","instructions":{"mark":"Valuation","transcribe":"Enter the valuation ***total*** (if one is given)"}},{"id":"580d6d4e6164390003943e01","status":"complete","name":"Record Number","created_in_workflow":"transcribe","confidence":1.0,"data":{"value":"4062"},"versions":[{"data":{"value":"4062"},"votes":3,"confidence":1.0,"instances":[{"created":"2015-12-18T04:04:01Z","user_id":"567382fd35303800033a0100","duration":3.586},{"created":"2015-12-18T04:10:49Z","user_id":"56722a896235370003070500","duration":4.086},{"created":"2015-12-18T08:32:39Z","user_id":"5673c3ad3530380003ce0300","duration":6.5}]}],"region":{"x":330.1768866225345,"y":99.19153642702574,"width":542.1564745746964,"height":66.58062034142824,"label":"Record Number","shape":"rectangle"},"task_key":"em_record_number","instructions":{"mark":"Record Number","transcribe":"Enter the record number"}},{"id":"580d6d4e6164390003953e01","status":"awaiting_votes","name":"Mortgager","created_in_workflow":"verify","confidence":0.3333333333333333,"data":{"value":"Mary McCormick et. al."},"versions":[{"data":{"value":"Mary McCormick et. al."},"votes":1,"confidence":0.3333333333333333,"instances":[{"created":"2016-09-14T14:30:29Z","user_id":"57c49a363234370003600200","duration":6.606}]}],"region":{"x":77.44228945237529,"y":667.1649915845155,"width":457.91160885130995,"height":48.91637412839623,"label":"Mortgager Name","shape":"rectangle"},"task_key":"em_transcribed_mortgager","instructions":{"mark":"Mortgager Name","transcribe":"Enter the mortgager's name","verify":"Choose the best transcription or enter your own!"}},{"id":"580d6d4e6164390003963e01","status":"awaiting_votes","name":"Street Address","created_in_workflow":"verify","confidence":0.3333333333333333,"data":{"value":"S.W. cor. 70 St \u0026 1 Ave"},"versions":[{"data":{"value":"S.W. cor. 70 St \u0026 1 Ave"},"votes":1,"confidence":0.3333333333333333,"instances":[{"created":"2016-09-14T14:30:37Z","user_id":"57c49a363234370003600200","duration":8.587}]}],"region":{"x":78.8010776092041,"y":705.211060351046,"width":470.1407022627693,"height":57.06910314979564,"label":"Street Address","shape":"rectangle"},"task_key":"em_transcribed_address","instructions":{"mark":"Street Address","transcribe":"Enter the street address","verify":"Choose the best transcription or enter your own!"}},{"id":"580d6d4e6164390003973e01","status":"awaiting_votes","name":"Record Date","created_in_workflow":"verify","confidence":0.3333333333333333,"data":{"value":"April 10/93"},"versions":[{"data":{"value":"April 10/93"},"votes":1,"confidence":0.3333333333333333,"instances":[{"created":"2016-09-14T14:30:22Z","user_id":"57c49a363234370003600200","duration":4.72}]}],"region":{"x":82.87744207969054,"y":620.9661937965858,"width":350.5673444618338,"height":55.71031497956233,"label":"Record Date","shape":"rectangle"},"task_key":"em_transcribed_date","instructions":{"mark":"Record Date","transcribe":"Enter the record date","verify":"Choose the best transcription or enter your own!"}},{"id":"580d6d4e6164390003983e01","status":"awaiting_votes","name":"Amount Loaned","created_in_workflow":"verify","confidence":0.3333333333333333,"data":{"value":"$12000"},"versions":[{"data":{"value":"$12000"},"votes":1,"confidence":0.3333333333333333,"instances":[{"created":"2016-09-14T14:23:44Z","user_id":"57c49a363234370003600200","duration":5.347}]}],"region":{"x":692.9733244958276,"y":714.7225775426786,"width":278.55157214990663,"height":42.12243327723013,"label":"Amount Loaned","shape":"rectangle"},"task_key":"em_transcribed_amount_loaned","instructions":{"mark":"Amount Loaned","transcribe":"Enter the Amount Loaned","verify":"Choose the best transcription or enter your own!"}}]}],"export_document":{"name":"Record","export_fields":[{"name":"Mortgager","value":"Mary McCormick et. al.","original_value":{"value":"Mary McCormick et. al."},"assertion_ids":["580d6d4e6164390003953e01"]},{"name":"Street Address","value":"S.W. cor. 70 St \u0026 1 Ave","original_value":{"value":"S.W. cor. 70 St \u0026 1 Ave"},"assertion_ids":["580d6d4e6164390003963e01"]},{"name":"Record Date","value":"1893-04-10T00:00:00Z","original_value":{"value":"April 10/93"},"assertion_ids":["580d6d4e6164390003973e01"]},{"name":"Land \u0026 Building Dimensions","value":{"em_survey_land_dimensions":[25.333333333333332,77],"em_survey_building_dimensions":[25.333333333333332,67]},"original_value":{"em_survey_land_dimensions":"25.4 x 77","em_survey_building_dimensions":"25.4 x 67"},"assertion_ids":["580d6d4e61643900038e3e01"]},{"name":"Amount Loaned","value":12000.0,"original_value":{"value":"$12000"},"assertion_ids":["580d6d4e6164390003983e01"]},{"name":"Stories \u0026 Materials","value":{"em_record_stories":4,"em_record_material":"br."},"original_value":{"em_record_stories":"4","em_record_material":"br."},"assertion_ids":["580d6d4e61643900038f3e01"]},{"name":"Valuation","value":null,"original_value":null,"assertion_ids":null},{"name":"Record Number","value":4062,"original_value":{"value":"4062"},"assertion_ids":["580d6d4e6164390003943e01"]},{"name":"Additional Info","value":"","original_value":{"value":""},"assertion_ids":["580d6d4e6164390003903e01"]}]}}