{"id":"56b10a147061755afb19c400","meta_data":{"capture_uuid":"129f62d0-02e7-0133-b4c7-58d385a7bbd0","page_uri":"http://digitalcollections.nypl.org/items/129f62d0-02e7-0133-b4c7-58d385a7bbd0","book_uri":"http://digitalcollections.nypl.org/items/109c0900-02e7-0133-03cf-58d385a7bbd0","source_rotated":"0.559511","source_x":"0","source_y":"860.57","source_w":"1367.4","source_h":"970.43"},"type":"final_subject_set","search_terms_by_field":{"Land \u0026 Building Value":["5000.","9000."],"Record Number":["3903"],"Mortgager":["Michael Hogan"],"Street Address":["102 E. 52 Ave."],"Land \u0026 Building Dimensions":["19.2 x 79.4","19.2 x 65"],"Stories \u0026 Materials":["4","br."],"Record Date":["May 16/92"],"Amount Loaned":["$7000"]},"subjects":[{"id":"580db58161643900032d8f03","type":"root","location":{"standard":"https://s3.amazonaws.com/scribe.nypl.org/emigrant-s4/full/129f62d0-02e7-0133-b4c7-58d385a7bbd0.left-bottom.jpg","thumbnail":"https://s3.amazonaws.com/scribe.nypl.org/emigrant-s4/thumb/129f62d0-02e7-0133-b4c7-58d385a7bbd0.left-bottom.jpg"},"status":"retired","width":1367,"height":970,"meta_data":{"capture_uuid":"129f62d0-02e7-0133-b4c7-58d385a7bbd0","page_uri":"http://digitalcollections.nypl.org/items/129f62d0-02e7-0133-b4c7-58d385a7bbd0","book_uri":"http://digitalcollections.nypl.org/items/109c0900-02e7-0133-03cf-58d385a7bbd0","source_rotated":"0.559511","source_x":"0","source_y":"860.57","source_w":"1367.4","source_h":"970.43"},"assertions":[{"id":"580db58161643900032e8f03","status":"awaiting_votes","name":"Land \u0026 Building Value","created_in_workflow":"verify","confidence":0.3333333333333333,"data":{"em_valuation_ground":"5000.","em_valuation_building":"9000."},"versions":[{"data":{"em_valuation_ground":"5000.","em_valuation_building":"9000."},"votes":1,"confidence":0.3333333333333333,"instances":[{"created":"2016-09-19T20:24:54Z","user_id":"57c49a363234370003600200","duration":7.161}]}],"region":{"x":668.2772132957778,"y":605.8664574188961,"width":281.6213391680809,"height":74.59159902895954,"label":"Valuation","shape":"rectangle"},"task_key":"em_transcribed_valuation_itemized","instructions":{"mark":"Valuation","transcribe":"Sometimes valuations include itemized dollar values for \"ground\" and \"building\". Enter these amounts if you can find them. In the next screen, you'll enter the total valuation.","verify":"Choose the best transcription or enter your own!"}},{"id":"580db58161643900032f8f03","status":"complete","name":"Record Number","created_in_workflow":"transcribe","confidence":1.0,"data":{"value":"3903"},"versions":[{"data":{"value":"3903"},"votes":3,"confidence":1.0,"instances":[{"created":"2015-11-14T06:49:55Z","user_id":"5646b1e43861340003da0900","duration":7.268},{"created":"2015-11-14T21:10:08Z","user_id":"564618af6363350003da0c00","duration":4.124},{"created":"2015-11-14T22:25:26Z","user_id":"563d87476532620003ea4300","duration":4.816}]}],"region":{"x":295.3192235866977,"y":71.54704396655305,"width":569.3317883722284,"height":53.27971359211398,"label":"Record Number","shape":"rectangle"},"task_key":"em_record_number","instructions":{"mark":"Record Number","transcribe":"Enter the record number"}},{"id":"580db5816164390003308f03","status":"complete","name":"Mortgager","created_in_workflow":"transcribe","confidence":1.0,"data":{"value":"Michael Hogan"},"versions":[{"data":{"value":"Michael Hogan"},"votes":3,"confidence":1.0,"instances":[{"created":"2015-11-14T06:50:45Z","user_id":"5646b1e43861340003da0900","duration":5.639},{"created":"2015-11-14T21:10:52Z","user_id":"564618af6363350003da0c00","duration":12.285},{"created":"2015-11-14T22:26:34Z","user_id":"563d87476532620003ea4300","duration":6.251}]}],"region":{"x":57.8439321800998,"y":645.4456732301807,"width":389.70304230826326,"height":41.10149334248797,"label":"Mortgager Name","shape":"rectangle"},"task_key":"em_record_mortgager","instructions":{"mark":"Mortgager Name","transcribe":"Enter the mortgager's name"}},{"id":"580db5816164390003318f03","status":"awaiting_votes","name":"Street Address","created_in_workflow":"verify","confidence":0.3333333333333333,"data":{"value":"102 E. 52 Ave."},"versions":[{"data":{"value":"102 E. 52 Ave."},"votes":1,"confidence":0.3333333333333333,"instances":[{"created":"2016-04-25T23:23:25Z","user_id":"571ea1136663350003330400","duration":14.315}]},{"data":{"value":"102 E 52 Dr"},"votes":1,"confidence":0.3333333333333333,"instances":[{"created":"2016-04-26T01:59:01Z","user_id":"571edc6266633800033b0000","duration":15.023}]}],"region":{"x":57.8439321800998,"y":681.9803339790589,"width":368.3911571820301,"height":44.14604840489437,"label":"Street Address","shape":"rectangle"},"task_key":"em_transcribed_address","instructions":{"mark":"Street Address","transcribe":"Enter the street address","verify":"Choose the best transcription or enter your own!"}},{"id":"580db5816164390003328f03","status":"awaiting_votes","name":"Land \u0026 Building Dimensions","created_in_workflow":"verify","confidence":0.3333333333333333,"data":{"em_survey_land_dimensions":"19.2 x 79.4","em_survey_building_dimensions":"19.2 x 65"},"versions":[{"data":{"em_survey_land_dimensions":"19.2 x 79.4","em_survey_building_dimensions":"19.2 x 65"},"votes":1,"confidence":0.3333333333333333,"instances":[{"created":"2016-09-19T20:29:04Z","user_id":"57c49a363234370003600200","duration":7.668}]}],"region":{"x":60.888487198133106,"y":729.1709374463597,"width":514.5297980476288,"height":88.29209680978897,"label":"Dimension \u0026 Description","shape":"rectangle"},"task_key":"em_transcribed_survey","instructions":{"mark":"Dimension \u0026 Description","transcribe":"Enter, as they appear, any land and building dimensions that were recorded. In the next screen, you'll enter the descriptive information.","verify":"Choose the best transcription or enter your own!"}},{"id":"580db5816164390003338f03","status":"awaiting_votes","name":"Stories \u0026 Materials","created_in_workflow":"verify","confidence":0.3333333333333333,"data":{"em_record_stories":"4","em_record_material":"br."},"versions":[{"data":{"em_record_stories":"4","em_record_material":"br."},"votes":1,"confidence":0.3333333333333333,"instances":[{"created":"2016-10-03T00:50:24Z","user_id":"57c49a363234370003600200","duration":6.573}]}],"region":{"x":60.888487198133106,"y":729.1709374463597,"width":514.5297980476288,"height":88.29209680978897,"label":"Dimension \u0026 Description","shape":"rectangle"},"task_key":"em_transcribed_stories_materials","instructions":{"mark":"Dimension \u0026 Description","transcribe":"Enter, as they appear, the number of stories and the building materials.","verify":"Choose the best transcription or enter your own!"}},{"id":"580db5816164390003348f03","status":"awaiting_votes","name":"Record Date","created_in_workflow":"verify","confidence":0.3333333333333333,"data":{"value":"May 16/92"},"versions":[{"data":{"value":"May 16/92"},"votes":1,"confidence":0.3333333333333333,"instances":[{"created":"2016-09-12T14:36:03Z","user_id":"57c49a363234370003600200","duration":6.458}]}],"region":{"x":12.205357142857144,"y":596.0155108780749,"width":408.8794642857143,"height":48.82038314359659,"label":"Record Date","shape":"rectangle"},"task_key":"em_transcribed_date","instructions":{"mark":"Record Date","transcribe":"Enter the record date","verify":"Choose the best transcription or enter your own!"}},{"id":"580db5816164390003358f03","status":"complete","name":"Amount Loaned","created_in_workflow":"verify","confidence":1.0,"data":{"value":"$7000"},"versions":[{"data":{"value":"$7000"},"votes":2,"confidence":0.6666666666666666,"instances":[{"created":"2016-04-23T12:44:04Z","user_id":"563f8b7a3264340003774b00","duration":3.849},{"created":"2016-04-27T21:16:34Z","user_id":"57212bdb3431360003630000","duration":0.895}]},{"data":{"value":"$7000."},"votes":1,"confidence":0.3333333333333333,"instances":[{"created":"2016-04-28T12:42:21Z","user_id":"572204ca6636390003380000","duration":10.416}]}],"region":{"x":675.888600840861,"y":683.5026115102621,"width":274.0099516229976,"height":47.19060346730089,"label":"Amount Loaned","shape":"rectangle"},"task_key":"em_transcribed_amount_loaned","instructions":{"mark":"Amount Loaned","transcribe":"Enter the Amount Loaned","verify":"Choose the best transcription or enter your own!"}}]}],"export_document":{"name":"Record","export_fields":[{"name":"Mortgager","value":"Michael Hogan","original_value":{"value":"Michael Hogan"},"assertion_ids":["580db5816164390003308f03"]},{"name":"Street Address","value":"102 E. 52 Ave.","original_value":{"value":"102 E. 52 Ave."},"assertion_ids":["580db5816164390003318f03"]},{"name":"Record Date","value":"1892-05-16T00:00:00Z","original_value":{"value":"May 16/92"},"assertion_ids":["580db5816164390003348f03"]},{"name":"Land \u0026 Building Dimensions","value":{"em_survey_land_dimensions":[19.166666666666668,79.33333333333333],"em_survey_building_dimensions":[19.166666666666668,65]},"original_value":{"em_survey_land_dimensions":"19.2 x 79.4","em_survey_building_dimensions":"19.2 x 65"},"assertion_ids":["580db5816164390003328f03"]},{"name":"Amount Loaned","value":7000.0,"original_value":{"value":"$7000"},"assertion_ids":["580db5816164390003358f03"]},{"name":"Stories \u0026 Materials","value":{"em_record_stories":4,"em_record_material":"br."},"original_value":{"em_record_stories":"4","em_record_material":"br."},"assertion_ids":["580db5816164390003338f03"]},{"name":"Record Number","value":3903,"original_value":{"value":"3903"},"assertion_ids":["580db58161643900032f8f03"]}]}}