{"id":"56b10a6f7061755afb09cb00","meta_data":{"capture_uuid":"13d5c4d0-02e7-0133-810d-58d385a7bbd0","page_uri":"http://digitalcollections.nypl.org/items/13d5c4d0-02e7-0133-810d-58d385a7bbd0","book_uri":"http://digitalcollections.nypl.org/items/109c0900-02e7-0133-03cf-58d385a7bbd0","source_rotated":"0.895174","source_x":"0","source_y":"869.97","source_w":"1372.7","source_h":"981.03"},"type":"final_subject_set","search_terms_by_field":{"Land \u0026 Building Dimensions":["20 x 100.5","20 x 48"],"Stories \u0026 Materials":["4","br."],"Additional Info":[],"Record Date":["May 22, 1893","May 22/93"],"Valuation Date":[],"Land \u0026 Building Value":["$25000","$15000"],"Total Value":[],"Record Number":["4031"],"Mortgager":["Chas. Jones"],"Street Address":["53 W. 51 St"],"Amount Loaned":["$20000"]},"subjects":[{"id":"580d6d2c6164390003d23c01","type":"root","location":{"standard":"https://s3.amazonaws.com/scribe.nypl.org/emigrant-s4/full/13d5c4d0-02e7-0133-810d-58d385a7bbd0.left-bottom.jpg","thumbnail":"https://s3.amazonaws.com/scribe.nypl.org/emigrant-s4/thumb/13d5c4d0-02e7-0133-810d-58d385a7bbd0.left-bottom.jpg"},"status":"retired","width":1372,"height":981,"meta_data":{"capture_uuid":"13d5c4d0-02e7-0133-810d-58d385a7bbd0","page_uri":"http://digitalcollections.nypl.org/items/13d5c4d0-02e7-0133-810d-58d385a7bbd0","book_uri":"http://digitalcollections.nypl.org/items/109c0900-02e7-0133-03cf-58d385a7bbd0","source_rotated":"0.895174","source_x":"0","source_y":"869.97","source_w":"1372.7","source_h":"981.03"},"assertions":[{"id":"580d6d2c6164390003d33c01","status":"awaiting_transcriptions","name":"Land \u0026 Building Dimensions","created_in_workflow":"transcribe","confidence":0.3333333333333333,"data":{"em_survey_land_dimensions":"20 x 100.5","em_survey_building_dimensions":"20 x 48"},"versions":[{"data":{"em_survey_land_dimensions":"20 x 100.5","em_survey_building_dimensions":"20 x 48"},"votes":1,"confidence":0.3333333333333333,"instances":[{"created":"2015-12-17T02:31:36Z","user_id":"5647496e3562310003960400","duration":13.828}]}],"region":{"x":206.23840524133882,"y":709.1566232619322,"width":320.93783917235083,"height":77.20212072835974,"label":"Dimension \u0026 Description","shape":"rectangle"},"task_key":"em_record_survey","instructions":{"mark":"Dimension \u0026 Description","transcribe":"Enter, as they appear, any land and building dimensions that were recorded. In the next screen, you'll enter the descriptive information."}},{"id":"580d6d2c6164390003d43c01","status":"awaiting_transcriptions","name":"Stories \u0026 Materials","created_in_workflow":"transcribe","confidence":0.3333333333333333,"data":{"em_record_stories":"4","em_record_material":"br."},"versions":[{"data":{"em_record_stories":"4","em_record_material":"br."},"votes":1,"confidence":0.3333333333333333,"instances":[{"created":"2015-12-17T02:31:40Z","user_id":"5647496e3562310003960400","duration":3.944}]}],"region":{"x":206.23840524133882,"y":709.1566232619322,"width":320.93783917235083,"height":77.20212072835974,"label":"Dimension \u0026 Description","shape":"rectangle"},"task_key":"em_record_survey_stories_materials","instructions":{"mark":"Dimension \u0026 Description","transcribe":"Enter, as they appear, the number of stories and the building materials."}},{"id":"580d6d2c6164390003d53c01","status":"awaiting_transcriptions","name":"Additional Info","created_in_workflow":"transcribe","confidence":0.3333333333333333,"data":{"value":""},"versions":[{"data":{"value":""},"votes":1,"confidence":0.3333333333333333,"instances":[{"created":"2015-12-17T02:31:43Z","user_id":"5647496e3562310003960400","duration":2.375}]}],"region":{"x":206.23840524133882,"y":709.1566232619322,"width":320.93783917235083,"height":77.20212072835974,"label":"Dimension \u0026 Description","shape":"rectangle"},"task_key":"em_record_survey_additional_info","instructions":{"mark":"Dimension \u0026 Description","transcribe":"Enter any additional information you find about the building's construction or significance."}},{"id":"580d6d2c6164390003d63c01","status":"awaiting_transcriptions","name":"Record Date","created_in_workflow":"transcribe","confidence":0.3333333333333333,"data":{"value":"May 22, 1893"},"versions":[{"data":{"value":"May 22, 1893"},"votes":1,"confidence":0.3333333333333333,"instances":[{"created":"2015-12-20T03:40:21Z","user_id":"56761fd66633380003080000","duration":7.881}]}],"region":{"x":645.8823993761232,"y":724.7907987220448,"width":343.67384980887255,"height":72.21162939297119,"label":"Record Date","shape":"rectangle"},"task_key":"em_record_date","instructions":{"mark":"Record Date","transcribe":"Enter the record date"}},{"id":"580d6d2c6164390003d73c01","status":"awaiting_transcriptions","name":"Valuation Date","created_in_workflow":"transcribe","confidence":0.3333333333333333,"data":{"value":""},"versions":[{"data":{"value":""},"votes":1,"confidence":0.3333333333333333,"instances":[{"created":"2015-12-17T12:12:56Z","user_id":"5672a4f06434380003a50500","duration":2.222}]}],"region":{"x":774.2211790343308,"y":586.7361175355334,"width":173.15203006893148,"height":81.61367048426587,"label":"Valuation","shape":"rectangle"},"task_key":"em_record_valuation","instructions":{"mark":"Valuation","transcribe":"Enter the date of the valuation (if one is given). In the next screen, you'll enter the valuation's dollar amounts."}},{"id":"580d6d2c6164390003d83c01","status":"awaiting_transcriptions","name":"Land \u0026 Building Value","created_in_workflow":"transcribe","confidence":0.3333333333333333,"data":{"em_valuation_ground":"$25000","em_valuation_building":"$15000"},"versions":[{"data":{"em_valuation_ground":"$25000","em_valuation_building":"$15000"},"votes":1,"confidence":0.3333333333333333,"instances":[{"created":"2015-12-17T12:13:02Z","user_id":"5672a4f06434380003a50500","duration":6.222}]}],"region":{"x":774.2211790343308,"y":586.7361175355334,"width":173.15203006893148,"height":81.61367048426587,"label":"Valuation","shape":"rectangle"},"task_key":"em_record_valuation_ground_building","instructions":{"mark":"Valuation","transcribe":"Sometimes valuations include itemized dollar values for \"ground\" and \"building\". Enter these amounts if you can find them. In the next screen, you'll enter the total valuation."}},{"id":"580d6d2c6164390003d93c01","status":"awaiting_transcriptions","name":"Total Value","created_in_workflow":"transcribe","confidence":0.3333333333333333,"data":{"value":""},"versions":[{"data":{"value":""},"votes":1,"confidence":0.3333333333333333,"instances":[{"created":"2015-12-17T12:13:04Z","user_id":"5672a4f06434380003a50500","duration":1.878}]}],"region":{"x":774.2211790343308,"y":586.7361175355334,"width":173.15203006893148,"height":81.61367048426587,"label":"Valuation","shape":"rectangle"},"task_key":"em_record_valuation_total","instructions":{"mark":"Valuation","transcribe":"Enter the valuation ***total*** (if one is given)"}},{"id":"580d6d2c6164390003da3c01","status":"complete","name":"Record Number","created_in_workflow":"transcribe","confidence":1.0,"data":{"value":"4031"},"versions":[{"data":{"value":"4031"},"votes":3,"confidence":1.0,"instances":[{"created":"2015-12-17T03:52:25Z","user_id":"56722e0e6434380003c90300","duration":2.298},{"created":"2015-12-17T16:13:02Z","user_id":"5672dd736235370003d30700","duration":1.67},{"created":"2015-12-17T16:49:48Z","user_id":"5672e51c6235370003fd0700","duration":6.366}]}],"region":{"x":734.517528827442,"y":66.17324633859398,"width":105.87640055170334,"height":49.62993475394549,"label":"Record Number","shape":"rectangle"},"task_key":"em_record_number","instructions":{"mark":"Record Number","transcribe":"Enter the record number"}},{"id":"580d6d2c6164390003db3c01","status":"awaiting_votes","name":"Mortgager","created_in_workflow":"verify","confidence":0.3333333333333333,"data":{"value":"Chas. Jones"},"versions":[{"data":{"value":"Chas. Jones"},"votes":1,"confidence":0.3333333333333333,"instances":[{"created":"2016-09-14T02:44:27Z","user_id":"57c49a363234370003600200","duration":17.992}]}],"region":{"x":179.769305103413,"y":619.8227407048304,"width":161.0203591723822,"height":50.73282219292199,"label":"Mortgager Name","shape":"rectangle"},"task_key":"em_transcribed_mortgager","instructions":{"mark":"Mortgager Name","transcribe":"Enter the mortgager's name","verify":"Choose the best transcription or enter your own!"}},{"id":"580d6d2c6164390003dc3c01","status":"awaiting_votes","name":"Street Address","created_in_workflow":"verify","confidence":0.3333333333333333,"data":{"value":"53 W. 51 St"},"versions":[{"data":{"value":"53 W. 51 St"},"votes":1,"confidence":0.3333333333333333,"instances":[{"created":"2016-09-14T02:48:36Z","user_id":"57c49a363234370003600200","duration":6.253}]}],"region":{"x":220.57583448271532,"y":667.2469005808227,"width":178.66642593099942,"height":38.60106036417983,"label":"Street Address","shape":"rectangle"},"task_key":"em_transcribed_address","instructions":{"mark":"Street Address","transcribe":"Enter the street address","verify":"Choose the best transcription or enter your own!"}},{"id":"580d6d2c6164390003dd3c01","status":"awaiting_votes","name":"Record Date","created_in_workflow":"verify","confidence":0.3333333333333333,"data":{"value":"May 22/93"},"versions":[{"data":{"value":"May 22/93"},"votes":1,"confidence":0.3333333333333333,"instances":[{"created":"2016-09-14T02:42:11Z","user_id":"57c49a363234370003600200","duration":5.721}]}],"region":{"x":230.5017470344375,"y":581.2216803406506,"width":174.25490924134513,"height":47.42415987599236,"label":"Record Date","shape":"rectangle"},"task_key":"em_transcribed_date","instructions":{"mark":"Record Date","transcribe":"Enter the record date","verify":"Choose the best transcription or enter your own!"}},{"id":"580d6d2c6164390003de3c01","status":"awaiting_votes","name":"Amount Loaned","created_in_workflow":"verify","confidence":0.3333333333333333,"data":{"value":"$20000"},"versions":[{"data":{"value":"$20000"},"votes":1,"confidence":0.3333333333333333,"instances":[{"created":"2016-09-14T02:48:39Z","user_id":"57c49a363234370003600200","duration":3.768}]}],"region":{"x":841.496808551559,"y":668.3497880197992,"width":115.80231310342549,"height":43.01261012008615,"label":"Amount Loaned","shape":"rectangle"},"task_key":"em_transcribed_amount_loaned","instructions":{"mark":"Amount Loaned","transcribe":"Enter the Amount Loaned","verify":"Choose the best transcription or enter your own!"}}]}],"export_document":{"name":"Record","export_fields":[{"name":"Mortgager","value":"Chas. Jones","original_value":{"value":"Chas. Jones"},"assertion_ids":["580d6d2c6164390003db3c01"]},{"name":"Street Address","value":"53 W. 51 St","original_value":{"value":"53 W. 51 St"},"assertion_ids":["580d6d2c6164390003dc3c01"]},{"name":"Record Date","value":"1893-05-22T00:00:00Z","original_value":{"value":"May 22, 1893"},"assertion_ids":["580d6d2c6164390003d63c01"]},{"name":"Land \u0026 Building Dimensions","value":{"em_survey_land_dimensions":[20,100.41666666666667],"em_survey_building_dimensions":[20,48]},"original_value":{"em_survey_land_dimensions":"20 x 100.5","em_survey_building_dimensions":"20 x 48"},"assertion_ids":["580d6d2c6164390003d33c01"]},{"name":"Amount Loaned","value":20000.0,"original_value":{"value":"$20000"},"assertion_ids":["580d6d2c6164390003de3c01"]},{"name":"Stories \u0026 Materials","value":{"em_record_stories":4,"em_record_material":"br."},"original_value":{"em_record_stories":"4","em_record_material":"br."},"assertion_ids":["580d6d2c6164390003d43c01"]},{"name":"Valuation","value":null,"original_value":null,"assertion_ids":null},{"name":"Record Number","value":4031,"original_value":{"value":"4031"},"assertion_ids":["580d6d2c6164390003da3c01"]},{"name":"Additional Info","value":"","original_value":{"value":""},"assertion_ids":["580d6d2c6164390003d53c01"]}]}}