{"id":"56b10a4b7061755afb3dc800","meta_data":{"capture_uuid":"134ded30-02e7-0133-898f-58d385a7bbd0","page_uri":"http://digitalcollections.nypl.org/items/134ded30-02e7-0133-898f-58d385a7bbd0","book_uri":"http://digitalcollections.nypl.org/items/109c0900-02e7-0133-03cf-58d385a7bbd0","source_rotated":"0.559511","source_x":"1211.63","source_y":"860.57","source_w":"1366.37","source_h":"970.43"},"type":"final_subject_set","search_terms_by_field":{"Mortgager":["Jno. Nees"],"Land \u0026 Building Dimensions":["19 x 100","19 x 65"],"Stories \u0026 Materials":["5","br"],"Additional Info":[],"Land \u0026 Building Value":["$8000","$10000"],"Total Value":["$18000"],"Valuation Date":[],"Record Number":["3977"],"Street Address":["820 - 10 Ave"],"Record Date":["Dec 5/92"],"Amount Loaned":["$3000."]},"subjects":[{"id":"580d6ce861643900032d3a01","type":"root","location":{"standard":"https://s3.amazonaws.com/scribe.nypl.org/emigrant-s4/full/134ded30-02e7-0133-898f-58d385a7bbd0.right-bottom.jpg","thumbnail":"https://s3.amazonaws.com/scribe.nypl.org/emigrant-s4/thumb/134ded30-02e7-0133-898f-58d385a7bbd0.right-bottom.jpg"},"status":"retired","width":1366,"height":970,"meta_data":{"capture_uuid":"134ded30-02e7-0133-898f-58d385a7bbd0","page_uri":"http://digitalcollections.nypl.org/items/134ded30-02e7-0133-898f-58d385a7bbd0","book_uri":"http://digitalcollections.nypl.org/items/109c0900-02e7-0133-03cf-58d385a7bbd0","source_rotated":"0.559511","source_x":"1211.63","source_y":"860.57","source_w":"1366.37","source_h":"970.43"},"assertions":[{"id":"580d6ce861643900032e3a01","status":"awaiting_transcriptions","name":"Mortgager","created_in_workflow":"transcribe","confidence":0.6666666666666666,"data":{"value":"Jno. Nees"},"versions":[{"data":{"value":"Jno. Nees"},"votes":2,"confidence":0.6666666666666666,"instances":[{"created":"2015-12-12T20:49:22Z","user_id":"5647496e3562310003960400","duration":7.895},{"created":"2015-12-13T04:40:55Z","user_id":"563f8b7a3264340003774b00","duration":17.968}]}],"region":{"x":226.05081800080873,"y":622.7526991413755,"width":215.5005925129876,"height":53.655246677434874,"label":"Mortgager Name","shape":"rectangle"},"task_key":"em_record_mortgager","instructions":{"mark":"Mortgager Name","transcribe":"Enter the mortgager's name"}},{"id":"580d6ce861643900032f3a01","status":"awaiting_transcriptions","name":"Land \u0026 Building Dimensions","created_in_workflow":"transcribe","confidence":0.3333333333333333,"data":{"em_survey_land_dimensions":"19 x 100","em_survey_building_dimensions":"19 x 65"},"versions":[{"data":{"em_survey_land_dimensions":"19 x 100","em_survey_building_dimensions":"19 x 65"},"votes":1,"confidence":0.3333333333333333,"instances":[{"created":"2015-12-27T21:23:46Z","user_id":"56802f0f3564660003d20900","duration":15.802}]},{"data":{"em_survey_land_dimensions":"19.3 x 100","em_survey_building_dimensions":"19.3 x 65"},"votes":1,"confidence":0.3333333333333333,"instances":[{"created":"2015-12-27T23:31:21Z","user_id":"568068473564660003240e00","duration":24.896}]}],"region":{"x":142.07358805200508,"y":710.382148902186,"width":578.6654277074294,"height":103.59739671490217,"label":"Dimension \u0026 Description","shape":"rectangle"},"task_key":"em_record_survey","instructions":{"mark":"Dimension \u0026 Description","transcribe":"Enter, as they appear, any land and building dimensions that were recorded. In the next screen, you'll enter the descriptive information."}},{"id":"580d6ce86164390003303a01","status":"awaiting_transcriptions","name":"Stories \u0026 Materials","created_in_workflow":"transcribe","confidence":0.3333333333333333,"data":{"em_record_stories":"5","em_record_material":"br"},"versions":[{"data":{"em_record_stories":"5","em_record_material":"br"},"votes":1,"confidence":0.3333333333333333,"instances":[{"created":"2015-12-27T21:23:57Z","user_id":"56802f0f3564660003d20900","duration":11.288}]},{"data":{"em_record_stories":"5","em_record_material":"br."},"votes":1,"confidence":0.3333333333333333,"instances":[{"created":"2015-12-27T23:31:38Z","user_id":"568068473564660003240e00","duration":17.363}]}],"region":{"x":142.07358805200508,"y":710.382148902186,"width":578.6654277074294,"height":103.59739671490217,"label":"Dimension \u0026 Description","shape":"rectangle"},"task_key":"em_record_survey_stories_materials","instructions":{"mark":"Dimension \u0026 Description","transcribe":"Enter, as they appear, the number of stories and the building materials."}},{"id":"580d6ce86164390003313a01","status":"awaiting_transcriptions","name":"Additional Info","created_in_workflow":"transcribe","confidence":0.3333333333333333,"data":{"value":""},"versions":[{"data":{"value":""},"votes":1,"confidence":0.3333333333333333,"instances":[{"created":"2015-12-27T23:31:39Z","user_id":"568068473564660003240e00","duration":0.639}]}],"region":{"x":142.07358805200508,"y":710.382148902186,"width":578.6654277074294,"height":103.59739671490217,"label":"Dimension \u0026 Description","shape":"rectangle"},"task_key":"em_record_survey_additional_info","instructions":{"mark":"Dimension \u0026 Description","transcribe":"Enter any additional information you find about the building's construction or significance."}},{"id":"580d6ce86164390003323a01","status":"awaiting_transcriptions","name":"Land \u0026 Building Value","created_in_workflow":"transcribe","confidence":0.3333333333333333,"data":{"em_valuation_ground":"$8000","em_valuation_building":"$10000"},"versions":[{"data":{"em_valuation_ground":"$8000","em_valuation_building":"$10000"},"votes":1,"confidence":0.3333333333333333,"instances":[{"created":"2015-12-27T21:22:12Z","user_id":"56802f0f3564660003d20900","duration":17.695}]},{"data":{"em_valuation_ground":"$8000.","em_valuation_building":"10000."},"votes":1,"confidence":0.3333333333333333,"instances":[{"created":"2015-12-27T23:30:03Z","user_id":"568068473564660003240e00","duration":16.847}]}],"region":{"x":762.1779722193016,"y":583.1053472238777,"width":290.0726952190694,"height":90.27773142298611,"label":"Valuation","shape":"rectangle"},"task_key":"em_record_valuation_ground_building","instructions":{"mark":"Valuation","transcribe":"Sometimes valuations include itemized dollar values for \"ground\" and \"building\". Enter these amounts if you can find them. In the next screen, you'll enter the total valuation."}},{"id":"580d6ce86164390003333a01","status":"awaiting_transcriptions","name":"Total Value","created_in_workflow":"transcribe","confidence":0.3333333333333333,"data":{"value":"$18000"},"versions":[{"data":{"value":"$18000"},"votes":1,"confidence":0.3333333333333333,"instances":[{"created":"2015-12-27T21:22:25Z","user_id":"56802f0f3564660003d20900","duration":12.542}]},{"data":{"value":""},"votes":1,"confidence":0.3333333333333333,"instances":[{"created":"2015-12-27T23:30:05Z","user_id":"568068473564660003240e00","duration":1.223}]}],"region":{"x":762.1779722193016,"y":583.1053472238777,"width":290.0726952190694,"height":90.27773142298611,"label":"Valuation","shape":"rectangle"},"task_key":"em_record_valuation_total","instructions":{"mark":"Valuation","transcribe":"Enter the valuation ***total*** (if one is given)"}},{"id":"580d6ce86164390003343a01","status":"awaiting_transcriptions","name":"Valuation Date","created_in_workflow":"transcribe","confidence":0.3333333333333333,"data":{"value":""},"versions":[{"data":{"value":""},"votes":1,"confidence":0.3333333333333333,"instances":[{"created":"2015-12-27T23:29:47Z","user_id":"568068473564660003240e00","duration":4.123}]}],"region":{"x":762.1779722193016,"y":583.1053472238777,"width":290.0726952190694,"height":90.27773142298611,"label":"Valuation","shape":"rectangle"},"task_key":"em_record_valuation","instructions":{"mark":"Valuation","transcribe":"Enter the date of the valuation (if one is given). In the next screen, you'll enter the valuation's dollar amounts."}},{"id":"580d6ce86164390003353a01","status":"complete","name":"Record Number","created_in_workflow":"transcribe","confidence":1.0,"data":{"value":"3977"},"versions":[{"data":{"value":"3977"},"votes":3,"confidence":1.0,"instances":[{"created":"2015-12-12T20:49:01Z","user_id":"5647496e3562310003960400","duration":3.242},{"created":"2015-12-13T04:37:01Z","user_id":"563f8b7a3264340003774b00","duration":7.361},{"created":"2015-12-13T07:01:45Z","user_id":"566d0fda3832630003030900","duration":2.822}]}],"region":{"x":820.6565344856236,"y":68.60834821049052,"width":104.6717163634512,"height":40.46133356003287,"label":"Record Number","shape":"rectangle"},"task_key":"em_record_number","instructions":{"mark":"Record Number","transcribe":"Enter the record number"}},{"id":"580d6ce86164390003363a01","status":"awaiting_votes","name":"Street Address","created_in_workflow":"verify","confidence":0.3333333333333333,"data":{"value":"820 - 10 Ave"},"versions":[{"data":{"value":"820 - 10 Ave"},"votes":1,"confidence":0.3333333333333333,"instances":[{"created":"2016-09-15T18:45:46Z","user_id":"57c49a363234370003600200","duration":3.644}]}],"region":{"x":284.1500102001208,"y":668.9431902162252,"width":281.19291883481225,"height":47.35880992681234,"label":"Street Address","shape":"rectangle"},"task_key":"em_transcribed_address","instructions":{"mark":"Street Address","transcribe":"Enter the street address","verify":"Choose the best transcription or enter your own!"}},{"id":"580d6ce86164390003373a01","status":"complete","name":"Record Date","created_in_workflow":"transcribe","confidence":1.0,"data":{"value":"Dec 5/92"},"versions":[{"data":{"value":"Dec 5/92"},"votes":3,"confidence":1.0,"instances":[{"created":"2015-12-12T20:49:14Z","user_id":"5647496e3562310003960400","duration":4.576},{"created":"2015-12-13T04:40:13Z","user_id":"563f8b7a3264340003774b00","duration":12.743},{"created":"2015-12-13T07:01:58Z","user_id":"566d0fda3832630003030900","duration":8.763}]}],"region":{"x":305.21430096476337,"y":594.6056844909178,"width":166.24331422430475,"height":43.97971039134006,"label":"Record Date","shape":"rectangle"},"task_key":"em_record_date","instructions":{"mark":"Record Date","transcribe":"Enter the record date"}},{"id":"580d6ce86164390003383a01","status":"awaiting_votes","name":"Amount Loaned","created_in_workflow":"verify","confidence":0.3333333333333333,"data":{"value":"$3000."},"versions":[{"data":{"value":"$3000."},"votes":1,"confidence":0.3333333333333333,"instances":[{"created":"2016-09-15T18:45:49Z","user_id":"57c49a363234370003600200","duration":3.456}]}],"region":{"x":757.7380840271729,"y":667.4632274060124,"width":288.59273248835996,"height":56.23858678808972,"label":"Amount Loaned","shape":"rectangle"},"task_key":"em_transcribed_amount_loaned","instructions":{"mark":"Amount Loaned","transcribe":"Enter the Amount Loaned","verify":"Choose the best transcription or enter your own!"}}]}],"export_document":{"name":"Record","export_fields":[{"name":"Mortgager","value":"Jno. Nees","original_value":{"value":"Jno. Nees"},"assertion_ids":["580d6ce861643900032e3a01"]},{"name":"Street Address","value":"820 - 10 Ave","original_value":{"value":"820 - 10 Ave"},"assertion_ids":["580d6ce86164390003363a01"]},{"name":"Record Date","value":"1892-12-05T00:00:00Z","original_value":{"value":"Dec 5/92"},"assertion_ids":["580d6ce86164390003373a01"]},{"name":"Land \u0026 Building Dimensions","value":{"em_survey_land_dimensions":[19,100],"em_survey_building_dimensions":[19,65]},"original_value":{"em_survey_land_dimensions":"19 x 100","em_survey_building_dimensions":"19 x 65"},"assertion_ids":["580d6ce861643900032f3a01"]},{"name":"Amount Loaned","value":3000.0,"original_value":{"value":"$3000."},"assertion_ids":["580d6ce86164390003383a01"]},{"name":"Stories \u0026 Materials","value":{"em_record_stories":5,"em_record_material":"br"},"original_value":{"em_record_stories":"5","em_record_material":"br"},"assertion_ids":["580d6ce86164390003303a01"]},{"name":"Valuation","value":null,"original_value":null,"assertion_ids":null},{"name":"Record Number","value":3977,"original_value":{"value":"3977"},"assertion_ids":["580d6ce86164390003353a01"]},{"name":"Additional Info","value":"","original_value":{"value":""},"assertion_ids":["580d6ce86164390003313a01"]}]}}