{"id":"56b10a3d7061755afb3ac700","meta_data":{"capture_uuid":"1330d030-02e7-0133-800e-58d385a7bbd0","page_uri":"http://digitalcollections.nypl.org/items/1330d030-02e7-0133-800e-58d385a7bbd0","book_uri":"http://digitalcollections.nypl.org/items/109c0900-02e7-0133-03cf-58d385a7bbd0","source_rotated":"0.867204","source_x":"0","source_y":"0","source_w":"1371.67","source_h":"888.9599999999999"},"type":"final_subject_set","search_terms_by_field":{"Land \u0026 Building Dimensions":["18.9 x 99.11","18 x 50","18.9x99.11","18.9x50","18.9 x 99.11","18.9 x 50","18.9 x 99.11","18.9 x 50","18.9 x 99.11","18.9 x 50"],"Additional Info":[],"Stories \u0026 Materials":["2","brick","3","brick","3","brick"],"Record Date":["Oct. 24 / 92","Oct. 24/92"],"Valuation Date":[],"Land \u0026 Building Value":["6000","6000","$6000.","6000."],"Total Value":[],"Record Number":["3962"],"Mortgager":["Nathan Miller","Nathan Miller"],"Street Address":["60 W 127 St","60 W 127 St"],"Amount Loaned":["$6000"]},"subjects":[{"id":"580d9a0761643900031ddf02","type":"root","location":{"standard":"https://s3.amazonaws.com/scribe.nypl.org/emigrant-s4/full/1330d030-02e7-0133-800e-58d385a7bbd0.left-top.jpg","thumbnail":"https://s3.amazonaws.com/scribe.nypl.org/emigrant-s4/thumb/1330d030-02e7-0133-800e-58d385a7bbd0.left-top.jpg"},"status":"retired","width":1371,"height":888,"meta_data":{"capture_uuid":"1330d030-02e7-0133-800e-58d385a7bbd0","page_uri":"http://digitalcollections.nypl.org/items/1330d030-02e7-0133-800e-58d385a7bbd0","book_uri":"http://digitalcollections.nypl.org/items/109c0900-02e7-0133-03cf-58d385a7bbd0","source_rotated":"0.867204","source_x":"0","source_y":"0","source_w":"1371.67","source_h":"888.9599999999999"},"assertions":[{"id":"580d9a0761643900031edf02","status":"awaiting_transcriptions","name":"Land \u0026 Building Dimensions","created_in_workflow":"transcribe","confidence":0.3333333333333333,"data":{"em_survey_land_dimensions":"18.9 x 99.11","em_survey_building_dimensions":"18 x 50"},"versions":[{"data":{"em_survey_land_dimensions":"18.9 x 99.11","em_survey_building_dimensions":"18 x 50"},"votes":1,"confidence":0.3333333333333333,"instances":[{"created":"2015-11-16T21:47:23Z","user_id":"5649f5b33164390003d40b00","duration":9.596}]},{"data":{"em_survey_land_dimensions":"18.9 x 99.11","em_survey_building_dimensions":"18.9 x 50"},"votes":1,"confidence":0.3333333333333333,"instances":[{"created":"2016-10-03T17:48:28Z","user_id":"57c49a363234370003600200","duration":23.886}]}],"region":{"x":65.22056064793857,"y":770.4237555587433,"width":546.2263628029107,"height":84.24386745086792,"label":"Dimension \u0026 Description","shape":"rectangle"},"task_key":"em_record_survey","instructions":{"mark":"Dimension \u0026 Description","transcribe":"Enter, as they appear, any land and building dimensions that were recorded. In the next screen, you'll enter the descriptive information."}},{"id":"580d9a0761643900031fdf02","status":"awaiting_transcriptions","name":"Additional Info","created_in_workflow":"transcribe","confidence":0.6666666666666666,"data":{"value":""},"versions":[{"data":{"value":""},"votes":2,"confidence":0.6666666666666666,"instances":[{"created":"2015-11-16T21:47:27Z","user_id":"5649f5b33164390003d40b00","duration":0.968},{"created":"2016-10-03T17:48:34Z","user_id":"57c49a363234370003600200","duration":1.587}]}],"region":{"x":65.22056064793857,"y":770.4237555587433,"width":546.2263628029107,"height":84.24386745086792,"label":"Dimension \u0026 Description","shape":"rectangle"},"task_key":"em_record_survey_additional_info","instructions":{"mark":"Dimension \u0026 Description","transcribe":"Enter any additional information you find about the building's construction or significance."}},{"id":"580d9a07616439000320df02","status":"awaiting_transcriptions","name":"Stories \u0026 Materials","created_in_workflow":"transcribe","confidence":0.3333333333333333,"data":{"em_record_stories":"2","em_record_material":"brick"},"versions":[{"data":{"em_record_stories":"2","em_record_material":"brick"},"votes":1,"confidence":0.3333333333333333,"instances":[{"created":"2015-11-16T21:47:26Z","user_id":"5649f5b33164390003d40b00","duration":3.151}]},{"data":{"em_record_stories":"3","em_record_material":"brick"},"votes":1,"confidence":0.3333333333333333,"instances":[{"created":"2016-10-03T17:48:32Z","user_id":"57c49a363234370003600200","duration":4.542}]}],"region":{"x":65.22056064793857,"y":770.4237555587433,"width":546.2263628029107,"height":84.24386745086792,"label":"Dimension \u0026 Description","shape":"rectangle"},"task_key":"em_record_survey_stories_materials","instructions":{"mark":"Dimension \u0026 Description","transcribe":"Enter, as they appear, the number of stories and the building materials."}},{"id":"580d9a07616439000321df02","status":"awaiting_transcriptions","name":"Land \u0026 Building Dimensions","created_in_workflow":"transcribe","confidence":0.3333333333333333,"data":{"em_survey_land_dimensions":"18.9x99.11","em_survey_building_dimensions":"18.9x50"},"versions":[{"data":{"em_survey_land_dimensions":"18.9x99.11","em_survey_building_dimensions":"18.9x50"},"votes":1,"confidence":0.3333333333333333,"instances":[{"created":"2016-01-08T01:02:53Z","user_id":"5668b33530333000032d0500","duration":11.54}]}],"region":{"x":207.28351549914117,"y":764.903952392125,"width":401.2412385670345,"height":87.2790563743788,"label":"Dimension \u0026 Description","shape":"rectangle"},"task_key":"em_record_survey","instructions":{"mark":"Dimension \u0026 Description","transcribe":"Enter, as they appear, any land and building dimensions that were recorded. In the next screen, you'll enter the descriptive information."}},{"id":"580d9a07616439000322df02","status":"awaiting_transcriptions","name":"Stories \u0026 Materials","created_in_workflow":"transcribe","confidence":0.3333333333333333,"data":{"em_record_stories":"3","em_record_material":"brick"},"versions":[{"data":{"em_record_stories":"3","em_record_material":"brick"},"votes":1,"confidence":0.3333333333333333,"instances":[{"created":"2016-01-08T01:02:55Z","user_id":"5668b33530333000032d0500","duration":1.702}]}],"region":{"x":207.28351549914117,"y":764.903952392125,"width":401.2412385670345,"height":87.2790563743788,"label":"Dimension \u0026 Description","shape":"rectangle"},"task_key":"em_record_survey_stories_materials","instructions":{"mark":"Dimension \u0026 Description","transcribe":"Enter, as they appear, the number of stories and the building materials."}},{"id":"580d9a07616439000323df02","status":"awaiting_transcriptions","name":"Additional Info","created_in_workflow":"transcribe","confidence":0.3333333333333333,"data":{"value":""},"versions":[{"data":{"value":""},"votes":1,"confidence":0.3333333333333333,"instances":[{"created":"2016-01-08T01:02:55Z","user_id":"5668b33530333000032d0500","duration":0.325}]}],"region":{"x":207.28351549914117,"y":764.903952392125,"width":401.2412385670345,"height":87.2790563743788,"label":"Dimension \u0026 Description","shape":"rectangle"},"task_key":"em_record_survey_additional_info","instructions":{"mark":"Dimension \u0026 Description","transcribe":"Enter any additional information you find about the building's construction or significance."}},{"id":"580d9a07616439000324df02","status":"awaiting_transcriptions","name":"Record Date","created_in_workflow":"transcribe","confidence":0.3333333333333333,"data":{"value":"Oct. 24 / 92"},"versions":[{"data":{"value":"Oct. 24 / 92"},"votes":1,"confidence":0.3333333333333333,"instances":[{"created":"2015-11-16T23:03:50Z","user_id":"564a49b73164390003541400","duration":4.581}]},{"data":{"value":"Oct. 24/92"},"votes":1,"confidence":0.3333333333333333,"instances":[{"created":"2015-12-13T21:26:59Z","user_id":"566dd4ba3661350003300300","duration":8.573}]}],"region":{"x":224.1968901204275,"y":633.1877779371682,"width":195.66317473537094,"height":57.06842633768474,"label":"Record Date","shape":"rectangle"},"task_key":"em_record_date","instructions":{"mark":"Record Date","transcribe":"Enter the record date"}},{"id":"580d9a07616439000325df02","status":"awaiting_transcriptions","name":"Valuation Date","created_in_workflow":"transcribe","confidence":0.3333333333333333,"data":{"value":""},"versions":[{"data":{"value":""},"votes":1,"confidence":0.3333333333333333,"instances":[{"created":"2015-11-16T21:46:41Z","user_id":"5649f5b33164390003d40b00","duration":1.75}]},{"data":{"value":"Oct. 24/92"},"votes":1,"confidence":0.3333333333333333,"instances":[{"created":"2016-10-03T17:35:08Z","user_id":"57c49a363234370003600200","duration":17.47}]}],"region":{"x":673.9504376024261,"y":622.317601491895,"width":334.25792350625875,"height":101.90790417443691,"label":"Valuation","shape":"rectangle"},"task_key":"em_record_valuation","instructions":{"mark":"Valuation","transcribe":"Enter the date of the valuation (if one is given). In the next screen, you'll enter the valuation's dollar amounts."}},{"id":"580d9a07616439000326df02","status":"awaiting_transcriptions","name":"Land \u0026 Building Value","created_in_workflow":"transcribe","confidence":0.3333333333333333,"data":{"em_valuation_ground":"6000","em_valuation_building":"6000"},"versions":[{"data":{"em_valuation_ground":"6000","em_valuation_building":"6000"},"votes":1,"confidence":0.3333333333333333,"instances":[{"created":"2015-11-16T21:46:45Z","user_id":"5649f5b33164390003d40b00","duration":3.334}]},{"data":{"em_valuation_ground":"$6000.","em_valuation_building":"6000."},"votes":1,"confidence":0.3333333333333333,"instances":[{"created":"2016-10-03T17:35:17Z","user_id":"57c49a363234370003600200","duration":9.443}]}],"region":{"x":673.9504376024261,"y":622.317601491895,"width":334.25792350625875,"height":101.90790417443691,"label":"Valuation","shape":"rectangle"},"task_key":"em_record_valuation_ground_building","instructions":{"mark":"Valuation","transcribe":"Sometimes valuations include itemized dollar values for \"ground\" and \"building\". Enter these amounts if you can find them. In the next screen, you'll enter the total valuation."}},{"id":"580d9a07616439000327df02","status":"awaiting_transcriptions","name":"Total Value","created_in_workflow":"transcribe","confidence":0.6666666666666666,"data":{"value":""},"versions":[{"data":{"value":""},"votes":2,"confidence":0.6666666666666666,"instances":[{"created":"2015-11-16T21:46:46Z","user_id":"5649f5b33164390003d40b00","duration":0.888},{"created":"2016-10-03T17:35:18Z","user_id":"57c49a363234370003600200","duration":0.903}]}],"region":{"x":673.9504376024261,"y":622.317601491895,"width":334.25792350625875,"height":101.90790417443691,"label":"Valuation","shape":"rectangle"},"task_key":"em_record_valuation_total","instructions":{"mark":"Valuation","transcribe":"Enter the valuation ***total*** (if one is given)"}},{"id":"580d9a07616439000328df02","status":"complete","name":"Land \u0026 Building Dimensions","created_in_workflow":"transcribe","confidence":1.0,"data":{"em_survey_land_dimensions":"18.9 x 99.11","em_survey_building_dimensions":"18.9 x 50"},"versions":[{"data":{"em_survey_land_dimensions":"18.9 x 99.11","em_survey_building_dimensions":"18.9 x 50"},"votes":3,"confidence":1.0,"instances":[{"created":"2015-11-09T07:21:49Z","user_id":"56403b566639340003e82100","duration":45.667},{"created":"2015-11-09T08:26:12Z","user_id":"564055dc6639340003c32900","duration":28.554},{"created":"2015-11-09T08:29:56Z","user_id":"564053776639340003c32800","duration":30.215}]}],"region":{"x":78.01706302566912,"y":763.3933495833526,"width":441.07669029909096,"height":37.409858722542026,"label":"Dimension \u0026 Description","shape":"rectangle"},"task_key":"em_record_survey","instructions":{"mark":"Dimension \u0026 Description","transcribe":"Enter, as they appear, any land and building dimensions that were recorded. In the next screen, you'll enter the descriptive information."}},{"id":"580d9a07616439000329df02","status":"complete","name":"Land \u0026 Building Dimensions","created_in_workflow":"verify","confidence":1.0,"data":{"em_survey_land_dimensions":"18.9 x 99.11","em_survey_building_dimensions":"18.9 x 50"},"versions":[{"data":{"em_survey_land_dimensions":"18.9 x 99.11","em_survey_building_dimensions":"18.9 x 50"},"votes":3,"confidence":1.0,"instances":[{"created":"2015-12-10T23:17:47Z","user_id":"5647496e3562310003960400","duration":7.672},{"created":"2016-01-01T16:57:43Z","user_id":"56748e5e3564620003fd0100","duration":7.502},{"created":"2016-01-30T23:45:02Z","user_id":"563f8b7a3264340003774b00","duration":12.723}]}],"region":{"x":84.70004318171594,"y":803.4753410717905,"width":505.2332997971406,"height":37.409858722542026,"label":"Dimension \u0026 Description","shape":"rectangle"},"task_key":"em_transcribed_survey","instructions":{"mark":"Dimension \u0026 Description","transcribe":"Enter, as they appear, any land and building dimensions that were recorded. In the next screen, you'll enter the descriptive information.","verify":"Choose the best transcription or enter your own!"}},{"id":"580d9a0761643900032adf02","status":"complete","name":"Record Number","created_in_workflow":"transcribe","confidence":1.0,"data":{"value":"3962"},"versions":[{"data":{"value":"3962"},"votes":3,"confidence":1.0,"instances":[{"created":"2015-11-09T07:08:13Z","user_id":"56403b566639340003e82100","duration":3.186},{"created":"2015-11-09T07:36:17Z","user_id":"56404ff66639340003092800","duration":3.711},{"created":"2015-11-09T07:51:51Z","user_id":"56404e946639340003cf2700","duration":3.284}]}],"region":{"x":686.1682572259309,"y":114.06508747065845,"width":215.191961024708,"height":60.12298723265687,"label":"Record Number","shape":"rectangle"},"task_key":"em_record_number","instructions":{"mark":"Record Number","transcribe":"Enter the record number"}},{"id":"580d9a0761643900032bdf02","status":"complete","name":"Mortgager","created_in_workflow":"transcribe","confidence":1.0,"data":{"value":"Nathan Miller"},"versions":[{"data":{"value":"Nathan Miller"},"votes":3,"confidence":1.0,"instances":[{"created":"2015-11-09T06:39:36Z","user_id":"56402bc466393400035c1b00","duration":6.384},{"created":"2015-11-09T07:38:09Z","user_id":"56404ff66639340003092800","duration":5.74},{"created":"2016-07-06T21:48:51Z","user_id":"577d266b3631640003490000","duration":730.422}]}],"region":{"x":86.03663921292531,"y":681.8933002235289,"width":352.8613522392728,"height":37.409858722542026,"label":"Mortgager Name","shape":"rectangle"},"task_key":"em_record_mortgager","instructions":{"mark":"Mortgager Name","transcribe":"Enter the mortgager's name"}},{"id":"580d9a0761643900032cdf02","status":"complete","name":"Mortgager","created_in_workflow":"transcribe","confidence":1.0,"data":{"value":"Nathan Miller"},"versions":[{"data":{"value":"Nathan Miller"},"votes":3,"confidence":1.0,"instances":[{"created":"2015-11-16T21:46:52Z","user_id":"5649f5b33164390003d40b00","duration":2.51},{"created":"2015-11-16T23:03:55Z","user_id":"564a49b73164390003541400","duration":2.74},{"created":"2015-11-16T23:18:22Z","user_id":"564a53896532380003b00f00","duration":16.391}]}],"region":{"x":161.69337596885063,"y":673.950939606943,"width":232.35001999825303,"height":61.14474250466208,"label":"Mortgager Name","shape":"rectangle"},"task_key":"em_record_mortgager","instructions":{"mark":"Mortgager Name","transcribe":"Enter the mortgager's name"}},{"id":"580d9a0761643900032ddf02","status":"complete","name":"Street Address","created_in_workflow":"verify","confidence":1.0,"data":{"value":"60 W 127 St"},"versions":[{"data":{"value":"60 W 127 St"},"votes":3,"confidence":0.75,"instances":[{"created":"2016-07-17T22:41:26Z","user_id":"5750d4e061323000033d0000","duration":9.56},{"created":"2016-08-30T20:20:45Z","user_id":"57c49a363234370003600200","duration":12.702},{"created":"2016-09-02T15:32:28Z","user_id":"57c996ba6662640003060000","duration":32.773}]},{"data":{"value":"60 W. 127 St."},"votes":1,"confidence":0.25,"instances":[{"created":"2016-09-01T17:49:11Z","user_id":"5794e6a83066310003040000","duration":36.61}]}],"region":{"x":127.47111618041568,"y":723.3113580949147,"width":375.58348476983195,"height":32.06559319075029,"label":"Street Address","shape":"rectangle"},"task_key":"em_transcribed_address","instructions":{"mark":"Street Address","transcribe":"Enter the street address","verify":"Choose the best transcription or enter your own!"}},{"id":"580d9a0761643900032edf02","status":"complete","name":"Street Address","created_in_workflow":"verify","confidence":1.0,"data":{"value":"60 W 127 St"},"versions":[{"data":{"value":"60 W 127 St"},"votes":2,"confidence":0.6666666666666666,"instances":[{"created":"2016-04-28T01:39:57Z","user_id":"563f8b7a3264340003774b00","duration":10.561},{"created":"2016-05-12T03:01:28Z","user_id":"5733ec9838376300038e0100","duration":7.876}]},{"data":{"value":"60 W 127 St."},"votes":1,"confidence":0.3333333333333333,"instances":[{"created":"2016-05-11T21:30:26Z","user_id":"57339b9d3837630003590000","duration":202.666}]}],"region":{"x":138.59425117370267,"y":707.920240998422,"width":347.8456439739929,"height":70.65614689427628,"label":"Street Address","shape":"rectangle"},"task_key":"em_transcribed_address","instructions":{"mark":"Street Address","transcribe":"Enter the street address","verify":"Choose the best transcription or enter your own!"}},{"id":"580d9a0761643900032fdf02","status":"complete","name":"Additional Info","created_in_workflow":"transcribe","confidence":1.0,"data":{"value":""},"versions":[{"data":{"value":""},"votes":3,"confidence":1.0,"instances":[{"created":"2015-11-10T00:56:38Z","user_id":"5641537261616500034e4f00","duration":0.709},{"created":"2015-11-10T07:27:59Z","user_id":"5640d5f53432660003452200","duration":1.152},{"created":"2016-07-22T01:15:38Z","user_id":"57914de46235630003680000","duration":0.758}]}],"region":{"x":67.31118182365479,"y":764.7233803173785,"width":545.1617740508885,"height":91.0681999435966,"label":"Dimension \u0026 Description","shape":"rectangle"},"task_key":"em_record_survey_additional_info","instructions":{"mark":"Dimension \u0026 Description","transcribe":"Enter any additional information you find about the building's construction or significance."}},{"id":"580d9a07616439000330df02","status":"complete","name":"Stories \u0026 Materials","created_in_workflow":"transcribe","confidence":1.0,"data":{"em_record_stories":"3","em_record_material":"brick"},"versions":[{"data":{"em_record_stories":"3","em_record_material":"brick"},"votes":3,"confidence":1.0,"instances":[{"created":"2015-11-10T00:56:37Z","user_id":"5641537261616500034e4f00","duration":2.386},{"created":"2015-11-10T07:27:58Z","user_id":"5640d5f53432660003452200","duration":3.61},{"created":"2016-07-22T01:15:37Z","user_id":"57914de46235630003680000","duration":4.282}]}],"region":{"x":67.31118182365479,"y":764.7233803173785,"width":545.1617740508885,"height":91.0681999435966,"label":"Dimension \u0026 Description","shape":"rectangle"},"task_key":"em_record_survey_stories_materials","instructions":{"mark":"Dimension \u0026 Description","transcribe":"Enter, as they appear, the number of stories and the building materials."}},{"id":"580d9a07616439000331df02","status":"complete","name":"Land \u0026 Building Dimensions","created_in_workflow":"transcribe","confidence":1.0,"data":{"em_survey_land_dimensions":"18.9 x 99.11","em_survey_building_dimensions":"18.9 x 50"},"versions":[{"data":{"em_survey_land_dimensions":"18.9 x 99.11","em_survey_building_dimensions":"18.9 x 50"},"votes":3,"confidence":1.0,"instances":[{"created":"2015-11-10T00:56:34Z","user_id":"5641537261616500034e4f00","duration":9.805},{"created":"2015-11-10T07:27:54Z","user_id":"5640d5f53432660003452200","duration":15.72},{"created":"2016-07-22T01:15:33Z","user_id":"57914de46235630003680000","duration":8.723}]}],"region":{"x":67.31118182365479,"y":764.7233803173785,"width":545.1617740508885,"height":91.0681999435966,"label":"Dimension \u0026 Description","shape":"rectangle"},"task_key":"em_record_survey","instructions":{"mark":"Dimension \u0026 Description","transcribe":"Enter, as they appear, any land and building dimensions that were recorded. In the next screen, you'll enter the descriptive information."}},{"id":"580d9a07616439000332df02","status":"awaiting_votes","name":"Record Date","created_in_workflow":"verify","confidence":0.5,"data":{"value":"Oct. 24/92"},"versions":[{"data":{"value":"Oct. 24/92"},"votes":2,"confidence":0.5,"instances":[{"created":"2016-10-03T15:42:55Z","user_id":"57f27c1f3230340003060200","duration":7.671},{"created":"2016-10-03T17:34:30Z","user_id":"57f296573230340003560200","duration":8.575}]},{"data":{"value":"Oct 24/92"},"votes":1,"confidence":0.25,"instances":[{"created":"2016-10-03T17:37:50Z","user_id":"57f297673230340003720200","duration":5.447}]},{"data":{"value":"24 Oct 1892"},"votes":1,"confidence":0.25,"instances":[{"created":"2016-10-03T20:30:50Z","user_id":"57f2bef43230340003ba0400","duration":10.715}]}],"region":{"x":233.2299826217513,"y":637.4774023139969,"width":178.3938986024647,"height":48.652873942469455,"label":"Record Date","shape":"rectangle"},"task_key":"em_transcribed_date","instructions":{"mark":"Record Date","transcribe":"Enter the record date","verify":"Choose the best transcription or enter your own!"}},{"id":"580d9a07616439000333df02","status":"awaiting_votes","name":"Land \u0026 Building Value","created_in_workflow":"verify","confidence":0.3333333333333333,"data":{"em_valuation_ground":"$6000.","em_valuation_building":"6000."},"versions":[{"data":{"em_valuation_ground":"$6000.","em_valuation_building":"6000."},"votes":1,"confidence":0.3333333333333333,"instances":[{"created":"2016-10-02T01:57:11Z","user_id":"57c49a363234370003600200","duration":22.793}]}],"region":{"x":678.5909742376946,"y":627.4973256078493,"width":309.3824255483304,"height":96.05823829667042,"label":"Valuation","shape":"rectangle"},"task_key":"em_transcribed_valuation_itemized","instructions":{"mark":"Valuation","transcribe":"Sometimes valuations include itemized dollar values for \"ground\" and \"building\". Enter these amounts if you can find them. In the next screen, you'll enter the total valuation.","verify":"Choose the best transcription or enter your own!"}},{"id":"580d9a07616439000334df02","status":"awaiting_votes","name":"Valuation Date","created_in_workflow":"verify","confidence":0.3333333333333333,"data":{"value":""},"versions":[{"data":{"value":""},"votes":1,"confidence":0.3333333333333333,"instances":[{"created":"2016-07-24T00:16:04Z","user_id":"5750d4e061323000033d0000","duration":9.784}]},{"data":{"value":"Oct. 24/92"},"votes":1,"confidence":0.3333333333333333,"instances":[{"created":"2016-10-02T02:42:59Z","user_id":"57c49a363234370003600200","duration":11.06}]}],"region":{"x":678.5909742376946,"y":627.4973256078493,"width":309.3824255483304,"height":96.05823829667042,"label":"Valuation","shape":"rectangle"},"task_key":"em_transcribed_valuation_date","instructions":{"mark":"Valuation","transcribe":"Enter the date of the valuation (if one is given). In the next screen, you'll enter the valuation's dollar amounts.","verify":"Choose the best transcription or enter your own!"}},{"id":"580d9a07616439000335df02","status":"complete","name":"Total Value","created_in_workflow":"transcribe","confidence":1.0,"data":{"value":""},"versions":[{"data":{"value":""},"votes":3,"confidence":1.0,"instances":[{"created":"2015-11-10T00:56:20Z","user_id":"5641537261616500034e4f00","duration":0.9},{"created":"2016-07-22T01:14:58Z","user_id":"57914de46235630003680000","duration":0.985},{"created":"2016-07-24T01:44:13Z","user_id":"5750d4e061323000033d0000","duration":1.076}]}],"region":{"x":678.5909742376946,"y":627.4973256078493,"width":309.3824255483304,"height":96.05823829667042,"label":"Valuation","shape":"rectangle"},"task_key":"em_record_valuation_total","instructions":{"mark":"Valuation","transcribe":"Enter the valuation ***total*** (if one is given)"}},{"id":"580d9a07616439000336df02","status":"complete","name":"Amount Loaned","created_in_workflow":"verify","confidence":1.0,"data":{"value":"$6000"},"versions":[{"data":{"value":"$6000"},"votes":3,"confidence":1.0,"instances":[{"created":"2015-12-28T21:41:38Z","user_id":"56748e5e3564620003fd0100","duration":3.038},{"created":"2016-01-22T14:37:28Z","user_id":"56980a2d3337650003270200","duration":15.667},{"created":"2016-01-30T23:31:08Z","user_id":"563f8b7a3264340003774b00","duration":7.432}]}],"region":{"x":723.5929460997932,"y":716.631026180175,"width":268.6558022730827,"height":49.43445616907343,"label":"Amount Loaned","shape":"rectangle"},"task_key":"em_transcribed_amount_loaned","instructions":{"mark":"Amount Loaned","transcribe":"Enter the Amount Loaned","verify":"Choose the best transcription or enter your own!"}}]}],"export_document":{"name":"Record","export_fields":[{"name":"Mortgager","value":"Nathan Miller","original_value":{"value":"Nathan Miller"},"assertion_ids":["580d9a0761643900032bdf02"]},{"name":"Street Address","value":"60 W 127 St","original_value":{"value":"60 W 127 St"},"assertion_ids":["580d9a0761643900032ddf02"]},{"name":"Record Date","value":"1892-10-24T00:00:00Z","original_value":{"value":"Oct. 24/92"},"assertion_ids":["580d9a07616439000332df02"]},{"name":"Land \u0026 Building Dimensions","value":{"em_survey_land_dimensions":[18.75,99.91666666666667],"em_survey_building_dimensions":[18.75,50]},"original_value":{"em_survey_land_dimensions":"18.9 x 99.11","em_survey_building_dimensions":"18.9 x 50"},"assertion_ids":["580d9a07616439000331df02"]},{"name":"Amount Loaned","value":6000.0,"original_value":{"value":"$6000"},"assertion_ids":["580d9a07616439000336df02"]},{"name":"Stories \u0026 Materials","value":{"em_record_stories":3,"em_record_material":"brick"},"original_value":{"em_record_stories":"3","em_record_material":"brick"},"assertion_ids":["580d9a07616439000330df02"]},{"name":"Valuation","value":null,"original_value":null,"assertion_ids":null},{"name":"Record Number","value":3962,"original_value":{"value":"3962"},"assertion_ids":["580d9a0761643900032adf02"]},{"name":"Additional Info","value":"","original_value":{"value":""},"assertion_ids":["580d9a0761643900032fdf02"]}]}}