{"id":"56b10acc7061755afb26d200","meta_data":{"capture_uuid":"154c89c0-02e7-0133-adc5-58d385a7bbd0","page_uri":"http://digitalcollections.nypl.org/items/154c89c0-02e7-0133-adc5-58d385a7bbd0","book_uri":"http://digitalcollections.nypl.org/items/109c0900-02e7-0133-03cf-58d385a7bbd0","source_rotated":"0.867204","source_x":"0","source_y":"862.92","source_w":"1370.61","source_h":"973.08"},"type":"final_subject_set","search_terms_by_field":{"Stories \u0026 Materials":["5","br."],"Land \u0026 Building Dimensions":["24.8 x 100"],"Record Date":["Oct 20 1898","July 9/94","Sept 2 1896","April 20, 1896","Oct 23 1900","Oct 20 1898"],"Total Value":["$40,000"],"Land \u0026 Building Value":["$30,000"],"Amount Loaned":["$4000. $3000. $3000. $5000.","3000. ","5000.","5000.","4000","3000."],"Record Number":["4163"],"Mortgager":["Joanna McKeon"],"Street Address":["431 8th Av"]},"subjects":[{"id":"580d8ce96164390003c17f02","type":"root","location":{"standard":"https://s3.amazonaws.com/scribe.nypl.org/emigrant-s4/full/154c89c0-02e7-0133-adc5-58d385a7bbd0.left-bottom.jpg","thumbnail":"https://s3.amazonaws.com/scribe.nypl.org/emigrant-s4/thumb/154c89c0-02e7-0133-adc5-58d385a7bbd0.left-bottom.jpg"},"status":"retired","width":1370,"height":973,"meta_data":{"capture_uuid":"154c89c0-02e7-0133-adc5-58d385a7bbd0","page_uri":"http://digitalcollections.nypl.org/items/154c89c0-02e7-0133-adc5-58d385a7bbd0","book_uri":"http://digitalcollections.nypl.org/items/109c0900-02e7-0133-03cf-58d385a7bbd0","source_rotated":"0.867204","source_x":"0","source_y":"862.92","source_w":"1370.61","source_h":"973.08"},"assertions":[{"id":"580d8ce96164390003c27f02","status":"awaiting_transcriptions","name":"Stories \u0026 Materials","created_in_workflow":"transcribe","confidence":0.3333333333333333,"data":{"em_record_stories":"5","em_record_material":"br."},"versions":[{"data":{"em_record_stories":"5","em_record_material":"br."},"votes":1,"confidence":0.3333333333333333,"instances":[{"created":"2016-01-17T04:12:02Z","user_id":"569b055032646200033a0400","duration":16.926}]},{"data":{"em_record_stories":"5","em_record_material":"Br"},"votes":1,"confidence":0.3333333333333333,"instances":[{"created":"2016-01-17T16:35:56Z","user_id":"569bc0ac3264620003ec0600","duration":6.546}]}],"region":{"x":88.23562685339073,"y":696.6033068227802,"width":405.5742848348837,"height":102.16848500067434,"label":"Dimension \u0026 Description","shape":"rectangle"},"task_key":"em_record_survey_stories_materials","instructions":{"mark":"Dimension \u0026 Description","transcribe":"Enter, as they appear, the number of stories and the building materials."}},{"id":"580d8ce96164390003c37f02","status":"awaiting_transcriptions","name":"Land \u0026 Building Dimensions","created_in_workflow":"transcribe","confidence":0.3333333333333333,"data":{"em_survey_land_dimensions":"24.8 x 100"},"versions":[{"data":{"em_survey_land_dimensions":"24.8 x 100"},"votes":1,"confidence":0.3333333333333333,"instances":[{"created":"2016-01-17T04:11:45Z","user_id":"569b055032646200033a0400","duration":16.711}]},{"data":{"em_survey_land_dimensions":"24x100"},"votes":1,"confidence":0.3333333333333333,"instances":[{"created":"2016-01-17T16:35:49Z","user_id":"569bc0ac3264620003ec0600","duration":14.815}]}],"region":{"x":88.23562685339073,"y":696.6033068227802,"width":405.5742848348837,"height":102.16848500067434,"label":"Dimension \u0026 Description","shape":"rectangle"},"task_key":"em_record_survey","instructions":{"mark":"Dimension \u0026 Description","transcribe":"Enter, as they appear, any land and building dimensions that were recorded. In the next screen, you'll enter the descriptive information."}},{"id":"580d8ce96164390003c47f02","status":"awaiting_transcriptions","name":"Record Date","created_in_workflow":"transcribe","confidence":0.3333333333333333,"data":{"value":"Oct 20 1898"},"versions":[{"data":{"value":"Oct 20 1898"},"votes":1,"confidence":0.3333333333333333,"instances":[{"created":"2016-01-18T03:13:40Z","user_id":"569c4e873639390003690500","duration":7.771}]},{"data":{"value":"October 30, 1898"},"votes":1,"confidence":0.3333333333333333,"instances":[{"created":"2016-01-18T05:02:09Z","user_id":"569c70573639390003800600","duration":5.352}]}],"region":{"x":979.0460792239288,"y":728.739410273456,"width":153.9450282942604,"height":24.365147455951387,"label":"Record Date","shape":"rectangle"},"task_key":"em_record_date","instructions":{"mark":"Record Date","transcribe":"Enter the record date"}},{"id":"580d8ce96164390003c57f02","status":"awaiting_transcriptions","name":"Total Value","created_in_workflow":"transcribe","confidence":0.3333333333333333,"data":{"value":"$40,000"},"versions":[{"data":{"value":"$40,000"},"votes":1,"confidence":0.3333333333333333,"instances":[{"created":"2016-01-17T03:24:17Z","user_id":"569b01d532646200039d0300","duration":5.194}]}],"region":{"x":705.8850148271258,"y":578.9547483371549,"width":470.59000988475054,"height":103.71649234916947,"label":"Valuation","shape":"rectangle"},"task_key":"em_record_valuation_total","instructions":{"mark":"Valuation","transcribe":"Enter the valuation ***total*** (if one is given)"}},{"id":"580d8ce96164390003c67f02","status":"awaiting_transcriptions","name":"Land \u0026 Building Value","created_in_workflow":"transcribe","confidence":0.3333333333333333,"data":{"em_valuation_ground":"$30,000"},"versions":[{"data":{"em_valuation_ground":"$30,000"},"votes":1,"confidence":0.3333333333333333,"instances":[{"created":"2016-01-17T03:24:11Z","user_id":"569b01d532646200039d0300","duration":28.254}]}],"region":{"x":705.8850148271258,"y":578.9547483371549,"width":470.59000988475054,"height":103.71649234916947,"label":"Valuation","shape":"rectangle"},"task_key":"em_record_valuation_ground_building","instructions":{"mark":"Valuation","transcribe":"Sometimes valuations include itemized dollar values for \"ground\" and \"building\". Enter these amounts if you can find them. In the next screen, you'll enter the total valuation."}},{"id":"580d8ce96164390003c77f02","status":"awaiting_transcriptions","name":"Amount Loaned","created_in_workflow":"transcribe","confidence":0.3333333333333333,"data":{"value":"$4000. $3000. $3000. $5000."},"versions":[{"data":{"value":"$4000. $3000. $3000. $5000."},"votes":1,"confidence":0.3333333333333333,"instances":[{"created":"2016-01-16T23:35:49Z","user_id":"569abadf6635320003d50000","duration":55.513}]},{"data":{"value":"$4000. 3000. April 20, 1896 3000 Sept 2 1896 5000. Oct. 20 1898"},"votes":1,"confidence":0.3333333333333333,"instances":[{"created":"2016-01-17T04:11:29Z","user_id":"569b055032646200033a0400","duration":63.512}]}],"region":{"x":690.4050802914433,"y":664.0951525043837,"width":487.6179378740014,"height":92.88044090970398,"label":"Amount Loaned","shape":"rectangle"},"task_key":"em_record_amount_loaned","instructions":{"mark":"Amount Loaned","transcribe":"Enter the Amount Loaned"}},{"id":"580d8ce96164390003c87f02","status":"awaiting_transcriptions","name":"Amount Loaned","created_in_workflow":"transcribe","confidence":0.3333333333333333,"data":{"value":"3000. "},"versions":[{"data":{"value":"3000. "},"votes":1,"confidence":0.3333333333333333,"instances":[{"created":"2016-01-18T03:13:17Z","user_id":"569c4e873639390003690500","duration":6.35}]},{"data":{"value":"3,000"},"votes":1,"confidence":0.3333333333333333,"instances":[{"created":"2016-01-18T05:01:54Z","user_id":"569c70573639390003800600","duration":2.569}]}],"region":{"x":877.1544058205335,"y":715.449329842937,"width":77.52627324171385,"height":18.82761394323518,"label":"Amount Loaned","shape":"rectangle"},"task_key":"em_record_amount_loaned","instructions":{"mark":"Amount Loaned","transcribe":"Enter the Amount Loaned"}},{"id":"580d8ce96164390003c97f02","status":"awaiting_transcriptions","name":"Amount Loaned","created_in_workflow":"transcribe","confidence":0.3333333333333333,"data":{"value":"5000."},"versions":[{"data":{"value":"5000."},"votes":1,"confidence":0.3333333333333333,"instances":[{"created":"2016-01-18T03:13:32Z","user_id":"569c4e873639390003690500","duration":5.056}]},{"data":{"value":"5,000"},"votes":1,"confidence":0.3333333333333333,"instances":[{"created":"2016-01-18T05:02:04Z","user_id":"569c70573639390003800600","duration":2.418}]}],"region":{"x":882.6919967663703,"y":727.6319035709128,"width":80.84882780921578,"height":25.472654158494606,"label":"Amount Loaned","shape":"rectangle"},"task_key":"em_record_amount_loaned","instructions":{"mark":"Amount Loaned","transcribe":"Enter the Amount Loaned"}},{"id":"580d8ce96164390003ca7f02","status":"complete","name":"Record Number","created_in_workflow":"transcribe","confidence":1.0,"data":{"value":"4163"},"versions":[{"data":{"value":"4163"},"votes":3,"confidence":1.0,"instances":[{"created":"2015-11-06T01:35:35Z","user_id":"563c01553532620003973a00","duration":4.156},{"created":"2015-11-06T01:37:54Z","user_id":"563bfc7535326200037f3900","duration":8.672},{"created":"2015-11-06T02:49:03Z","user_id":"563b76c43532620003550600","duration":4.579}]}],"region":{"x":745.113838982829,"y":66.7931544072079,"width":115.77480100396679,"height":54.9188158459265,"label":"Record Number","shape":"rectangle"},"task_key":"em_record_number","instructions":{"mark":"Record Number","transcribe":"Enter the record number"}},{"id":"580d8ce96164390003cb7f02","status":"complete","name":"Mortgager","created_in_workflow":"verify","confidence":1.0,"data":{"value":"Joanna McKeon"},"versions":[{"data":{"value":"Joanna McKeon"},"votes":3,"confidence":1.0,"instances":[{"created":"2015-11-13T01:37:19Z","user_id":"563f8b7a3264340003774b00","duration":28.227},{"created":"2015-11-15T19:01:30Z","user_id":"5647496e3562310003960400","duration":15.558},{"created":"2015-11-16T04:11:07Z","user_id":"5649188c3863370003020e00","duration":21.768}]}],"region":{"x":201.86284965652305,"y":615.9813128664729,"width":241.93964825187936,"height":57.88740048624675,"label":"Mortgager Name","shape":"rectangle"},"task_key":"em_transcribed_mortgager","instructions":{"mark":"Mortgager Name","transcribe":"Enter the mortgager's name","verify":"Choose the best transcription or enter your own!"}},{"id":"580d8ce96164390003cc7f02","status":"complete","name":"Street Address","created_in_workflow":"verify","confidence":1.0,"data":{"value":"431 8th Av"},"versions":[{"data":{"value":"431 8th Av"},"votes":5,"confidence":0.625,"instances":[{"created":"2015-11-16T18:56:15Z","user_id":"564618af6363350003da0c00","duration":19.699},{"created":"2016-05-10T07:20:14Z","user_id":"573188c63564330003d20100","duration":9.363},{"created":"2016-05-10T22:09:57Z","user_id":"57325b563863370003d60000","duration":20.082},{"created":"2016-05-11T05:13:43Z","user_id":"5732bf483863370003020100","duration":11.788},{"created":"2016-05-11T06:03:33Z","user_id":"5732c9f438633700030b0100","duration":279.924}]},{"data":{"value":"431 8th Ave"},"votes":3,"confidence":0.375,"instances":[{"created":"2015-11-13T01:41:09Z","user_id":"563f8b7a3264340003774b00","duration":8.589},{"created":"2015-11-15T19:05:33Z","user_id":"5647496e3562310003960400","duration":14.338},{"created":"2016-05-10T18:47:34Z","user_id":"57322b193863370003800000","duration":20.895}]}],"region":{"x":233.03298838836025,"y":663.4786671115985,"width":230.06530968736996,"height":48.9816465652857,"label":"Street Address","shape":"rectangle"},"task_key":"em_transcribed_address","instructions":{"mark":"Street Address","transcribe":"Enter the street address","verify":"Choose the best transcription or enter your own!"}},{"id":"580d8ce96164390003cd7f02","status":"complete","name":"Record Date","created_in_workflow":"verify","confidence":1.0,"data":{"value":"July 9/94"},"versions":[{"data":{"value":"July 9/94"},"votes":4,"confidence":1.0,"instances":[{"created":"2016-06-03T15:12:01Z","user_id":"5751975961323000035b0200","duration":5.406},{"created":"2016-06-04T18:17:04Z","user_id":"575314e83763340003d50000","duration":6.403},{"created":"2016-06-10T17:27:31Z","user_id":"5670a0323938300003820400","duration":3.852},{"created":"2016-06-13T00:46:09Z","user_id":"575e010b30393800035d0500","duration":5.741}]}],"region":{"x":255.2973731968154,"y":568.4839586213473,"width":195.9265863144054,"height":60.855985126567134,"label":"Record Date","shape":"rectangle"},"task_key":"em_transcribed_date","instructions":{"mark":"Record Date","transcribe":"Enter the record date","verify":"Choose the best transcription or enter your own!"}},{"id":"580d8ce96164390003ce7f02","status":"awaiting_votes","name":"Record Date","created_in_workflow":"verify","confidence":0.3333333333333333,"data":{"value":"Sept 2 1896"},"versions":[{"data":{"value":"Sept 2 1896"},"votes":1,"confidence":0.3333333333333333,"instances":[{"created":"2016-09-21T13:14:16Z","user_id":"57c49a363234370003600200","duration":5.311}]}],"region":{"x":980.1535974130962,"y":715.449329842937,"width":148.4074373484235,"height":19.935120645778397,"label":"Record Date","shape":"rectangle"},"task_key":"em_transcribed_date","instructions":{"mark":"Record Date","transcribe":"Enter the record date","verify":"Choose the best transcription or enter your own!"}},{"id":"580d8ce96164390003cf7f02","status":"complete","name":"Record Date","created_in_workflow":"transcribe","confidence":1.0,"data":{"value":"April 20, 1896"},"versions":[{"data":{"value":"April 20, 1896"},"votes":3,"confidence":1.0,"instances":[{"created":"2016-01-18T03:12:54Z","user_id":"569c4e873639390003690500","duration":10.234},{"created":"2016-01-18T03:44:45Z","user_id":"569c5afb3639390003b00500","duration":11.014},{"created":"2016-01-18T05:01:39Z","user_id":"569c70573639390003800600","duration":7.007}]}],"region":{"x":982.3686337914309,"y":692.1916890895288,"width":141.76232821341966,"height":26.58016086103794,"label":"Record Date","shape":"rectangle"},"task_key":"em_record_date","instructions":{"mark":"Record Date","transcribe":"Enter the record date"}},{"id":"580d8ce96164390003d07f02","status":"complete","name":"Record Date","created_in_workflow":"verify","confidence":1.0,"data":{"value":"Oct 23 1900"},"versions":[{"data":{"value":"Oct 23 1900"},"votes":4,"confidence":0.8,"instances":[{"created":"2016-06-10T17:28:12Z","user_id":"5670a0323938300003820400","duration":5.324},{"created":"2016-06-14T21:49:56Z","user_id":"5760777b6634360003110200","duration":10.365},{"created":"2016-06-14T21:49:59Z","user_id":"5760777b6634360003110200","duration":2.937},{"created":"2016-06-15T16:49:34Z","user_id":"576185226233380003390200","duration":9.07}]},{"data":{"value":"Oct. 23, 1900"},"votes":1,"confidence":0.2,"instances":[{"created":"2016-09-29T20:38:50Z","user_id":"57c49a363234370003600200","duration":6.176}]}],"region":{"x":982.6006102730173,"y":777.7691757639319,"width":178.1150784676413,"height":40.07589264432477,"label":"Record Date","shape":"rectangle"},"task_key":"em_transcribed_date","instructions":{"mark":"Record Date","transcribe":"Enter the record date","verify":"Choose the best transcription or enter your own!"}},{"id":"580d8ce96164390003d17f02","status":"awaiting_votes","name":"Record Date","created_in_workflow":"verify","confidence":0.3333333333333333,"data":{"value":"Oct 20 1898"},"versions":[{"data":{"value":"Oct 20 1898"},"votes":1,"confidence":0.3333333333333333,"instances":[{"created":"2016-09-21T00:57:18Z","user_id":"57c49a363234370003600200","duration":34.232}]}],"region":{"x":983.4761519805983,"y":727.6319035709128,"width":149.51495553759094,"height":26.58016086103794,"label":"Record Date","shape":"rectangle"},"task_key":"em_transcribed_date","instructions":{"mark":"Record Date","transcribe":"Enter the record date","verify":"Choose the best transcription or enter your own!"}},{"id":"580d8ce96164390003d27f02","status":"awaiting_votes","name":"Amount Loaned","created_in_workflow":"verify","confidence":0.3333333333333333,"data":{"value":"5000."},"versions":[{"data":{"value":"5000."},"votes":1,"confidence":0.3333333333333333,"instances":[{"created":"2016-09-20T23:40:56Z","user_id":"57c49a363234370003600200","duration":10.116}]}],"region":{"x":704.3370213735576,"y":784.8397256869988,"width":264.7068805601722,"height":34.05616166689151,"label":"Amount Loaned","shape":"rectangle"},"task_key":"em_transcribed_amount_loaned","instructions":{"mark":"Amount Loaned","transcribe":"Enter the Amount Loaned","verify":"Choose the best transcription or enter your own!"}},{"id":"580d8ce96164390003d37f02","status":"awaiting_votes","name":"Amount Loaned","created_in_workflow":"transcribe","confidence":0.5,"data":{"value":"4000"},"versions":[{"data":{"value":"4000"},"votes":2,"confidence":0.5,"instances":[{"created":"2016-01-17T19:48:42Z","user_id":"569be96f31343500038e0000","duration":3.092},{"created":"2016-01-18T01:43:22Z","user_id":"568ae6fe32373500039f0700","duration":3.412}]},{"data":{"value":"4000."},"votes":1,"confidence":0.25,"instances":[{"created":"2016-01-18T03:12:44Z","user_id":"569c4e873639390003690500","duration":22.678}]},{"data":{"value":"$4000."},"votes":1,"confidence":0.25,"instances":[{"created":"2016-09-21T00:00:59Z","user_id":"57c49a363234370003600200","duration":6.751}]}],"region":{"x":873.8318512530316,"y":665.6115282284909,"width":93.03152789005651,"height":39.87024129155691,"label":"Amount Loaned","shape":"rectangle"},"task_key":"em_record_amount_loaned","instructions":{"mark":"Amount Loaned","transcribe":"Enter the Amount Loaned"}},{"id":"580d8ce96164390003d47f02","status":"awaiting_votes","name":"Amount Loaned","created_in_workflow":"verify","confidence":0.3333333333333333,"data":{"value":"3000."},"versions":[{"data":{"value":"3000."},"votes":1,"confidence":0.3333333333333333,"instances":[{"created":"2016-09-21T00:52:22Z","user_id":"57c49a363234370003600200","duration":15.44}]}],"region":{"x":879.3694421988682,"y":693.299195792072,"width":80.84882780921589,"height":28.79517426612449,"label":"Amount Loaned","shape":"rectangle"},"task_key":"em_transcribed_amount_loaned","instructions":{"mark":"Amount Loaned","transcribe":"Enter the Amount Loaned","verify":"Choose the best transcription or enter your own!"}}]}],"export_document":{"name":"Record","export_fields":[{"name":"Mortgager","value":"Joanna McKeon","original_value":{"value":"Joanna McKeon"},"assertion_ids":["580d8ce96164390003cb7f02"]},{"name":"Street Address","value":"431 8th Av","original_value":{"value":"431 8th Av"},"assertion_ids":["580d8ce96164390003cc7f02"]},{"name":"Record Date","value":"1896-04-20T00:00:00Z","original_value":{"value":"April 20, 1896"},"assertion_ids":["580d8ce96164390003cf7f02"]},{"name":"Land \u0026 Building Dimensions","value":{"em_survey_land_dimensions":[24.666666666666668,100]},"original_value":{"em_survey_land_dimensions":"24.8 x 100"},"assertion_ids":["580d8ce96164390003c37f02"]},{"name":"Amount Loaned","value":4000.0,"original_value":{"value":"4000"},"assertion_ids":["580d8ce96164390003d37f02"]},{"name":"Stories \u0026 Materials","value":{"em_record_stories":5,"em_record_material":"br."},"original_value":{"em_record_stories":"5","em_record_material":"br."},"assertion_ids":["580d8ce96164390003c27f02"]},{"name":"Valuation","value":null,"original_value":null,"assertion_ids":null},{"name":"Record Number","value":4163,"original_value":{"value":"4163"},"assertion_ids":["580d8ce96164390003ca7f02"]}]}}