{"id":"56b10a4f7061755afb99c800","meta_data":{"capture_uuid":"13616790-02e7-0133-9b92-58d385a7bbd0","page_uri":"http://digitalcollections.nypl.org/items/13616790-02e7-0133-9b92-58d385a7bbd0","book_uri":"http://digitalcollections.nypl.org/items/109c0900-02e7-0133-03cf-58d385a7bbd0","source_rotated":"0.867204","source_x":"0","source_y":"868.56","source_w":"1372.7","source_h":"979.44"},"type":"final_subject_set","search_terms_by_field":{"Mortgager":["Denis Smith","Denis Smith"],"Street Address":["73 E 108 St","73 E 108 St"],"Land \u0026 Building Dimensions":["17 x 100","17 x 65","17 x 100.11","17 x 65"],"Stories \u0026 Materials":["4","4","br."],"Additional Info":[],"Record Date":["1892 December 27","Dec 27/92"],"Valuation Date":[],"Land \u0026 Building Value":["5000","7000","5000.","7000."],"Total Value":[],"Record Number":["3983","3983"],"Amount Loaned":["$6000.","$6000"]},"subjects":[{"id":"580d6cee6164390003463a01","type":"root","location":{"standard":"https://s3.amazonaws.com/scribe.nypl.org/emigrant-s4/full/13616790-02e7-0133-9b92-58d385a7bbd0.left-bottom.jpg","thumbnail":"https://s3.amazonaws.com/scribe.nypl.org/emigrant-s4/thumb/13616790-02e7-0133-9b92-58d385a7bbd0.left-bottom.jpg"},"status":"retired","width":1372,"height":979,"meta_data":{"capture_uuid":"13616790-02e7-0133-9b92-58d385a7bbd0","page_uri":"http://digitalcollections.nypl.org/items/13616790-02e7-0133-9b92-58d385a7bbd0","book_uri":"http://digitalcollections.nypl.org/items/109c0900-02e7-0133-03cf-58d385a7bbd0","source_rotated":"0.867204","source_x":"0","source_y":"868.56","source_w":"1372.7","source_h":"979.44"},"assertions":[{"id":"580d6cee6164390003473a01","status":"awaiting_transcriptions","name":"Land \u0026 Building Dimensions","created_in_workflow":"transcribe","confidence":0.3333333333333333,"data":{"em_survey_land_dimensions":"17 x 100","em_survey_building_dimensions":"17 x 65"},"versions":[{"data":{"em_survey_land_dimensions":"17 x 100","em_survey_building_dimensions":"17 x 65"},"votes":1,"confidence":0.3333333333333333,"instances":[{"created":"2015-11-21T15:36:29Z","user_id":"5650851d3064380003050200","duration":22.925}]},{"data":{"em_survey_land_dimensions":"17 x 100.11","em_survey_building_dimensions":"17 x 65"},"votes":1,"confidence":0.3333333333333333,"instances":[{"created":"2016-10-12T01:36:10Z","user_id":"57c49a363234370003600200","duration":29.644}]}],"region":{"x":297.0753517417908,"y":713.9602324869991,"width":305.0702579766651,"height":89.44468236973592,"label":"Dimension \u0026 Description","shape":"rectangle"},"task_key":"em_record_survey","instructions":{"mark":"Dimension \u0026 Description","transcribe":"Enter, as they appear, any land and building dimensions that were recorded. In the next screen, you'll enter the descriptive information."}},{"id":"580d6cee6164390003483a01","status":"awaiting_transcriptions","name":"Additional Info","created_in_workflow":"transcribe","confidence":0.6666666666666666,"data":{"value":""},"versions":[{"data":{"value":""},"votes":2,"confidence":0.6666666666666666,"instances":[{"created":"2015-11-21T15:36:39Z","user_id":"5650851d3064380003050200","duration":3.437},{"created":"2016-10-12T01:36:17Z","user_id":"57c49a363234370003600200","duration":1.141}]}],"region":{"x":297.0753517417908,"y":713.9602324869991,"width":305.0702579766651,"height":89.44468236973592,"label":"Dimension \u0026 Description","shape":"rectangle"},"task_key":"em_record_survey_additional_info","instructions":{"mark":"Dimension \u0026 Description","transcribe":"Enter any additional information you find about the building's construction or significance."}},{"id":"580d6cee6164390003493a01","status":"awaiting_transcriptions","name":"Stories \u0026 Materials","created_in_workflow":"transcribe","confidence":0.3333333333333333,"data":{"em_record_stories":"4","em_record_material":""},"versions":[{"data":{"em_record_stories":"4","em_record_material":""},"votes":1,"confidence":0.3333333333333333,"instances":[{"created":"2015-11-21T15:36:36Z","user_id":"5650851d3064380003050200","duration":6.397}]},{"data":{"em_record_stories":"4","em_record_material":"br."},"votes":1,"confidence":0.3333333333333333,"instances":[{"created":"2016-10-12T01:36:16Z","user_id":"57c49a363234370003600200","duration":6.378}]}],"region":{"x":297.0753517417908,"y":713.9602324869991,"width":305.0702579766651,"height":89.44468236973592,"label":"Dimension \u0026 Description","shape":"rectangle"},"task_key":"em_record_survey_stories_materials","instructions":{"mark":"Dimension \u0026 Description","transcribe":"Enter, as they appear, the number of stories and the building materials."}},{"id":"580d6cee61643900034a3a01","status":"awaiting_transcriptions","name":"Record Date","created_in_workflow":"transcribe","confidence":0.3333333333333333,"data":{"value":"1892 December 27"},"versions":[{"data":{"value":"1892 December 27"},"votes":1,"confidence":0.3333333333333333,"instances":[{"created":"2015-11-21T15:49:05Z","user_id":"564e49d539646600031a0b00","duration":7.961}]},{"data":{"value":"Dec 27/92"},"votes":1,"confidence":0.3333333333333333,"instances":[{"created":"2015-12-22T21:04:00Z","user_id":"5679b72e6165360003150000","duration":14.425}]}],"region":{"x":253.9502367398539,"y":582.9876618741715,"width":186.87549834172682,"height":62.29183236463757,"label":"Record Date","shape":"rectangle"},"task_key":"em_record_date","instructions":{"mark":"Record Date","transcribe":"Enter the record date"}},{"id":"580d6cee61643900034b3a01","status":"awaiting_transcriptions","name":"Valuation Date","created_in_workflow":"transcribe","confidence":0.3333333333333333,"data":{"value":""},"versions":[{"data":{"value":""},"votes":1,"confidence":0.3333333333333333,"instances":[{"created":"2015-11-21T15:33:43Z","user_id":"5650851d3064380003050200","duration":2.903}]},{"data":{"value":"Dec 27/92"},"votes":1,"confidence":0.3333333333333333,"instances":[{"created":"2016-10-12T01:34:53Z","user_id":"57c49a363234370003600200","duration":25.87}]}],"region":{"x":856.104620285418,"y":584.5848883450597,"width":130.972571487364,"height":89.44468236973592,"label":"Valuation","shape":"rectangle"},"task_key":"em_record_valuation","instructions":{"mark":"Valuation","transcribe":"Enter the date of the valuation (if one is given). In the next screen, you'll enter the valuation's dollar amounts."}},{"id":"580d6cee61643900034c3a01","status":"awaiting_transcriptions","name":"Land \u0026 Building Value","created_in_workflow":"transcribe","confidence":0.3333333333333333,"data":{"em_valuation_ground":"5000","em_valuation_building":"7000"},"versions":[{"data":{"em_valuation_ground":"5000","em_valuation_building":"7000"},"votes":1,"confidence":0.3333333333333333,"instances":[{"created":"2015-11-21T15:33:50Z","user_id":"5650851d3064380003050200","duration":6.938}]},{"data":{"em_valuation_ground":"5000.","em_valuation_building":"7000."},"votes":1,"confidence":0.3333333333333333,"instances":[{"created":"2016-10-12T01:35:05Z","user_id":"57c49a363234370003600200","duration":11.93}]}],"region":{"x":856.104620285418,"y":584.5848883450597,"width":130.972571487364,"height":89.44468236973592,"label":"Valuation","shape":"rectangle"},"task_key":"em_record_valuation_ground_building","instructions":{"mark":"Valuation","transcribe":"Sometimes valuations include itemized dollar values for \"ground\" and \"building\". Enter these amounts if you can find them. In the next screen, you'll enter the total valuation."}},{"id":"580d6cee61643900034d3a01","status":"awaiting_transcriptions","name":"Total Value","created_in_workflow":"transcribe","confidence":0.6666666666666666,"data":{"value":""},"versions":[{"data":{"value":""},"votes":2,"confidence":0.6666666666666666,"instances":[{"created":"2015-11-21T15:33:53Z","user_id":"5650851d3064380003050200","duration":2.344},{"created":"2016-10-12T01:35:06Z","user_id":"57c49a363234370003600200","duration":1.004}]}],"region":{"x":856.104620285418,"y":584.5848883450597,"width":130.972571487364,"height":89.44468236973592,"label":"Valuation","shape":"rectangle"},"task_key":"em_record_valuation_total","instructions":{"mark":"Valuation","transcribe":"Enter the valuation ***total*** (if one is given)"}},{"id":"580d6cee61643900034e3a01","status":"complete","name":"Record Number","created_in_workflow":"transcribe","confidence":1.0,"data":{"value":"3983"},"versions":[{"data":{"value":"3983"},"votes":3,"confidence":1.0,"instances":[{"created":"2015-11-11T13:56:04Z","user_id":"56433c843564380003fe2400","duration":364.353},{"created":"2015-11-11T15:15:15Z","user_id":"564207273636390003070600","duration":4.065},{"created":"2016-07-27T06:16:45Z","user_id":"5793c4c83134640003700000","duration":10.903}]}],"region":{"x":747.7448493395482,"y":54.45219361546937,"width":175.9972564877679,"height":93.34661762651892,"label":"Record Number","shape":"rectangle"},"task_key":"em_record_number","instructions":{"mark":"Record Number","transcribe":"Enter the record number"}},{"id":"580d6cee61643900034f3a01","status":"awaiting_votes","name":"Record Number","created_in_workflow":"verify","confidence":0.6666666666666666,"data":{"value":"3983"},"versions":[{"data":{"value":"3983"},"votes":2,"confidence":0.6666666666666666,"instances":[{"created":"2016-05-23T22:40:27Z","user_id":"563f8b7a3264340003774b00","duration":6.588},{"created":"2016-09-06T14:44:44Z","user_id":"57c49a363234370003600200","duration":17.688}]}],"region":{"x":750.6876725029055,"y":57.500152951973085,"width":119.79198611649156,"height":62.29183236463751,"label":"Record Number","shape":"rectangle"},"task_key":"em_transcribed_record_number","instructions":{"mark":"Record Number","transcribe":"Enter the record number","verify":"Choose the best transcription or enter your own!"}},{"id":"580d6cee6164390003503a01","status":"complete","name":"Mortgager","created_in_workflow":"transcribe","confidence":1.0,"data":{"value":"Denis Smith"},"versions":[{"data":{"value":"Denis Smith"},"votes":3,"confidence":1.0,"instances":[{"created":"2015-11-18T03:44:47Z","user_id":"564618af6363350003da0c00","duration":8.046},{"created":"2015-11-18T04:28:02Z","user_id":"5647496e3562310003960400","duration":9.773},{"created":"2016-10-04T13:00:39Z","user_id":"57c49a363234370003600200","duration":8.517}]}],"region":{"x":68.01710455678202,"y":613.8353589112188,"width":358.34715065141063,"height":71.33762279238488,"label":"Mortgager Name","shape":"rectangle"},"task_key":"em_record_mortgager","instructions":{"mark":"Mortgager Name","transcribe":"Enter the mortgager's name"}},{"id":"580d6cee6164390003513a01","status":"awaiting_votes","name":"Mortgager","created_in_workflow":"verify","confidence":0.6666666666666666,"data":{"value":"Denis Smith"},"versions":[{"data":{"value":"Denis Smith"},"votes":2,"confidence":0.6666666666666666,"instances":[{"created":"2016-05-23T22:36:56Z","user_id":"563f8b7a3264340003774b00","duration":8.392},{"created":"2016-09-06T14:35:59Z","user_id":"57c49a363234370003600200","duration":5.843}]}],"region":{"x":193.25563044083154,"y":629.3072295299277,"width":230.00061334366373,"height":46.31956765575603,"label":"Mortgager Name","shape":"rectangle"},"task_key":"em_transcribed_mortgager","instructions":{"mark":"Mortgager Name","transcribe":"Enter the mortgager's name","verify":"Choose the best transcription or enter your own!"}},{"id":"580d6cee6164390003523a01","status":"complete","name":"Street Address","created_in_workflow":"transcribe","confidence":1.0,"data":{"value":"73 E 108 St"},"versions":[{"data":{"value":"73 E 108 St"},"votes":3,"confidence":1.0,"instances":[{"created":"2015-11-18T03:45:33Z","user_id":"564618af6363350003da0c00","duration":11.575},{"created":"2015-11-18T04:28:44Z","user_id":"5647496e3562310003960400","duration":29.995},{"created":"2016-10-04T13:01:13Z","user_id":"57c49a363234370003600200","duration":11.332}]}],"region":{"x":66.3580899704329,"y":650.3336775491832,"width":431.34379245077207,"height":84.6097386607355,"label":"Street Address","shape":"rectangle"},"task_key":"em_record_street_address","instructions":{"mark":"Street Address","transcribe":"Enter the street address"}},{"id":"580d6cee6164390003533a01","status":"awaiting_votes","name":"Street Address","created_in_workflow":"verify","confidence":0.6666666666666666,"data":{"value":"73 E 108 St"},"versions":[{"data":{"value":"73 E 108 St"},"votes":2,"confidence":0.6666666666666666,"instances":[{"created":"2016-05-23T22:37:08Z","user_id":"563f8b7a3264340003774b00","duration":9.091},{"created":"2016-09-06T14:37:32Z","user_id":"57c49a363234370003600200","duration":6.399}]}],"region":{"x":237.9779719243217,"y":667.640664831243,"width":236.3895192698766,"height":52.70847353930867,"label":"Street Address","shape":"rectangle"},"task_key":"em_transcribed_address","instructions":{"mark":"Street Address","transcribe":"Enter the street address","verify":"Choose the best transcription or enter your own!"}},{"id":"580d6cee6164390003543a01","status":"awaiting_votes","name":"Land \u0026 Building Dimensions","created_in_workflow":"verify","confidence":0.6666666666666666,"data":{"em_survey_land_dimensions":"17 x 100.11","em_survey_building_dimensions":"17 x 65"},"versions":[{"data":{"em_survey_land_dimensions":"17 x 100.11","em_survey_building_dimensions":"17 x 65"},"votes":2,"confidence":0.6666666666666666,"instances":[{"created":"2016-08-07T23:28:49Z","user_id":"5750d4e061323000033d0000","duration":30.499},{"created":"2016-09-04T22:43:20Z","user_id":"57c49a363234370003600200","duration":16.281}]}],"region":{"x":93.34621057563751,"y":714.6850412030354,"width":530.9088510625486,"height":94.31897822679525,"label":"Dimension \u0026 Description","shape":"rectangle"},"task_key":"em_transcribed_survey","instructions":{"mark":"Dimension \u0026 Description","transcribe":"Enter, as they appear, any land and building dimensions that were recorded. In the next screen, you'll enter the descriptive information.","verify":"Choose the best transcription or enter your own!"}},{"id":"580d6cee6164390003553a01","status":"awaiting_votes","name":"Stories \u0026 Materials","created_in_workflow":"verify","confidence":0.3333333333333333,"data":{"em_record_stories":"4","em_record_material":"br."},"versions":[{"data":{"em_record_stories":"4","em_record_material":"br."},"votes":1,"confidence":0.3333333333333333,"instances":[{"created":"2016-10-02T17:35:55Z","user_id":"57c49a363234370003600200","duration":3.241}]}],"region":{"x":93.34621057563751,"y":714.6850412030354,"width":530.9088510625486,"height":94.31897822679525,"label":"Dimension \u0026 Description","shape":"rectangle"},"task_key":"em_transcribed_stories_materials","instructions":{"mark":"Dimension \u0026 Description","transcribe":"Enter, as they appear, the number of stories and the building materials.","verify":"Choose the best transcription or enter your own!"}},{"id":"580d6cee6164390003563a01","status":"complete","name":"Additional Info","created_in_workflow":"transcribe","confidence":1.0,"data":{"value":""},"versions":[{"data":{"value":""},"votes":3,"confidence":1.0,"instances":[{"created":"2015-11-11T09:31:26Z","user_id":"5642db573564380003651800","duration":0.827},{"created":"2016-08-03T17:00:01Z","user_id":"57a221ca6632370003000000","duration":0.915},{"created":"2016-08-03T17:00:07Z","user_id":"57a221ca6632370003000000","duration":3.79}]}],"region":{"x":93.34621057563751,"y":714.6850412030354,"width":530.9088510625486,"height":94.31897822679525,"label":"Dimension \u0026 Description","shape":"rectangle"},"task_key":"em_record_survey_additional_info","instructions":{"mark":"Dimension \u0026 Description","transcribe":"Enter any additional information you find about the building's construction or significance."}},{"id":"580d6cee6164390003573a01","status":"awaiting_votes","name":"Record Date","created_in_workflow":"verify","confidence":0.6666666666666666,"data":{"value":"Dec 27/92"},"versions":[{"data":{"value":"Dec 27/92"},"votes":2,"confidence":0.6666666666666666,"instances":[{"created":"2016-08-07T23:21:28Z","user_id":"5750d4e061323000033d0000","duration":10.203},{"created":"2016-09-04T22:42:50Z","user_id":"57c49a363234370003600200","duration":13.774}]}],"region":{"x":212.9465561446732,"y":583.4163601657433,"width":301.43176525529316,"height":63.203439017955475,"label":"Record Date","shape":"rectangle"},"task_key":"em_transcribed_date","instructions":{"mark":"Record Date","transcribe":"Enter the record date","verify":"Choose the best transcription or enter your own!"}},{"id":"580d6cee6164390003583a01","status":"awaiting_votes","name":"Land \u0026 Building Value","created_in_workflow":"verify","confidence":0.6666666666666666,"data":{"em_valuation_ground":"5000.","em_valuation_building":"7000."},"versions":[{"data":{"em_valuation_ground":"5000.","em_valuation_building":"7000."},"votes":2,"confidence":0.6666666666666666,"instances":[{"created":"2016-08-07T23:21:47Z","user_id":"5750d4e061323000033d0000","duration":6.728},{"created":"2016-09-04T22:43:04Z","user_id":"57c49a363234370003600200","duration":13.618}]}],"region":{"x":703.016264817795,"y":590.2228843676769,"width":316.01717325151697,"height":83.62301162375661,"label":"Valuation","shape":"rectangle"},"task_key":"em_transcribed_valuation_itemized","instructions":{"mark":"Valuation","transcribe":"Sometimes valuations include itemized dollar values for \"ground\" and \"building\". Enter these amounts if you can find them. In the next screen, you'll enter the total valuation.","verify":"Choose the best transcription or enter your own!"}},{"id":"580d6cee6164390003593a01","status":"awaiting_votes","name":"Valuation Date","created_in_workflow":"verify","confidence":0.3333333333333333,"data":{"value":""},"versions":[{"data":{"value":""},"votes":1,"confidence":0.3333333333333333,"instances":[{"created":"2016-08-07T23:12:22Z","user_id":"5750d4e061323000033d0000","duration":14.009}]}],"region":{"x":703.016264817795,"y":590.2228843676769,"width":316.01717325151697,"height":83.62301162375661,"label":"Valuation","shape":"rectangle"},"task_key":"em_transcribed_valuation_date","instructions":{"mark":"Valuation","transcribe":"Enter the date of the valuation (if one is given). In the next screen, you'll enter the valuation's dollar amounts.","verify":"Choose the best transcription or enter your own!"}},{"id":"580d6cee61643900035a3a01","status":"complete","name":"Total Value","created_in_workflow":"transcribe","confidence":1.0,"data":{"value":""},"versions":[{"data":{"value":""},"votes":4,"confidence":1.0,"instances":[{"created":"2015-11-11T09:31:01Z","user_id":"5642db573564380003651800","duration":0.894},{"created":"2016-07-27T06:18:55Z","user_id":"5793c4c83134640003700000","duration":1.667},{"created":"2016-08-03T16:55:18Z","user_id":"57a221ca6632370003000000","duration":4.796},{"created":"2016-10-02T17:47:38Z","user_id":"57c49a363234370003600200","duration":0.635}]}],"region":{"x":703.016264817795,"y":590.2228843676769,"width":316.01717325151697,"height":83.62301162375661,"label":"Valuation","shape":"rectangle"},"task_key":"em_record_valuation_total","instructions":{"mark":"Valuation","transcribe":"Enter the valuation ***total*** (if one is given)"}},{"id":"580d6cee61643900035b3a01","status":"awaiting_votes","name":"Amount Loaned","created_in_workflow":"verify","confidence":0.3333333333333333,"data":{"value":"$6000."},"versions":[{"data":{"value":"$6000."},"votes":1,"confidence":0.3333333333333333,"instances":[{"created":"2016-09-04T22:34:33Z","user_id":"57c49a363234370003600200","duration":10.51}]}],"region":{"x":844.0085421146257,"y":668.0117323897761,"width":154.60532475997286,"height":61.25871781740307,"label":"Amount Loaned","shape":"rectangle"},"task_key":"em_transcribed_amount_loaned","instructions":{"mark":"Amount Loaned","transcribe":"Enter the Amount Loaned","verify":"Choose the best transcription or enter your own!"}},{"id":"580d6cee61643900035c3a01","status":"awaiting_votes","name":"Amount Loaned","created_in_workflow":"verify","confidence":0.6666666666666666,"data":{"value":"$6000"},"versions":[{"data":{"value":"$6000"},"votes":2,"confidence":0.6666666666666666,"instances":[{"created":"2016-05-23T22:21:44Z","user_id":"563f8b7a3264340003774b00","duration":3.772},{"created":"2016-09-06T14:37:39Z","user_id":"57c49a363234370003600200","duration":2.894}]}],"region":{"x":864.0907526931841,"y":667.640664831243,"width":108.611400745619,"height":51.11124706842054,"label":"Amount Loaned","shape":"rectangle"},"task_key":"em_transcribed_amount_loaned","instructions":{"mark":"Amount Loaned","transcribe":"Enter the Amount Loaned","verify":"Choose the best transcription or enter your own!"}}]}],"export_document":{"name":"Record","export_fields":[{"name":"Mortgager","value":"Denis Smith","original_value":{"value":"Denis Smith"},"assertion_ids":["580d6cee6164390003503a01"]},{"name":"Street Address","value":"73 E 108 St","original_value":{"value":"73 E 108 St"},"assertion_ids":["580d6cee6164390003523a01"]},{"name":"Record Date","value":"1892-12-27T00:00:00Z","original_value":{"value":"Dec 27/92"},"assertion_ids":["580d6cee6164390003573a01"]},{"name":"Land \u0026 Building Dimensions","value":{"em_survey_land_dimensions":[17,100.91666666666667],"em_survey_building_dimensions":[17,65]},"original_value":{"em_survey_land_dimensions":"17 x 100.11","em_survey_building_dimensions":"17 x 65"},"assertion_ids":["580d6cee6164390003543a01"]},{"name":"Amount Loaned","value":6000.0,"original_value":{"value":"$6000"},"assertion_ids":["580d6cee61643900035c3a01"]},{"name":"Stories \u0026 Materials","value":{"em_record_stories":4,"em_record_material":""},"original_value":{"em_record_stories":"4","em_record_material":""},"assertion_ids":["580d6cee6164390003493a01"]},{"name":"Valuation","value":null,"original_value":null,"assertion_ids":null},{"name":"Record Number","value":3983,"original_value":{"value":"3983"},"assertion_ids":["580d6cee61643900034e3a01"]},{"name":"Additional Info","value":"","original_value":{"value":""},"assertion_ids":["580d6cee6164390003563a01"]}]}}