{"id":"56b10a8f7061755afb84cd00","meta_data":{"capture_uuid":"14841660-02e7-0133-792b-58d385a7bbd0","page_uri":"http://digitalcollections.nypl.org/items/14841660-02e7-0133-792b-58d385a7bbd0","book_uri":"http://digitalcollections.nypl.org/items/109c0900-02e7-0133-03cf-58d385a7bbd0","source_rotated":"0.867204","source_x":"0","source_y":"863.86","source_w":"1370.61","source_h":"974.14"},"type":"final_subject_set","search_terms_by_field":{"Land \u0026 Building Value":["$30000","15000","$30,000","$15,000"],"Valuation Date":[],"Total Value":[],"Record Number":["4079"],"Mortgager":["Thomas Kane"],"Street Address":["S.W. Cor. 3rd Ave \u0026 79th St."],"Land \u0026 Building Dimensions":["25.1 x 72","25 x 59"],"Stories \u0026 Materials":["5","br."],"Additional Info":[],"Record Date":["Nov. 13/93"],"Amount Loaned":["$10,000"]},"subjects":[{"id":"580db3bb61643900036e7d03","type":"root","location":{"standard":"https://s3.amazonaws.com/scribe.nypl.org/emigrant-s4/full/14841660-02e7-0133-792b-58d385a7bbd0.left-bottom.jpg","thumbnail":"https://s3.amazonaws.com/scribe.nypl.org/emigrant-s4/thumb/14841660-02e7-0133-792b-58d385a7bbd0.left-bottom.jpg"},"status":"retired","width":1370,"height":974,"meta_data":{"capture_uuid":"14841660-02e7-0133-792b-58d385a7bbd0","page_uri":"http://digitalcollections.nypl.org/items/14841660-02e7-0133-792b-58d385a7bbd0","book_uri":"http://digitalcollections.nypl.org/items/109c0900-02e7-0133-03cf-58d385a7bbd0","source_rotated":"0.867204","source_x":"0","source_y":"863.86","source_w":"1370.61","source_h":"974.14"},"assertions":[{"id":"580db3bb61643900036f7d03","status":"awaiting_votes","name":"Land \u0026 Building Value","created_in_workflow":"verify","confidence":0.3333333333333333,"data":{"em_valuation_ground":"$30000","em_valuation_building":"15000"},"versions":[{"data":{"em_valuation_ground":"$30000","em_valuation_building":"15000"},"votes":1,"confidence":0.3333333333333333,"instances":[{"created":"2016-09-25T12:40:25Z","user_id":"57c49a363234370003600200","duration":11.714}]}],"region":{"x":815.6103671341867,"y":578.6828834836555,"width":181.27416026084177,"height":92.96110578050684,"label":"Valuation","shape":"rectangle"},"task_key":"em_transcribed_valuation_itemized","instructions":{"mark":"Valuation","transcribe":"Sometimes valuations include itemized dollar values for \"ground\" and \"building\". Enter these amounts if you can find them. In the next screen, you'll enter the total valuation.","verify":"Choose the best transcription or enter your own!"}},{"id":"580db3bb6164390003707d03","status":"awaiting_transcriptions","name":"Valuation Date","created_in_workflow":"transcribe","confidence":0.6666666666666666,"data":{"value":""},"versions":[{"data":{"value":""},"votes":2,"confidence":0.6666666666666666,"instances":[{"created":"2016-03-01T00:09:11Z","user_id":"56d4da4f6463300003ca0100","duration":6.522},{"created":"2016-03-01T00:56:10Z","user_id":"563f8b7a3264340003774b00","duration":2.483}]}],"region":{"x":815.6103671341867,"y":578.6828834836555,"width":181.27416026084177,"height":92.96110578050684,"label":"Valuation","shape":"rectangle"},"task_key":"em_record_valuation","instructions":{"mark":"Valuation","transcribe":"Enter the date of the valuation (if one is given). In the next screen, you'll enter the valuation's dollar amounts."}},{"id":"580db3bb6164390003717d03","status":"awaiting_transcriptions","name":"Total Value","created_in_workflow":"transcribe","confidence":0.6666666666666666,"data":{"value":""},"versions":[{"data":{"value":""},"votes":2,"confidence":0.6666666666666666,"instances":[{"created":"2016-03-01T00:09:26Z","user_id":"56d4da4f6463300003ca0100","duration":0.522},{"created":"2016-03-01T00:56:29Z","user_id":"563f8b7a3264340003774b00","duration":0.885}]}],"region":{"x":815.6103671341867,"y":578.6828834836555,"width":181.27416026084177,"height":92.96110578050684,"label":"Valuation","shape":"rectangle"},"task_key":"em_record_valuation_total","instructions":{"mark":"Valuation","transcribe":"Enter the valuation ***total*** (if one is given)"}},{"id":"580db3bb6164390003727d03","status":"complete","name":"Land \u0026 Building Value","created_in_workflow":"verify","confidence":1.0,"data":{"em_valuation_ground":"$30,000","em_valuation_building":"$15,000"},"versions":[{"data":{"em_valuation_ground":"$30,000","em_valuation_building":"$15,000"},"votes":2,"confidence":0.6666666666666666,"instances":[{"created":"2016-04-24T12:38:05Z","user_id":"571cb8be30303100032f0000","duration":5.944},{"created":"2016-04-24T20:04:34Z","user_id":"571d28e630303100036d0300","duration":14.268}]},{"data":{"em_valuation_ground":"$30000","em_valuation_building":"15000"},"votes":1,"confidence":0.3333333333333333,"instances":[{"created":"2016-04-24T19:53:49Z","user_id":"571d23a53030310003370200","duration":11.419}]}],"region":{"x":688.937020197697,"y":589.4574972204487,"width":267.33561216322823,"height":86.77515572464584,"label":"Valuation","shape":"rectangle"},"task_key":"em_transcribed_valuation_itemized","instructions":{"mark":"Valuation","transcribe":"Sometimes valuations include itemized dollar values for \"ground\" and \"building\". Enter these amounts if you can find them. In the next screen, you'll enter the total valuation.","verify":"Choose the best transcription or enter your own!"}},{"id":"580db3bb6164390003737d03","status":"complete","name":"Record Number","created_in_workflow":"transcribe","confidence":1.0,"data":{"value":"4079"},"versions":[{"data":{"value":"4079"},"votes":3,"confidence":1.0,"instances":[{"created":"2015-11-13T18:44:27Z","user_id":"564618af6363350003da0c00","duration":3.552},{"created":"2015-11-13T19:14:56Z","user_id":"5646061e63633500031e0b00","duration":6.075},{"created":"2015-11-13T20:13:35Z","user_id":"5646401161613700030e0300","duration":4.103}]}],"region":{"x":674.0363467328615,"y":73.62740485727534,"width":181.43761218946986,"height":61.356170714396114,"label":"Record Number","shape":"rectangle"},"task_key":"em_record_number","instructions":{"mark":"Record Number","transcribe":"Enter the record number"}},{"id":"580db3bb6164390003747d03","status":"complete","name":"Mortgager","created_in_workflow":"transcribe","confidence":1.0,"data":{"value":"Thomas Kane"},"versions":[{"data":{"value":"Thomas Kane"},"votes":4,"confidence":1.0,"instances":[{"created":"2015-11-13T20:12:19Z","user_id":"564618af6363350003da0c00","duration":9.899},{"created":"2015-11-13T21:11:53Z","user_id":"5646514461613700034f0500","duration":5.392},{"created":"2015-11-13T21:15:19Z","user_id":"5646529161613700039c0500","duration":6.045},{"created":"2015-11-13T21:16:22Z","user_id":"564652eb6161370003b00500","duration":7.388}]}],"region":{"x":74.50336732417844,"y":625.3946829245947,"width":344.4685100988486,"height":63.10920416337888,"label":"Mortgager Name","shape":"rectangle"},"task_key":"em_record_mortgager","instructions":{"mark":"Mortgager Name","transcribe":"Enter the mortgager's name"}},{"id":"580db3bb6164390003757d03","status":"complete","name":"Street Address","created_in_workflow":"verify","confidence":1.0,"data":{"value":"S.W. Cor. 3rd Ave \u0026 79th St."},"versions":[{"data":{"value":"S.W. Cor. 3rd Ave \u0026 79th St."},"votes":3,"confidence":1.0,"instances":[{"created":"2016-04-18T01:53:08Z","user_id":"563f8b7a3264340003774b00","duration":24.962},{"created":"2016-04-24T12:42:32Z","user_id":"571cb8be30303100032f0000","duration":17.616},{"created":"2016-04-24T19:56:51Z","user_id":"571d23a53030310003370200","duration":6.148}]}],"region":{"x":75.3798775279923,"y":667.4674857001809,"width":522.400081473063,"height":58.726620540922,"label":"Street Address","shape":"rectangle"},"task_key":"em_transcribed_address","instructions":{"mark":"Street Address","transcribe":"Enter the street address","verify":"Choose the best transcription or enter your own!"}},{"id":"580db3bb6164390003767d03","status":"awaiting_votes","name":"Land \u0026 Building Dimensions","created_in_workflow":"verify","confidence":0.6666666666666666,"data":{"em_survey_land_dimensions":"25.1 x 72","em_survey_building_dimensions":"25 x 59"},"versions":[{"data":{"em_survey_land_dimensions":"25.1 x 72","em_survey_building_dimensions":"25 x 59"},"votes":2,"confidence":0.6666666666666666,"instances":[{"created":"2016-09-05T18:08:51Z","user_id":"57c49a363234370003600200","duration":10.38},{"created":"2016-09-23T01:34:40Z","user_id":"5750d4e061323000033d0000","duration":9.248}]}],"region":{"x":76.25638773180617,"y":713.0463553737321,"width":520.6470610654353,"height":93.7872895205769,"label":"Dimension \u0026 Description","shape":"rectangle"},"task_key":"em_transcribed_survey","instructions":{"mark":"Dimension \u0026 Description","transcribe":"Enter, as they appear, any land and building dimensions that were recorded. In the next screen, you'll enter the descriptive information.","verify":"Choose the best transcription or enter your own!"}},{"id":"580db3bb6164390003777d03","status":"awaiting_votes","name":"Stories \u0026 Materials","created_in_workflow":"verify","confidence":0.3333333333333333,"data":{"em_record_stories":"5","em_record_material":"br."},"versions":[{"data":{"em_record_stories":"5","em_record_material":"br."},"votes":1,"confidence":0.3333333333333333,"instances":[{"created":"2016-10-02T23:29:41Z","user_id":"57c49a363234370003600200","duration":6.41}]}],"region":{"x":76.25638773180617,"y":713.0463553737321,"width":520.6470610654353,"height":93.7872895205769,"label":"Dimension \u0026 Description","shape":"rectangle"},"task_key":"em_transcribed_stories_materials","instructions":{"mark":"Dimension \u0026 Description","transcribe":"Enter, as they appear, the number of stories and the building materials.","verify":"Choose the best transcription or enter your own!"}},{"id":"580db3bb6164390003787d03","status":"awaiting_transcriptions","name":"Additional Info","created_in_workflow":"transcribe","confidence":0.3333333333333333,"data":{"value":""},"versions":[{"data":{"value":""},"votes":1,"confidence":0.3333333333333333,"instances":[{"created":"2016-09-01T20:41:52Z","user_id":"57c881a13530620003d20000","duration":1.13}]}],"region":{"x":76.25638773180617,"y":713.0463553737321,"width":520.6470610654353,"height":93.7872895205769,"label":"Dimension \u0026 Description","shape":"rectangle"},"task_key":"em_record_survey_additional_info","instructions":{"mark":"Dimension \u0026 Description","transcribe":"Enter any additional information you find about the building's construction or significance."}},{"id":"580db3bb6164390003797d03","status":"complete","name":"Record Date","created_in_workflow":"verify","confidence":1.0,"data":{"value":"Nov. 13/93"},"versions":[{"data":{"value":"Nov. 13/93"},"votes":3,"confidence":1.0,"instances":[{"created":"2016-04-17T13:48:19Z","user_id":"563f8b7a3264340003774b00","duration":4.319},{"created":"2016-04-23T20:39:21Z","user_id":"571bd7356231330003640200","duration":6.913},{"created":"2016-04-24T12:29:32Z","user_id":"571cb8be30303100032f0000","duration":7.647}]}],"region":{"x":74.50336732417846,"y":587.7044637714658,"width":330.44434683782663,"height":50.83797002049958,"label":"Record Date","shape":"rectangle"},"task_key":"em_transcribed_date","instructions":{"mark":"Record Date","transcribe":"Enter the record date","verify":"Choose the best transcription or enter your own!"}},{"id":"580db3bb61643900037a7d03","status":"complete","name":"Amount Loaned","created_in_workflow":"verify","confidence":1.0,"data":{"value":"$10,000"},"versions":[{"data":{"value":"$10,000"},"votes":2,"confidence":0.6666666666666666,"instances":[{"created":"2016-04-24T12:38:30Z","user_id":"571cb8be30303100032f0000","duration":2.481},{"created":"2016-04-24T19:54:01Z","user_id":"571d23a53030310003370200","duration":1.709}]},{"data":{"value":"$10000"},"votes":1,"confidence":0.3333333333333333,"instances":[{"created":"2016-04-18T01:50:02Z","user_id":"563f8b7a3264340003774b00","duration":4.752}]}],"region":{"x":688.9370201976972,"y":673.6031027716203,"width":265.5825917556008,"height":44.702352949060014,"label":"Amount Loaned","shape":"rectangle"},"task_key":"em_transcribed_amount_loaned","instructions":{"mark":"Amount Loaned","transcribe":"Enter the Amount Loaned","verify":"Choose the best transcription or enter your own!"}}]}],"export_document":{"name":"Record","export_fields":[{"name":"Mortgager","value":"Thomas Kane","original_value":{"value":"Thomas Kane"},"assertion_ids":["580db3bb6164390003747d03"]},{"name":"Street Address","value":"S.W. Cor. 3rd Ave \u0026 79th St.","original_value":{"value":"S.W. Cor. 3rd Ave \u0026 79th St."},"assertion_ids":["580db3bb6164390003757d03"]},{"name":"Record Date","value":"1893-11-13T00:00:00Z","original_value":{"value":"Nov. 13/93"},"assertion_ids":["580db3bb6164390003797d03"]},{"name":"Land \u0026 Building Dimensions","value":{"em_survey_land_dimensions":[25.083333333333332,72],"em_survey_building_dimensions":[25,59]},"original_value":{"em_survey_land_dimensions":"25.1 x 72","em_survey_building_dimensions":"25 x 59"},"assertion_ids":["580db3bb6164390003767d03"]},{"name":"Amount Loaned","value":10000.0,"original_value":{"value":"$10,000"},"assertion_ids":["580db3bb61643900037a7d03"]},{"name":"Stories \u0026 Materials","value":{"em_record_stories":5,"em_record_material":"br."},"original_value":{"em_record_stories":"5","em_record_material":"br."},"assertion_ids":["580db3bb6164390003777d03"]},{"name":"Valuation","value":null,"original_value":null,"assertion_ids":null},{"name":"Record Number","value":4079,"original_value":{"value":"4079"},"assertion_ids":["580db3bb6164390003737d03"]},{"name":"Additional Info","value":"","original_value":{"value":""},"assertion_ids":["580db3bb6164390003787d03"]}]}}