{"id":"56b10a8d7061755afb60cd00","meta_data":{"capture_uuid":"147be020-02e7-0133-26da-58d385a7bbd0","page_uri":"http://digitalcollections.nypl.org/items/147be020-02e7-0133-26da-58d385a7bbd0","book_uri":"http://digitalcollections.nypl.org/items/109c0900-02e7-0133-03cf-58d385a7bbd0","source_rotated":"1.00705","source_x":"1219.18","source_y":"0","source_w":"1374.82","source_h":"905.52"},"type":"final_subject_set","search_terms_by_field":{"Record Number":["4076"],"Mortgager":["Edwin A. Dobbins"],"Street Address":["N.S. 139 St   200 ft W of Boulevard"],"Stories \u0026 Materials":[],"Additional Info":[],"Land \u0026 Building Dimensions":["225 x 99.11"],"Record Date":["Oct. 9/93"],"Total Value":["30000"],"Valuation Date":[],"Land \u0026 Building Value":["18000"],"Amount Loaned":["$7000"]},"subjects":[{"id":"580da0316164390003caf502","type":"root","location":{"standard":"https://s3.amazonaws.com/scribe.nypl.org/emigrant-s4/full/147be020-02e7-0133-26da-58d385a7bbd0.right-top.jpg","thumbnail":"https://s3.amazonaws.com/scribe.nypl.org/emigrant-s4/thumb/147be020-02e7-0133-26da-58d385a7bbd0.right-top.jpg"},"status":"retired","width":1374,"height":905,"meta_data":{"capture_uuid":"147be020-02e7-0133-26da-58d385a7bbd0","page_uri":"http://digitalcollections.nypl.org/items/147be020-02e7-0133-26da-58d385a7bbd0","book_uri":"http://digitalcollections.nypl.org/items/109c0900-02e7-0133-03cf-58d385a7bbd0","source_rotated":"1.00705","source_x":"1219.18","source_y":"0","source_w":"1374.82","source_h":"905.52"},"assertions":[{"id":"580da0316164390003cbf502","status":"complete","name":"Record Number","created_in_workflow":"transcribe","confidence":1.0,"data":{"value":"4076"},"versions":[{"data":{"value":"4076"},"votes":3,"confidence":1.0,"instances":[{"created":"2015-11-09T22:03:38Z","user_id":"5641537261616500034e4f00","duration":2.384},{"created":"2015-11-10T01:16:24Z","user_id":"564138c461616500038e3700","duration":5.791},{"created":"2015-11-10T01:38:10Z","user_id":"564145706161650003bc3f00","duration":3.035}]}],"region":{"x":801.6490317537811,"y":99.54027926960256,"width":115.5378181039498,"height":63.1014270369802,"label":"Record Number","shape":"rectangle"},"task_key":"em_record_number","instructions":{"mark":"Record Number","transcribe":"Enter the record number"}},{"id":"580da0316164390003ccf502","status":"complete","name":"Mortgager","created_in_workflow":"verify","confidence":1.0,"data":{"value":"Edwin A. Dobbins"},"versions":[{"data":{"value":"Edwin A. Dobbins"},"votes":3,"confidence":1.0,"instances":[{"created":"2015-12-17T01:10:04Z","user_id":"5647496e3562310003960400","duration":12.621},{"created":"2016-01-02T20:17:57Z","user_id":"56748e5e3564620003fd0100","duration":7.884},{"created":"2016-02-03T14:06:05Z","user_id":"56980a2d3337650003270200","duration":11.993}]}],"region":{"x":248.84500974872893,"y":660.3431026545957,"width":298.6208221763626,"height":58.657664569587155,"label":"Mortgager Name","shape":"rectangle"},"task_key":"em_transcribed_mortgager","instructions":{"mark":"Mortgager Name","transcribe":"Enter the mortgager's name","verify":"Choose the best transcription or enter your own!"}},{"id":"580da0316164390003cdf502","status":"awaiting_votes","name":"Street Address","created_in_workflow":"verify","confidence":0.6666666666666666,"data":{"value":"N.S. 139 St   200 ft W of Boulevard"},"versions":[{"data":{"value":"N.S. 139 St   200 ft W of Boulevard"},"votes":2,"confidence":0.6666666666666666,"instances":[{"created":"2016-02-09T23:18:40Z","user_id":"56980a2d3337650003270200","duration":48.229},{"created":"2016-09-23T18:02:16Z","user_id":"57c49a363234370003600200","duration":9.932}]}],"region":{"x":255.06627687740314,"y":703.8919748350468,"width":469.26129199142684,"height":62.21267454350155,"label":"Street Address","shape":"rectangle"},"task_key":"em_transcribed_address","instructions":{"mark":"Street Address","transcribe":"Enter the street address","verify":"Choose the best transcription or enter your own!"}},{"id":"580da0316164390003cef502","status":"awaiting_votes","name":"Stories \u0026 Materials","created_in_workflow":"transcribe","confidence":0.6666666666666666,"data":{"em_record_stories":""},"versions":[{"data":{"em_record_stories":""},"votes":2,"confidence":0.6666666666666666,"instances":[{"created":"2015-11-10T01:22:57Z","user_id":"56413bb26161650003b53900","duration":1.368},{"created":"2015-11-10T01:41:26Z","user_id":"5640f7566161650003170400","duration":0.519}]},{"data":{"em_record_stories":"","em_record_material":""},"votes":1,"confidence":0.3333333333333333,"instances":[{"created":"2016-07-17T02:50:30Z","user_id":"5750d4e061323000033d0000","duration":2.084}]}],"region":{"x":143.08346856126718,"y":751.8846094828908,"width":431.93368921938156,"height":83.54273438698783,"label":"Dimension \u0026 Description","shape":"rectangle"},"task_key":"em_record_survey_stories_materials","instructions":{"mark":"Dimension \u0026 Description","transcribe":"Enter, as they appear, the number of stories and the building materials."}},{"id":"580da0316164390003cff502","status":"complete","name":"Additional Info","created_in_workflow":"transcribe","confidence":1.0,"data":{"value":""},"versions":[{"data":{"value":""},"votes":3,"confidence":1.0,"instances":[{"created":"2015-11-10T01:22:57Z","user_id":"56413bb26161650003b53900","duration":0.54},{"created":"2015-11-10T01:41:26Z","user_id":"5640f7566161650003170400","duration":0.721},{"created":"2016-07-17T02:50:32Z","user_id":"5750d4e061323000033d0000","duration":1.454}]}],"region":{"x":143.08346856126718,"y":751.8846094828908,"width":431.93368921938156,"height":83.54273438698783,"label":"Dimension \u0026 Description","shape":"rectangle"},"task_key":"em_record_survey_additional_info","instructions":{"mark":"Dimension \u0026 Description","transcribe":"Enter any additional information you find about the building's construction or significance."}},{"id":"580da0316164390003d0f502","status":"complete","name":"Land \u0026 Building Dimensions","created_in_workflow":"verify","confidence":1.0,"data":{"em_survey_land_dimensions":"225 x 99.11"},"versions":[{"data":{"em_survey_land_dimensions":"225 x 99.11"},"votes":4,"confidence":1.0,"instances":[{"created":"2016-01-24T08:35:13Z","user_id":"56748e5e3564620003fd0100","duration":13.721},{"created":"2016-02-07T21:54:48Z","user_id":"56980a2d3337650003270200","duration":15.687},{"created":"2016-03-05T20:25:43Z","user_id":"563f8b7a3264340003774b00","duration":12.408},{"created":"2016-08-31T16:23:43Z","user_id":"57c49a363234370003600200","duration":14.445}]}],"region":{"x":143.08346856126718,"y":751.8846094828908,"width":431.93368921938156,"height":83.54273438698783,"label":"Dimension \u0026 Description","shape":"rectangle"},"task_key":"em_transcribed_survey","instructions":{"mark":"Dimension \u0026 Description","transcribe":"Enter, as they appear, any land and building dimensions that were recorded. In the next screen, you'll enter the descriptive information.","verify":"Choose the best transcription or enter your own!"}},{"id":"580da0316164390003d1f502","status":"complete","name":"Record Date","created_in_workflow":"verify","confidence":1.0,"data":{"value":"Oct. 9/93"},"versions":[{"data":{"value":"Oct. 9/93"},"votes":3,"confidence":0.6,"instances":[{"created":"2015-11-26T22:50:58Z","user_id":"5647496e3562310003960400","duration":4.095},{"created":"2015-12-05T19:04:48Z","user_id":"563cbf4b65326200030e0d00","duration":15.039},{"created":"2016-09-12T21:07:39Z","user_id":"57c49a363234370003600200","duration":4.324}]},{"data":{"value":"1893 October 9"},"votes":2,"confidence":0.4,"instances":[{"created":"2015-11-20T01:19:25Z","user_id":"563f8b7a3264340003774b00","duration":9.504},{"created":"2015-12-01T03:15:46Z","user_id":"563bfc7535326200037f3900","duration":5.018}]}],"region":{"x":292.3938796494485,"y":620.3492404480588,"width":208.8568250340631,"height":63.99017953045882,"label":"Record Date","shape":"rectangle"},"task_key":"em_transcribed_date","instructions":{"mark":"Record Date","transcribe":"Enter the record date","verify":"Choose the best transcription or enter your own!"}},{"id":"580da0316164390003d2f502","status":"complete","name":"Valuation Date","created_in_workflow":"transcribe","confidence":1.0,"data":{"value":""},"versions":[{"data":{"value":""},"votes":3,"confidence":1.0,"instances":[{"created":"2015-11-10T01:21:44Z","user_id":"56413bb26161650003b53900","duration":9.143},{"created":"2015-11-10T01:40:17Z","user_id":"5640f7566161650003170400","duration":3.159},{"created":"2016-07-17T02:48:34Z","user_id":"5750d4e061323000033d0000","duration":22.032}]}],"region":{"x":758.1001618530615,"y":615.9054779806659,"width":466.5950346505665,"height":95.09651680220963,"label":"Valuation","shape":"rectangle"},"task_key":"em_record_valuation","instructions":{"mark":"Valuation","transcribe":"Enter the date of the valuation (if one is given). In the next screen, you'll enter the valuation's dollar amounts."}},{"id":"580da0316164390003d3f502","status":"complete","name":"Land \u0026 Building Value","created_in_workflow":"verify","confidence":1.0,"data":{"em_valuation_ground":"18000"},"versions":[{"data":{"em_valuation_ground":"18000"},"votes":4,"confidence":1.0,"instances":[{"created":"2016-01-24T08:30:31Z","user_id":"56748e5e3564620003fd0100","duration":21.0},{"created":"2016-02-07T21:53:51Z","user_id":"56980a2d3337650003270200","duration":15.644},{"created":"2016-03-05T20:15:17Z","user_id":"563f8b7a3264340003774b00","duration":13.931},{"created":"2016-08-31T16:23:03Z","user_id":"57c49a363234370003600200","duration":36.139}]}],"region":{"x":758.1001618530615,"y":615.9054779806659,"width":466.5950346505665,"height":95.09651680220963,"label":"Valuation","shape":"rectangle"},"task_key":"em_transcribed_valuation_itemized","instructions":{"mark":"Valuation","transcribe":"Sometimes valuations include itemized dollar values for \"ground\" and \"building\". Enter these amounts if you can find them. In the next screen, you'll enter the total valuation.","verify":"Choose the best transcription or enter your own!"}},{"id":"580da0316164390003d4f502","status":"complete","name":"Total Value","created_in_workflow":"verify","confidence":1.0,"data":{"value":"30000"},"versions":[{"data":{"value":"30000"},"votes":4,"confidence":1.0,"instances":[{"created":"2016-01-10T17:30:06Z","user_id":"56748e5e3564620003fd0100","duration":7.399},{"created":"2016-02-07T21:51:19Z","user_id":"56980a2d3337650003270200","duration":9.704},{"created":"2016-03-05T20:29:13Z","user_id":"563f8b7a3264340003774b00","duration":5.501},{"created":"2016-10-01T22:02:47Z","user_id":"57c49a363234370003600200","duration":3.362}]}],"region":{"x":758.1001618530615,"y":615.9054779806659,"width":466.5950346505665,"height":95.09651680220963,"label":"Valuation","shape":"rectangle"},"task_key":"em_transcribed_valuation_total","instructions":{"mark":"Valuation","transcribe":"Enter the valuation ***total*** (if one is given)","verify":"Choose the best transcription or enter your own!"}},{"id":"580da0316164390003d5f502","status":"complete","name":"Amount Loaned","created_in_workflow":"verify","confidence":1.0,"data":{"value":"$7000"},"versions":[{"data":{"value":"$7000"},"votes":4,"confidence":0.8,"instances":[{"created":"2016-02-08T23:04:12Z","user_id":"56980a2d3337650003270200","duration":7.165},{"created":"2016-03-05T20:29:25Z","user_id":"563f8b7a3264340003774b00","duration":4.236},{"created":"2016-03-07T21:57:59Z","user_id":"5668b33530333000032d0500","duration":4.699},{"created":"2016-03-07T21:59:33Z","user_id":"56ddf6f737316600030d0000","duration":22.472}]},{"data":{"value":"$7,000"},"votes":1,"confidence":0.2,"instances":[{"created":"2016-03-07T10:46:37Z","user_id":"56dd54356561330003360100","duration":7.526}]}],"region":{"x":829.2003576093383,"y":710.1132422893969,"width":179.527994284599,"height":54.2139021021942,"label":"Amount Loaned","shape":"rectangle"},"task_key":"em_transcribed_amount_loaned","instructions":{"mark":"Amount Loaned","transcribe":"Enter the Amount Loaned","verify":"Choose the best transcription or enter your own!"}}]}],"export_document":{"name":"Record","export_fields":[{"name":"Mortgager","value":"Edwin A. Dobbins","original_value":{"value":"Edwin A. Dobbins"},"assertion_ids":["580da0316164390003ccf502"]},{"name":"Street Address","value":"N.S. 139 St   200 ft W of Boulevard","original_value":{"value":"N.S. 139 St   200 ft W of Boulevard"},"assertion_ids":["580da0316164390003cdf502"]},{"name":"Record Date","value":"1893-10-09T00:00:00Z","original_value":{"value":"Oct. 9/93"},"assertion_ids":["580da0316164390003d1f502"]},{"name":"Land \u0026 Building Dimensions","value":{"em_survey_land_dimensions":[225,99.91666666666667]},"original_value":{"em_survey_land_dimensions":"225 x 99.11"},"assertion_ids":["580da0316164390003d0f502"]},{"name":"Amount Loaned","value":7000.0,"original_value":{"value":"$7000"},"assertion_ids":["580da0316164390003d5f502"]},{"name":"Stories \u0026 Materials","value":{"em_record_stories":null},"original_value":{"em_record_stories":""},"assertion_ids":["580da0316164390003cef502"]},{"name":"Valuation","value":null,"original_value":null,"assertion_ids":null},{"name":"Record Number","value":4076,"original_value":{"value":"4076"},"assertion_ids":["580da0316164390003cbf502"]},{"name":"Additional Info","value":"","original_value":{"value":""},"assertion_ids":["580da0316164390003cff502"]}]}}