{"id":"56b10a487061755afb05c800","meta_data":{"capture_uuid":"13442050-02e7-0133-afbf-58d385a7bbd0","page_uri":"http://digitalcollections.nypl.org/items/13442050-02e7-0133-afbf-58d385a7bbd0","book_uri":"http://digitalcollections.nypl.org/items/109c0900-02e7-0133-03cf-58d385a7bbd0","source_rotated":"0.895174","source_x":"1216.33","source_y":"868.0899999999999","source_w":"1371.67","source_h":"978.9100000000001"},"type":"final_subject_set","search_terms_by_field":{"Record Number":["3973"],"Mortgager":["Wm. Sperb Jr"],"Street Address":["624 - 6 Ave","624 - 6 Ave"],"Land \u0026 Building Dimensions":["20.6 7/8 x 100","20 x 95"],"Stories \u0026 Materials":["1","br."],"Additional Info":[],"Record Date":["Nov 28/92"],"Total Value":[],"Land \u0026 Building Value":["$30000","10000"],"Valuation Date":[],"Amount Loaned":["$20000"]},"subjects":[{"id":"580d792e6164390003e2b701","type":"root","location":{"standard":"https://s3.amazonaws.com/scribe.nypl.org/emigrant-s4/full/13442050-02e7-0133-afbf-58d385a7bbd0.right-bottom.jpg","thumbnail":"https://s3.amazonaws.com/scribe.nypl.org/emigrant-s4/thumb/13442050-02e7-0133-afbf-58d385a7bbd0.right-bottom.jpg"},"status":"retired","width":1371,"height":978,"meta_data":{"capture_uuid":"13442050-02e7-0133-afbf-58d385a7bbd0","page_uri":"http://digitalcollections.nypl.org/items/13442050-02e7-0133-afbf-58d385a7bbd0","book_uri":"http://digitalcollections.nypl.org/items/109c0900-02e7-0133-03cf-58d385a7bbd0","source_rotated":"0.895174","source_x":"1216.33","source_y":"868.0899999999999","source_w":"1371.67","source_h":"978.9100000000001"},"assertions":[{"id":"580d792e6164390003e3b701","status":"complete","name":"Record Number","created_in_workflow":"transcribe","confidence":1.0,"data":{"value":"3973"},"versions":[{"data":{"value":"3973"},"votes":3,"confidence":1.0,"instances":[{"created":"2015-11-12T18:26:31Z","user_id":"5644d42661353000038a1200","duration":4.45},{"created":"2015-11-12T20:47:15Z","user_id":"5644f83e6334620003670400","duration":11.798},{"created":"2015-11-12T21:25:14Z","user_id":"5645035c6135300003711800","duration":5.265}]}],"region":{"x":395.401406255671,"y":61.14490394008466,"width":586.9910865383451,"height":66.58000651253663,"label":"Record Number","shape":"rectangle"},"task_key":"em_record_number","instructions":{"mark":"Record Number","transcribe":"Enter the record number"}},{"id":"580d792e6164390003e4b701","status":"awaiting_votes","name":"Mortgager","created_in_workflow":"verify","confidence":0.6666666666666666,"data":{"value":"Wm. Sperb Jr"},"versions":[{"data":{"value":"Wm. Sperb Jr"},"votes":2,"confidence":0.6666666666666666,"instances":[{"created":"2016-08-28T20:44:40Z","user_id":"5750d4e061323000033d0000","duration":11.845},{"created":"2016-09-05T13:27:54Z","user_id":"57c49a363234370003600200","duration":13.188}]}],"region":{"x":133.15770324201216,"y":622.3192445457506,"width":578.8384325586455,"height":58.42735265385869,"label":"Mortgager Name","shape":"rectangle"},"task_key":"em_transcribed_mortgager","instructions":{"mark":"Mortgager Name","transcribe":"Enter the mortgager's name","verify":"Choose the best transcription or enter your own!"}},{"id":"580d792e6164390003e5b701","status":"complete","name":"Street Address","created_in_workflow":"verify","confidence":1.0,"data":{"value":"624 - 6 Ave"},"versions":[{"data":{"value":"624 - 6 Ave"},"votes":3,"confidence":1.0,"instances":[{"created":"2016-04-16T00:24:49Z","user_id":"563f8b7a3264340003774b00","duration":9.062},{"created":"2016-04-19T03:03:30Z","user_id":"5715967266363800034f0300","duration":4.561},{"created":"2016-04-21T13:18:54Z","user_id":"5718cf6a38653800032f0000","duration":9.542}]}],"region":{"x":122.28749793574652,"y":663.0825138391402,"width":618.2429267938589,"height":50.27469879518071,"label":"Street Address","shape":"rectangle"},"task_key":"em_transcribed_address","instructions":{"mark":"Street Address","transcribe":"Enter the street address","verify":"Choose the best transcription or enter your own!"}},{"id":"580d792e6164390003e6b701","status":"awaiting_votes","name":"Street Address","created_in_workflow":"verify","confidence":0.6666666666666666,"data":{"value":"624 - 6 Ave"},"versions":[{"data":{"value":"624 - 6 Ave"},"votes":2,"confidence":0.6666666666666666,"instances":[{"created":"2016-08-28T01:08:40Z","user_id":"5750d4e061323000033d0000","duration":8.475},{"created":"2016-09-05T12:55:09Z","user_id":"57c49a363234370003600200","duration":5.885}]}],"region":{"x":125.00504926231292,"y":691.6168023445132,"width":593.7849648547613,"height":38.045718007163714,"label":"Street Address","shape":"rectangle"},"task_key":"em_transcribed_address","instructions":{"mark":"Street Address","transcribe":"Enter the street address","verify":"Choose the best transcription or enter your own!"}},{"id":"580d792e6164390003e7b701","status":"awaiting_votes","name":"Land \u0026 Building Dimensions","created_in_workflow":"transcribe","confidence":0.5714285714285714,"data":{"em_survey_land_dimensions":"20.6 7/8 x 100","em_survey_building_dimensions":"20 x 95"},"versions":[{"data":{"em_survey_land_dimensions":"20.6 7/8 x 100","em_survey_building_dimensions":"20 x 95"},"votes":8,"confidence":0.5714285714285714,"instances":[{"created":"2015-11-12T18:40:03Z","user_id":"563ff09d32643400030da100","duration":129.543},{"created":"2016-08-29T18:44:00Z","user_id":"5750d4e061323000033d0000","duration":28.871},{"created":"2016-08-30T20:12:55Z","user_id":"57c49a363234370003600200","duration":40.897},{"created":"2016-08-31T16:31:52Z","user_id":"57c706323533640003ff0100","duration":36.341},{"created":"2016-09-01T00:29:31Z","user_id":"57c774d23533640003140400","duration":56.085},{"created":"2016-09-01T16:49:52Z","user_id":"57c85be83530620003300000","duration":22.469},{"created":"2016-09-01T17:03:15Z","user_id":"57bcfdbd66646100031a0000","duration":28.433},{"created":"2016-09-01T19:33:58Z","user_id":"57c881a13530620003d20000","duration":31.827}]},{"data":{"em_survey_land_dimensions":"206.6 7/8 x 100","em_survey_building_dimensions":"20 x 95"},"votes":1,"confidence":0.07142857142857142,"instances":[{"created":"2016-08-31T16:17:28Z","user_id":"57c7024a3533640003700100","duration":28.947}]},{"data":{"em_survey_land_dimensions":"20.6 7/8 x 100","em_survey_building_dimensions":"20x95"},"votes":1,"confidence":0.07142857142857142,"instances":[{"created":"2016-08-29T20:30:16Z","user_id":"57c499ed3234370003520200","duration":30.573}]},{"data":{"em_survey_land_dimensions":"20.67/8X100","em_survey_building_dimensions":"20x95"},"votes":1,"confidence":0.07142857142857142,"instances":[{"created":"2016-08-29T19:04:14Z","user_id":"57c484b93234370003810100","duration":38.455}]},{"data":{"em_survey_land_dimensions":"20.6 7/8x100","em_survey_building_dimensions":"20 x 95"},"votes":1,"confidence":0.07142857142857142,"instances":[{"created":"2016-08-31T18:09:28Z","user_id":"57c71e593533640003da0200","duration":47.627}]},{"data":{"em_survey_land_dimensions":"20.6 7/8 X 100","em_survey_building_dimensions":"20 X 95"},"votes":1,"confidence":0.07142857142857142,"instances":[{"created":"2016-08-31T18:51:39Z","user_id":"57c725bc3533640003dd0200","duration":65.636}]},{"data":{"em_survey_land_dimensions":"20.6 7/8 x 100"},"votes":1,"confidence":0.07142857142857142,"instances":[{"created":"2016-09-01T13:35:28Z","user_id":"57c82db835306200031a0000","duration":50.17}]}],"region":{"x":126.36382492559613,"y":710.6396613480953,"width":619.6017024571422,"height":120.93103223705634,"label":"Dimension \u0026 Description","shape":"rectangle"},"task_key":"em_record_survey","instructions":{"mark":"Dimension \u0026 Description","transcribe":"Enter, as they appear, any land and building dimensions that were recorded. In the next screen, you'll enter the descriptive information."}},{"id":"580d792e6164390003e8b701","status":"awaiting_votes","name":"Stories \u0026 Materials","created_in_workflow":"transcribe","confidence":0.46153846153846156,"data":{"em_record_stories":"1","em_record_material":"br."},"versions":[{"data":{"em_record_stories":"1","em_record_material":"br."},"votes":6,"confidence":0.46153846153846156,"instances":[{"created":"2015-11-12T18:40:11Z","user_id":"563ff09d32643400030da100","duration":7.759},{"created":"2016-08-29T18:44:13Z","user_id":"5750d4e061323000033d0000","duration":13.378},{"created":"2016-08-30T20:13:04Z","user_id":"57c49a363234370003600200","duration":8.936},{"created":"2016-08-31T16:17:37Z","user_id":"57c7024a3533640003700100","duration":8.194},{"created":"2016-09-01T17:03:34Z","user_id":"57bcfdbd66646100031a0000","duration":18.762},{"created":"2016-09-01T19:34:03Z","user_id":"57c881a13530620003d20000","duration":5.542}]},{"data":{"em_record_stories":"1"},"votes":2,"confidence":0.15384615384615385,"instances":[{"created":"2016-08-29T19:04:27Z","user_id":"57c484b93234370003810100","duration":13.488},{"created":"2016-09-01T13:35:48Z","user_id":"57c82db835306200031a0000","duration":19.585}]},{"data":{"em_record_stories":"1","em_record_material":"Br"},"votes":2,"confidence":0.15384615384615385,"instances":[{"created":"2016-08-31T16:32:07Z","user_id":"57c706323533640003ff0100","duration":14.859},{"created":"2016-09-01T00:30:18Z","user_id":"57c774d23533640003140400","duration":46.661}]},{"data":{"em_record_stories":"1","em_record_material":"br"},"votes":2,"confidence":0.15384615384615385,"instances":[{"created":"2016-08-31T18:09:41Z","user_id":"57c71e593533640003da0200","duration":13.32},{"created":"2016-09-01T16:49:58Z","user_id":"57c85be83530620003300000","duration":6.83}]},{"data":{"em_record_stories":"1","em_record_material":"Br."},"votes":1,"confidence":0.07692307692307693,"instances":[{"created":"2016-08-29T20:30:19Z","user_id":"57c499ed3234370003520200","duration":6.384}]}],"region":{"x":126.36382492559613,"y":710.6396613480953,"width":619.6017024571422,"height":120.93103223705634,"label":"Dimension \u0026 Description","shape":"rectangle"},"task_key":"em_record_survey_stories_materials","instructions":{"mark":"Dimension \u0026 Description","transcribe":"Enter, as they appear, the number of stories and the building materials."}},{"id":"580d792e6164390003e9b701","status":"complete","name":"Additional Info","created_in_workflow":"transcribe","confidence":1.0,"data":{"value":""},"versions":[{"data":{"value":""},"votes":3,"confidence":1.0,"instances":[{"created":"2016-08-29T18:44:15Z","user_id":"5750d4e061323000033d0000","duration":1.618},{"created":"2016-08-31T16:17:38Z","user_id":"57c7024a3533640003700100","duration":0.448},{"created":"2016-09-01T19:34:04Z","user_id":"57c881a13530620003d20000","duration":0.376}]}],"region":{"x":126.36382492559613,"y":710.6396613480953,"width":619.6017024571422,"height":120.93103223705634,"label":"Dimension \u0026 Description","shape":"rectangle"},"task_key":"em_record_survey_additional_info","instructions":{"mark":"Dimension \u0026 Description","transcribe":"Enter any additional information you find about the building's construction or significance."}},{"id":"580d792e6164390003eab701","status":"complete","name":"Record Date","created_in_workflow":"verify","confidence":1.0,"data":{"value":"Nov 28/92"},"versions":[{"data":{"value":"Nov 28/92"},"votes":3,"confidence":1.0,"instances":[{"created":"2016-04-16T01:20:12Z","user_id":"563f8b7a3264340003774b00","duration":12.397},{"created":"2016-04-21T22:13:42Z","user_id":"57194db63865380003fb0100","duration":442.749},{"created":"2016-04-21T22:15:36Z","user_id":"571950493865380003680200","duration":13.194}]}],"region":{"x":131.79892757872895,"y":582.914750895474,"width":474.21270648583913,"height":43.48082057961574,"label":"Record Date","shape":"rectangle"},"task_key":"em_transcribed_date","instructions":{"mark":"Record Date","transcribe":"Enter the record date","verify":"Choose the best transcription or enter your own!"}},{"id":"580d792e6164390003ebb701","status":"awaiting_votes","name":"Total Value","created_in_workflow":"verify","confidence":0.3333333333333333,"data":{"value":""},"versions":[{"data":{"value":""},"votes":1,"confidence":0.3333333333333333,"instances":[{"created":"2016-09-05T12:44:21Z","user_id":"57c49a363234370003600200","duration":3.483}]}],"region":{"x":769.0647136585528,"y":589.7086291110387,"width":394.04494235212997,"height":89.67919244545749,"label":"Valuation","shape":"rectangle"},"task_key":"em_transcribed_valuation_total","instructions":{"mark":"Valuation","transcribe":"Enter the valuation ***total*** (if one is given)","verify":"Choose the best transcription or enter your own!"}},{"id":"580d792e6164390003ecb701","status":"awaiting_votes","name":"Land \u0026 Building Value","created_in_workflow":"verify","confidence":0.6666666666666666,"data":{"em_valuation_ground":"$30000","em_valuation_building":"10000"},"versions":[{"data":{"em_valuation_ground":"$30000","em_valuation_building":"10000"},"votes":2,"confidence":0.6666666666666666,"instances":[{"created":"2016-08-28T20:40:37Z","user_id":"5750d4e061323000033d0000","duration":5.868},{"created":"2016-09-05T12:52:20Z","user_id":"57c49a363234370003600200","duration":8.758}]}],"region":{"x":769.0647136585528,"y":589.7086291110387,"width":394.04494235212997,"height":89.67919244545749,"label":"Valuation","shape":"rectangle"},"task_key":"em_transcribed_valuation_itemized","instructions":{"mark":"Valuation","transcribe":"Sometimes valuations include itemized dollar values for \"ground\" and \"building\". Enter these amounts if you can find them. In the next screen, you'll enter the total valuation.","verify":"Choose the best transcription or enter your own!"}},{"id":"580d792e6164390003edb701","status":"awaiting_votes","name":"Valuation Date","created_in_workflow":"transcribe","confidence":0.3333333333333333,"data":{"value":""},"versions":[{"data":{"value":""},"votes":2,"confidence":0.3333333333333333,"instances":[{"created":"2016-08-28T15:47:16Z","user_id":"57c3044b3162330003260100","duration":3.382},{"created":"2016-08-29T18:41:52Z","user_id":"5750d4e061323000033d0000","duration":2.299}]},{"data":{"value":"Nov28/92"},"votes":1,"confidence":0.16666666666666666,"instances":[{"created":"2016-08-29T19:00:08Z","user_id":"57c484b93234370003810100","duration":18.169}]},{"data":{"value":"1892 November"},"votes":1,"confidence":0.16666666666666666,"instances":[{"created":"2015-11-12T20:43:10Z","user_id":"5644f7466135300003e11500","duration":9.586}]},{"data":{"value":"Nov. 28/92"},"votes":1,"confidence":0.16666666666666666,"instances":[{"created":"2016-08-29T20:29:22Z","user_id":"57c499ed3234370003520200","duration":17.056}]},{"data":{"value":"Nov 28/92"},"votes":1,"confidence":0.16666666666666666,"instances":[{"created":"2016-10-02T23:07:07Z","user_id":"57c49a363234370003600200","duration":8.22}]}],"region":{"x":769.0647136585528,"y":589.7086291110387,"width":394.04494235212997,"height":89.67919244545749,"label":"Valuation","shape":"rectangle"},"task_key":"em_record_valuation","instructions":{"mark":"Valuation","transcribe":"Enter the date of the valuation (if one is given). In the next screen, you'll enter the valuation's dollar amounts."}},{"id":"580d792e6164390003eeb701","status":"complete","name":"Amount Loaned","created_in_workflow":"verify","confidence":1.0,"data":{"value":"$20000"},"versions":[{"data":{"value":"$20000"},"votes":3,"confidence":0.75,"instances":[{"created":"2016-04-21T13:20:56Z","user_id":"5718cf6a38653800032f0000","duration":6.016},{"created":"2016-04-21T19:44:22Z","user_id":"57192ce13865380003fb0000","duration":15.551},{"created":"2016-09-25T23:54:50Z","user_id":"57c49a363234370003600200","duration":16.639}]},{"data":{"value":"$20,000"},"votes":1,"confidence":0.25,"instances":[{"created":"2016-04-16T00:44:29Z","user_id":"563f8b7a3264340003774b00","duration":5.965}]}],"region":{"x":764.9883866687034,"y":664.4412894822534,"width":389.9686153622802,"height":67.93878215564963,"label":"Amount Loaned","shape":"rectangle"},"task_key":"em_transcribed_amount_loaned","instructions":{"mark":"Amount Loaned","transcribe":"Enter the Amount Loaned","verify":"Choose the best transcription or enter your own!"}}]}],"export_document":{"name":"Record","export_fields":[{"name":"Mortgager","value":"Wm. Sperb Jr","original_value":{"value":"Wm. Sperb Jr"},"assertion_ids":["580d792e6164390003e4b701"]},{"name":"Street Address","value":"624 - 6 Ave","original_value":{"value":"624 - 6 Ave"},"assertion_ids":["580d792e6164390003e5b701"]},{"name":"Record Date","value":"1892-11-28T00:00:00Z","original_value":{"value":"Nov 28/92"},"assertion_ids":["580d792e6164390003eab701"]},{"name":"Land \u0026 Building Dimensions","value":{"em_survey_land_dimensions":[20.572916666666668,100],"em_survey_building_dimensions":[20,95]},"original_value":{"em_survey_land_dimensions":"20.6 7/8 x 100","em_survey_building_dimensions":"20 x 95"},"assertion_ids":["580d792e6164390003e7b701"]},{"name":"Amount Loaned","value":20000.0,"original_value":{"value":"$20000"},"assertion_ids":["580d792e6164390003eeb701"]},{"name":"Stories \u0026 Materials","value":{"em_record_stories":1,"em_record_material":"br."},"original_value":{"em_record_stories":"1","em_record_material":"br."},"assertion_ids":["580d792e6164390003e8b701"]},{"name":"Valuation","value":null,"original_value":null,"assertion_ids":null},{"name":"Record Number","value":3973,"original_value":{"value":"3973"},"assertion_ids":["580d792e6164390003e3b701"]},{"name":"Additional Info","value":"","original_value":{"value":""},"assertion_ids":["580d792e6164390003e9b701"]}]}}