{"id":"56b10ab47061755afb54d000","meta_data":{"capture_uuid":"14f66d70-02e7-0133-f5f4-58d385a7bbd0","page_uri":"http://digitalcollections.nypl.org/items/14f66d70-02e7-0133-f5f4-58d385a7bbd0","book_uri":"http://digitalcollections.nypl.org/items/109c0900-02e7-0133-03cf-58d385a7bbd0","source_rotated":"0.895174","source_x":"1216.33","source_y":"863.86","source_w":"1371.67","source_h":"974.14"},"type":"final_subject_set","search_terms_by_field":{"Land \u0026 Building Dimensions":["see diagram","45 x 100 x 81 x 195½ x 89","45 x 100 x 81 x 195½ x 89"],"Stories \u0026 Materials":["5","Frame","5","Frame"],"Additional Info":["Houses","House"],"Record Date":["April 16/94"],"Valuation Date":["4000."],"Land \u0026 Building Value":["4000.","4000","9000"],"Total Value":[],"Record Number":["4129"],"Mortgager":["Anna Haas"],"Street Address":["S. E. cor. Marcy Ave \u0026 Walton St  Bk"],"Amount Loaned":["$6500."]},"subjects":[{"id":"580d6d866164390003154101","type":"root","location":{"standard":"https://s3.amazonaws.com/scribe.nypl.org/emigrant-s4/full/14f66d70-02e7-0133-f5f4-58d385a7bbd0.right-bottom.jpg","thumbnail":"https://s3.amazonaws.com/scribe.nypl.org/emigrant-s4/thumb/14f66d70-02e7-0133-f5f4-58d385a7bbd0.right-bottom.jpg"},"status":"retired","width":1371,"height":974,"meta_data":{"capture_uuid":"14f66d70-02e7-0133-f5f4-58d385a7bbd0","page_uri":"http://digitalcollections.nypl.org/items/14f66d70-02e7-0133-f5f4-58d385a7bbd0","book_uri":"http://digitalcollections.nypl.org/items/109c0900-02e7-0133-03cf-58d385a7bbd0","source_rotated":"0.895174","source_x":"1216.33","source_y":"863.86","source_w":"1371.67","source_h":"974.14"},"assertions":[{"id":"580d6d866164390003164101","status":"awaiting_transcriptions","name":"Land \u0026 Building Dimensions","created_in_workflow":"transcribe","confidence":0.3333333333333333,"data":{"em_survey_land_dimensions":"see diagram"},"versions":[{"data":{"em_survey_land_dimensions":"see diagram"},"votes":1,"confidence":0.3333333333333333,"instances":[{"created":"2016-01-29T11:42:00Z","user_id":"56ab4be763306600035c0100","duration":12.077}]}],"region":{"x":341.88282520429294,"y":700.8846455781361,"width":290.92427947780044,"height":91.9997444753725,"label":"Dimension \u0026 Description","shape":"rectangle"},"task_key":"em_record_survey","instructions":{"mark":"Dimension \u0026 Description","transcribe":"Enter, as they appear, any land and building dimensions that were recorded. In the next screen, you'll enter the descriptive information."}},{"id":"580d6d866164390003174101","status":"awaiting_transcriptions","name":"Stories \u0026 Materials","created_in_workflow":"transcribe","confidence":0.3333333333333333,"data":{"em_record_stories":"5","em_record_material":"Frame"},"versions":[{"data":{"em_record_stories":"5","em_record_material":"Frame"},"votes":1,"confidence":0.3333333333333333,"instances":[{"created":"2016-01-29T11:42:10Z","user_id":"56ab4be763306600035c0100","duration":10.326}]}],"region":{"x":341.88282520429294,"y":700.8846455781361,"width":290.92427947780044,"height":91.9997444753725,"label":"Dimension \u0026 Description","shape":"rectangle"},"task_key":"em_record_survey_stories_materials","instructions":{"mark":"Dimension \u0026 Description","transcribe":"Enter, as they appear, the number of stories and the building materials."}},{"id":"580d6d866164390003184101","status":"awaiting_transcriptions","name":"Additional Info","created_in_workflow":"transcribe","confidence":0.3333333333333333,"data":{"value":"Houses"},"versions":[{"data":{"value":"Houses"},"votes":1,"confidence":0.3333333333333333,"instances":[{"created":"2016-01-29T11:42:21Z","user_id":"56ab4be763306600035c0100","duration":10.842}]}],"region":{"x":341.88282520429294,"y":700.8846455781361,"width":290.92427947780044,"height":91.9997444753725,"label":"Dimension \u0026 Description","shape":"rectangle"},"task_key":"em_record_survey_additional_info","instructions":{"mark":"Dimension \u0026 Description","transcribe":"Enter any additional information you find about the building's construction or significance."}},{"id":"580d6d866164390003194101","status":"awaiting_transcriptions","name":"Land \u0026 Building Dimensions","created_in_workflow":"transcribe","confidence":0.3333333333333333,"data":{"em_survey_land_dimensions":"45 x 100 x 81 x 195½ x 89","em_survey_building_dimensions":"45 x 100 x 81 x 195½ x 89"},"versions":[{"data":{"em_survey_land_dimensions":"45 x 100 x 81 x 195½ x 89","em_survey_building_dimensions":"45 x 100 x 81 x 195½ x 89"},"votes":1,"confidence":0.3333333333333333,"instances":[{"created":"2016-01-29T11:40:58Z","user_id":"56ab4be763306600035c0100","duration":57.917}]}],"region":{"x":370.0846686230593,"y":181.5312493461945,"width":247.8793605754728,"height":173.61242102610618,"label":"Dimension \u0026 Description","shape":"rectangle"},"task_key":"em_record_survey","instructions":{"mark":"Dimension \u0026 Description","transcribe":"Enter, as they appear, any land and building dimensions that were recorded. In the next screen, you'll enter the descriptive information."}},{"id":"580d6d8661643900031a4101","status":"awaiting_transcriptions","name":"Stories \u0026 Materials","created_in_workflow":"transcribe","confidence":0.3333333333333333,"data":{"em_record_stories":"5","em_record_material":"Frame"},"versions":[{"data":{"em_record_stories":"5","em_record_material":"Frame"},"votes":1,"confidence":0.3333333333333333,"instances":[{"created":"2016-01-29T11:41:12Z","user_id":"56ab4be763306600035c0100","duration":14.375}]}],"region":{"x":370.0846686230593,"y":181.5312493461945,"width":247.8793605754728,"height":173.61242102610618,"label":"Dimension \u0026 Description","shape":"rectangle"},"task_key":"em_record_survey_stories_materials","instructions":{"mark":"Dimension \u0026 Description","transcribe":"Enter, as they appear, the number of stories and the building materials."}},{"id":"580d6d8661643900031b4101","status":"awaiting_transcriptions","name":"Additional Info","created_in_workflow":"transcribe","confidence":0.3333333333333333,"data":{"value":"House"},"versions":[{"data":{"value":"House"},"votes":1,"confidence":0.3333333333333333,"instances":[{"created":"2016-01-29T11:41:18Z","user_id":"56ab4be763306600035c0100","duration":5.305}]}],"region":{"x":370.0846686230593,"y":181.5312493461945,"width":247.8793605754728,"height":173.61242102610618,"label":"Dimension \u0026 Description","shape":"rectangle"},"task_key":"em_record_survey_additional_info","instructions":{"mark":"Dimension \u0026 Description","transcribe":"Enter any additional information you find about the building's construction or significance."}},{"id":"580d6d8661643900031c4101","status":"awaiting_transcriptions","name":"Record Date","created_in_workflow":"transcribe","confidence":0.3333333333333333,"data":{"value":""},"versions":[{"data":{"value":""},"votes":1,"confidence":0.3333333333333333,"instances":[{"created":"2016-01-29T22:18:45Z","user_id":"56abe50d6330660003560300","duration":1.814}]}],"region":{"x":855.4532369355121,"y":580.691431021601,"width":195.92859638300854,"height":89.03201078261861,"label":"Record Date","shape":"rectangle"},"task_key":"em_record_date","instructions":{"mark":"Record Date","transcribe":"Enter the record date"}},{"id":"580d6d8661643900031d4101","status":"awaiting_transcriptions","name":"Valuation Date","created_in_workflow":"transcribe","confidence":0.3333333333333333,"data":{"value":"4000."},"versions":[{"data":{"value":"4000."},"votes":1,"confidence":0.3333333333333333,"instances":[{"created":"2016-01-20T23:23:47Z","user_id":"569fdb7a3234330003380000","duration":5.452}]}],"region":{"x":920.9855189058728,"y":595.6062317236658,"width":83.82622687047467,"height":29.780311586183302,"label":"Valuation","shape":"rectangle"},"task_key":"em_record_valuation","instructions":{"mark":"Valuation","transcribe":"Enter the date of the valuation (if one is given). In the next screen, you'll enter the valuation's dollar amounts."}},{"id":"580d6d8661643900031e4101","status":"awaiting_transcriptions","name":"Land \u0026 Building Value","created_in_workflow":"transcribe","confidence":0.3333333333333333,"data":{"em_valuation_ground":"4000."},"versions":[{"data":{"em_valuation_ground":"4000."},"votes":1,"confidence":0.3333333333333333,"instances":[{"created":"2016-01-20T23:23:56Z","user_id":"569fdb7a3234330003380000","duration":9.062}]}],"region":{"x":920.9855189058728,"y":595.6062317236658,"width":83.82622687047467,"height":29.780311586183302,"label":"Valuation","shape":"rectangle"},"task_key":"em_record_valuation_ground_building","instructions":{"mark":"Valuation","transcribe":"Sometimes valuations include itemized dollar values for \"ground\" and \"building\". Enter these amounts if you can find them. In the next screen, you'll enter the total valuation."}},{"id":"580d6d8661643900031f4101","status":"awaiting_transcriptions","name":"Total Value","created_in_workflow":"transcribe","confidence":0.3333333333333333,"data":{"value":""},"versions":[{"data":{"value":""},"votes":1,"confidence":0.3333333333333333,"instances":[{"created":"2016-01-20T23:23:57Z","user_id":"569fdb7a3234330003380000","duration":0.594}]}],"region":{"x":920.9855189058728,"y":595.6062317236658,"width":83.82622687047467,"height":29.780311586183302,"label":"Valuation","shape":"rectangle"},"task_key":"em_record_valuation_total","instructions":{"mark":"Valuation","transcribe":"Enter the valuation ***total*** (if one is given)"}},{"id":"580d6d866164390003204101","status":"awaiting_transcriptions","name":"Valuation Date","created_in_workflow":"transcribe","confidence":0.3333333333333333,"data":{"value":""},"versions":[{"data":{"value":""},"votes":1,"confidence":0.3333333333333333,"instances":[{"created":"2016-01-21T02:36:13Z","user_id":"56a03c846339630003f20300","duration":6.605}]},{"data":{"value":"9000"},"votes":1,"confidence":0.3333333333333333,"instances":[{"created":"2016-01-21T09:34:20Z","user_id":"56a09d526339630003db0600","duration":3.612}]}],"region":{"x":944.1480289621882,"y":639.7252118513449,"width":77.20836685438462,"height":25.368413573415296,"label":"Valuation","shape":"rectangle"},"task_key":"em_record_valuation","instructions":{"mark":"Valuation","transcribe":"Enter the date of the valuation (if one is given). In the next screen, you'll enter the valuation's dollar amounts."}},{"id":"580d6d866164390003214101","status":"awaiting_transcriptions","name":"Land \u0026 Building Value","created_in_workflow":"transcribe","confidence":0.3333333333333333,"data":{"em_valuation_ground":"4000","em_valuation_building":"9000"},"versions":[{"data":{"em_valuation_ground":"4000","em_valuation_building":"9000"},"votes":1,"confidence":0.3333333333333333,"instances":[{"created":"2016-01-21T02:36:20Z","user_id":"56a03c846339630003f20300","duration":6.424}]},{"data":{"em_valuation_ground":"$9000."},"votes":1,"confidence":0.3333333333333333,"instances":[{"created":"2016-01-21T09:34:40Z","user_id":"56a09d526339630003db0600","duration":18.799}]}],"region":{"x":944.1480289621882,"y":639.7252118513449,"width":77.20836685438462,"height":25.368413573415296,"label":"Valuation","shape":"rectangle"},"task_key":"em_record_valuation_ground_building","instructions":{"mark":"Valuation","transcribe":"Sometimes valuations include itemized dollar values for \"ground\" and \"building\". Enter these amounts if you can find them. In the next screen, you'll enter the total valuation."}},{"id":"580d6d866164390003224101","status":"complete","name":"Record Number","created_in_workflow":"transcribe","confidence":1.0,"data":{"value":"4129"},"versions":[{"data":{"value":"4129"},"votes":3,"confidence":1.0,"instances":[{"created":"2016-01-21T02:35:37Z","user_id":"56a03c846339630003f20300","duration":4.61},{"created":"2016-01-21T09:34:02Z","user_id":"56a09d526339630003db0600","duration":22.094},{"created":"2016-01-21T15:04:00Z","user_id":"569f8ee13237350003750600","duration":7.158}]}],"region":{"x":817.3057119871279,"y":57.35467416598264,"width":109.19469026548666,"height":57.35467416598264,"label":"Record Number","shape":"rectangle"},"task_key":"em_record_number","instructions":{"mark":"Record Number","transcribe":"Enter the record number"}},{"id":"580d6d866164390003234101","status":"awaiting_votes","name":"Mortgager","created_in_workflow":"verify","confidence":0.3333333333333333,"data":{"value":"Anna Haas"},"versions":[{"data":{"value":"Anna Haas"},"votes":1,"confidence":0.3333333333333333,"instances":[{"created":"2016-09-21T17:17:15Z","user_id":"57c49a363234370003600200","duration":4.352}]}],"region":{"x":247.06677393403055,"y":619.8716707938893,"width":194.12389380530976,"height":56.25169966279066,"label":"Mortgager Name","shape":"rectangle"},"task_key":"em_transcribed_mortgager","instructions":{"mark":"Mortgager Name","transcribe":"Enter the mortgager's name","verify":"Choose the best transcription or enter your own!"}},{"id":"580d6d866164390003244101","status":"awaiting_votes","name":"Street Address","created_in_workflow":"verify","confidence":0.3333333333333333,"data":{"value":"S. E. cor. Marcy Ave \u0026 Walton St  Bk"},"versions":[{"data":{"value":"S. E. cor. Marcy Ave \u0026 Walton St  Bk"},"votes":1,"confidence":0.3333333333333333,"instances":[{"created":"2016-09-21T17:31:10Z","user_id":"57c49a363234370003600200","duration":8.955}]}],"region":{"x":276.84714400643605,"y":665.0936254247601,"width":487.515687851971,"height":52.94277615321482,"label":"Street Address","shape":"rectangle"},"task_key":"em_transcribed_address","instructions":{"mark":"Street Address","transcribe":"Enter the street address","verify":"Choose the best transcription or enter your own!"}},{"id":"580d6d866164390003254101","status":"awaiting_votes","name":"Record Date","created_in_workflow":"verify","confidence":0.3333333333333333,"data":{"value":"April 16/94"},"versions":[{"data":{"value":"April 16/94"},"votes":1,"confidence":0.3333333333333333,"instances":[{"created":"2016-09-21T17:17:11Z","user_id":"57c49a363234370003600200","duration":7.398}]}],"region":{"x":308.8334674175382,"y":582.3705376853621,"width":169.85840707964599,"height":50.73682714683082,"label":"Record Date","shape":"rectangle"},"task_key":"em_transcribed_date","instructions":{"mark":"Record Date","transcribe":"Enter the record date","verify":"Choose the best transcription or enter your own!"}},{"id":"580d6d866164390003264101","status":"awaiting_votes","name":"Amount Loaned","created_in_workflow":"verify","confidence":0.3333333333333333,"data":{"value":"$6500."},"versions":[{"data":{"value":"$6500."},"votes":1,"confidence":0.3333333333333333,"instances":[{"created":"2016-09-21T17:17:43Z","user_id":"57c49a363234370003600200","duration":3.519}]}],"region":{"x":918.7795655671764,"y":666.1965999279522,"width":97.06194690265491,"height":37.50113310852706,"label":"Amount Loaned","shape":"rectangle"},"task_key":"em_transcribed_amount_loaned","instructions":{"mark":"Amount Loaned","transcribe":"Enter the Amount Loaned","verify":"Choose the best transcription or enter your own!"}}]}],"export_document":{"name":"Record","export_fields":[{"name":"Mortgager","value":"Anna Haas","original_value":{"value":"Anna Haas"},"assertion_ids":["580d6d866164390003234101"]},{"name":"Street Address","value":"S. E. cor. Marcy Ave \u0026 Walton St  Bk","original_value":{"value":"S. E. cor. Marcy Ave \u0026 Walton St  Bk"},"assertion_ids":["580d6d866164390003244101"]},{"name":"Record Date","value":null,"original_value":{"value":""},"assertion_ids":["580d6d8661643900031c4101"]},{"name":"Land \u0026 Building Dimensions","value":{"em_survey_land_dimensions":[0]},"original_value":{"em_survey_land_dimensions":"see diagram"},"assertion_ids":["580d6d866164390003164101"]},{"name":"Amount Loaned","value":6500.0,"original_value":{"value":"$6500."},"assertion_ids":["580d6d866164390003264101"]},{"name":"Stories \u0026 Materials","value":{"em_record_stories":5,"em_record_material":"Frame"},"original_value":{"em_record_stories":"5","em_record_material":"Frame"},"assertion_ids":["580d6d866164390003174101"]},{"name":"Valuation","value":null,"original_value":null,"assertion_ids":null},{"name":"Record Number","value":4129,"original_value":{"value":"4129"},"assertion_ids":["580d6d866164390003224101"]},{"name":"Additional Info","value":"Houses","original_value":{"value":"Houses"},"assertion_ids":["580d6d866164390003184101"]},{"name":"Additional Info","value":"House","original_value":{"value":"House"},"assertion_ids":["580d6d8661643900031b4101"]}]}}