{"id":"56b1099b7061755afbccba00","meta_data":{"capture_uuid":"1100b210-02e7-0133-ed20-58d385a7bbd0","page_uri":"http://digitalcollections.nypl.org/items/1100b210-02e7-0133-ed20-58d385a7bbd0","book_uri":"http://digitalcollections.nypl.org/items/109c0900-02e7-0133-03cf-58d385a7bbd0","source_rotated":"-0.727349","source_x":"0","source_y":"0","source_w":"1368.49","source_h":"888.48"},"type":"final_subject_set","search_terms_by_field":{"Land \u0026 Building Dimensions":["27 x 100.10","27 x 85","27 x 100.10","102x113"],"Stories \u0026 Materials":["5","brick","5","brick","5","brick"],"Additional Info":[],"Valuation Date":[],"Land \u0026 Building Value":["$6000","$18000","$6,000","$18,000"],"Total Value":[],"Record Number":["3734"],"Mortgager":["Jacob Schwarz"],"Street Address":["102 E 113"],"Record Date":["June 22/91"],"Amount Loaned":["$12000."]},"subjects":[{"id":"580d6bd56164390003b33001","type":"root","location":{"standard":"https://s3.amazonaws.com/scribe.nypl.org/emigrant-s4/full/1100b210-02e7-0133-ed20-58d385a7bbd0.left-top.jpg","thumbnail":"https://s3.amazonaws.com/scribe.nypl.org/emigrant-s4/thumb/1100b210-02e7-0133-ed20-58d385a7bbd0.left-top.jpg"},"status":"retired","width":1368,"height":888,"meta_data":{"capture_uuid":"1100b210-02e7-0133-ed20-58d385a7bbd0","page_uri":"http://digitalcollections.nypl.org/items/1100b210-02e7-0133-ed20-58d385a7bbd0","book_uri":"http://digitalcollections.nypl.org/items/109c0900-02e7-0133-03cf-58d385a7bbd0","source_rotated":"-0.727349","source_x":"0","source_y":"0","source_w":"1368.49","source_h":"888.48"},"assertions":[{"id":"580d6bd56164390003b43001","status":"awaiting_transcriptions","name":"Land \u0026 Building Dimensions","created_in_workflow":"transcribe","confidence":0.3333333333333333,"data":{"em_survey_land_dimensions":"27 x 100.10","em_survey_building_dimensions":"27 x 85"},"versions":[{"data":{"em_survey_land_dimensions":"27 x 100.10","em_survey_building_dimensions":"27 x 85"},"votes":1,"confidence":0.3333333333333333,"instances":[{"created":"2015-12-17T02:27:12Z","user_id":"5647496e3562310003960400","duration":15.059}]}],"region":{"x":209.96428054714286,"y":766.2169976868879,"width":371.33931538200864,"height":77.50178139815296,"label":"Dimension \u0026 Description","shape":"rectangle"},"task_key":"em_record_survey","instructions":{"mark":"Dimension \u0026 Description","transcribe":"Enter, as they appear, any land and building dimensions that were recorded. In the next screen, you'll enter the descriptive information."}},{"id":"580d6bd56164390003b53001","status":"awaiting_transcriptions","name":"Stories \u0026 Materials","created_in_workflow":"transcribe","confidence":0.3333333333333333,"data":{"em_record_stories":"5","em_record_material":"brick"},"versions":[{"data":{"em_record_stories":"5","em_record_material":"brick"},"votes":1,"confidence":0.3333333333333333,"instances":[{"created":"2015-12-17T02:27:17Z","user_id":"5647496e3562310003960400","duration":4.64}]}],"region":{"x":209.96428054714286,"y":766.2169976868879,"width":371.33931538200864,"height":77.50178139815296,"label":"Dimension \u0026 Description","shape":"rectangle"},"task_key":"em_record_survey_stories_materials","instructions":{"mark":"Dimension \u0026 Description","transcribe":"Enter, as they appear, the number of stories and the building materials."}},{"id":"580d6bd56164390003b63001","status":"awaiting_transcriptions","name":"Additional Info","created_in_workflow":"transcribe","confidence":0.3333333333333333,"data":{"value":""},"versions":[{"data":{"value":""},"votes":1,"confidence":0.3333333333333333,"instances":[{"created":"2015-12-17T02:27:18Z","user_id":"5647496e3562310003960400","duration":1.471}]}],"region":{"x":209.96428054714286,"y":766.2169976868879,"width":371.33931538200864,"height":77.50178139815296,"label":"Dimension \u0026 Description","shape":"rectangle"},"task_key":"em_record_survey_additional_info","instructions":{"mark":"Dimension \u0026 Description","transcribe":"Enter any additional information you find about the building's construction or significance."}},{"id":"580d6bd56164390003b73001","status":"awaiting_votes","name":"Land \u0026 Building Dimensions","created_in_workflow":"transcribe","confidence":0.3333333333333333,"data":{"em_survey_land_dimensions":"27 x 100.10","em_survey_building_dimensions":""},"versions":[{"data":{"em_survey_land_dimensions":"27 x 100.10","em_survey_building_dimensions":""},"votes":1,"confidence":0.3333333333333333,"instances":[{"created":"2016-02-24T04:26:17Z","user_id":"56cd30596661360003840000","duration":7.095}]},{"data":{"em_survey_land_dimensions":"27 x 100"},"votes":1,"confidence":0.3333333333333333,"instances":[{"created":"2016-02-24T10:45:48Z","user_id":"56cd85816661360003b00000","duration":11.515}]},{"data":{"em_survey_land_dimensions":"","em_survey_building_dimensions":"29x85"},"votes":1,"confidence":0.3333333333333333,"instances":[{"created":"2016-02-24T17:29:09Z","user_id":"56cde6b86661360003eb0400","duration":154.649}]}],"region":{"x":266.90964665198356,"y":761.6962374286128,"width":177.79457719639612,"height":35.76839261026578,"label":"Dimension \u0026 Description","shape":"rectangle"},"task_key":"em_record_survey","instructions":{"mark":"Dimension \u0026 Description","transcribe":"Enter, as they appear, any land and building dimensions that were recorded. In the next screen, you'll enter the descriptive information."}},{"id":"580d6bd56164390003b83001","status":"awaiting_transcriptions","name":"Stories \u0026 Materials","created_in_workflow":"transcribe","confidence":0.3333333333333333,"data":{"em_record_stories":"5","em_record_material":"brick"},"versions":[{"data":{"em_record_stories":"5","em_record_material":"brick"},"votes":1,"confidence":0.3333333333333333,"instances":[{"created":"2016-02-24T17:29:21Z","user_id":"56cde6b86661360003eb0400","duration":12.562}]}],"region":{"x":266.90964665198356,"y":761.6962374286128,"width":177.79457719639612,"height":35.76839261026578,"label":"Dimension \u0026 Description","shape":"rectangle"},"task_key":"em_record_survey_stories_materials","instructions":{"mark":"Dimension \u0026 Description","transcribe":"Enter, as they appear, the number of stories and the building materials."}},{"id":"580d6bd56164390003b93001","status":"awaiting_votes","name":"Stories \u0026 Materials","created_in_workflow":"verify","confidence":0.3333333333333333,"data":{"em_record_stories":"5","em_record_material":"brick"},"versions":[{"data":{"em_record_stories":"5","em_record_material":"brick"},"votes":1,"confidence":0.3333333333333333,"instances":[{"created":"2016-09-24T20:02:53Z","user_id":"57c49a363234370003600200","duration":4.473}]}],"region":{"x":275.85527636649124,"y":799.7002078761295,"width":286.2604068010081,"height":43.59278712278153,"label":"Dimension \u0026 Description","shape":"rectangle"},"task_key":"em_transcribed_stories_materials","instructions":{"mark":"Dimension \u0026 Description","transcribe":"Enter, as they appear, the number of stories and the building materials.","verify":"Choose the best transcription or enter your own!"}},{"id":"580d6bd56164390003ba3001","status":"awaiting_transcriptions","name":"Land \u0026 Building Dimensions","created_in_workflow":"transcribe","confidence":0.3333333333333333,"data":{"em_survey_land_dimensions":"102x113","em_survey_building_dimensions":""},"versions":[{"data":{"em_survey_land_dimensions":"102x113","em_survey_building_dimensions":""},"votes":1,"confidence":0.3333333333333333,"instances":[{"created":"2016-02-24T17:30:10Z","user_id":"56cde6b86661360003eb0400","duration":24.511}]}],"region":{"x":275.85527636649124,"y":799.7002078761295,"width":286.2604068010081,"height":43.59278712278153,"label":"Dimension \u0026 Description","shape":"rectangle"},"task_key":"em_record_survey","instructions":{"mark":"Dimension \u0026 Description","transcribe":"Enter, as they appear, any land and building dimensions that were recorded. In the next screen, you'll enter the descriptive information."}},{"id":"580d6bd56164390003bb3001","status":"awaiting_transcriptions","name":"Valuation Date","created_in_workflow":"transcribe","confidence":0.3333333333333333,"data":{"value":""},"versions":[{"data":{"value":""},"votes":1,"confidence":0.3333333333333333,"instances":[{"created":"2015-12-17T02:26:35Z","user_id":"5647496e3562310003960400","duration":1.81}]}],"region":{"x":819.3416186099262,"y":619.289970760641,"width":145.54324815338805,"height":89.73890477680868,"label":"Valuation","shape":"rectangle"},"task_key":"em_record_valuation","instructions":{"mark":"Valuation","transcribe":"Enter the date of the valuation (if one is given). In the next screen, you'll enter the valuation's dollar amounts."}},{"id":"580d6bd56164390003bc3001","status":"awaiting_transcriptions","name":"Land \u0026 Building Value","created_in_workflow":"transcribe","confidence":0.3333333333333333,"data":{"em_valuation_ground":"$6000","em_valuation_building":"$18000"},"versions":[{"data":{"em_valuation_ground":"$6000","em_valuation_building":"$18000"},"votes":1,"confidence":0.3333333333333333,"instances":[{"created":"2015-12-17T02:26:41Z","user_id":"5647496e3562310003960400","duration":6.902}]}],"region":{"x":819.3416186099262,"y":619.289970760641,"width":145.54324815338805,"height":89.73890477680868,"label":"Valuation","shape":"rectangle"},"task_key":"em_record_valuation_ground_building","instructions":{"mark":"Valuation","transcribe":"Sometimes valuations include itemized dollar values for \"ground\" and \"building\". Enter these amounts if you can find them. In the next screen, you'll enter the total valuation."}},{"id":"580d6bd56164390003bd3001","status":"awaiting_transcriptions","name":"Total Value","created_in_workflow":"transcribe","confidence":0.3333333333333333,"data":{"value":""},"versions":[{"data":{"value":""},"votes":1,"confidence":0.3333333333333333,"instances":[{"created":"2015-12-17T02:26:42Z","user_id":"5647496e3562310003960400","duration":0.472}]}],"region":{"x":819.3416186099262,"y":619.289970760641,"width":145.54324815338805,"height":89.73890477680868,"label":"Valuation","shape":"rectangle"},"task_key":"em_record_valuation_total","instructions":{"mark":"Valuation","transcribe":"Enter the valuation ***total*** (if one is given)"}},{"id":"580d6bd56164390003be3001","status":"awaiting_votes","name":"Land \u0026 Building Value","created_in_workflow":"transcribe","confidence":0.6666666666666666,"data":{"em_valuation_ground":"$6,000"},"versions":[{"data":{"em_valuation_ground":"$6,000"},"votes":2,"confidence":0.6666666666666666,"instances":[{"created":"2016-02-24T10:44:51Z","user_id":"56cd85816661360003b00000","duration":9.773},{"created":"2016-02-24T11:26:15Z","user_id":"56cd8f046661360003ec0100","duration":7.485}]},{"data":{"em_valuation_ground":"$6000","em_valuation_building":""},"votes":1,"confidence":0.3333333333333333,"instances":[{"created":"2016-02-24T04:25:09Z","user_id":"56cd30596661360003840000","duration":5.789}]}],"region":{"x":836.0758970992025,"y":624.2113131056651,"width":109.5840173228778,"height":46.94611123937045,"label":"Valuation","shape":"rectangle"},"task_key":"em_record_valuation_ground_building","instructions":{"mark":"Valuation","transcribe":"Sometimes valuations include itemized dollar values for \"ground\" and \"building\". Enter these amounts if you can find them. In the next screen, you'll enter the total valuation."}},{"id":"580d6bd56164390003bf3001","status":"awaiting_transcriptions","name":"Total Value","created_in_workflow":"transcribe","confidence":0.3333333333333333,"data":{"value":""},"versions":[{"data":{"value":""},"votes":1,"confidence":0.3333333333333333,"instances":[{"created":"2016-02-24T04:25:10Z","user_id":"56cd30596661360003840000","duration":1.526}]}],"region":{"x":836.0758970992025,"y":624.2113131056651,"width":109.5840173228778,"height":46.94611123937045,"label":"Valuation","shape":"rectangle"},"task_key":"em_record_valuation_total","instructions":{"mark":"Valuation","transcribe":"Enter the valuation ***total*** (if one is given)"}},{"id":"580d6bd56164390003c03001","status":"awaiting_votes","name":"Land \u0026 Building Value","created_in_workflow":"transcribe","confidence":0.6666666666666666,"data":{"em_valuation_building":"$18,000"},"versions":[{"data":{"em_valuation_building":"$18,000"},"votes":2,"confidence":0.6666666666666666,"instances":[{"created":"2016-02-24T10:45:12Z","user_id":"56cd85816661360003b00000","duration":9.862},{"created":"2016-02-24T11:17:14Z","user_id":"56cd8f046661360003ec0100","duration":8.082}]},{"data":{"em_valuation_building":"$18000"},"votes":1,"confidence":0.3333333333333333,"instances":[{"created":"2016-02-24T04:25:57Z","user_id":"56cd30596661360003840000","duration":10.483}]}],"region":{"x":840.5487332845199,"y":668.9218465077847,"width":120.76606513004413,"height":41.35729456410547,"label":"Valuation","shape":"rectangle"},"task_key":"em_record_valuation_ground_building","instructions":{"mark":"Valuation","transcribe":"Sometimes valuations include itemized dollar values for \"ground\" and \"building\". Enter these amounts if you can find them. In the next screen, you'll enter the total valuation."}},{"id":"580d6bd56164390003c13001","status":"awaiting_transcriptions","name":"Total Value","created_in_workflow":"transcribe","confidence":0.3333333333333333,"data":{"value":""},"versions":[{"data":{"value":""},"votes":1,"confidence":0.3333333333333333,"instances":[{"created":"2016-02-24T04:25:59Z","user_id":"56cd30596661360003840000","duration":1.533}]}],"region":{"x":840.5487332845199,"y":668.9218465077847,"width":120.76606513004413,"height":41.35729456410547,"label":"Valuation","shape":"rectangle"},"task_key":"em_record_valuation_total","instructions":{"mark":"Valuation","transcribe":"Enter the valuation ***total*** (if one is given)"}},{"id":"580d6bd56164390003c23001","status":"complete","name":"Record Number","created_in_workflow":"transcribe","confidence":1.0,"data":{"value":"3734"},"versions":[{"data":{"value":"3734"},"votes":3,"confidence":1.0,"instances":[{"created":"2015-12-17T12:11:22Z","user_id":"5672a4f06434380003a50500","duration":4.968},{"created":"2015-12-17T16:12:15Z","user_id":"5672dd736235370003d30700","duration":1.918},{"created":"2015-12-17T16:44:55Z","user_id":"5672e51c6235370003fd0700","duration":7.49}]}],"region":{"x":657.4757631869994,"y":88.87867913646932,"width":205.39280814169706,"height":66.62433839490339,"label":"Record Number","shape":"rectangle"},"task_key":"em_record_number","instructions":{"mark":"Record Number","transcribe":"Enter the record number"}},{"id":"580d6bd56164390003c33001","status":"awaiting_votes","name":"Mortgager","created_in_workflow":"verify","confidence":0.3333333333333333,"data":{"value":"Jacob Schwarz"},"versions":[{"data":{"value":"Jacob Schwarz"},"votes":1,"confidence":0.3333333333333333,"instances":[{"created":"2016-09-14T02:46:15Z","user_id":"57c49a363234370003600200","duration":6.243}]}],"region":{"x":162.3566760109879,"y":675.0368661522949,"width":228.51650177354375,"height":48.948493514622896,"label":"Mortgager Name","shape":"rectangle"},"task_key":"em_transcribed_mortgager","instructions":{"mark":"Mortgager Name","transcribe":"Enter the mortgager's name","verify":"Choose the best transcription or enter your own!"}},{"id":"580d6bd56164390003c43001","status":"awaiting_votes","name":"Street Address","created_in_workflow":"verify","confidence":0.3333333333333333,"data":{"value":"102 E 113"},"versions":[{"data":{"value":"102 E 113"},"votes":1,"confidence":0.3333333333333333,"instances":[{"created":"2016-09-14T02:48:55Z","user_id":"57c49a363234370003600200","duration":3.096}]}],"region":{"x":197.72232509498875,"y":729.4240811685427,"width":178.18846269246566,"height":31.272648634342318,"label":"Street Address","shape":"rectangle"},"task_key":"em_transcribed_address","instructions":{"mark":"Street Address","transcribe":"Enter the street address","verify":"Choose the best transcription or enter your own!"}},{"id":"580d6bd56164390003c53001","status":"awaiting_votes","name":"Record Date","created_in_workflow":"verify","confidence":0.3333333333333333,"data":{"value":"June 22/91"},"versions":[{"data":{"value":"June 22/91"},"votes":1,"confidence":0.3333333333333333,"instances":[{"created":"2016-09-14T02:13:09Z","user_id":"57c49a363234370003600200","duration":4.585}]}],"region":{"x":211.32449781960443,"y":631.1463645468731,"width":206.75302541415866,"height":44.8694523884044,"label":"Record Date","shape":"rectangle"},"task_key":"em_transcribed_date","instructions":{"mark":"Record Date","transcribe":"Enter the record date","verify":"Choose the best transcription or enter your own!"}},{"id":"580d6bd56164390003c63001","status":"awaiting_votes","name":"Amount Loaned","created_in_workflow":"verify","confidence":0.3333333333333333,"data":{"value":"$12000."},"versions":[{"data":{"value":"$12000."},"votes":1,"confidence":0.3333333333333333,"instances":[{"created":"2016-09-14T02:46:30Z","user_id":"57c49a363234370003600200","duration":3.587}]}],"region":{"x":779.8953177085407,"y":714.4675970390745,"width":205.39280814169706,"height":43.509772012998155,"label":"Amount Loaned","shape":"rectangle"},"task_key":"em_transcribed_amount_loaned","instructions":{"mark":"Amount Loaned","transcribe":"Enter the Amount Loaned","verify":"Choose the best transcription or enter your own!"}}]}],"export_document":{"name":"Record","export_fields":[{"name":"Mortgager","value":"Jacob Schwarz","original_value":{"value":"Jacob Schwarz"},"assertion_ids":["580d6bd56164390003c33001"]},{"name":"Street Address","value":"102 E 113","original_value":{"value":"102 E 113"},"assertion_ids":["580d6bd56164390003c43001"]},{"name":"Record Date","value":"1891-06-22T00:00:00Z","original_value":{"value":"June 22/91"},"assertion_ids":["580d6bd56164390003c53001"]},{"name":"Land \u0026 Building Dimensions","value":{"em_survey_land_dimensions":[27,100.83333333333333],"em_survey_building_dimensions":[27,85]},"original_value":{"em_survey_land_dimensions":"27 x 100.10","em_survey_building_dimensions":"27 x 85"},"assertion_ids":["580d6bd56164390003b43001"]},{"name":"Amount Loaned","value":12000.0,"original_value":{"value":"$12000."},"assertion_ids":["580d6bd56164390003c63001"]},{"name":"Stories \u0026 Materials","value":{"em_record_stories":5,"em_record_material":"brick"},"original_value":{"em_record_stories":"5","em_record_material":"brick"},"assertion_ids":["580d6bd56164390003b53001"]},{"name":"Valuation","value":null,"original_value":null,"assertion_ids":null},{"name":"Valuation","value":null,"original_value":null,"assertion_ids":null},{"name":"Valuation","value":null,"original_value":null,"assertion_ids":null},{"name":"Record Number","value":3734,"original_value":{"value":"3734"},"assertion_ids":["580d6bd56164390003c23001"]},{"name":"Additional Info","value":"","original_value":{"value":""},"assertion_ids":["580d6bd56164390003b63001"]}]}}