{"id":"56b10a827061755afb84cc00","meta_data":{"capture_uuid":"1433fbf0-02e7-0133-561e-58d385a7bbd0","page_uri":"http://digitalcollections.nypl.org/items/1433fbf0-02e7-0133-561e-58d385a7bbd0","book_uri":"http://digitalcollections.nypl.org/items/109c0900-02e7-0133-03cf-58d385a7bbd0","source_rotated":"0.839234","source_x":"1215.39","source_y":"0","source_w":"1370.61","source_h":"903.5600000000001"},"type":"final_subject_set","search_terms_by_field":{"Land \u0026 Building Dimensions":["70 x 125.5","125 x 50","70 X 125.5","125 x 50"],"Stories \u0026 Materials":["5","Brick","5","br."],"Additional Info":[],"Land \u0026 Building Value":["$90,000","$60,000","$90000","60000"],"Total Value":[],"Valuation Date":[],"Record Number":["4060"],"Mortgager":["Thos. Loughran"],"Street Address":["S.E. Cor. 7 Ave \u0026 52d St"],"Record Date":["July 17/93"],"Amount Loaned":["$75000."]},"subjects":[{"id":"580d6d4a6164390003533e01","type":"root","location":{"standard":"https://s3.amazonaws.com/scribe.nypl.org/emigrant-s4/full/1433fbf0-02e7-0133-561e-58d385a7bbd0.right-top.jpg","thumbnail":"https://s3.amazonaws.com/scribe.nypl.org/emigrant-s4/thumb/1433fbf0-02e7-0133-561e-58d385a7bbd0.right-top.jpg"},"status":"retired","width":1370,"height":903,"meta_data":{"capture_uuid":"1433fbf0-02e7-0133-561e-58d385a7bbd0","page_uri":"http://digitalcollections.nypl.org/items/1433fbf0-02e7-0133-561e-58d385a7bbd0","book_uri":"http://digitalcollections.nypl.org/items/109c0900-02e7-0133-03cf-58d385a7bbd0","source_rotated":"0.839234","source_x":"1215.39","source_y":"0","source_w":"1370.61","source_h":"903.5600000000001"},"assertions":[{"id":"580d6d4a6164390003543e01","status":"awaiting_transcriptions","name":"Land \u0026 Building Dimensions","created_in_workflow":"transcribe","confidence":0.3333333333333333,"data":{"em_survey_land_dimensions":"70 x 125.5","em_survey_building_dimensions":"125 x 50"},"versions":[{"data":{"em_survey_land_dimensions":"70 x 125.5","em_survey_building_dimensions":"125 x 50"},"votes":1,"confidence":0.3333333333333333,"instances":[{"created":"2016-01-26T05:06:05Z","user_id":"56a6f71b64636400039e0600","duration":9.462}]}],"region":{"x":257.4139595137788,"y":747.6143519648524,"width":426.70440635946085,"height":93.45179399560652,"label":"Dimension \u0026 Description","shape":"rectangle"},"task_key":"em_record_survey","instructions":{"mark":"Dimension \u0026 Description","transcribe":"Enter, as they appear, any land and building dimensions that were recorded. In the next screen, you'll enter the descriptive information."}},{"id":"580d6d4a6164390003553e01","status":"awaiting_transcriptions","name":"Stories \u0026 Materials","created_in_workflow":"transcribe","confidence":0.3333333333333333,"data":{"em_record_stories":"5","em_record_material":"Brick"},"versions":[{"data":{"em_record_stories":"5","em_record_material":"Brick"},"votes":1,"confidence":0.3333333333333333,"instances":[{"created":"2016-01-26T05:06:08Z","user_id":"56a6f71b64636400039e0600","duration":2.705}]}],"region":{"x":257.4139595137788,"y":747.6143519648524,"width":426.70440635946085,"height":93.45179399560652,"label":"Dimension \u0026 Description","shape":"rectangle"},"task_key":"em_record_survey_stories_materials","instructions":{"mark":"Dimension \u0026 Description","transcribe":"Enter, as they appear, the number of stories and the building materials."}},{"id":"580d6d4a6164390003563e01","status":"awaiting_transcriptions","name":"Additional Info","created_in_workflow":"transcribe","confidence":0.3333333333333333,"data":{"value":""},"versions":[{"data":{"value":""},"votes":1,"confidence":0.3333333333333333,"instances":[{"created":"2016-01-26T05:06:08Z","user_id":"56a6f71b64636400039e0600","duration":0.423}]}],"region":{"x":257.4139595137788,"y":747.6143519648524,"width":426.70440635946085,"height":93.45179399560652,"label":"Dimension \u0026 Description","shape":"rectangle"},"task_key":"em_record_survey_additional_info","instructions":{"mark":"Dimension \u0026 Description","transcribe":"Enter any additional information you find about the building's construction or significance."}},{"id":"580d6d4a6164390003573e01","status":"awaiting_transcriptions","name":"Land \u0026 Building Dimensions","created_in_workflow":"transcribe","confidence":0.3333333333333333,"data":{"em_survey_land_dimensions":"70 X 125.5","em_survey_building_dimensions":"125 x 50"},"versions":[{"data":{"em_survey_land_dimensions":"70 X 125.5","em_survey_building_dimensions":"125 x 50"},"votes":1,"confidence":0.3333333333333333,"instances":[{"created":"2016-01-20T22:28:11Z","user_id":"569fdb7a3234330003380000","duration":19.597}]}],"region":{"x":318.4583038439522,"y":756.2461584692821,"width":363.361045794122,"height":78.37275128147337,"label":"Dimension \u0026 Description","shape":"rectangle"},"task_key":"em_record_survey","instructions":{"mark":"Dimension \u0026 Description","transcribe":"Enter, as they appear, any land and building dimensions that were recorded. In the next screen, you'll enter the descriptive information."}},{"id":"580d6d4a6164390003583e01","status":"awaiting_transcriptions","name":"Stories \u0026 Materials","created_in_workflow":"transcribe","confidence":0.3333333333333333,"data":{"em_record_stories":"5","em_record_material":"br."},"versions":[{"data":{"em_record_stories":"5","em_record_material":"br."},"votes":1,"confidence":0.3333333333333333,"instances":[{"created":"2016-01-20T22:28:22Z","user_id":"569fdb7a3234330003380000","duration":10.539}]}],"region":{"x":318.4583038439522,"y":756.2461584692821,"width":363.361045794122,"height":78.37275128147337,"label":"Dimension \u0026 Description","shape":"rectangle"},"task_key":"em_record_survey_stories_materials","instructions":{"mark":"Dimension \u0026 Description","transcribe":"Enter, as they appear, the number of stories and the building materials."}},{"id":"580d6d4a6164390003593e01","status":"awaiting_transcriptions","name":"Additional Info","created_in_workflow":"transcribe","confidence":0.3333333333333333,"data":{"value":""},"versions":[{"data":{"value":""},"votes":1,"confidence":0.3333333333333333,"instances":[{"created":"2016-01-20T22:28:22Z","user_id":"569fdb7a3234330003380000","duration":0.358}]}],"region":{"x":318.4583038439522,"y":756.2461584692821,"width":363.361045794122,"height":78.37275128147337,"label":"Dimension \u0026 Description","shape":"rectangle"},"task_key":"em_record_survey_additional_info","instructions":{"mark":"Dimension \u0026 Description","transcribe":"Enter any additional information you find about the building's construction or significance."}},{"id":"580d6d4a61643900035a3e01","status":"awaiting_transcriptions","name":"Land \u0026 Building Value","created_in_workflow":"transcribe","confidence":0.3333333333333333,"data":{"em_valuation_ground":"$90,000","em_valuation_building":"$60,000"},"versions":[{"data":{"em_valuation_ground":"$90,000","em_valuation_building":"$60,000"},"votes":1,"confidence":0.3333333333333333,"instances":[{"created":"2016-01-26T05:05:22Z","user_id":"56a6f71b64636400039e0600","duration":8.032}]}],"region":{"x":747.5950544225809,"y":625.9506956309496,"width":296.2245465635925,"height":84.63558701488891,"label":"Valuation","shape":"rectangle"},"task_key":"em_record_valuation_ground_building","instructions":{"mark":"Valuation","transcribe":"Sometimes valuations include itemized dollar values for \"ground\" and \"building\". Enter these amounts if you can find them. In the next screen, you'll enter the total valuation."}},{"id":"580d6d4a61643900035b3e01","status":"awaiting_transcriptions","name":"Total Value","created_in_workflow":"transcribe","confidence":0.3333333333333333,"data":{"value":""},"versions":[{"data":{"value":""},"votes":1,"confidence":0.3333333333333333,"instances":[{"created":"2016-01-26T05:05:22Z","user_id":"56a6f71b64636400039e0600","duration":0.302}]}],"region":{"x":747.5950544225809,"y":625.9506956309496,"width":296.2245465635925,"height":84.63558701488891,"label":"Valuation","shape":"rectangle"},"task_key":"em_record_valuation_total","instructions":{"mark":"Valuation","transcribe":"Enter the valuation ***total*** (if one is given)"}},{"id":"580d6d4a61643900035c3e01","status":"awaiting_transcriptions","name":"Total Value","created_in_workflow":"transcribe","confidence":0.3333333333333333,"data":{"value":""},"versions":[{"data":{"value":""},"votes":1,"confidence":0.3333333333333333,"instances":[{"created":"2015-12-29T00:15:29Z","user_id":"56748e5e3564620003fd0100","duration":0.759}]}],"region":{"x":877.397545965721,"y":615.3213716955091,"width":167.41650849992322,"height":99.04745726722581,"label":"Valuation","shape":"rectangle"},"task_key":"em_record_valuation_total","instructions":{"mark":"Valuation","transcribe":"Enter the valuation ***total*** (if one is given)"}},{"id":"580d6d4a61643900035d3e01","status":"awaiting_transcriptions","name":"Valuation Date","created_in_workflow":"transcribe","confidence":0.3333333333333333,"data":{"value":""},"versions":[{"data":{"value":""},"votes":1,"confidence":0.3333333333333333,"instances":[{"created":"2015-12-29T00:15:22Z","user_id":"56748e5e3564620003fd0100","duration":1.647}]}],"region":{"x":877.397545965721,"y":615.3213716955091,"width":167.41650849992322,"height":99.04745726722581,"label":"Valuation","shape":"rectangle"},"task_key":"em_record_valuation","instructions":{"mark":"Valuation","transcribe":"Enter the date of the valuation (if one is given). In the next screen, you'll enter the valuation's dollar amounts."}},{"id":"580d6d4a61643900035e3e01","status":"awaiting_transcriptions","name":"Land \u0026 Building Value","created_in_workflow":"transcribe","confidence":0.3333333333333333,"data":{"em_valuation_ground":"$90000","em_valuation_building":"60000"},"versions":[{"data":{"em_valuation_ground":"$90000","em_valuation_building":"60000"},"votes":1,"confidence":0.3333333333333333,"instances":[{"created":"2015-12-29T00:15:28Z","user_id":"56748e5e3564620003fd0100","duration":6.099}]}],"region":{"x":877.397545965721,"y":615.3213716955091,"width":167.41650849992322,"height":99.04745726722581,"label":"Valuation","shape":"rectangle"},"task_key":"em_record_valuation_ground_building","instructions":{"mark":"Valuation","transcribe":"Sometimes valuations include itemized dollar values for \"ground\" and \"building\". Enter these amounts if you can find them. In the next screen, you'll enter the total valuation."}},{"id":"580d6d4a61643900035f3e01","status":"complete","name":"Record Number","created_in_workflow":"transcribe","confidence":1.0,"data":{"value":"4060"},"versions":[{"data":{"value":"4060"},"votes":3,"confidence":1.0,"instances":[{"created":"2015-12-29T00:14:10Z","user_id":"56748e5e3564620003fd0100","duration":149.171},{"created":"2015-12-29T01:03:58Z","user_id":"568163ed6339300003fa0400","duration":3.772},{"created":"2015-12-29T02:42:14Z","user_id":"563f8b7a3264340003774b00","duration":6.708}]}],"region":{"x":778.3500828217873,"y":96.41787875570655,"width":155.14514138474567,"height":66.61598895848816,"label":"Record Number","shape":"rectangle"},"task_key":"em_record_number","instructions":{"mark":"Record Number","transcribe":"Enter the record number"}},{"id":"580d6d4a6164390003603e01","status":"awaiting_votes","name":"Mortgager","created_in_workflow":"verify","confidence":0.3333333333333333,"data":{"value":"Thos. Loughran"},"versions":[{"data":{"value":"Thos. Loughran"},"votes":1,"confidence":0.3333333333333333,"instances":[{"created":"2016-09-16T16:25:15Z","user_id":"57c49a363234370003600200","duration":9.633}]}],"region":{"x":233.15077241889603,"y":666.1598895848816,"width":309.41375654697845,"height":53.468096400891795,"label":"Mortgager Name","shape":"rectangle"},"task_key":"em_transcribed_mortgager","instructions":{"mark":"Mortgager Name","transcribe":"Enter the mortgager's name","verify":"Choose the best transcription or enter your own!"}},{"id":"580d6d4a6164390003613e01","status":"awaiting_votes","name":"Street Address","created_in_workflow":"verify","confidence":0.3333333333333333,"data":{"value":"S.E. Cor. 7 Ave \u0026 52d St"},"versions":[{"data":{"value":"S.E. Cor. 7 Ave \u0026 52d St"},"votes":1,"confidence":0.3333333333333333,"instances":[{"created":"2016-09-16T16:25:25Z","user_id":"57c49a363234370003600200","duration":9.897}]}],"region":{"x":252.43434931417514,"y":708.23314576919,"width":386.5480641280949,"height":51.715044059879034,"label":"Street Address","shape":"rectangle"},"task_key":"em_transcribed_address","instructions":{"mark":"Street Address","transcribe":"Enter the street address","verify":"Choose the best transcription or enter your own!"}},{"id":"580d6d4a6164390003623e01","status":"complete","name":"Record Date","created_in_workflow":"transcribe","confidence":1.0,"data":{"value":"July 17/93"},"versions":[{"data":{"value":"July 17/93"},"votes":3,"confidence":1.0,"instances":[{"created":"2015-12-29T00:15:20Z","user_id":"56748e5e3564620003fd0100","duration":6.574},{"created":"2015-12-29T01:04:22Z","user_id":"568163ed6339300003fa0400","duration":11.262},{"created":"2015-12-29T02:42:45Z","user_id":"563f8b7a3264340003774b00","duration":15.502}]}],"region":{"x":269.9648737644289,"y":613.5683193544962,"width":223.51418674073517,"height":69.24556747000747,"label":"Record Date","shape":"rectangle"},"task_key":"em_record_date","instructions":{"mark":"Record Date","transcribe":"Enter the record date"}},{"id":"580d6d4a6164390003633e01","status":"awaiting_votes","name":"Amount Loaned","created_in_workflow":"verify","confidence":0.3333333333333333,"data":{"value":"$75000."},"versions":[{"data":{"value":"$75000."},"votes":1,"confidence":0.3333333333333333,"instances":[{"created":"2016-09-16T16:25:29Z","user_id":"57c49a363234370003600200","duration":3.71}]}],"region":{"x":907.1994375311523,"y":709.9861981102028,"width":127.09630226433967,"height":52.5915702303854,"label":"Amount Loaned","shape":"rectangle"},"task_key":"em_transcribed_amount_loaned","instructions":{"mark":"Amount Loaned","transcribe":"Enter the Amount Loaned","verify":"Choose the best transcription or enter your own!"}}]}],"export_document":{"name":"Record","export_fields":[{"name":"Mortgager","value":"Thos. Loughran","original_value":{"value":"Thos. Loughran"},"assertion_ids":["580d6d4a6164390003603e01"]},{"name":"Street Address","value":"S.E. Cor. 7 Ave \u0026 52d St","original_value":{"value":"S.E. Cor. 7 Ave \u0026 52d St"},"assertion_ids":["580d6d4a6164390003613e01"]},{"name":"Record Date","value":"1893-07-17T00:00:00Z","original_value":{"value":"July 17/93"},"assertion_ids":["580d6d4a6164390003623e01"]},{"name":"Land \u0026 Building Dimensions","value":{"em_survey_land_dimensions":[70,125.41666666666667],"em_survey_building_dimensions":[125,50]},"original_value":{"em_survey_land_dimensions":"70 x 125.5","em_survey_building_dimensions":"125 x 50"},"assertion_ids":["580d6d4a6164390003543e01"]},{"name":"Amount Loaned","value":75000.0,"original_value":{"value":"$75000."},"assertion_ids":["580d6d4a6164390003633e01"]},{"name":"Stories \u0026 Materials","value":{"em_record_stories":5,"em_record_material":"Brick"},"original_value":{"em_record_stories":"5","em_record_material":"Brick"},"assertion_ids":["580d6d4a6164390003553e01"]},{"name":"Valuation","value":null,"original_value":null,"assertion_ids":null},{"name":"Valuation","value":null,"original_value":null,"assertion_ids":null},{"name":"Record Number","value":4060,"original_value":{"value":"4060"},"assertion_ids":["580d6d4a61643900035f3e01"]},{"name":"Additional Info","value":"","original_value":{"value":""},"assertion_ids":["580d6d4a6164390003563e01"]}]}}