{"id":"56b10a0a7061755afb53c300","meta_data":{"capture_uuid":"127850d0-02e7-0133-4b3c-58d385a7bbd0","page_uri":"http://digitalcollections.nypl.org/items/127850d0-02e7-0133-4b3c-58d385a7bbd0","book_uri":"http://digitalcollections.nypl.org/items/109c0900-02e7-0133-03cf-58d385a7bbd0","source_rotated":"0.559511","source_x":"1211.63","source_y":"0","source_w":"1366.37","source_h":"892.29"},"type":"final_subject_set","search_terms_by_field":{"Record Number":["3888"],"Mortgager":["Martha Mills"],"Street Address":[],"Land \u0026 Building Dimensions":["25 x 100","25 x 100"],"Stories \u0026 Materials":[],"Additional Info":[],"Record Date":["April 18/92"],"Valuation Date":["April 18, 1892"],"Land \u0026 Building Value":["$2,500","$2,500"],"Total Value":[],"Amount Loaned":["$1,000"]},"subjects":[{"id":"580d6c8f6164390003223701","type":"root","location":{"standard":"https://s3.amazonaws.com/scribe.nypl.org/emigrant-s4/full/127850d0-02e7-0133-4b3c-58d385a7bbd0.right-top.jpg","thumbnail":"https://s3.amazonaws.com/scribe.nypl.org/emigrant-s4/thumb/127850d0-02e7-0133-4b3c-58d385a7bbd0.right-top.jpg"},"status":"retired","width":1366,"height":892,"meta_data":{"capture_uuid":"127850d0-02e7-0133-4b3c-58d385a7bbd0","page_uri":"http://digitalcollections.nypl.org/items/127850d0-02e7-0133-4b3c-58d385a7bbd0","book_uri":"http://digitalcollections.nypl.org/items/109c0900-02e7-0133-03cf-58d385a7bbd0","source_rotated":"0.559511","source_x":"1211.63","source_y":"0","source_w":"1366.37","source_h":"892.29"},"assertions":[{"id":"580d6c8f6164390003233701","status":"awaiting_transcriptions","name":"Land \u0026 Building Dimensions","created_in_workflow":"transcribe","confidence":0.3333333333333333,"data":{"em_survey_land_dimensions":"25 x 100","em_survey_building_dimensions":"25 x 100"},"versions":[{"data":{"em_survey_land_dimensions":"25 x 100","em_survey_building_dimensions":"25 x 100"},"votes":1,"confidence":0.3333333333333333,"instances":[{"created":"2015-12-10T04:36:48Z","user_id":"5668fae73033300003cf0800","duration":8.147}]}],"region":{"x":128.60956747499662,"y":750.017833428192,"width":337.1018935637994,"height":85.29083665338646,"label":"Dimension \u0026 Description","shape":"rectangle"},"task_key":"em_record_survey","instructions":{"mark":"Dimension \u0026 Description","transcribe":"Enter, as they appear, any land and building dimensions that were recorded. In the next screen, you'll enter the descriptive information."}},{"id":"580d6c8f6164390003243701","status":"awaiting_transcriptions","name":"Stories \u0026 Materials","created_in_workflow":"transcribe","confidence":0.3333333333333333,"data":{"em_record_stories":"","em_record_material":""},"versions":[{"data":{"em_record_stories":"","em_record_material":""},"votes":1,"confidence":0.3333333333333333,"instances":[{"created":"2015-12-10T04:36:58Z","user_id":"5668fae73033300003cf0800","duration":9.842}]}],"region":{"x":128.60956747499662,"y":750.017833428192,"width":337.1018935637994,"height":85.29083665338646,"label":"Dimension \u0026 Description","shape":"rectangle"},"task_key":"em_record_survey_stories_materials","instructions":{"mark":"Dimension \u0026 Description","transcribe":"Enter, as they appear, the number of stories and the building materials."}},{"id":"580d6c8f6164390003253701","status":"awaiting_transcriptions","name":"Additional Info","created_in_workflow":"transcribe","confidence":0.3333333333333333,"data":{"value":""},"versions":[{"data":{"value":""},"votes":1,"confidence":0.3333333333333333,"instances":[{"created":"2015-12-10T04:37:03Z","user_id":"5668fae73033300003cf0800","duration":5.333}]}],"region":{"x":128.60956747499662,"y":750.017833428192,"width":337.1018935637994,"height":85.29083665338646,"label":"Dimension \u0026 Description","shape":"rectangle"},"task_key":"em_record_survey_additional_info","instructions":{"mark":"Dimension \u0026 Description","transcribe":"Enter any additional information you find about the building's construction or significance."}},{"id":"580d6c8f6164390003263701","status":"awaiting_transcriptions","name":"Valuation Date","created_in_workflow":"transcribe","confidence":0.3333333333333333,"data":{"value":"April 18, 1892"},"versions":[{"data":{"value":"April 18, 1892"},"votes":1,"confidence":0.3333333333333333,"instances":[{"created":"2015-12-10T04:35:43Z","user_id":"5668fae73033300003cf0800","duration":11.131}]}],"region":{"x":775.7368972882341,"y":615.9893758300133,"width":245.04193869497067,"height":100.1828874976286,"label":"Valuation","shape":"rectangle"},"task_key":"em_record_valuation","instructions":{"mark":"Valuation","transcribe":"Enter the date of the valuation (if one is given). In the next screen, you'll enter the valuation's dollar amounts."}},{"id":"580d6c8f6164390003273701","status":"awaiting_transcriptions","name":"Land \u0026 Building Value","created_in_workflow":"transcribe","confidence":0.3333333333333333,"data":{"em_valuation_ground":"$2,500","em_valuation_building":"$2,500"},"versions":[{"data":{"em_valuation_ground":"$2,500","em_valuation_building":"$2,500"},"votes":1,"confidence":0.3333333333333333,"instances":[{"created":"2015-12-10T04:35:50Z","user_id":"5668fae73033300003cf0800","duration":6.355}]}],"region":{"x":775.7368972882341,"y":615.9893758300133,"width":245.04193869497067,"height":100.1828874976286,"label":"Valuation","shape":"rectangle"},"task_key":"em_record_valuation_ground_building","instructions":{"mark":"Valuation","transcribe":"Sometimes valuations include itemized dollar values for \"ground\" and \"building\". Enter these amounts if you can find them. In the next screen, you'll enter the total valuation."}},{"id":"580d6c8f6164390003283701","status":"awaiting_transcriptions","name":"Total Value","created_in_workflow":"transcribe","confidence":0.3333333333333333,"data":{"value":""},"versions":[{"data":{"value":""},"votes":1,"confidence":0.3333333333333333,"instances":[{"created":"2015-12-10T04:35:50Z","user_id":"5668fae73033300003cf0800","duration":0.432}]}],"region":{"x":775.7368972882341,"y":615.9893758300133,"width":245.04193869497067,"height":100.1828874976286,"label":"Valuation","shape":"rectangle"},"task_key":"em_record_valuation_total","instructions":{"mark":"Valuation","transcribe":"Enter the valuation ***total*** (if one is given)"}},{"id":"580d6c8f6164390003293701","status":"complete","name":"Record Number","created_in_workflow":"transcribe","confidence":1.0,"data":{"value":"3888"},"versions":[{"data":{"value":"3888"},"votes":3,"confidence":1.0,"instances":[{"created":"2015-12-10T15:16:00Z","user_id":"56698f7130333000032e0b00","duration":2.741},{"created":"2015-12-10T16:35:48Z","user_id":"5669a3503666650003df0100","duration":3.807},{"created":"2015-12-10T18:04:41Z","user_id":"5669bcff6138660003020500","duration":6.68}]}],"region":{"x":396.6664948871745,"y":90.70612786947449,"width":557.7750206758449,"height":71.75260861316637,"label":"Record Number","shape":"rectangle"},"task_key":"em_record_number","instructions":{"mark":"Record Number","transcribe":"Enter the record number"}},{"id":"580d6c8f61643900032a3701","status":"complete","name":"Mortgager","created_in_workflow":"transcribe","confidence":1.0,"data":{"value":"Martha Mills"},"versions":[{"data":{"value":"Martha Mills"},"votes":3,"confidence":1.0,"instances":[{"created":"2015-12-10T15:16:25Z","user_id":"56698f7130333000032e0b00","duration":4.583},{"created":"2015-12-10T16:36:06Z","user_id":"5669a3503666650003df0100","duration":3.927},{"created":"2015-12-10T18:05:24Z","user_id":"5669bcff6138660003020500","duration":6.162}]}],"region":{"x":142.14779613217732,"y":668.7884651868716,"width":356.0554136838524,"height":50.0914437488143,"label":"Mortgager Name","shape":"rectangle"},"task_key":"em_record_mortgager","instructions":{"mark":"Mortgager Name","transcribe":"Enter the mortgager's name"}},{"id":"580d6c8f61643900032b3701","status":"awaiting_votes","name":"Street Address","created_in_workflow":"transcribe","confidence":0.5,"data":{"value":""},"versions":[{"data":{"value":""},"votes":2,"confidence":0.5,"instances":[{"created":"2015-12-10T04:36:24Z","user_id":"5668fae73033300003cf0800","duration":12.7},{"created":"2015-12-10T16:36:10Z","user_id":"5669a3503666650003df0100","duration":4.017}]},{"data":{"value":"vacant lot S.s. Fulton St. "},"votes":1,"confidence":0.25,"instances":[{"created":"2015-12-10T15:16:45Z","user_id":"56698f7130333000032e0b00","duration":20.126}]},{"data":{"value":"vacant lot. S. s. Fulton St. 50 ft E. of Hopkinson Av B'k."},"votes":1,"confidence":0.25,"instances":[{"created":"2016-09-13T14:00:20Z","user_id":"57c49a363234370003600200","duration":45.31}]}],"region":{"x":146.20926472933155,"y":678.2652248150256,"width":643.0658612160832,"height":82.58319104534246,"label":"Street Address","shape":"rectangle"},"task_key":"em_record_street_address","instructions":{"mark":"Street Address","transcribe":"Enter the street address"}},{"id":"580d6c8f61643900032c3701","status":"awaiting_votes","name":"Record Date","created_in_workflow":"verify","confidence":0.3333333333333333,"data":{"value":"April 18/92"},"versions":[{"data":{"value":"April 18/92"},"votes":1,"confidence":0.3333333333333333,"instances":[{"created":"2016-09-13T14:18:56Z","user_id":"57c49a363234370003600200","duration":5.102}]}],"region":{"x":140.79397326645926,"y":621.4046670461013,"width":364.17835087816087,"height":63.62967178903443,"label":"Record Date","shape":"rectangle"},"task_key":"em_transcribed_date","instructions":{"mark":"Record Date","transcribe":"Enter the record date","verify":"Choose the best transcription or enter your own!"}},{"id":"580d6c8f61643900032d3701","status":"awaiting_votes","name":"Amount Loaned","created_in_workflow":"transcribe","confidence":0.5,"data":{"value":"$1,000"},"versions":[{"data":{"value":"$1,000"},"votes":2,"confidence":0.5,"instances":[{"created":"2015-12-10T04:36:31Z","user_id":"5668fae73033300003cf0800","duration":2.931},{"created":"2015-12-10T15:16:58Z","user_id":"56698f7130333000032e0b00","duration":2.789}]},{"data":{"value":"$100."},"votes":1,"confidence":0.25,"instances":[{"created":"2015-12-10T16:36:32Z","user_id":"5669a3503666650003df0100","duration":3.35}]},{"data":{"value":"$1000."},"votes":1,"confidence":0.25,"instances":[{"created":"2016-09-13T14:00:40Z","user_id":"57c49a363234370003600200","duration":5.598}]}],"region":{"x":771.6754286910799,"y":708.0493265035097,"width":246.3957615606888,"height":50.0914437488143,"label":"Amount Loaned","shape":"rectangle"},"task_key":"em_record_amount_loaned","instructions":{"mark":"Amount Loaned","transcribe":"Enter the Amount Loaned"}}]}],"export_document":{"name":"Record","export_fields":[{"name":"Mortgager","value":"Martha Mills","original_value":{"value":"Martha Mills"},"assertion_ids":["580d6c8f61643900032a3701"]},{"name":"Street Address","value":"","original_value":{"value":""},"assertion_ids":["580d6c8f61643900032b3701"]},{"name":"Record Date","value":"1892-04-18T00:00:00Z","original_value":{"value":"April 18/92"},"assertion_ids":["580d6c8f61643900032c3701"]},{"name":"Land \u0026 Building Dimensions","value":{"em_survey_land_dimensions":[25,100],"em_survey_building_dimensions":[25,100]},"original_value":{"em_survey_land_dimensions":"25 x 100","em_survey_building_dimensions":"25 x 100"},"assertion_ids":["580d6c8f6164390003233701"]},{"name":"Amount Loaned","value":1000.0,"original_value":{"value":"$1,000"},"assertion_ids":["580d6c8f61643900032d3701"]},{"name":"Stories \u0026 Materials","value":{"em_record_stories":null,"em_record_material":""},"original_value":{"em_record_stories":"","em_record_material":""},"assertion_ids":["580d6c8f6164390003243701"]},{"name":"Valuation","value":null,"original_value":null,"assertion_ids":null},{"name":"Record Number","value":3888,"original_value":{"value":"3888"},"assertion_ids":["580d6c8f6164390003293701"]},{"name":"Additional Info","value":"","original_value":{"value":""},"assertion_ids":["580d6c8f6164390003253701"]}]}}