{"id":"56b1099c7061755afbd9ba00","meta_data":{"capture_uuid":"1100b210-02e7-0133-ed20-58d385a7bbd0","page_uri":"http://digitalcollections.nypl.org/items/1100b210-02e7-0133-ed20-58d385a7bbd0","book_uri":"http://digitalcollections.nypl.org/items/109c0900-02e7-0133-03cf-58d385a7bbd0","source_rotated":"-0.727349","source_x":"0","source_y":"869.97","source_w":"1368.49","source_h":"981.03"},"type":"final_subject_set","search_terms_by_field":{"Land \u0026 Building Dimensions":["25 x 100.5","25 x 80"],"Record Number":["3735"],"Mortgager":["James J. Morris"],"Street Address":["vacant lot S side of 71 St., 125 ft. E of Park Ave"],"Record Date":["June 29/91"],"Land \u0026 Building Value":["$17,500"],"Valuation Date":["June 29/91"],"Total Value":[],"Amount Loaned":["$7000.-$5000. \u0026 $8000.\u0026 2000."]},"subjects":[{"id":"580db05c6164390003f65e03","type":"root","location":{"standard":"https://s3.amazonaws.com/scribe.nypl.org/emigrant-s4/full/1100b210-02e7-0133-ed20-58d385a7bbd0.left-bottom.jpg","thumbnail":"https://s3.amazonaws.com/scribe.nypl.org/emigrant-s4/thumb/1100b210-02e7-0133-ed20-58d385a7bbd0.left-bottom.jpg"},"status":"retired","width":1368,"height":981,"meta_data":{"capture_uuid":"1100b210-02e7-0133-ed20-58d385a7bbd0","page_uri":"http://digitalcollections.nypl.org/items/1100b210-02e7-0133-ed20-58d385a7bbd0","book_uri":"http://digitalcollections.nypl.org/items/109c0900-02e7-0133-03cf-58d385a7bbd0","source_rotated":"-0.727349","source_x":"0","source_y":"869.97","source_w":"1368.49","source_h":"981.03"},"assertions":[{"id":"580db05c6164390003f75e03","status":"active","name":null,"created_in_workflow":"mark","confidence":1.0,"data":{"belongsToUser":"true","toolName":"rectangleTool","userCreated":"true","subToolIndex":"6","color":"purple","isTranscribable":"true","x":"204.31449056107584","y":"721.2196814586521","width":"244.91700726943225","height":"79.83482402637988","_key":"0.45790232208365245","status":"mark","isUncommitted":"true"},"versions":null,"region":{"x":204.31449056107584,"y":721.2196814586521,"width":244.91700726943225,"height":79.83482402637988,"label":"Dimension \u0026 Description","shape":"rectangle"},"task_key":"mark_primary","instructions":{"mark":""}},{"id":"580db05c6164390003f85e03","status":"active","name":null,"created_in_workflow":"mark","confidence":1.0,"data":{"belongsToUser":"true","toolName":"rectangleTool","userCreated":"true","subToolIndex":"0","color":"red","isTranscribable":"true","x":"1154.2136016281556","y":"610.2628073880901","width":"104.19121303727229","height":"54.12530442466438","_key":"0.06099639824047198","status":"mark","isUncommitted":"true"},"versions":null,"region":{"x":1154.2136016281556,"y":610.2628073880901,"width":104.19121303727229,"height":54.12530442466438,"label":"Record Date","shape":"rectangle"},"task_key":"mark_primary","instructions":{"mark":""}},{"id":"580db05c6164390003f95e03","status":"active","name":null,"created_in_workflow":"mark","confidence":1.0,"data":{"belongsToUser":"true","toolName":"rectangleTool","userCreated":"true","subToolIndex":"5","color":"sienna","isTranscribable":"true","x":"778.0427285844974","y":"587.2595530076079","width":"189.43856915867684","height":"90.6598849113127","_key":"0.8991382647103889","status":"mark","isUncommitted":"true"},"versions":null,"region":{"x":778.0427285844974,"y":587.2595530076079,"width":189.43856915867684,"height":90.6598849113127,"label":"Valuation","shape":"rectangle"},"task_key":"mark_primary","instructions":{"mark":""}},{"id":"580db05c6164390003fa5e03","status":"active","name":null,"created_in_workflow":"mark","confidence":1.0,"data":{"belongsToUser":"true","toolName":"rectangleTool","userCreated":"true","subToolIndex":"5","color":"sienna","isTranscribable":"true","x":"1028.3722664013203","y":"588.6126856182245","width":"133.96013104792155","height":"93.36615013254595","_key":"0.8420699305888755","status":"mark","isUncommitted":"true"},"versions":null,"region":{"x":1028.3722664013203,"y":588.6126856182245,"width":133.96013104792155,"height":93.36615013254595,"label":"Valuation","shape":"rectangle"},"task_key":"mark_primary","instructions":{"mark":""}},{"id":"580db05c6164390003fb5e03","status":"complete","name":"Land \u0026 Building Dimensions","created_in_workflow":"verify","confidence":1.0,"data":{"em_survey_land_dimensions":"25 x 100.5","em_survey_building_dimensions":"25 x 80"},"versions":[{"data":{"em_survey_land_dimensions":"25 x 100.5","em_survey_building_dimensions":"25 x 80"},"votes":3,"confidence":1.0,"instances":[{"created":"2016-03-28T14:09:03Z","user_id":"563f8b7a3264340003774b00","duration":4.878},{"created":"2016-04-09T05:05:13Z","user_id":"570883776633380003790000","duration":15.94},{"created":"2016-04-09T21:44:43Z","user_id":"5705907d6364630003ba0000","duration":5.131}]}],"region":{"x":280.64326141366234,"y":729.431662599607,"width":161.34268302162428,"height":78.6376141836007,"label":"Dimension \u0026 Description","shape":"rectangle"},"task_key":"em_transcribed_survey","instructions":{"mark":"Dimension \u0026 Description","transcribe":"Enter, as they appear, any land and building dimensions that were recorded. In the next screen, you'll enter the descriptive information.","verify":"Choose the best transcription or enter your own!"}},{"id":"580db05c6164390003fc5e03","status":"complete","name":"Record Number","created_in_workflow":"transcribe","confidence":1.0,"data":{"value":"3735"},"versions":[{"data":{"value":"3735"},"votes":3,"confidence":1.0,"instances":[{"created":"2015-11-11T01:04:38Z","user_id":"564289833564380003a50200","duration":11.867},{"created":"2015-11-11T01:08:07Z","user_id":"56415dab6161650003e55900","duration":6.23},{"created":"2015-11-11T01:13:44Z","user_id":"564296173564380003bd0400","duration":8.823}]}],"region":{"x":728.0641471038809,"y":66.43522577580063,"width":124.73551964697003,"height":51.52119549960048,"label":"Record Number","shape":"rectangle"},"task_key":"em_record_number","instructions":{"mark":"Record Number","transcribe":"Enter the record number"}},{"id":"580db05c6164390003fd5e03","status":"complete","name":"Mortgager","created_in_workflow":"transcribe","confidence":1.0,"data":{"value":"James J. Morris"},"versions":[{"data":{"value":"James J. Morris"},"votes":3,"confidence":1.0,"instances":[{"created":"2015-11-10T21:40:09Z","user_id":"5640e9953432660003d83400","duration":7.265},{"created":"2015-11-10T21:57:35Z","user_id":"563e914566303300031f4800","duration":7.515},{"created":"2015-11-11T00:55:39Z","user_id":"563f8b7a3264340003774b00","duration":17.839}]}],"region":{"x":162.686846095332,"y":646.7265856134061,"width":229.13372630802104,"height":47.45373269700053,"label":"Mortgager Name","shape":"rectangle"},"task_key":"em_record_mortgager","instructions":{"mark":"Mortgager Name","transcribe":"Enter the mortgager's name"}},{"id":"580db05c6164390003fe5e03","status":"awaiting_votes","name":"Street Address","created_in_workflow":"verify","confidence":0.6666666666666666,"data":{"value":"vacant lot S side of 71 St., 125 ft. E of Park Ave"},"versions":[{"data":{"value":"vacant lot S side of 71 St., 125 ft. E of Park Ave"},"votes":2,"confidence":0.6666666666666666,"instances":[{"created":"2016-03-28T13:26:23Z","user_id":"563f8b7a3264340003774b00","duration":27.349},{"created":"2016-04-05T18:26:38Z","user_id":"570135123537650003160100","duration":45.402}]}],"region":{"x":214.20803899299352,"y":680.6221089684065,"width":470.4698404075935,"height":46.097911762800436,"label":"Street Address","shape":"rectangle"},"task_key":"em_transcribed_address","instructions":{"mark":"Street Address","transcribe":"Enter the street address","verify":"Choose the best transcription or enter your own!"}},{"id":"580db05c6164390003ff5e03","status":"complete","name":"Record Date","created_in_workflow":"verify","confidence":1.0,"data":{"value":"June 29/91"},"versions":[{"data":{"value":"June 29/91"},"votes":3,"confidence":1.0,"instances":[{"created":"2016-03-27T18:41:59Z","user_id":"563f8b7a3264340003774b00","duration":8.618},{"created":"2016-04-05T18:14:59Z","user_id":"570135123537650003160100","duration":10.47},{"created":"2016-04-08T17:32:39Z","user_id":"5707e9cf6131360003b20000","duration":6.976}]}],"region":{"x":234.54535197891255,"y":597.9170319822057,"width":174.90089167890363,"height":46.097911762800436,"label":"Record Date","shape":"rectangle"},"task_key":"em_transcribed_date","instructions":{"mark":"Record Date","transcribe":"Enter the record date","verify":"Choose the best transcription or enter your own!"}},{"id":"580db05c6164390003005f03","status":"awaiting_votes","name":"Land \u0026 Building Value","created_in_workflow":"verify","confidence":0.6666666666666666,"data":{"em_valuation_ground":"$17,500"},"versions":[{"data":{"em_valuation_ground":"$17,500"},"votes":2,"confidence":0.6666666666666666,"instances":[{"created":"2016-09-04T20:53:20Z","user_id":"57c49a363234370003600200","duration":18.729},{"created":"2016-10-17T22:18:33Z","user_id":"57de76143236610003ed0100","duration":31.147}]},{"data":{"em_valuation_ground":"17500.","em_valuation_building":"24000."},"votes":1,"confidence":0.3333333333333333,"instances":[{"created":"2016-10-15T06:04:01Z","user_id":"5801b0fb3334640003a70000","duration":40.278}]}],"region":{"x":831.106532899204,"y":599.2728529164057,"width":437.930139630123,"height":82.70507698620077,"label":"Valuation","shape":"rectangle"},"task_key":"em_transcribed_valuation_itemized","instructions":{"mark":"Valuation","transcribe":"Sometimes valuations include itemized dollar values for \"ground\" and \"building\". Enter these amounts if you can find them. In the next screen, you'll enter the total valuation.","verify":"Choose the best transcription or enter your own!"}},{"id":"580db05c6164390003015f03","status":"awaiting_votes","name":"Valuation Date","created_in_workflow":"verify","confidence":0.3333333333333333,"data":{"value":"June 29/91"},"versions":[{"data":{"value":"June 29/91"},"votes":1,"confidence":0.3333333333333333,"instances":[{"created":"2016-10-02T15:02:18Z","user_id":"57c49a363234370003600200","duration":4.816}]}],"region":{"x":831.106532899204,"y":599.2728529164057,"width":437.930139630123,"height":82.70507698620077,"label":"Valuation","shape":"rectangle"},"task_key":"em_transcribed_valuation_date","instructions":{"mark":"Valuation","transcribe":"Enter the date of the valuation (if one is given). In the next screen, you'll enter the valuation's dollar amounts.","verify":"Choose the best transcription or enter your own!"}},{"id":"580db05c6164390003025f03","status":"awaiting_transcriptions","name":"Total Value","created_in_workflow":"transcribe","confidence":0.3333333333333333,"data":{"value":""},"versions":[{"data":{"value":""},"votes":1,"confidence":0.3333333333333333,"instances":[{"created":"2016-07-23T21:32:46Z","user_id":"5793c4c83134640003700000","duration":2.165}]}],"region":{"x":831.106532899204,"y":599.2728529164057,"width":437.930139630123,"height":82.70507698620077,"label":"Valuation","shape":"rectangle"},"task_key":"em_record_valuation_total","instructions":{"mark":"Valuation","transcribe":"Enter the valuation ***total*** (if one is given)"}},{"id":"580db05c6164390003035f03","status":"awaiting_votes","name":"Amount Loaned","created_in_workflow":"verify","confidence":0.3333333333333333,"data":{"value":"$7000.-$5000. \u0026 $8000.\u0026 2000."},"versions":[{"data":{"value":"$7000.-$5000. \u0026 $8000.\u0026 2000."},"votes":1,"confidence":0.3333333333333333,"instances":[{"created":"2016-07-30T02:41:03Z","user_id":"5750d4e061323000033d0000","duration":20.816}]},{"data":{"value":"$7,000 - $5,000 + $8,000 + $2,000"},"votes":1,"confidence":0.3333333333333333,"instances":[{"created":"2016-09-04T20:54:59Z","user_id":"57c49a363234370003600200","duration":32.943}]}],"region":{"x":856.8671293480348,"y":679.2662880342065,"width":383.6973050010057,"height":46.097911762800436,"label":"Amount Loaned","shape":"rectangle"},"task_key":"em_transcribed_amount_loaned","instructions":{"mark":"Amount Loaned","transcribe":"Enter the Amount Loaned","verify":"Choose the best transcription or enter your own!"}}]}],"export_document":{"name":"Record","export_fields":[{"name":"Mortgager","value":"James J. Morris","original_value":{"value":"James J. Morris"},"assertion_ids":["580db05c6164390003fd5e03"]},{"name":"Street Address","value":"vacant lot S side of 71 St., 125 ft. E of Park Ave","original_value":{"value":"vacant lot S side of 71 St., 125 ft. E of Park Ave"},"assertion_ids":["580db05c6164390003fe5e03"]},{"name":"Record Date","value":"1891-06-29T00:00:00Z","original_value":{"value":"June 29/91"},"assertion_ids":["580db05c6164390003ff5e03"]},{"name":"Land \u0026 Building Dimensions","value":{"em_survey_land_dimensions":[25,100.41666666666667],"em_survey_building_dimensions":[25,80]},"original_value":{"em_survey_land_dimensions":"25 x 100.5","em_survey_building_dimensions":"25 x 80"},"assertion_ids":["580db05c6164390003fb5e03"]},{"name":"Amount Loaned","value":70005000.0,"original_value":{"value":"$7000.-$5000. \u0026 $8000.\u0026 2000."},"assertion_ids":["580db05c6164390003035f03"]},{"name":"Valuation","value":null,"original_value":null,"assertion_ids":null},{"name":"Record Number","value":3735,"original_value":{"value":"3735"},"assertion_ids":["580db05c6164390003fc5e03"]}]}}