{"id":"56b10a337061755afb71c600","meta_data":{"capture_uuid":"130a3d00-02e7-0133-d85a-58d385a7bbd0","page_uri":"http://digitalcollections.nypl.org/items/130a3d00-02e7-0133-d85a-58d385a7bbd0","book_uri":"http://digitalcollections.nypl.org/items/109c0900-02e7-0133-03cf-58d385a7bbd0","source_rotated":"1.00705","source_x":"0","source_y":"869.97","source_w":"1373.79","source_h":"981.03"},"type":"final_subject_set","search_terms_by_field":{"Land \u0026 Building Dimensions":["see diagram","18 x 21"],"Stories \u0026 Materials":["2","frame","2","Frame"],"Total Value":["4000"],"Land \u0026 Building Value":[],"Valuation Date":["$4000"],"Additional Info":[],"Record Number":["3947"],"Mortgager":["Henrietta Jacobs"],"Street Address":["524 W 131 St"],"Record Date":["Jany 11/92"],"Amount Loaned":["$2000"]},"subjects":[{"id":"580d8e656164390003419102","type":"root","location":{"standard":"https://s3.amazonaws.com/scribe.nypl.org/emigrant-s4/full/130a3d00-02e7-0133-d85a-58d385a7bbd0.left-bottom.jpg","thumbnail":"https://s3.amazonaws.com/scribe.nypl.org/emigrant-s4/thumb/130a3d00-02e7-0133-d85a-58d385a7bbd0.left-bottom.jpg"},"status":"retired","width":1373,"height":981,"meta_data":{"capture_uuid":"130a3d00-02e7-0133-d85a-58d385a7bbd0","page_uri":"http://digitalcollections.nypl.org/items/130a3d00-02e7-0133-d85a-58d385a7bbd0","book_uri":"http://digitalcollections.nypl.org/items/109c0900-02e7-0133-03cf-58d385a7bbd0","source_rotated":"1.00705","source_x":"0","source_y":"869.97","source_w":"1373.79","source_h":"981.03"},"assertions":[{"id":"580d8e656164390003429102","status":"awaiting_transcriptions","name":"Land \u0026 Building Dimensions","created_in_workflow":"transcribe","confidence":0.3333333333333333,"data":{"em_survey_land_dimensions":"see diagram","em_survey_building_dimensions":"18 x 21"},"versions":[{"data":{"em_survey_land_dimensions":"see diagram","em_survey_building_dimensions":"18 x 21"},"votes":1,"confidence":0.3333333333333333,"instances":[{"created":"2015-12-07T21:37:20Z","user_id":"5665fbb83538380003440c00","duration":23.547}]}],"region":{"x":76.20017067821415,"y":718.4800710895338,"width":549.746130288655,"height":76.20243178222324,"label":"Dimension \u0026 Description","shape":"rectangle"},"task_key":"em_record_survey","instructions":{"mark":"Dimension \u0026 Description","transcribe":"Enter, as they appear, any land and building dimensions that were recorded. In the next screen, you'll enter the descriptive information."}},{"id":"580d8e656164390003439102","status":"awaiting_transcriptions","name":"Stories \u0026 Materials","created_in_workflow":"transcribe","confidence":0.6666666666666666,"data":{"em_record_stories":"2","em_record_material":"frame"},"versions":[{"data":{"em_record_stories":"2","em_record_material":"frame"},"votes":2,"confidence":0.6666666666666666,"instances":[{"created":"2015-12-07T21:37:43Z","user_id":"5665fbb83538380003440c00","duration":23.92},{"created":"2015-12-07T22:20:08Z","user_id":"566605c53539360003170f00","duration":28.788}]}],"region":{"x":76.20017067821415,"y":718.4800710895338,"width":549.746130288655,"height":76.20243178222324,"label":"Dimension \u0026 Description","shape":"rectangle"},"task_key":"em_record_survey_stories_materials","instructions":{"mark":"Dimension \u0026 Description","transcribe":"Enter, as they appear, the number of stories and the building materials."}},{"id":"580d8e656164390003449102","status":"awaiting_votes","name":"Total Value","created_in_workflow":"transcribe","confidence":0.3333333333333333,"data":{"value":"4000"},"versions":[{"data":{"value":"4000"},"votes":1,"confidence":0.3333333333333333,"instances":[{"created":"2015-11-18T14:05:13Z","user_id":"564c675865316600033b0100","duration":6.968}]},{"data":{"value":"$4000"},"votes":1,"confidence":0.3333333333333333,"instances":[{"created":"2015-11-18T16:48:15Z","user_id":"564b62033863320003ba0500","duration":6.418}]},{"data":{"value":"$4000."},"votes":1,"confidence":0.3333333333333333,"instances":[{"created":"2016-10-05T19:12:04Z","user_id":"57c49a363234370003600200","duration":3.941}]}],"region":{"x":895.8190059634243,"y":582.5802480649072,"width":112.71024600703174,"height":54.15947029749134,"label":"Valuation","shape":"rectangle"},"task_key":"em_record_valuation_total","instructions":{"mark":"Valuation","transcribe":"Enter the valuation ***total*** (if one is given)"}},{"id":"580d8e656164390003459102","status":"awaiting_votes","name":"Land \u0026 Building Value","created_in_workflow":"transcribe","confidence":0.3333333333333333,"data":{"em_valuation_ground":""},"versions":[{"data":{"em_valuation_ground":""},"votes":1,"confidence":0.3333333333333333,"instances":[{"created":"2015-11-18T14:05:06Z","user_id":"564c675865316600033b0100","duration":18.223}]},{"data":{"em_valuation_ground":"$4000"},"votes":1,"confidence":0.3333333333333333,"instances":[{"created":"2015-11-18T16:48:09Z","user_id":"564b62033863320003ba0500","duration":9.456}]},{"data":{"em_valuation_ground":" ","em_valuation_building":" "},"votes":1,"confidence":0.3333333333333333,"instances":[{"created":"2016-10-05T19:12:00Z","user_id":"57c49a363234370003600200","duration":6.582}]}],"region":{"x":895.8190059634243,"y":582.5802480649072,"width":112.71024600703174,"height":54.15947029749134,"label":"Valuation","shape":"rectangle"},"task_key":"em_record_valuation_ground_building","instructions":{"mark":"Valuation","transcribe":"Sometimes valuations include itemized dollar values for \"ground\" and \"building\". Enter these amounts if you can find them. In the next screen, you'll enter the total valuation."}},{"id":"580d8e656164390003469102","status":"awaiting_transcriptions","name":"Valuation Date","created_in_workflow":"transcribe","confidence":0.3333333333333333,"data":{"value":"$4000"},"versions":[{"data":{"value":"$4000"},"votes":1,"confidence":0.3333333333333333,"instances":[{"created":"2015-11-18T16:48:00Z","user_id":"564b62033863320003ba0500","duration":3.591}]},{"data":{"value":"Jany 11/92"},"votes":1,"confidence":0.3333333333333333,"instances":[{"created":"2016-10-05T19:11:54Z","user_id":"57c49a363234370003600200","duration":10.613}]}],"region":{"x":895.8190059634243,"y":582.5802480649072,"width":112.71024600703174,"height":54.15947029749134,"label":"Valuation","shape":"rectangle"},"task_key":"em_record_valuation","instructions":{"mark":"Valuation","transcribe":"Enter the date of the valuation (if one is given). In the next screen, you'll enter the valuation's dollar amounts."}},{"id":"580d8e656164390003479102","status":"awaiting_transcriptions","name":"Additional Info","created_in_workflow":"transcribe","confidence":0.3333333333333333,"data":{"value":""},"versions":[{"data":{"value":""},"votes":1,"confidence":0.3333333333333333,"instances":[{"created":"2016-10-05T19:13:19Z","user_id":"57c49a363234370003600200","duration":1.221}]}],"region":{"x":302.9923873550106,"y":747.9861978923809,"width":303.00027173318927,"height":55.623239764991126,"label":"Dimension \u0026 Description","shape":"rectangle"},"task_key":"em_record_survey_additional_info","instructions":{"mark":"Dimension \u0026 Description","transcribe":"Enter any additional information you find about the building's construction or significance."}},{"id":"580d8e656164390003489102","status":"awaiting_transcriptions","name":"Stories \u0026 Materials","created_in_workflow":"transcribe","confidence":0.3333333333333333,"data":{"em_record_stories":"2","em_record_material":"Frame"},"versions":[{"data":{"em_record_stories":"2","em_record_material":"Frame"},"votes":1,"confidence":0.3333333333333333,"instances":[{"created":"2015-11-18T14:05:57Z","user_id":"564c675865316600033b0100","duration":14.338}]},{"data":{"em_record_stories":"2","em_record_material":"frame"},"votes":1,"confidence":0.3333333333333333,"instances":[{"created":"2016-10-05T19:13:18Z","user_id":"57c49a363234370003600200","duration":6.55}]}],"region":{"x":302.9923873550106,"y":747.9861978923809,"width":303.00027173318927,"height":55.623239764991126,"label":"Dimension \u0026 Description","shape":"rectangle"},"task_key":"em_record_survey_stories_materials","instructions":{"mark":"Dimension \u0026 Description","transcribe":"Enter, as they appear, the number of stories and the building materials."}},{"id":"580d8e656164390003499102","status":"complete","name":"Record Number","created_in_workflow":"transcribe","confidence":1.0,"data":{"value":"3947"},"versions":[{"data":{"value":"3947"},"votes":3,"confidence":1.0,"instances":[{"created":"2015-11-18T17:23:01Z","user_id":"564b62033863320003ba0500","duration":2.936},{"created":"2015-11-18T17:28:25Z","user_id":"564caef53463650003f40800","duration":9.71},{"created":"2015-11-18T17:28:31Z","user_id":"564cb4ef34636500033e0a00","duration":11.024}]}],"region":{"x":680.6448999500001,"y":60.014548167490446,"width":181.507409154181,"height":61.478317634990205,"label":"Record Number","shape":"rectangle"},"task_key":"em_record_number","instructions":{"mark":"Record Number","transcribe":"Enter the record number"}},{"id":"580d8e6561643900034a9102","status":"complete","name":"Mortgager","created_in_workflow":"verify","confidence":1.0,"data":{"value":"Henrietta Jacobs"},"versions":[{"data":{"value":"Henrietta Jacobs"},"votes":3,"confidence":1.0,"instances":[{"created":"2016-05-14T22:38:00Z","user_id":"563f8b7a3264340003774b00","duration":7.162},{"created":"2016-06-02T03:23:01Z","user_id":"574fa0183665620003bc0100","duration":15.257},{"created":"2016-06-02T03:59:31Z","user_id":"574faca23665620003080200","duration":21.391}]}],"region":{"x":177.10821649001406,"y":625.0295626224005,"width":270.7973443026087,"height":54.15947029749139,"label":"Mortgager Name","shape":"rectangle"},"task_key":"em_transcribed_mortgager","instructions":{"mark":"Mortgager Name","transcribe":"Enter the mortgager's name","verify":"Choose the best transcription or enter your own!"}},{"id":"580d8e6561643900034b9102","status":"complete","name":"Street Address","created_in_workflow":"verify","confidence":1.0,"data":{"value":"524 W 131 St"},"versions":[{"data":{"value":"524 W 131 St"},"votes":4,"confidence":1.0,"instances":[{"created":"2015-11-18T18:00:35Z","user_id":"564cba2965316600030b0b00","duration":48.249},{"created":"2015-11-18T18:26:33Z","user_id":"564cbcf665316600032c0b00","duration":12.159},{"created":"2015-11-18T18:35:33Z","user_id":"564cf0e16531660003991000","duration":11.149},{"created":"2015-11-18T18:36:13Z","user_id":"564cb05c3463650003290900","duration":11.895}]}],"region":{"x":225.4126076358848,"y":668.9426466473934,"width":292.75388573255,"height":45.37685349249284,"label":"Street Address","shape":"rectangle"},"task_key":"em_transcribed_address","instructions":{"mark":"Street Address","transcribe":"Enter the street address","verify":"Choose the best transcription or enter your own!"}},{"id":"580d8e6561643900034c9102","status":"complete","name":"Record Date","created_in_workflow":"transcribe","confidence":1.0,"data":{"value":"Jany 11/92"},"versions":[{"data":{"value":"Jany 11/92"},"votes":3,"confidence":1.0,"instances":[{"created":"2015-11-18T17:23:31Z","user_id":"564b62033863320003ba0500","duration":5.459},{"created":"2015-12-17T18:29:21Z","user_id":"5668b33530333000032d0500","duration":7.003},{"created":"2015-12-17T19:04:37Z","user_id":"5672fbd26434380003410700","duration":21.747}]}],"region":{"x":226.87637706454757,"y":570.8700923249091,"width":206.39148944144773,"height":67.3333955049892,"label":"Record Date","shape":"rectangle"},"task_key":"em_record_date","instructions":{"mark":"Record Date","transcribe":"Enter the record date"}},{"id":"580d8e6561643900034d9102","status":"complete","name":"Amount Loaned","created_in_workflow":"verify","confidence":1.0,"data":{"value":"$2000"},"versions":[{"data":{"value":"$2000"},"votes":2,"confidence":0.6666666666666666,"instances":[{"created":"2016-05-14T14:15:43Z","user_id":"563f8b7a3264340003774b00","duration":4.605},{"created":"2016-05-31T14:13:35Z","user_id":"574d8fef3262620003a90000","duration":5.796}]},{"data":{"value":"2000"},"votes":1,"confidence":0.3333333333333333,"instances":[{"created":"2016-05-31T18:44:44Z","user_id":"574dda363262620003490200","duration":2.079}]}],"region":{"x":853.3696925322046,"y":668.9426466473934,"width":105.391398863718,"height":43.913084024993054,"label":"Amount Loaned","shape":"rectangle"},"task_key":"em_transcribed_amount_loaned","instructions":{"mark":"Amount Loaned","transcribe":"Enter the Amount Loaned","verify":"Choose the best transcription or enter your own!"}}]}],"export_document":{"name":"Record","export_fields":[{"name":"Mortgager","value":"Henrietta Jacobs","original_value":{"value":"Henrietta Jacobs"},"assertion_ids":["580d8e6561643900034a9102"]},{"name":"Street Address","value":"524 W 131 St","original_value":{"value":"524 W 131 St"},"assertion_ids":["580d8e6561643900034b9102"]},{"name":"Record Date","value":"1892-01-11T00:00:00Z","original_value":{"value":"Jany 11/92"},"assertion_ids":["580d8e6561643900034c9102"]},{"name":"Land \u0026 Building Dimensions","value":{"em_survey_land_dimensions":[0],"em_survey_building_dimensions":[18,21]},"original_value":{"em_survey_land_dimensions":"see diagram","em_survey_building_dimensions":"18 x 21"},"assertion_ids":["580d8e656164390003429102"]},{"name":"Amount Loaned","value":2000.0,"original_value":{"value":"$2000"},"assertion_ids":["580d8e6561643900034d9102"]},{"name":"Stories \u0026 Materials","value":{"em_record_stories":2,"em_record_material":"frame"},"original_value":{"em_record_stories":"2","em_record_material":"frame"},"assertion_ids":["580d8e656164390003439102"]},{"name":"Valuation","value":null,"original_value":null,"assertion_ids":null},{"name":"Record Number","value":3947,"original_value":{"value":"3947"},"assertion_ids":["580d8e656164390003499102"]},{"name":"Additional Info","value":"","original_value":{"value":""},"assertion_ids":["580d8e656164390003479102"]}]}}