{"id":"56b109d47061755afb0ebf00","meta_data":{"capture_uuid":"11b28740-02e7-0133-e036-58d385a7bbd0","page_uri":"http://digitalcollections.nypl.org/items/11b28740-02e7-0133-e036-58d385a7bbd0","book_uri":"http://digitalcollections.nypl.org/items/109c0900-02e7-0133-03cf-58d385a7bbd0","source_rotated":"0.839234","source_x":"1216.36","source_y":"886.42","source_w":"1371.64","source_h":"999.58"},"type":"final_subject_set","search_terms_by_field":{"Land \u0026 Building Dimensions":["25 x 100","25 x 50 and 25 x 30"],"Additional Info":[],"Stories \u0026 Materials":["5 \u0026 4","brick"],"Total Value":["$18150"],"Valuation Date":["$18150."],"Land \u0026 Building Value":["$18150."],"Record Number":["3809"],"Mortgager":["Maurice Dorian"],"Street Address":["320 E 47"],"Record Date":["Dec 7/91"],"Amount Loaned":["$8000."]},"subjects":[{"id":"580d6c426164390003fe3301","type":"root","location":{"standard":"https://s3.amazonaws.com/scribe.nypl.org/emigrant-s4/full/11b28740-02e7-0133-e036-58d385a7bbd0.right-bottom.jpg","thumbnail":"https://s3.amazonaws.com/scribe.nypl.org/emigrant-s4/thumb/11b28740-02e7-0133-e036-58d385a7bbd0.right-bottom.jpg"},"status":"retired","width":1371,"height":999,"meta_data":{"capture_uuid":"11b28740-02e7-0133-e036-58d385a7bbd0","page_uri":"http://digitalcollections.nypl.org/items/11b28740-02e7-0133-e036-58d385a7bbd0","book_uri":"http://digitalcollections.nypl.org/items/109c0900-02e7-0133-03cf-58d385a7bbd0","source_rotated":"0.839234","source_x":"1216.36","source_y":"886.42","source_w":"1371.64","source_h":"999.58"},"assertions":[{"id":"580d6c426164390003ff3301","status":"awaiting_transcriptions","name":"Land \u0026 Building Dimensions","created_in_workflow":"transcribe","confidence":0.3333333333333333,"data":{"em_survey_land_dimensions":"25 x 100","em_survey_building_dimensions":"25 x 50 and 25 x 30"},"versions":[{"data":{"em_survey_land_dimensions":"25 x 100","em_survey_building_dimensions":"25 x 50 and 25 x 30"},"votes":1,"confidence":0.3333333333333333,"instances":[{"created":"2015-11-19T23:27:26Z","user_id":"563f8b7a3264340003774b00","duration":28.823}]},{"data":{"em_survey_land_dimensions":"25 x 100","em_survey_building_dimensions":"25 x 50; 25 x 30"},"votes":1,"confidence":0.3333333333333333,"instances":[{"created":"2016-10-06T18:15:03Z","user_id":"57c49a363234370003600200","duration":16.168}]}],"region":{"x":124.75304823143594,"y":733.6495641292129,"width":573.6298291158716,"height":136.96599995757947,"label":"Dimension \u0026 Description","shape":"rectangle"},"task_key":"em_record_survey","instructions":{"mark":"Dimension \u0026 Description","transcribe":"Enter, as they appear, any land and building dimensions that were recorded. In the next screen, you'll enter the descriptive information."}},{"id":"580d6c426164390003003401","status":"awaiting_transcriptions","name":"Additional Info","created_in_workflow":"transcribe","confidence":0.6666666666666666,"data":{"value":""},"versions":[{"data":{"value":""},"votes":2,"confidence":0.6666666666666666,"instances":[{"created":"2015-11-19T23:27:48Z","user_id":"563f8b7a3264340003774b00","duration":3.632},{"created":"2016-10-06T18:15:19Z","user_id":"57c49a363234370003600200","duration":0.968}]}],"region":{"x":124.75304823143594,"y":733.6495641292129,"width":573.6298291158716,"height":136.96599995757947,"label":"Dimension \u0026 Description","shape":"rectangle"},"task_key":"em_record_survey_additional_info","instructions":{"mark":"Dimension \u0026 Description","transcribe":"Enter any additional information you find about the building's construction or significance."}},{"id":"580d6c426164390003013401","status":"awaiting_transcriptions","name":"Stories \u0026 Materials","created_in_workflow":"transcribe","confidence":0.3333333333333333,"data":{"em_record_stories":"5 \u0026 4","em_record_material":"brick"},"versions":[{"data":{"em_record_stories":"5 \u0026 4","em_record_material":"brick"},"votes":1,"confidence":0.3333333333333333,"instances":[{"created":"2015-11-19T23:27:45Z","user_id":"563f8b7a3264340003774b00","duration":19.136}]},{"data":{"em_record_stories":"5; 4","em_record_material":"brick"},"votes":1,"confidence":0.3333333333333333,"instances":[{"created":"2016-10-06T18:15:17Z","user_id":"57c49a363234370003600200","duration":13.857}]}],"region":{"x":124.75304823143594,"y":733.6495641292129,"width":573.6298291158716,"height":136.96599995757947,"label":"Dimension \u0026 Description","shape":"rectangle"},"task_key":"em_record_survey_stories_materials","instructions":{"mark":"Dimension \u0026 Description","transcribe":"Enter, as they appear, the number of stories and the building materials."}},{"id":"580d6c426164390003023401","status":"awaiting_transcriptions","name":"Total Value","created_in_workflow":"transcribe","confidence":0.6666666666666666,"data":{"value":"$18150"},"versions":[{"data":{"value":"$18150"},"votes":2,"confidence":0.6666666666666666,"instances":[{"created":"2015-11-19T23:36:54Z","user_id":"564e5a493964660003ba0c00","duration":11.366},{"created":"2016-10-06T18:13:35Z","user_id":"57c49a363234370003600200","duration":7.191}]}],"region":{"x":752.6268328192576,"y":591.2591681337094,"width":313.25884285051154,"height":100.35132670159294,"label":"Valuation","shape":"rectangle"},"task_key":"em_record_valuation_total","instructions":{"mark":"Valuation","transcribe":"Enter the valuation ***total*** (if one is given)"}},{"id":"580d6c426164390003033401","status":"awaiting_transcriptions","name":"Valuation Date","created_in_workflow":"transcribe","confidence":0.3333333333333333,"data":{"value":"$18150."},"versions":[{"data":{"value":"$18150."},"votes":1,"confidence":0.3333333333333333,"instances":[{"created":"2015-11-20T00:29:24Z","user_id":"564e68f339646600032e0e00","duration":29.027}]},{"data":{"value":"Dec 7/91"},"votes":1,"confidence":0.3333333333333333,"instances":[{"created":"2016-10-06T18:13:26Z","user_id":"57c49a363234370003600200","duration":8.434}]}],"region":{"x":752.6268328192576,"y":591.2591681337094,"width":313.25884285051154,"height":100.35132670159294,"label":"Valuation","shape":"rectangle"},"task_key":"em_record_valuation","instructions":{"mark":"Valuation","transcribe":"Enter the date of the valuation (if one is given). In the next screen, you'll enter the valuation's dollar amounts."}},{"id":"580d6c426164390003043401","status":"awaiting_transcriptions","name":"Land \u0026 Building Value","created_in_workflow":"transcribe","confidence":0.3333333333333333,"data":{"em_valuation_ground":"$18150."},"versions":[{"data":{"em_valuation_ground":"$18150."},"votes":1,"confidence":0.3333333333333333,"instances":[{"created":"2015-11-20T00:29:54Z","user_id":"564e68f339646600032e0e00","duration":30.283}]},{"data":{"em_valuation_ground":" ","em_valuation_building":" "},"votes":1,"confidence":0.3333333333333333,"instances":[{"created":"2016-10-06T18:13:28Z","user_id":"57c49a363234370003600200","duration":2.488}]}],"region":{"x":752.6268328192576,"y":591.2591681337094,"width":313.25884285051154,"height":100.35132670159294,"label":"Valuation","shape":"rectangle"},"task_key":"em_record_valuation_ground_building","instructions":{"mark":"Valuation","transcribe":"Sometimes valuations include itemized dollar values for \"ground\" and \"building\". Enter these amounts if you can find them. In the next screen, you'll enter the total valuation."}},{"id":"580d6c426164390003053401","status":"complete","name":"Record Number","created_in_workflow":"transcribe","confidence":1.0,"data":{"value":"3809"},"versions":[{"data":{"value":"3809"},"votes":3,"confidence":1.0,"instances":[{"created":"2015-11-19T23:18:32Z","user_id":"563f8b7a3264340003774b00","duration":7.117},{"created":"2015-11-19T23:25:27Z","user_id":"564e58f46438310003990c00","duration":14.152},{"created":"2015-11-19T23:30:21Z","user_id":"564e5b876438310003f40c00","duration":5.885}]}],"region":{"x":744.4902394984651,"y":66.44885146456826,"width":197.9904374726176,"height":73.22934651197318,"label":"Record Number","shape":"rectangle"},"task_key":"em_record_number","instructions":{"mark":"Record Number","transcribe":"Enter the record number"}},{"id":"580d6c426164390003063401","status":"complete","name":"Mortgager","created_in_workflow":"transcribe","confidence":1.0,"data":{"value":"Maurice Dorian"},"versions":[{"data":{"value":"Maurice Dorian"},"votes":3,"confidence":1.0,"instances":[{"created":"2015-11-19T23:23:21Z","user_id":"563f8b7a3264340003774b00","duration":72.54},{"created":"2015-11-19T23:28:48Z","user_id":"564e58f46438310003990c00","duration":17.334},{"created":"2015-11-19T23:34:05Z","user_id":"564e5b876438310003f40c00","duration":47.772}]}],"region":{"x":210.18727809975724,"y":649.5714255413918,"width":299.69785398252395,"height":40.68297028442953,"label":"Mortgager Name","shape":"rectangle"},"task_key":"em_record_mortgager","instructions":{"mark":"Mortgager Name","transcribe":"Enter the mortgager's name"}},{"id":"580d6c426164390003073401","status":"awaiting_votes","name":"Street Address","created_in_workflow":"transcribe","confidence":0.6666666666666666,"data":{"value":"320 E 47"},"versions":[{"data":{"value":"320 E 47"},"votes":2,"confidence":0.6666666666666666,"instances":[{"created":"2015-11-20T00:37:19Z","user_id":"564b62033863320003ba0500","duration":9.1},{"created":"2016-10-06T18:14:47Z","user_id":"57c49a363234370003600200","duration":7.391}]},{"data":{"value":"320 Exy"},"votes":1,"confidence":0.3333333333333333,"instances":[{"created":"2015-11-19T23:30:16Z","user_id":"564e58f46438310003990c00","duration":27.179}]}],"region":{"x":267.1434313453048,"y":692.9665938447833,"width":245.45389851057388,"height":47.46346533183441,"label":"Street Address","shape":"rectangle"},"task_key":"em_record_street_address","instructions":{"mark":"Street Address","transcribe":"Enter the street address"}},{"id":"580d6c426164390003083401","status":"awaiting_votes","name":"Record Date","created_in_workflow":"transcribe","confidence":0.4,"data":{"value":"Dec 7/91"},"versions":[{"data":{"value":"Dec 7/91"},"votes":2,"confidence":0.4,"instances":[{"created":"2016-08-28T02:15:49Z","user_id":"5750d4e061323000033d0000","duration":136.82},{"created":"2016-09-05T23:13:19Z","user_id":"57c49a363234370003600200","duration":8.489}]},{"data":{"value":"Dec 7 91"},"votes":1,"confidence":0.2,"instances":[{"created":"2015-11-19T23:33:17Z","user_id":"564e5b876438310003f40c00","duration":21.7}]},{"data":{"value":"Dec/91"},"votes":1,"confidence":0.2,"instances":[{"created":"2015-11-19T23:28:30Z","user_id":"564e58f46438310003990c00","duration":21.405}]},{"data":{"value":"1891 December 7"},"votes":1,"confidence":0.2,"instances":[{"created":"2015-11-19T23:21:34Z","user_id":"563f8b7a3264340003774b00","duration":17.404}]}],"region":{"x":275.2800246660973,"y":598.0396631811144,"width":206.12703079341014,"height":56.956158398201296,"label":"Record Date","shape":"rectangle"},"task_key":"em_record_date","instructions":{"mark":"Record Date","transcribe":"Enter the record date"}},{"id":"580d6c426164390003093401","status":"complete","name":"Amount Loaned","created_in_workflow":"verify","confidence":1.0,"data":{"value":"$8000."},"versions":[{"data":{"value":"$8000."},"votes":3,"confidence":1.0,"instances":[{"created":"2016-05-22T02:54:45Z","user_id":"563f8b7a3264340003774b00","duration":6.461},{"created":"2016-08-28T20:52:45Z","user_id":"5750d4e061323000033d0000","duration":6.952},{"created":"2016-09-05T23:30:47Z","user_id":"57c49a363234370003600200","duration":6.441}]}],"region":{"x":758.0512283664526,"y":694.3226928542643,"width":269.8636784729514,"height":46.107366322353414,"label":"Amount Loaned","shape":"rectangle"},"task_key":"em_transcribed_amount_loaned","instructions":{"mark":"Amount Loaned","transcribe":"Enter the Amount Loaned","verify":"Choose the best transcription or enter your own!"}}]}],"export_document":{"name":"Record","export_fields":[{"name":"Mortgager","value":"Maurice Dorian","original_value":{"value":"Maurice Dorian"},"assertion_ids":["580d6c426164390003063401"]},{"name":"Street Address","value":"320 E 47","original_value":{"value":"320 E 47"},"assertion_ids":["580d6c426164390003073401"]},{"name":"Record Date","value":"1891-12-07T00:00:00Z","original_value":{"value":"Dec 7/91"},"assertion_ids":["580d6c426164390003083401"]},{"name":"Land \u0026 Building Dimensions","value":{"em_survey_land_dimensions":[25,100],"em_survey_building_dimensions":[25,50,30]},"original_value":{"em_survey_land_dimensions":"25 x 100","em_survey_building_dimensions":"25 x 50 and 25 x 30"},"assertion_ids":["580d6c426164390003ff3301"]},{"name":"Amount Loaned","value":8000.0,"original_value":{"value":"$8000."},"assertion_ids":["580d6c426164390003093401"]},{"name":"Stories \u0026 Materials","value":{"em_record_stories":5,"em_record_material":"brick"},"original_value":{"em_record_stories":"5 \u0026 4","em_record_material":"brick"},"assertion_ids":["580d6c426164390003013401"]},{"name":"Valuation","value":null,"original_value":null,"assertion_ids":null},{"name":"Record Number","value":3809,"original_value":{"value":"3809"},"assertion_ids":["580d6c426164390003053401"]},{"name":"Additional Info","value":"","original_value":{"value":""},"assertion_ids":["580d6c426164390003003401"]}]}}