{"id":"56b109f17061755afb56c100","meta_data":{"capture_uuid":"121efc90-02e7-0133-9e4c-58d385a7bbd0","page_uri":"http://digitalcollections.nypl.org/items/121efc90-02e7-0133-9e4c-58d385a7bbd0","book_uri":"http://digitalcollections.nypl.org/items/109c0900-02e7-0133-03cf-58d385a7bbd0","source_rotated":"0.447614","source_x":"0","source_y":"858.6899999999999","source_w":"1364.25","source_h":"968.3100000000001"},"type":"final_subject_set","search_terms_by_field":{"Land \u0026 Building Dimensions":["23.4 x 98.9","23.4 x 50"],"Stories \u0026 Materials":["4","brick"],"Additional Info":[],"Record Number":["3851"],"Mortgager":["Maria A. Van Riper"],"Street Address":["210 W 26 St"],"Record Date":["1892 February 23"],"Valuation Date":[],"Total Value":["$13,500"],"Land \u0026 Building Value":[],"Amount Loaned":["$6500"]},"subjects":[{"id":"580d7bfc616439000315d001","type":"root","location":{"standard":"https://s3.amazonaws.com/scribe.nypl.org/emigrant-s4/full/121efc90-02e7-0133-9e4c-58d385a7bbd0.left-bottom.jpg","thumbnail":"https://s3.amazonaws.com/scribe.nypl.org/emigrant-s4/thumb/121efc90-02e7-0133-9e4c-58d385a7bbd0.left-bottom.jpg"},"status":"retired","width":1364,"height":968,"meta_data":{"capture_uuid":"121efc90-02e7-0133-9e4c-58d385a7bbd0","page_uri":"http://digitalcollections.nypl.org/items/121efc90-02e7-0133-9e4c-58d385a7bbd0","book_uri":"http://digitalcollections.nypl.org/items/109c0900-02e7-0133-03cf-58d385a7bbd0","source_rotated":"0.447614","source_x":"0","source_y":"858.6899999999999","source_w":"1364.25","source_h":"968.3100000000001"},"assertions":[{"id":"580d7bfc616439000316d001","status":"complete","name":"Land \u0026 Building Dimensions","created_in_workflow":"transcribe","confidence":1.0,"data":{"em_survey_land_dimensions":"23.4 x 98.9","em_survey_building_dimensions":"23.4 x 50"},"versions":[{"data":{"em_survey_land_dimensions":"23.4 x 98.9","em_survey_building_dimensions":"23.4 x 50"},"votes":3,"confidence":1.0,"instances":[{"created":"2015-11-21T14:07:17Z","user_id":"5650756130643800030b0100","duration":34.936},{"created":"2015-11-21T14:14:04Z","user_id":"564e49d539646600031a0b00","duration":13.518},{"created":"2016-10-12T00:53:00Z","user_id":"57c49a363234370003600200","duration":18.781}]}],"region":{"x":298.7541342059833,"y":731.3439818451602,"width":332.55198610112427,"height":86.51758750109104,"label":"Dimension \u0026 Description","shape":"rectangle"},"task_key":"em_record_survey","instructions":{"mark":"Dimension \u0026 Description","transcribe":"Enter, as they appear, any land and building dimensions that were recorded. In the next screen, you'll enter the descriptive information."}},{"id":"580d7bfc616439000317d001","status":"complete","name":"Stories \u0026 Materials","created_in_workflow":"transcribe","confidence":1.0,"data":{"em_record_stories":"4","em_record_material":"brick"},"versions":[{"data":{"em_record_stories":"4","em_record_material":"brick"},"votes":3,"confidence":1.0,"instances":[{"created":"2015-11-21T14:07:31Z","user_id":"5650756130643800030b0100","duration":16.334},{"created":"2015-11-21T14:14:09Z","user_id":"564e49d539646600031a0b00","duration":4.696},{"created":"2016-10-12T00:53:08Z","user_id":"57c49a363234370003600200","duration":7.018}]}],"region":{"x":298.7541342059833,"y":731.3439818451602,"width":332.55198610112427,"height":86.51758750109104,"label":"Dimension \u0026 Description","shape":"rectangle"},"task_key":"em_record_survey_stories_materials","instructions":{"mark":"Dimension \u0026 Description","transcribe":"Enter, as they appear, the number of stories and the building materials."}},{"id":"580d7bfc616439000318d001","status":"awaiting_transcriptions","name":"Additional Info","created_in_workflow":"transcribe","confidence":0.3333333333333333,"data":{"value":""},"versions":[{"data":{"value":""},"votes":1,"confidence":0.3333333333333333,"instances":[{"created":"2015-11-21T14:14:10Z","user_id":"564e49d539646600031a0b00","duration":1.099}]}],"region":{"x":298.7541342059833,"y":731.3439818451602,"width":332.55198610112427,"height":86.51758750109104,"label":"Dimension \u0026 Description","shape":"rectangle"},"task_key":"em_record_survey_additional_info","instructions":{"mark":"Dimension \u0026 Description","transcribe":"Enter any additional information you find about the building's construction or significance."}},{"id":"580d7bfc616439000319d001","status":"complete","name":"Record Number","created_in_workflow":"transcribe","confidence":1.0,"data":{"value":"3851"},"versions":[{"data":{"value":"3851"},"votes":3,"confidence":1.0,"instances":[{"created":"2015-11-06T19:15:24Z","user_id":"563cb8ab6532620003060900","duration":31.87},{"created":"2015-11-06T22:34:17Z","user_id":"563d288f6532620003182e00","duration":5.652},{"created":"2015-11-06T22:38:18Z","user_id":"563b750f35326200037a0500","duration":5.464}]}],"region":{"x":701.1320674959294,"y":70.90132248219736,"width":192.4464361648876,"height":67.52506903066414,"label":"Record Number","shape":"rectangle"},"task_key":"em_record_number","instructions":{"mark":"Record Number","transcribe":"Enter the record number"}},{"id":"580d7bfc61643900031ad001","status":"complete","name":"Mortgager","created_in_workflow":"verify","confidence":1.0,"data":{"value":"Maria A. Van Riper"},"versions":[{"data":{"value":"Maria A. Van Riper"},"votes":3,"confidence":1.0,"instances":[{"created":"2015-11-15T22:27:03Z","user_id":"563f8b7a3264340003774b00","duration":18.309},{"created":"2015-11-17T19:11:13Z","user_id":"5647496e3562310003960400","duration":49.32},{"created":"2015-11-18T04:13:15Z","user_id":"564618af6363350003da0c00","duration":23.599}]}],"region":{"x":192.44324207763023,"y":635.8610667054207,"width":398.39788539397773,"height":55.145473041709124,"label":"Mortgager Name","shape":"rectangle"},"task_key":"em_transcribed_mortgager","instructions":{"mark":"Mortgager Name","transcribe":"Enter the mortgager's name","verify":"Choose the best transcription or enter your own!"}},{"id":"580d7bfc61643900031bd001","status":"awaiting_votes","name":"Street Address","created_in_workflow":"verify","confidence":0.6,"data":{"value":"210 W 26 St"},"versions":[{"data":{"value":"210 W 26 St"},"votes":3,"confidence":0.6,"instances":[{"created":"2015-11-18T04:13:26Z","user_id":"564618af6363350003da0c00","duration":4.644},{"created":"2015-11-22T02:24:07Z","user_id":"5649188c3863370003020e00","duration":7.452},{"created":"2016-09-07T19:25:38Z","user_id":"57c49a363234370003600200","duration":8.196}]},{"data":{"value":"210 W 26th St"},"votes":1,"confidence":0.2,"instances":[{"created":"2015-11-15T22:27:10Z","user_id":"563f8b7a3264340003774b00","duration":6.894}]},{"data":{"value":"210 W. 26 St."},"votes":1,"confidence":0.2,"instances":[{"created":"2015-11-24T14:57:57Z","user_id":"565476973465330003ab0100","duration":1.312}]}],"region":{"x":212.70076167393418,"y":676.3761081238192,"width":297.110287412458,"height":55.145473041709124,"label":"Street Address","shape":"rectangle"},"task_key":"em_transcribed_address","instructions":{"mark":"Street Address","transcribe":"Enter the street address","verify":"Choose the best transcription or enter your own!"}},{"id":"580d7bfc61643900031cd001","status":"complete","name":"Record Date","created_in_workflow":"verify","confidence":1.0,"data":{"value":"1892 February 23"},"versions":[{"data":{"value":"1892 February 23"},"votes":3,"confidence":0.75,"instances":[{"created":"2015-11-15T22:26:15Z","user_id":"563f8b7a3264340003774b00","duration":14.514},{"created":"2015-11-18T04:12:49Z","user_id":"564618af6363350003da0c00","duration":3.047},{"created":"2015-11-22T02:23:48Z","user_id":"5649188c3863370003020e00","duration":4.867}]},{"data":{"value":"Feby 23 / 92"},"votes":1,"confidence":0.25,"instances":[{"created":"2015-11-17T19:10:10Z","user_id":"5647496e3562310003960400","duration":4.743}]}],"region":{"x":232.95828127023813,"y":580.7155936637117,"width":232.9614753574954,"height":72.02674029937509,"label":"Record Date","shape":"rectangle"},"task_key":"em_transcribed_date","instructions":{"mark":"Record Date","transcribe":"Enter the record date","verify":"Choose the best transcription or enter your own!"}},{"id":"580d7bfc61643900031dd001","status":"awaiting_votes","name":"Land \u0026 Building Value","created_in_workflow":"verify","confidence":0.3333333333333333,"data":{"em_valuation_ground":"","em_valuation_building":""},"versions":[{"data":{"em_valuation_ground":"","em_valuation_building":""},"votes":1,"confidence":0.3333333333333333,"instances":[{"created":"2016-09-29T15:11:47Z","user_id":"57c49a363234370003600200","duration":3.377}]}],"region":{"x":750.6504487313391,"y":599.8476965557333,"width":371.3878592655724,"height":83.2809184711524,"label":"Valuation","shape":"rectangle"},"task_key":"em_transcribed_valuation_itemized","instructions":{"mark":"Valuation","transcribe":"Sometimes valuations include itemized dollar values for \"ground\" and \"building\". Enter these amounts if you can find them. In the next screen, you'll enter the total valuation.","verify":"Choose the best transcription or enter your own!"}},{"id":"580d7bfc61643900031ed001","status":"awaiting_votes","name":"Valuation Date","created_in_workflow":"transcribe","confidence":0.5,"data":{"value":""},"versions":[{"data":{"value":""},"votes":2,"confidence":0.5,"instances":[{"created":"2016-06-11T01:09:02Z","user_id":"5750d4e061323000033d0000","duration":3.592},{"created":"2016-06-12T12:13:46Z","user_id":"575d4ba03039380003560000","duration":9.444}]},{"data":{"value":"Feby 23 / 92"},"votes":1,"confidence":0.25,"instances":[{"created":"2015-11-06T19:15:44Z","user_id":"563cb8ab6532620003060900","duration":10.565}]},{"data":{"value":"Feby 23/92"},"votes":1,"confidence":0.25,"instances":[{"created":"2016-09-30T03:01:40Z","user_id":"57c49a363234370003600200","duration":5.457}]}],"region":{"x":750.6504487313391,"y":599.8476965557333,"width":371.3878592655724,"height":83.2809184711524,"label":"Valuation","shape":"rectangle"},"task_key":"em_record_valuation","instructions":{"mark":"Valuation","transcribe":"Enter the date of the valuation (if one is given). In the next screen, you'll enter the valuation's dollar amounts."}},{"id":"580d7bfc61643900031fd001","status":"awaiting_votes","name":"Total Value","created_in_workflow":"transcribe","confidence":0.4,"data":{"value":"$13,500"},"versions":[{"data":{"value":"$13,500"},"votes":2,"confidence":0.4,"instances":[{"created":"2015-11-06T19:15:51Z","user_id":"563cb8ab6532620003060900","duration":3.464},{"created":"2015-11-06T22:39:27Z","user_id":"563b750f35326200037a0500","duration":6.008}]},{"data":{"value":"} $13500 Contract"},"votes":1,"confidence":0.2,"instances":[{"created":"2016-06-12T12:13:53Z","user_id":"575d4ba03039380003560000","duration":7.714}]},{"data":{"value":"$13500. Contract"},"votes":1,"confidence":0.2,"instances":[{"created":"2016-06-11T01:09:24Z","user_id":"5750d4e061323000033d0000","duration":18.545}]},{"data":{"value":"$13500."},"votes":1,"confidence":0.2,"instances":[{"created":"2016-09-30T03:01:53Z","user_id":"57c49a363234370003600200","duration":6.441}]}],"region":{"x":750.6504487313391,"y":599.8476965557333,"width":371.3878592655724,"height":83.2809184711524,"label":"Valuation","shape":"rectangle"},"task_key":"em_record_valuation_total","instructions":{"mark":"Valuation","transcribe":"Enter the valuation ***total*** (if one is given)"}},{"id":"580d7bfc616439000320d001","status":"complete","name":"Amount Loaned","created_in_workflow":"verify","confidence":1.0,"data":{"value":"$6500"},"versions":[{"data":{"value":"$6500"},"votes":3,"confidence":0.6,"instances":[{"created":"2015-11-18T04:13:29Z","user_id":"564618af6363350003da0c00","duration":3.113},{"created":"2015-11-22T02:24:11Z","user_id":"5649188c3863370003020e00","duration":3.85},{"created":"2015-11-24T22:06:45Z","user_id":"56532da56138330003bd0100","duration":11.58}]},{"data":{"value":"$6,500"},"votes":2,"confidence":0.4,"instances":[{"created":"2015-11-15T22:32:29Z","user_id":"563f8b7a3264340003774b00","duration":2.887},{"created":"2015-11-24T14:57:58Z","user_id":"565476973465330003ab0100","duration":0.784}]}],"region":{"x":832.8059448719051,"y":680.8777793925302,"width":187.94476514348662,"height":40.51504141839848,"label":"Amount Loaned","shape":"rectangle"},"task_key":"em_transcribed_amount_loaned","instructions":{"mark":"Amount Loaned","transcribe":"Enter the Amount Loaned","verify":"Choose the best transcription or enter your own!"}}]}],"export_document":{"name":"Record","export_fields":[{"name":"Mortgager","value":"Maria A. Van Riper","original_value":{"value":"Maria A. Van Riper"},"assertion_ids":["580d7bfc61643900031ad001"]},{"name":"Street Address","value":"210 W 26 St","original_value":{"value":"210 W 26 St"},"assertion_ids":["580d7bfc61643900031bd001"]},{"name":"Record Date","value":"1892-02-23T00:00:00Z","original_value":{"value":"1892 February 23"},"assertion_ids":["580d7bfc61643900031cd001"]},{"name":"Land \u0026 Building Dimensions","value":{"em_survey_land_dimensions":[23.333333333333332,98.75],"em_survey_building_dimensions":[23.333333333333332,50]},"original_value":{"em_survey_land_dimensions":"23.4 x 98.9","em_survey_building_dimensions":"23.4 x 50"},"assertion_ids":["580d7bfc616439000316d001"]},{"name":"Amount Loaned","value":6500.0,"original_value":{"value":"$6500"},"assertion_ids":["580d7bfc616439000320d001"]},{"name":"Stories \u0026 Materials","value":{"em_record_stories":4,"em_record_material":"brick"},"original_value":{"em_record_stories":"4","em_record_material":"brick"},"assertion_ids":["580d7bfc616439000317d001"]},{"name":"Valuation","value":null,"original_value":null,"assertion_ids":null},{"name":"Record Number","value":3851,"original_value":{"value":"3851"},"assertion_ids":["580d7bfc616439000319d001"]},{"name":"Additional Info","value":"","original_value":{"value":""},"assertion_ids":["580d7bfc616439000318d001"]}]}}