{"id":"56b10a457061755afbd7c700","meta_data":{"capture_uuid":"13442050-02e7-0133-afbf-58d385a7bbd0","page_uri":"http://digitalcollections.nypl.org/items/13442050-02e7-0133-afbf-58d385a7bbd0","book_uri":"http://digitalcollections.nypl.org/items/109c0900-02e7-0133-03cf-58d385a7bbd0","source_rotated":"0.895174","source_x":"0","source_y":"0","source_w":"1371.67","source_h":"886.56"},"type":"final_subject_set","search_terms_by_field":{"Land \u0026 Building Value":["$6,000","$20,000","$6000.","20000."],"Valuation Date":["Land: $6000"],"Total Value":[],"Record Number":["3970"],"Mortgager":["Tobias Richter et. al."],"Street Address":["S. E. cor. Classon Ave \u0026 Deau St. B'K."],"Record Date":["Nov 28/92"],"Amount Loaned":["$13000.","$13000."]},"subjects":[{"id":"580d8adf6164390003376702","type":"root","location":{"standard":"https://s3.amazonaws.com/scribe.nypl.org/emigrant-s4/full/13442050-02e7-0133-afbf-58d385a7bbd0.left-top.jpg","thumbnail":"https://s3.amazonaws.com/scribe.nypl.org/emigrant-s4/thumb/13442050-02e7-0133-afbf-58d385a7bbd0.left-top.jpg"},"status":"retired","width":1371,"height":886,"meta_data":{"capture_uuid":"13442050-02e7-0133-afbf-58d385a7bbd0","page_uri":"http://digitalcollections.nypl.org/items/13442050-02e7-0133-afbf-58d385a7bbd0","book_uri":"http://digitalcollections.nypl.org/items/109c0900-02e7-0133-03cf-58d385a7bbd0","source_rotated":"0.895174","source_x":"0","source_y":"0","source_w":"1371.67","source_h":"886.56"},"assertions":[{"id":"580d8adf6164390003386702","status":"awaiting_votes","name":"Land \u0026 Building Value","created_in_workflow":"transcribe","confidence":0.3333333333333333,"data":{"em_valuation_ground":"$6,000","em_valuation_building":"$20,000"},"versions":[{"data":{"em_valuation_ground":"$6,000","em_valuation_building":"$20,000"},"votes":1,"confidence":0.3333333333333333,"instances":[{"created":"2015-11-16T05:16:01Z","user_id":"564962043863370003f91500","duration":11.817}]},{"data":{"em_valuation_ground":"$6000","em_valuation_building":"$20000"},"votes":1,"confidence":0.3333333333333333,"instances":[{"created":"2015-11-16T06:55:53Z","user_id":"56497c176532380003450000","duration":50.629}]},{"data":{"em_valuation_ground":"$6000.","em_valuation_building":"20000."},"votes":1,"confidence":0.3333333333333333,"instances":[{"created":"2016-09-29T14:51:54Z","user_id":"57c49a363234370003600200","duration":10.032}]}],"region":{"x":692.9733891117412,"y":622.3294912654861,"width":273.11840208363265,"height":96.474659126309,"label":"Valuation","shape":"rectangle"},"task_key":"em_record_valuation_ground_building","instructions":{"mark":"Valuation","transcribe":"Sometimes valuations include itemized dollar values for \"ground\" and \"building\". Enter these amounts if you can find them. In the next screen, you'll enter the total valuation."}},{"id":"580d8adf6164390003396702","status":"awaiting_transcriptions","name":"Valuation Date","created_in_workflow":"transcribe","confidence":0.3333333333333333,"data":{"value":"Land: $6000"},"versions":[{"data":{"value":"Land: $6000"},"votes":1,"confidence":0.3333333333333333,"instances":[{"created":"2015-11-16T06:55:03Z","user_id":"56497c176532380003450000","duration":98.626}]},{"data":{"value":"Nov 28/92"},"votes":1,"confidence":0.3333333333333333,"instances":[{"created":"2016-09-29T14:51:44Z","user_id":"57c49a363234370003600200","duration":10.135}]}],"region":{"x":692.9733891117412,"y":622.3294912654861,"width":273.11840208363265,"height":96.474659126309,"label":"Valuation","shape":"rectangle"},"task_key":"em_record_valuation","instructions":{"mark":"Valuation","transcribe":"Enter the date of the valuation (if one is given). In the next screen, you'll enter the valuation's dollar amounts."}},{"id":"580d8adf61643900033a6702","status":"awaiting_transcriptions","name":"Total Value","created_in_workflow":"transcribe","confidence":0.3333333333333333,"data":{"value":""},"versions":[{"data":{"value":""},"votes":1,"confidence":0.3333333333333333,"instances":[{"created":"2016-09-29T14:51:55Z","user_id":"57c49a363234370003600200","duration":0.991}]}],"region":{"x":692.9733891117412,"y":622.3294912654861,"width":273.11840208363265,"height":96.474659126309,"label":"Valuation","shape":"rectangle"},"task_key":"em_record_valuation_total","instructions":{"mark":"Valuation","transcribe":"Enter the valuation ***total*** (if one is given)"}},{"id":"580d8adf61643900033b6702","status":"awaiting_transcriptions","name":"Valuation Date","created_in_workflow":"transcribe","confidence":0.3333333333333333,"data":{"value":""},"versions":[{"data":{"value":""},"votes":1,"confidence":0.3333333333333333,"instances":[{"created":"2015-12-27T22:52:23Z","user_id":"568068473564660003240e00","duration":3.422}]}],"region":{"x":848.213140102208,"y":614.8890710805167,"width":150.87149541615145,"height":96.48758604687134,"label":"Valuation","shape":"rectangle"},"task_key":"em_record_valuation","instructions":{"mark":"Valuation","transcribe":"Enter the date of the valuation (if one is given). In the next screen, you'll enter the valuation's dollar amounts."}},{"id":"580d8adf61643900033c6702","status":"awaiting_transcriptions","name":"Land \u0026 Building Value","created_in_workflow":"transcribe","confidence":0.3333333333333333,"data":{"em_valuation_ground":"$6000.","em_valuation_building":"20000."},"versions":[{"data":{"em_valuation_ground":"$6000.","em_valuation_building":"20000."},"votes":1,"confidence":0.3333333333333333,"instances":[{"created":"2015-12-27T22:52:43Z","user_id":"568068473564660003240e00","duration":20.441}]}],"region":{"x":848.213140102208,"y":614.8890710805167,"width":150.87149541615145,"height":96.48758604687134,"label":"Valuation","shape":"rectangle"},"task_key":"em_record_valuation_ground_building","instructions":{"mark":"Valuation","transcribe":"Sometimes valuations include itemized dollar values for \"ground\" and \"building\". Enter these amounts if you can find them. In the next screen, you'll enter the total valuation."}},{"id":"580d8adf61643900033d6702","status":"awaiting_transcriptions","name":"Total Value","created_in_workflow":"transcribe","confidence":0.3333333333333333,"data":{"value":""},"versions":[{"data":{"value":""},"votes":1,"confidence":0.3333333333333333,"instances":[{"created":"2015-12-27T22:52:44Z","user_id":"568068473564660003240e00","duration":0.596}]}],"region":{"x":848.213140102208,"y":614.8890710805167,"width":150.87149541615145,"height":96.48758604687134,"label":"Valuation","shape":"rectangle"},"task_key":"em_record_valuation_total","instructions":{"mark":"Valuation","transcribe":"Enter the valuation ***total*** (if one is given)"}},{"id":"580d8adf61643900033e6702","status":"complete","name":"Record Number","created_in_workflow":"transcribe","confidence":1.0,"data":{"value":"3970"},"versions":[{"data":{"value":"3970"},"votes":3,"confidence":1.0,"instances":[{"created":"2015-11-12T20:48:52Z","user_id":"563ff09d32643400030da100","duration":4.395},{"created":"2015-11-12T22:06:15Z","user_id":"5644d1ee6135300003541200","duration":6.319},{"created":"2015-11-13T02:41:35Z","user_id":"56454d2863346200037c0e00","duration":5.207}]}],"region":{"x":693.3979940970918,"y":88.61013913985853,"width":189.87885447946076,"height":82.76771238338436,"label":"Record Number","shape":"rectangle"},"task_key":"em_record_number","instructions":{"mark":"Record Number","transcribe":"Enter the record number"}},{"id":"580d8adf61643900033f6702","status":"complete","name":"Mortgager","created_in_workflow":"verify","confidence":1.0,"data":{"value":"Tobias Richter et. al."},"versions":[{"data":{"value":"Tobias Richter et. al."},"votes":4,"confidence":1.0,"instances":[{"created":"2016-04-16T01:14:26Z","user_id":"563f8b7a3264340003774b00","duration":11.836},{"created":"2016-04-21T21:37:13Z","user_id":"571947c03865380003760100","duration":6.267},{"created":"2016-04-21T22:02:59Z","user_id":"57194db63865380003fb0100","duration":53.14},{"created":"2016-04-21T22:03:07Z","user_id":"57194dff3865380003ff0100","duration":8.197}]}],"region":{"x":71.17959403362798,"y":677.7215037510059,"width":552.1092845633552,"height":40.89698729531938,"label":"Mortgager Name","shape":"rectangle"},"task_key":"em_transcribed_mortgager","instructions":{"mark":"Mortgager Name","transcribe":"Enter the mortgager's name","verify":"Choose the best transcription or enter your own!"}},{"id":"580d8adf6164390003406702","status":"awaiting_votes","name":"Street Address","created_in_workflow":"verify","confidence":0.3333333333333333,"data":{"value":"S. E. cor. Classon Ave \u0026 Deau St. B'K."},"versions":[{"data":{"value":"S. E. cor. Classon Ave \u0026 Deau St. B'K."},"votes":1,"confidence":0.3333333333333333,"instances":[{"created":"2016-04-16T01:14:54Z","user_id":"563f8b7a3264340003774b00","duration":24.723}]}],"region":{"x":65.73110201276302,"y":704.0124241551398,"width":621.8244657926533,"height":53.949511709827924,"label":"Street Address","shape":"rectangle"},"task_key":"em_transcribed_address","instructions":{"mark":"Street Address","transcribe":"Enter the street address","verify":"Choose the best transcription or enter your own!"}},{"id":"580d8adf6164390003416702","status":"complete","name":"Record Date","created_in_workflow":"verify","confidence":1.0,"data":{"value":"Nov 28/92"},"versions":[{"data":{"value":"Nov 28/92"},"votes":3,"confidence":1.0,"instances":[{"created":"2015-12-03T22:12:42Z","user_id":"5647496e3562310003960400","duration":8.515},{"created":"2015-12-10T22:27:53Z","user_id":"563f8b7a3264340003774b00","duration":8.26},{"created":"2015-12-20T19:05:50Z","user_id":"56748e5e3564620003fd0100","duration":3.452}]}],"region":{"x":69.23211860306941,"y":619.2972361862641,"width":379.75770895892157,"height":56.47679197925049,"label":"Record Date","shape":"rectangle"},"task_key":"em_transcribed_date","instructions":{"mark":"Record Date","transcribe":"Enter the record date","verify":"Choose the best transcription or enter your own!"}},{"id":"580d8adf6164390003426702","status":"complete","name":"Amount Loaned","created_in_workflow":"verify","confidence":1.0,"data":{"value":"$13000."},"versions":[{"data":{"value":"$13000."},"votes":3,"confidence":1.0,"instances":[{"created":"2016-04-26T23:02:01Z","user_id":"563f8b7a3264340003774b00","duration":5.597},{"created":"2016-05-05T18:59:31Z","user_id":"572b96af62616600033a0000","duration":13.701},{"created":"2016-05-06T19:51:28Z","user_id":"572cf56c3932630003120000","duration":6.014}]}],"region":{"x":691.6145910914246,"y":706.5749682490235,"width":281.2711902055322,"height":59.7871126979943,"label":"Amount Loaned","shape":"rectangle"},"task_key":"em_transcribed_amount_loaned","instructions":{"mark":"Amount Loaned","transcribe":"Enter the Amount Loaned","verify":"Choose the best transcription or enter your own!"}},{"id":"580d8adf6164390003436702","status":"awaiting_votes","name":"Amount Loaned","created_in_workflow":"verify","confidence":0.3333333333333333,"data":{"value":"$13000."},"versions":[{"data":{"value":"$13000."},"votes":1,"confidence":0.3333333333333333,"instances":[{"created":"2016-09-15T21:09:54Z","user_id":"57c49a363234370003600200","duration":3.431}]}],"region":{"x":828.9156232466537,"y":712.2538170005415,"width":156.13445455857538,"height":42.103673911361966,"label":"Amount Loaned","shape":"rectangle"},"task_key":"em_transcribed_amount_loaned","instructions":{"mark":"Amount Loaned","transcribe":"Enter the Amount Loaned","verify":"Choose the best transcription or enter your own!"}}]}],"export_document":{"name":"Record","export_fields":[{"name":"Mortgager","value":"Tobias Richter et. al.","original_value":{"value":"Tobias Richter et. al."},"assertion_ids":["580d8adf61643900033f6702"]},{"name":"Street Address","value":"S. E. cor. Classon Ave \u0026 Deau St. B'K.","original_value":{"value":"S. E. cor. Classon Ave \u0026 Deau St. B'K."},"assertion_ids":["580d8adf6164390003406702"]},{"name":"Record Date","value":"1892-11-28T00:00:00Z","original_value":{"value":"Nov 28/92"},"assertion_ids":["580d8adf6164390003416702"]},{"name":"Amount Loaned","value":13000.0,"original_value":{"value":"$13000."},"assertion_ids":["580d8adf6164390003426702"]},{"name":"Valuation","value":null,"original_value":null,"assertion_ids":null},{"name":"Record Number","value":3970,"original_value":{"value":"3970"},"assertion_ids":["580d8adf61643900033e6702"]}]}}