{"id":"56b10a007061755afb85c200","meta_data":{"capture_uuid":"1259cc30-02e7-0133-f4a6-58d385a7bbd0","page_uri":"http://digitalcollections.nypl.org/items/1259cc30-02e7-0133-f4a6-58d385a7bbd0","book_uri":"http://digitalcollections.nypl.org/items/109c0900-02e7-0133-03cf-58d385a7bbd0","source_rotated":"0.923143","source_x":"0","source_y":"868.0899999999999","source_w":"1372.7","source_h":"978.9100000000001"},"type":"final_subject_set","search_terms_by_field":{"Land \u0026 Building Dimensions":["25 x 103.3","25 x 90","25 x 103.3","25 x 90"],"Stories \u0026 Materials":["6","br","6 ","br"],"Additional Info":[],"Land \u0026 Building Value":["14000","18000"],"Record Number":["3875"],"Mortgager":["Frederic Emanuel"],"Street Address":["254 W 15 St"],"Record Date":["April 4/92"],"Amount Loaned":["$16000"]},"subjects":[{"id":"580d7c53616439000388d301","type":"root","location":{"standard":"https://s3.amazonaws.com/scribe.nypl.org/emigrant-s4/full/1259cc30-02e7-0133-f4a6-58d385a7bbd0.left-bottom.jpg","thumbnail":"https://s3.amazonaws.com/scribe.nypl.org/emigrant-s4/thumb/1259cc30-02e7-0133-f4a6-58d385a7bbd0.left-bottom.jpg"},"status":"retired","width":1372,"height":978,"meta_data":{"capture_uuid":"1259cc30-02e7-0133-f4a6-58d385a7bbd0","page_uri":"http://digitalcollections.nypl.org/items/1259cc30-02e7-0133-f4a6-58d385a7bbd0","book_uri":"http://digitalcollections.nypl.org/items/109c0900-02e7-0133-03cf-58d385a7bbd0","source_rotated":"0.923143","source_x":"0","source_y":"868.0899999999999","source_w":"1372.7","source_h":"978.9100000000001"},"assertions":[{"id":"580d7c53616439000389d301","status":"awaiting_transcriptions","name":"Land \u0026 Building Dimensions","created_in_workflow":"transcribe","confidence":0.3333333333333333,"data":{"em_survey_land_dimensions":"25 x 103.3","em_survey_building_dimensions":"25 x 90"},"versions":[{"data":{"em_survey_land_dimensions":"25 x 103.3","em_survey_building_dimensions":"25 x 90"},"votes":1,"confidence":0.3333333333333333,"instances":[{"created":"2015-12-17T04:08:11Z","user_id":"56722e0e6434380003c90300","duration":32.801}]}],"region":{"x":319.5157589792741,"y":187.85061356146133,"width":283.53154650434635,"height":183.4615805343244,"label":"Dimension \u0026 Description","shape":"rectangle"},"task_key":"em_record_survey","instructions":{"mark":"Dimension \u0026 Description","transcribe":"Enter, as they appear, any land and building dimensions that were recorded. In the next screen, you'll enter the descriptive information."}},{"id":"580d7c5361643900038ad301","status":"awaiting_transcriptions","name":"Stories \u0026 Materials","created_in_workflow":"transcribe","confidence":0.3333333333333333,"data":{"em_record_stories":"6","em_record_material":"br"},"versions":[{"data":{"em_record_stories":"6","em_record_material":"br"},"votes":1,"confidence":0.3333333333333333,"instances":[{"created":"2015-12-17T04:08:25Z","user_id":"56722e0e6434380003c90300","duration":14.853}]}],"region":{"x":319.5157589792741,"y":187.85061356146133,"width":283.53154650434635,"height":183.4615805343244,"label":"Dimension \u0026 Description","shape":"rectangle"},"task_key":"em_record_survey_stories_materials","instructions":{"mark":"Dimension \u0026 Description","transcribe":"Enter, as they appear, the number of stories and the building materials."}},{"id":"580d7c5361643900038bd301","status":"awaiting_transcriptions","name":"Additional Info","created_in_workflow":"transcribe","confidence":0.3333333333333333,"data":{"value":""},"versions":[{"data":{"value":""},"votes":1,"confidence":0.3333333333333333,"instances":[{"created":"2015-12-17T04:08:26Z","user_id":"56722e0e6434380003c90300","duration":0.557}]}],"region":{"x":319.5157589792741,"y":187.85061356146133,"width":283.53154650434635,"height":183.4615805343244,"label":"Dimension \u0026 Description","shape":"rectangle"},"task_key":"em_record_survey_additional_info","instructions":{"mark":"Dimension \u0026 Description","transcribe":"Enter any additional information you find about the building's construction or significance."}},{"id":"580d7c5361643900038cd301","status":"complete","name":"Land \u0026 Building Value","created_in_workflow":"verify","confidence":1.0,"data":{"em_valuation_ground":"14000","em_valuation_building":"18000"},"versions":[{"data":{"em_valuation_ground":"14000","em_valuation_building":"18000"},"votes":9,"confidence":0.75,"instances":[{"created":"2016-03-14T01:55:14Z","user_id":"563f8b7a3264340003774b00","duration":28.261},{"created":"2016-03-15T16:02:30Z","user_id":"56e830653564300003170000","duration":15.316},{"created":"2016-03-16T02:37:03Z","user_id":"56e8c59a3137630003100000","duration":26.782},{"created":"2016-07-24T18:02:56Z","user_id":"5750d4e061323000033d0000","duration":6.76},{"created":"2016-08-31T19:40:17Z","user_id":"57c49a363234370003600200","duration":6.695},{"created":"2016-09-23T14:19:32Z","user_id":"57de76143236610003ed0100","duration":11.517},{"created":"2016-10-15T05:24:32Z","user_id":"5801b0fb3334640003a70000","duration":16.174},{"created":"2016-10-15T22:56:30Z","user_id":"5802ae523437340003430000","duration":12.257},{"created":"2016-10-19T04:49:25Z","user_id":"5806fb0d6339340003530000","duration":53.43}]},{"data":{"em_valuation_ground":"$14,000","em_valuation_building":"$18,000"},"votes":2,"confidence":0.16666666666666666,"instances":[{"created":"2016-03-14T11:00:20Z","user_id":"56e696113535350003b40100","duration":5.631},{"created":"2016-09-26T14:32:37Z","user_id":"57e92d7f31346100039b0200","duration":3.558}]},{"data":{"em_valuation_ground":"14,000","em_valuation_building":"18,000"},"votes":1,"confidence":0.08333333333333333,"instances":[{"created":"2016-10-14T03:10:53Z","user_id":"580044dc35376200038d0000","duration":13.102}]}],"region":{"x":703.7490776222517,"y":592.818034878775,"width":296.4090309362422,"height":78.98324117396851,"label":"Valuation","shape":"rectangle"},"task_key":"em_transcribed_valuation_itemized","instructions":{"mark":"Valuation","transcribe":"Sometimes valuations include itemized dollar values for \"ground\" and \"building\". Enter these amounts if you can find them. In the next screen, you'll enter the total valuation.","verify":"Choose the best transcription or enter your own!"}},{"id":"580d7c5361643900038dd301","status":"complete","name":"Record Number","created_in_workflow":"transcribe","confidence":1.0,"data":{"value":"3875"},"versions":[{"data":{"value":"3875"},"votes":3,"confidence":1.0,"instances":[{"created":"2015-11-10T02:01:56Z","user_id":"5641425d6161650003763d00","duration":6.203},{"created":"2015-11-10T02:34:04Z","user_id":"563d87476532620003ea4300","duration":4.507},{"created":"2015-11-10T02:54:44Z","user_id":"563f8b7a3264340003774b00","duration":12.226}]}],"region":{"x":752.5589479860041,"y":63.0091025095704,"width":143.7672545259618,"height":65.67145895363674,"label":"Record Number","shape":"rectangle"},"task_key":"em_record_number","instructions":{"mark":"Record Number","transcribe":"Enter the record number"}},{"id":"580d7c5361643900038ed301","status":"complete","name":"Mortgager","created_in_workflow":"verify","confidence":1.0,"data":{"value":"Frederic Emanuel"},"versions":[{"data":{"value":"Frederic Emanuel"},"votes":7,"confidence":1.0,"instances":[{"created":"2015-11-10T03:25:29Z","user_id":"563eaf056630330003055300","duration":6.287},{"created":"2015-11-10T03:30:39Z","user_id":"564164996161650003ec6100","duration":6.647},{"created":"2015-11-10T03:45:36Z","user_id":"5641681461616500035a6500","duration":5.088},{"created":"2015-11-10T03:46:46Z","user_id":"564165916161650003256300","duration":11.912},{"created":"2015-11-10T03:55:15Z","user_id":"5641647a6161650003ce6100","duration":4.735},{"created":"2015-11-10T03:59:44Z","user_id":"564167426161650003eb6400","duration":44.664},{"created":"2016-03-16T23:47:26Z","user_id":"563f8b7a3264340003774b00","duration":7.925}]}],"region":{"x":195.23897365079432,"y":618.5541471714164,"width":253.81132589151275,"height":60.346746065504135,"label":"Mortgager Name","shape":"rectangle"},"task_key":"em_transcribed_mortgager","instructions":{"mark":"Mortgager Name","transcribe":"Enter the mortgager's name","verify":"Choose the best transcription or enter your own!"}},{"id":"580d7c5361643900038fd301","status":"complete","name":"Street Address","created_in_workflow":"verify","confidence":1.0,"data":{"value":"254 W 15 St"},"versions":[{"data":{"value":"254 W 15 St"},"votes":2,"confidence":0.6666666666666666,"instances":[{"created":"2016-03-17T18:10:31Z","user_id":"56eae6203263300003df0000","duration":10.038},{"created":"2016-03-20T03:39:49Z","user_id":"56ee1ac03237390003100100","duration":21.647}]},{"data":{"value":"254 W. 15 St."},"votes":1,"confidence":0.3333333333333333,"instances":[{"created":"2016-03-14T16:14:52Z","user_id":"563f8b7a3264340003774b00","duration":8.855}]}],"region":{"x":232.51196556493255,"y":669.1389196086772,"width":218.3132383542382,"height":46.14751169715021,"label":"Street Address","shape":"rectangle"},"task_key":"em_transcribed_address","instructions":{"mark":"Street Address","transcribe":"Enter the street address","verify":"Choose the best transcription or enter your own!"}},{"id":"580d7c53616439000390d301","status":"awaiting_transcriptions","name":"Additional Info","created_in_workflow":"transcribe","confidence":0.3333333333333333,"data":{"value":""},"versions":[{"data":{"value":""},"votes":1,"confidence":0.3333333333333333,"instances":[{"created":"2015-11-10T03:33:03Z","user_id":"5641647a6161650003ce6100","duration":1.846}]}],"region":{"x":93.1819719811301,"y":712.624074861761,"width":476.56182518791024,"height":88.74521480221188,"label":"Dimension \u0026 Description","shape":"rectangle"},"task_key":"em_record_survey_additional_info","instructions":{"mark":"Dimension \u0026 Description","transcribe":"Enter any additional information you find about the building's construction or significance."}},{"id":"580d7c53616439000391d301","status":"complete","name":"Land \u0026 Building Dimensions","created_in_workflow":"verify","confidence":1.0,"data":{"em_survey_land_dimensions":"25 x 103.3","em_survey_building_dimensions":"25 x 90"},"versions":[{"data":{"em_survey_land_dimensions":"25 x 103.3","em_survey_building_dimensions":"25 x 90"},"votes":3,"confidence":1.0,"instances":[{"created":"2016-03-16T02:14:33Z","user_id":"563f8b7a3264340003774b00","duration":14.789},{"created":"2016-03-20T20:37:18Z","user_id":"56ef05a036346600030f0000","duration":12.191},{"created":"2016-03-21T06:10:48Z","user_id":"56ef87a96532650003220000","duration":9.631}]}],"region":{"x":93.1819719811301,"y":712.624074861761,"width":476.56182518791024,"height":88.74521480221188,"label":"Dimension \u0026 Description","shape":"rectangle"},"task_key":"em_transcribed_survey","instructions":{"mark":"Dimension \u0026 Description","transcribe":"Enter, as they appear, any land and building dimensions that were recorded. In the next screen, you'll enter the descriptive information.","verify":"Choose the best transcription or enter your own!"}},{"id":"580d7c53616439000392d301","status":"complete","name":"Stories \u0026 Materials","created_in_workflow":"verify","confidence":1.0,"data":{"em_record_stories":"6 ","em_record_material":"br"},"versions":[{"data":{"em_record_stories":"6 ","em_record_material":"br"},"votes":3,"confidence":1.0,"instances":[{"created":"2016-03-16T23:32:28Z","user_id":"563f8b7a3264340003774b00","duration":5.972},{"created":"2016-03-20T20:39:16Z","user_id":"56ef05a036346600030f0000","duration":10.909},{"created":"2016-03-21T05:47:44Z","user_id":"56ef87a96532650003220000","duration":14.863}]}],"region":{"x":93.1819719811301,"y":712.624074861761,"width":476.56182518791024,"height":88.74521480221188,"label":"Dimension \u0026 Description","shape":"rectangle"},"task_key":"em_transcribed_stories_materials","instructions":{"mark":"Dimension \u0026 Description","transcribe":"Enter, as they appear, the number of stories and the building materials.","verify":"Choose the best transcription or enter your own!"}},{"id":"580d7c53616439000393d301","status":"complete","name":"Record Date","created_in_workflow":"verify","confidence":1.0,"data":{"value":"April 4/92"},"versions":[{"data":{"value":"April 4/92"},"votes":6,"confidence":0.6,"instances":[{"created":"2015-11-10T03:30:59Z","user_id":"563eaf056630330003055300","duration":4.802},{"created":"2015-11-10T03:45:25Z","user_id":"5641681461616500035a6500","duration":11.2},{"created":"2016-03-16T23:33:28Z","user_id":"563f8b7a3264340003774b00","duration":8.462},{"created":"2016-03-22T20:41:03Z","user_id":"56f1aeeb3065340003960000","duration":8.449},{"created":"2016-03-22T21:05:25Z","user_id":"56f16f4730653400032b0000","duration":20.374},{"created":"2016-03-22T21:18:04Z","user_id":"5668b33530333000032d0500","duration":6.117}]},{"data":{"value":"1892 April 04"},"votes":4,"confidence":0.4,"instances":[{"created":"2015-11-10T03:29:40Z","user_id":"564164996161650003ec6100","duration":10.739},{"created":"2015-11-10T03:46:16Z","user_id":"564165916161650003256300","duration":19.721},{"created":"2015-11-10T03:55:00Z","user_id":"5641647a6161650003ce6100","duration":13.381},{"created":"2016-03-21T05:53:29Z","user_id":"56ef87a96532650003220000","duration":11.184}]}],"region":{"x":236.94922650709185,"y":584.830965546576,"width":201.45164677403284,"height":54.13458102934919,"label":"Record Date","shape":"rectangle"},"task_key":"em_transcribed_date","instructions":{"mark":"Record Date","transcribe":"Enter the record date","verify":"Choose the best transcription or enter your own!"}},{"id":"580d7c53616439000394d301","status":"complete","name":"Amount Loaned","created_in_workflow":"verify","confidence":1.0,"data":{"value":"$16000"},"versions":[{"data":{"value":"$16000"},"votes":2,"confidence":0.6666666666666666,"instances":[{"created":"2016-03-14T02:02:51Z","user_id":"563f8b7a3264340003774b00","duration":3.104},{"created":"2016-03-16T02:37:46Z","user_id":"56e8c59a3137630003100000","duration":4.404}]},{"data":{"value":"$16,000"},"votes":1,"confidence":0.3333333333333333,"instances":[{"created":"2016-03-14T11:01:40Z","user_id":"56e696113535350003b40100","duration":3.775}]}],"region":{"x":795.1566530307335,"y":676.2385367928541,"width":199.67674239716905,"height":42.59770310506167,"label":"Amount Loaned","shape":"rectangle"},"task_key":"em_transcribed_amount_loaned","instructions":{"mark":"Amount Loaned","transcribe":"Enter the Amount Loaned","verify":"Choose the best transcription or enter your own!"}}]}],"export_document":{"name":"Record","export_fields":[{"name":"Mortgager","value":"Frederic Emanuel","original_value":{"value":"Frederic Emanuel"},"assertion_ids":["580d7c5361643900038ed301"]},{"name":"Street Address","value":"254 W 15 St","original_value":{"value":"254 W 15 St"},"assertion_ids":["580d7c5361643900038fd301"]},{"name":"Record Date","value":"1892-04-04T00:00:00Z","original_value":{"value":"April 4/92"},"assertion_ids":["580d7c53616439000393d301"]},{"name":"Land \u0026 Building Dimensions","value":{"em_survey_land_dimensions":[25,103.25],"em_survey_building_dimensions":[25,90]},"original_value":{"em_survey_land_dimensions":"25 x 103.3","em_survey_building_dimensions":"25 x 90"},"assertion_ids":["580d7c53616439000391d301"]},{"name":"Amount Loaned","value":16000.0,"original_value":{"value":"$16000"},"assertion_ids":["580d7c53616439000394d301"]},{"name":"Stories \u0026 Materials","value":{"em_record_stories":6,"em_record_material":"br"},"original_value":{"em_record_stories":"6 ","em_record_material":"br"},"assertion_ids":["580d7c53616439000392d301"]},{"name":"Record Number","value":3875,"original_value":{"value":"3875"},"assertion_ids":["580d7c5361643900038dd301"]},{"name":"Additional Info","value":"","original_value":{"value":""},"assertion_ids":["580d7c5361643900038bd301"]}]}}