{"id":"56b10a3a7061755afbf6c600","meta_data":{"capture_uuid":"131d9cc0-02e7-0133-da9a-58d385a7bbd0","page_uri":"http://digitalcollections.nypl.org/items/131d9cc0-02e7-0133-da9a-58d385a7bbd0","book_uri":"http://digitalcollections.nypl.org/items/109c0900-02e7-0133-03cf-58d385a7bbd0","source_rotated":"0.755321","source_x":"1214.45","source_y":"864.8","source_w":"1369.55","source_h":"975.2"},"type":"final_subject_set","search_terms_by_field":{"Total Value":["$12,000"],"Land \u0026 Building Value":["12000"],"Record Number":["3957"],"Mortgager":["Mary Irene Hartigan"],"Street Address":["71 E 124 St"],"Land \u0026 Building Dimensions":["17 x 100","17 x 45"],"Stories \u0026 Materials":["3","Brick"],"Record Date":["Oct. 24/92"],"Amount Loaned":["$1500."]},"subjects":[{"id":"580d6cd961643900039d3901","type":"root","location":{"standard":"https://s3.amazonaws.com/scribe.nypl.org/emigrant-s4/full/131d9cc0-02e7-0133-da9a-58d385a7bbd0.right-bottom.jpg","thumbnail":"https://s3.amazonaws.com/scribe.nypl.org/emigrant-s4/thumb/131d9cc0-02e7-0133-da9a-58d385a7bbd0.right-bottom.jpg"},"status":"retired","width":1369,"height":975,"meta_data":{"capture_uuid":"131d9cc0-02e7-0133-da9a-58d385a7bbd0","page_uri":"http://digitalcollections.nypl.org/items/131d9cc0-02e7-0133-da9a-58d385a7bbd0","book_uri":"http://digitalcollections.nypl.org/items/109c0900-02e7-0133-03cf-58d385a7bbd0","source_rotated":"0.755321","source_x":"1214.45","source_y":"864.8","source_w":"1369.55","source_h":"975.2"},"assertions":[{"id":"580d6cd961643900039e3901","status":"awaiting_transcriptions","name":"Total Value","created_in_workflow":"transcribe","confidence":0.6666666666666666,"data":{"value":"$12,000"},"versions":[{"data":{"value":"$12,000"},"votes":2,"confidence":0.6666666666666666,"instances":[{"created":"2016-02-15T10:42:27Z","user_id":"56c1a8b56431370003080000","duration":8.016},{"created":"2016-02-15T11:22:07Z","user_id":"56c1b2343534640003500000","duration":9.251}]}],"region":{"x":869.4912931263713,"y":599.0663426456274,"width":194.2637444279345,"height":72.21343009819952,"label":"Valuation","shape":"rectangle"},"task_key":"em_record_valuation_total","instructions":{"mark":"Valuation","transcribe":"Enter the valuation ***total*** (if one is given)"}},{"id":"580d6cd961643900039f3901","status":"awaiting_transcriptions","name":"Land \u0026 Building Value","created_in_workflow":"transcribe","confidence":0.3333333333333333,"data":{"em_valuation_ground":"12000"},"versions":[{"data":{"em_valuation_ground":"12000"},"votes":1,"confidence":0.3333333333333333,"instances":[{"created":"2016-02-15T13:28:01Z","user_id":"56c1d1aa64313700032d0100","duration":5.849}]}],"region":{"x":869.4912931263713,"y":599.0663426456274,"width":194.2637444279345,"height":72.21343009819952,"label":"Valuation","shape":"rectangle"},"task_key":"em_record_valuation_ground_building","instructions":{"mark":"Valuation","transcribe":"Sometimes valuations include itemized dollar values for \"ground\" and \"building\". Enter these amounts if you can find them. In the next screen, you'll enter the total valuation."}},{"id":"580d6cd96164390003a03901","status":"complete","name":"Record Number","created_in_workflow":"transcribe","confidence":1.0,"data":{"value":"3957"},"versions":[{"data":{"value":"3957"},"votes":3,"confidence":1.0,"instances":[{"created":"2016-02-15T10:40:36Z","user_id":"56c1a8b56431370003080000","duration":8.743},{"created":"2016-02-15T11:19:45Z","user_id":"56c1b2343534640003500000","duration":10.943},{"created":"2016-02-15T13:25:36Z","user_id":"56c1d1aa64313700032d0100","duration":9.125}]}],"region":{"x":816.6027344339492,"y":62.04252445056583,"width":125.10178306092132,"height":60.00834332103907,"label":"Record Number","shape":"rectangle"},"task_key":"em_record_number","instructions":{"mark":"Record Number","transcribe":"Enter the record number"}},{"id":"580d6cd96164390003a13901","status":"complete","name":"Mortgager","created_in_workflow":"transcribe","confidence":1.0,"data":{"value":"Mary Irene Hartigan"},"versions":[{"data":{"value":"Mary Irene Hartigan"},"votes":3,"confidence":1.0,"instances":[{"created":"2015-12-17T09:28:08Z","user_id":"5672800c6434380003820500","duration":8.193},{"created":"2015-12-17T11:57:29Z","user_id":"5672a2ce6434380003a00500","duration":14.394},{"created":"2015-12-17T12:05:33Z","user_id":"5672a4f06434380003a50500","duration":21.501}]}],"region":{"x":248.57836975853985,"y":626.6700589290995,"width":354.8772578027644,"height":50.6969036437024,"label":"Mortgager Name","shape":"rectangle"},"task_key":"em_record_mortgager","instructions":{"mark":"Mortgager Name","transcribe":"Enter the mortgager's name"}},{"id":"580d6cd96164390003a23901","status":"complete","name":"Street Address","created_in_workflow":"transcribe","confidence":1.0,"data":{"value":"71 E 124 St"},"versions":[{"data":{"value":"71 E 124 St"},"votes":3,"confidence":1.0,"instances":[{"created":"2015-12-17T09:28:22Z","user_id":"5672800c6434380003820500","duration":6.075},{"created":"2015-12-17T11:58:30Z","user_id":"5672a2ce6434380003a00500","duration":17.529},{"created":"2015-12-17T12:06:50Z","user_id":"5672a4f06434380003a50500","duration":9.698}]}],"region":{"x":289.4174192675881,"y":673.1422206024934,"width":237.99308162169518,"height":47.880408996830056,"label":"Street Address","shape":"rectangle"},"task_key":"em_record_street_address","instructions":{"mark":"Street Address","transcribe":"Enter the street address"}},{"id":"580d6cd96164390003a33901","status":"awaiting_votes","name":"Land \u0026 Building Dimensions","created_in_workflow":"transcribe","confidence":0.5,"data":{"em_survey_land_dimensions":"17 x 100","em_survey_building_dimensions":"17 x 45"},"versions":[{"data":{"em_survey_land_dimensions":"17 x 100","em_survey_building_dimensions":"17 x 45"},"votes":2,"confidence":0.5,"instances":[{"created":"2016-02-15T10:43:32Z","user_id":"56c1a8b56431370003080000","duration":37.875},{"created":"2016-02-15T11:22:24Z","user_id":"56c1b2343534640003500000","duration":16.883}]},{"data":{"em_survey_land_dimensions":"17.6 x 100.11"},"votes":1,"confidence":0.25,"instances":[{"created":"2016-02-15T13:28:27Z","user_id":"56c1d1aa64313700032d0100","duration":16.228}]},{"data":{"em_survey_land_dimensions":"17.6 x 100.11","em_survey_building_dimensions":"17.6 x 45"},"votes":1,"confidence":0.25,"instances":[{"created":"2016-09-23T23:20:46Z","user_id":"57c49a363234370003600200","duration":32.307}]}],"region":{"x":351.7936705409329,"y":720.8629377760415,"width":354.9635958395245,"height":86.45269800488677,"label":"Dimension \u0026 Description","shape":"rectangle"},"task_key":"em_record_survey","instructions":{"mark":"Dimension \u0026 Description","transcribe":"Enter, as they appear, any land and building dimensions that were recorded. In the next screen, you'll enter the descriptive information."}},{"id":"580d6cd96164390003a43901","status":"awaiting_votes","name":"Stories \u0026 Materials","created_in_workflow":"transcribe","confidence":0.5,"data":{"em_record_stories":"3","em_record_material":"Brick"},"versions":[{"data":{"em_record_stories":"3","em_record_material":"Brick"},"votes":2,"confidence":0.5,"instances":[{"created":"2016-02-15T10:43:44Z","user_id":"56c1a8b56431370003080000","duration":11.36},{"created":"2016-02-15T11:22:36Z","user_id":"56c1b2343534640003500000","duration":12.086}]},{"data":{"em_record_stories":"3","em_record_material":"brick"},"votes":2,"confidence":0.5,"instances":[{"created":"2016-02-15T13:28:40Z","user_id":"56c1d1aa64313700032d0100","duration":12.753},{"created":"2016-09-23T23:20:56Z","user_id":"57c49a363234370003600200","duration":9.522}]}],"region":{"x":351.7936705409329,"y":720.8629377760415,"width":354.9635958395245,"height":86.45269800488677,"label":"Dimension \u0026 Description","shape":"rectangle"},"task_key":"em_record_survey_stories_materials","instructions":{"mark":"Dimension \u0026 Description","transcribe":"Enter, as they appear, the number of stories and the building materials."}},{"id":"580d6cd96164390003a53901","status":"complete","name":"Record Date","created_in_workflow":"transcribe","confidence":1.0,"data":{"value":"Oct. 24/92"},"versions":[{"data":{"value":"Oct. 24/92"},"votes":3,"confidence":1.0,"instances":[{"created":"2015-12-17T09:28:00Z","user_id":"5672800c6434380003820500","duration":9.877},{"created":"2015-12-17T11:57:00Z","user_id":"5672a2ce6434380003a00500","duration":20.578},{"created":"2015-12-17T12:05:04Z","user_id":"5672a4f06434380003a50500","duration":15.293}]}],"region":{"x":302.0916070462583,"y":587.2391338728864,"width":177.43862890138223,"height":50.6969036437024,"label":"Record Date","shape":"rectangle"},"task_key":"em_record_date","instructions":{"mark":"Record Date","transcribe":"Enter the record date"}},{"id":"580d6cd96164390003a63901","status":"awaiting_votes","name":"Amount Loaned","created_in_workflow":"verify","confidence":0.3333333333333333,"data":{"value":"$1500."},"versions":[{"data":{"value":"$1500."},"votes":1,"confidence":0.3333333333333333,"instances":[{"created":"2016-09-14T02:09:55Z","user_id":"57c49a363234370003600200","duration":10.71}]}],"region":{"x":940.0257252393229,"y":675.9587152493657,"width":99.98525914284244,"height":47.880408996830056,"label":"Amount Loaned","shape":"rectangle"},"task_key":"em_transcribed_amount_loaned","instructions":{"mark":"Amount Loaned","transcribe":"Enter the Amount Loaned","verify":"Choose the best transcription or enter your own!"}}]}],"export_document":{"name":"Record","export_fields":[{"name":"Mortgager","value":"Mary Irene Hartigan","original_value":{"value":"Mary Irene Hartigan"},"assertion_ids":["580d6cd96164390003a13901"]},{"name":"Street Address","value":"71 E 124 St","original_value":{"value":"71 E 124 St"},"assertion_ids":["580d6cd96164390003a23901"]},{"name":"Record Date","value":"1892-10-24T00:00:00Z","original_value":{"value":"Oct. 24/92"},"assertion_ids":["580d6cd96164390003a53901"]},{"name":"Land \u0026 Building Dimensions","value":{"em_survey_land_dimensions":[17,100],"em_survey_building_dimensions":[17,45]},"original_value":{"em_survey_land_dimensions":"17 x 100","em_survey_building_dimensions":"17 x 45"},"assertion_ids":["580d6cd96164390003a33901"]},{"name":"Amount Loaned","value":1500.0,"original_value":{"value":"$1500."},"assertion_ids":["580d6cd96164390003a63901"]},{"name":"Stories \u0026 Materials","value":{"em_record_stories":3,"em_record_material":"Brick"},"original_value":{"em_record_stories":"3","em_record_material":"Brick"},"assertion_ids":["580d6cd96164390003a43901"]},{"name":"Valuation","value":null,"original_value":null,"assertion_ids":null},{"name":"Record Number","value":3957,"original_value":{"value":"3957"},"assertion_ids":["580d6cd96164390003a03901"]}]}}