{"id":"56b109c87061755afb19be00","meta_data":{"capture_uuid":"118b4430-02e7-0133-4e69-58d385a7bbd0","page_uri":"http://digitalcollections.nypl.org/items/118b4430-02e7-0133-4e69-58d385a7bbd0","book_uri":"http://digitalcollections.nypl.org/items/109c0900-02e7-0133-03cf-58d385a7bbd0","source_rotated":"-0.0559529","source_x":"0","source_y":"0","source_w":"1358.92","source_h":"864.48"},"type":"final_subject_set","search_terms_by_field":{"Land \u0026 Building Dimensions":["17 x 59.4","17 x 59.4"],"Stories \u0026 Materials":["4","brick"],"Additional Info":[],"Valuation Date":[],"Land \u0026 Building Value":[],"Total Value":["8000."],"Record Number":["3790"],"Mortgager":["Mary Ryan \u0026 Micahel J Ryan"],"Street Address":["84 1/2 Park St"],"Record Date":["Dec 7/91"],"Amount Loaned":["$2000.-"]},"subjects":[{"id":"580d6c3261643900034c3301","type":"root","location":{"standard":"https://s3.amazonaws.com/scribe.nypl.org/emigrant-s4/full/118b4430-02e7-0133-4e69-58d385a7bbd0.left-top.jpg","thumbnail":"https://s3.amazonaws.com/scribe.nypl.org/emigrant-s4/thumb/118b4430-02e7-0133-4e69-58d385a7bbd0.left-top.jpg"},"status":"retired","width":1358,"height":864,"meta_data":{"capture_uuid":"118b4430-02e7-0133-4e69-58d385a7bbd0","page_uri":"http://digitalcollections.nypl.org/items/118b4430-02e7-0133-4e69-58d385a7bbd0","book_uri":"http://digitalcollections.nypl.org/items/109c0900-02e7-0133-03cf-58d385a7bbd0","source_rotated":"-0.0559529","source_x":"0","source_y":"0","source_w":"1358.92","source_h":"864.48"},"assertions":[{"id":"580d6c3261643900034d3301","status":"awaiting_transcriptions","name":"Land \u0026 Building Dimensions","created_in_workflow":"transcribe","confidence":0.3333333333333333,"data":{"em_survey_land_dimensions":"17 x 59.4","em_survey_building_dimensions":"17 x 59.4"},"versions":[{"data":{"em_survey_land_dimensions":"17 x 59.4","em_survey_building_dimensions":"17 x 59.4"},"votes":1,"confidence":0.3333333333333333,"instances":[{"created":"2015-12-29T21:51:17Z","user_id":"5682fb2f3065380003d20400","duration":24.666}]}],"region":{"x":90.17197308332,"y":728.1279299014238,"width":534.3194405066483,"height":102.2878422782037,"label":"Dimension \u0026 Description","shape":"rectangle"},"task_key":"em_record_survey","instructions":{"mark":"Dimension \u0026 Description","transcribe":"Enter, as they appear, any land and building dimensions that were recorded. In the next screen, you'll enter the descriptive information."}},{"id":"580d6c3261643900034e3301","status":"awaiting_transcriptions","name":"Stories \u0026 Materials","created_in_workflow":"transcribe","confidence":0.3333333333333333,"data":{"em_record_stories":"4","em_record_material":"brick"},"versions":[{"data":{"em_record_stories":"4","em_record_material":"brick"},"votes":1,"confidence":0.3333333333333333,"instances":[{"created":"2015-12-29T21:51:30Z","user_id":"5682fb2f3065380003d20400","duration":12.769}]}],"region":{"x":90.17197308332,"y":728.1279299014238,"width":534.3194405066483,"height":102.2878422782037,"label":"Dimension \u0026 Description","shape":"rectangle"},"task_key":"em_record_survey_stories_materials","instructions":{"mark":"Dimension \u0026 Description","transcribe":"Enter, as they appear, the number of stories and the building materials."}},{"id":"580d6c3261643900034f3301","status":"awaiting_transcriptions","name":"Additional Info","created_in_workflow":"transcribe","confidence":0.3333333333333333,"data":{"value":""},"versions":[{"data":{"value":""},"votes":1,"confidence":0.3333333333333333,"instances":[{"created":"2015-12-29T21:51:32Z","user_id":"5682fb2f3065380003d20400","duration":1.876}]}],"region":{"x":90.17197308332,"y":728.1279299014238,"width":534.3194405066483,"height":102.2878422782037,"label":"Dimension \u0026 Description","shape":"rectangle"},"task_key":"em_record_survey_additional_info","instructions":{"mark":"Dimension \u0026 Description","transcribe":"Enter any additional information you find about the building's construction or significance."}},{"id":"580d6c326164390003503301","status":"awaiting_transcriptions","name":"Valuation Date","created_in_workflow":"transcribe","confidence":0.3333333333333333,"data":{"value":""},"versions":[{"data":{"value":""},"votes":1,"confidence":0.3333333333333333,"instances":[{"created":"2015-12-29T21:49:45Z","user_id":"5682fb2f3065380003d20400","duration":2.724}]}],"region":{"x":716.0121238026941,"y":616.4188389923329,"width":304.1717721775883,"height":99.5960569550931,"label":"Valuation","shape":"rectangle"},"task_key":"em_record_valuation","instructions":{"mark":"Valuation","transcribe":"Enter the date of the valuation (if one is given). In the next screen, you'll enter the valuation's dollar amounts."}},{"id":"580d6c326164390003513301","status":"awaiting_transcriptions","name":"Land \u0026 Building Value","created_in_workflow":"transcribe","confidence":0.3333333333333333,"data":{"em_valuation_ground":""},"versions":[{"data":{"em_valuation_ground":""},"votes":1,"confidence":0.3333333333333333,"instances":[{"created":"2015-12-29T21:49:47Z","user_id":"5682fb2f3065380003d20400","duration":1.67}]}],"region":{"x":716.0121238026941,"y":616.4188389923329,"width":304.1717721775883,"height":99.5960569550931,"label":"Valuation","shape":"rectangle"},"task_key":"em_record_valuation_ground_building","instructions":{"mark":"Valuation","transcribe":"Sometimes valuations include itemized dollar values for \"ground\" and \"building\". Enter these amounts if you can find them. In the next screen, you'll enter the total valuation."}},{"id":"580d6c326164390003523301","status":"awaiting_transcriptions","name":"Total Value","created_in_workflow":"transcribe","confidence":0.3333333333333333,"data":{"value":"8000."},"versions":[{"data":{"value":"8000."},"votes":1,"confidence":0.3333333333333333,"instances":[{"created":"2015-12-29T21:49:55Z","user_id":"5682fb2f3065380003d20400","duration":8.23}]}],"region":{"x":716.0121238026941,"y":616.4188389923329,"width":304.1717721775883,"height":99.5960569550931,"label":"Valuation","shape":"rectangle"},"task_key":"em_record_valuation_total","instructions":{"mark":"Valuation","transcribe":"Enter the valuation ***total*** (if one is given)"}},{"id":"580d6c326164390003533301","status":"complete","name":"Record Number","created_in_workflow":"transcribe","confidence":1.0,"data":{"value":"3790"},"versions":[{"data":{"value":"3790"},"votes":3,"confidence":1.0,"instances":[{"created":"2015-12-29T01:01:07Z","user_id":"5668b33530333000032d0500","duration":3.752},{"created":"2015-12-30T01:23:33Z","user_id":"56832e4d33373000030c0000","duration":6.487},{"created":"2015-12-30T02:28:03Z","user_id":"5683412c3337300003d60000","duration":7.177}]}],"region":{"x":355.31285414077513,"y":90.17480832420591,"width":534.3194405066483,"height":59.219277108433744,"label":"Record Number","shape":"rectangle"},"task_key":"em_record_number","instructions":{"mark":"Record Number","transcribe":"Enter the record number"}},{"id":"580d6c326164390003543301","status":"awaiting_votes","name":"Mortgager","created_in_workflow":"verify","confidence":0.3333333333333333,"data":{"value":"Mary Ryan \u0026 Micahel J Ryan"},"versions":[{"data":{"value":"Mary Ryan \u0026 Micahel J Ryan"},"votes":1,"confidence":0.3333333333333333,"instances":[{"created":"2016-09-16T16:26:49Z","user_id":"57c49a363234370003600200","duration":7.263}]}],"region":{"x":99.59322266404176,"y":650.0661555312157,"width":477.79194302231787,"height":52.4898138006572,"label":"Mortgager Name","shape":"rectangle"},"task_key":"em_transcribed_mortgager","instructions":{"mark":"Mortgager Name","transcribe":"Enter the mortgager's name","verify":"Choose the best transcription or enter your own!"}},{"id":"580d6c326164390003553301","status":"complete","name":"Street Address","created_in_workflow":"transcribe","confidence":1.0,"data":{"value":"84 1/2 Park St"},"versions":[{"data":{"value":"84 1/2 Park St"},"votes":3,"confidence":1.0,"instances":[{"created":"2015-12-29T01:02:17Z","user_id":"5668b33530333000032d0500","duration":4.11},{"created":"2015-12-29T21:50:45Z","user_id":"5682fb2f3065380003d20400","duration":17.525},{"created":"2015-12-30T01:24:50Z","user_id":"56832e4d33373000030c0000","duration":7.022}]}],"region":{"x":100.93911546128773,"y":697.1723986856516,"width":348.58623448670517,"height":45.76035049288066,"label":"Street Address","shape":"rectangle"},"task_key":"em_record_street_address","instructions":{"mark":"Street Address","transcribe":"Enter the street address"}},{"id":"580d6c326164390003563301","status":"awaiting_votes","name":"Record Date","created_in_workflow":"verify","confidence":0.3333333333333333,"data":{"value":"Dec 7/91"},"versions":[{"data":{"value":"Dec 7/91"},"votes":1,"confidence":0.3333333333333333,"instances":[{"created":"2016-09-16T16:26:34Z","user_id":"57c49a363234370003600200","duration":12.094}]}],"region":{"x":92.86375867781193,"y":609.6893756845564,"width":329.74373532526164,"height":51.14392113910185,"label":"Record Date","shape":"rectangle"},"task_key":"em_transcribed_date","instructions":{"mark":"Record Date","transcribe":"Enter the record date","verify":"Choose the best transcription or enter your own!"}},{"id":"580d6c326164390003573301","status":"awaiting_votes","name":"Amount Loaned","created_in_workflow":"verify","confidence":0.3333333333333333,"data":{"value":"$2000.-"},"versions":[{"data":{"value":"$2000.-"},"votes":1,"confidence":0.3333333333333333,"instances":[{"created":"2016-09-16T18:06:55Z","user_id":"57c49a363234370003600200","duration":7.221}]}],"region":{"x":713.3203382082022,"y":711.97721796276,"width":290.7128442051286,"height":39.03088718510412,"label":"Amount Loaned","shape":"rectangle"},"task_key":"em_transcribed_amount_loaned","instructions":{"mark":"Amount Loaned","transcribe":"Enter the Amount Loaned","verify":"Choose the best transcription or enter your own!"}}]}],"export_document":{"name":"Record","export_fields":[{"name":"Mortgager","value":"Mary Ryan \u0026 Micahel J Ryan","original_value":{"value":"Mary Ryan \u0026 Micahel J Ryan"},"assertion_ids":["580d6c326164390003543301"]},{"name":"Street Address","value":"84 1/2 Park St","original_value":{"value":"84 1/2 Park St"},"assertion_ids":["580d6c326164390003553301"]},{"name":"Record Date","value":"1891-12-07T00:00:00Z","original_value":{"value":"Dec 7/91"},"assertion_ids":["580d6c326164390003563301"]},{"name":"Land \u0026 Building Dimensions","value":{"em_survey_land_dimensions":[17,59.333333333333336],"em_survey_building_dimensions":[17,59.333333333333336]},"original_value":{"em_survey_land_dimensions":"17 x 59.4","em_survey_building_dimensions":"17 x 59.4"},"assertion_ids":["580d6c3261643900034d3301"]},{"name":"Amount Loaned","value":2000.0,"original_value":{"value":"$2000.-"},"assertion_ids":["580d6c326164390003573301"]},{"name":"Stories \u0026 Materials","value":{"em_record_stories":4,"em_record_material":"brick"},"original_value":{"em_record_stories":"4","em_record_material":"brick"},"assertion_ids":["580d6c3261643900034e3301"]},{"name":"Valuation","value":null,"original_value":null,"assertion_ids":null},{"name":"Record Number","value":3790,"original_value":{"value":"3790"},"assertion_ids":["580d6c326164390003533301"]},{"name":"Additional Info","value":"","original_value":{"value":""},"assertion_ids":["580d6c3261643900034f3301"]}]}}