{"id":"56b10a277061755afb88c500","meta_data":{"capture_uuid":"12e39030-02e7-0133-db0c-58d385a7bbd0","page_uri":"http://digitalcollections.nypl.org/items/12e39030-02e7-0133-db0c-58d385a7bbd0","book_uri":"http://digitalcollections.nypl.org/items/109c0900-02e7-0133-03cf-58d385a7bbd0","source_rotated":"0.363689","source_x":"0","source_y":"0","source_w":"1363.19","source_h":"872.64"},"type":"final_subject_set","search_terms_by_field":{"Land \u0026 Building Dimensions":["28 x 92","26 x 70"],"Stories \u0026 Materials":["5","brick"],"Additional Info":[],"Valuation Date":[],"Land \u0026 Building Value":["$12000.","14000."],"Total Value":[],"Record Number":["3930"],"Mortgager":["Pat.k Carroll"],"Street Address":["236 W 20"],"Record Date":["July 18/92"],"Amount Loaned":["$13000"]},"subjects":[{"id":"580d6cb16164390003853801","type":"root","location":{"standard":"https://s3.amazonaws.com/scribe.nypl.org/emigrant-s4/full/12e39030-02e7-0133-db0c-58d385a7bbd0.left-top.jpg","thumbnail":"https://s3.amazonaws.com/scribe.nypl.org/emigrant-s4/thumb/12e39030-02e7-0133-db0c-58d385a7bbd0.left-top.jpg"},"status":"retired","width":1363,"height":872,"meta_data":{"capture_uuid":"12e39030-02e7-0133-db0c-58d385a7bbd0","page_uri":"http://digitalcollections.nypl.org/items/12e39030-02e7-0133-db0c-58d385a7bbd0","book_uri":"http://digitalcollections.nypl.org/items/109c0900-02e7-0133-03cf-58d385a7bbd0","source_rotated":"0.363689","source_x":"0","source_y":"0","source_w":"1363.19","source_h":"872.64"},"assertions":[{"id":"580d6cb16164390003863801","status":"awaiting_transcriptions","name":"Land \u0026 Building Dimensions","created_in_workflow":"transcribe","confidence":0.3333333333333333,"data":{"em_survey_land_dimensions":"28 x 92","em_survey_building_dimensions":"26 x 70"},"versions":[{"data":{"em_survey_land_dimensions":"28 x 92","em_survey_building_dimensions":"26 x 70"},"votes":1,"confidence":0.3333333333333333,"instances":[{"created":"2016-01-07T19:43:31Z","user_id":"568eb0c262633900031d0000","duration":14.845}]},{"data":{"em_survey_land_dimensions":"28x92","em_survey_building_dimensions":"26x70"},"votes":1,"confidence":0.3333333333333333,"instances":[{"created":"2016-01-08T00:54:18Z","user_id":"5668b33530333000032d0500","duration":4.696}]}],"region":{"x":250.91646599511841,"y":759.7504738928141,"width":374.1924373461587,"height":95.29666473454165,"label":"Dimension \u0026 Description","shape":"rectangle"},"task_key":"em_record_survey","instructions":{"mark":"Dimension \u0026 Description","transcribe":"Enter, as they appear, any land and building dimensions that were recorded. In the next screen, you'll enter the descriptive information."}},{"id":"580d6cb16164390003873801","status":"awaiting_transcriptions","name":"Stories \u0026 Materials","created_in_workflow":"transcribe","confidence":0.6666666666666666,"data":{"em_record_stories":"5","em_record_material":"brick"},"versions":[{"data":{"em_record_stories":"5","em_record_material":"brick"},"votes":2,"confidence":0.6666666666666666,"instances":[{"created":"2016-01-07T19:43:36Z","user_id":"568eb0c262633900031d0000","duration":5.545},{"created":"2016-01-08T00:54:20Z","user_id":"5668b33530333000032d0500","duration":2.191}]}],"region":{"x":250.91646599511841,"y":759.7504738928141,"width":374.1924373461587,"height":95.29666473454165,"label":"Dimension \u0026 Description","shape":"rectangle"},"task_key":"em_record_survey_stories_materials","instructions":{"mark":"Dimension \u0026 Description","transcribe":"Enter, as they appear, the number of stories and the building materials."}},{"id":"580d6cb16164390003883801","status":"awaiting_transcriptions","name":"Additional Info","created_in_workflow":"transcribe","confidence":0.3333333333333333,"data":{"value":""},"versions":[{"data":{"value":""},"votes":1,"confidence":0.3333333333333333,"instances":[{"created":"2016-01-08T00:54:21Z","user_id":"5668b33530333000032d0500","duration":0.257}]}],"region":{"x":250.91646599511841,"y":759.7504738928141,"width":374.1924373461587,"height":95.29666473454165,"label":"Dimension \u0026 Description","shape":"rectangle"},"task_key":"em_record_survey_additional_info","instructions":{"mark":"Dimension \u0026 Description","transcribe":"Enter any additional information you find about the building's construction or significance."}},{"id":"580d6cb16164390003893801","status":"awaiting_transcriptions","name":"Valuation Date","created_in_workflow":"transcribe","confidence":0.3333333333333333,"data":{"value":""},"versions":[{"data":{"value":""},"votes":1,"confidence":0.3333333333333333,"instances":[{"created":"2016-01-07T20:01:53Z","user_id":"568eb6db6263390003600000","duration":3.747}]}],"region":{"x":840.1821266757515,"y":618.9911801106011,"width":165.23918378136455,"height":90.92525809534243,"label":"Valuation","shape":"rectangle"},"task_key":"em_record_valuation","instructions":{"mark":"Valuation","transcribe":"Enter the date of the valuation (if one is given). In the next screen, you'll enter the valuation's dollar amounts."}},{"id":"580d6cb161643900038a3801","status":"awaiting_transcriptions","name":"Land \u0026 Building Value","created_in_workflow":"transcribe","confidence":0.3333333333333333,"data":{"em_valuation_ground":"$12000.","em_valuation_building":"14000."},"versions":[{"data":{"em_valuation_ground":"$12000.","em_valuation_building":"14000."},"votes":1,"confidence":0.3333333333333333,"instances":[{"created":"2016-01-07T20:02:05Z","user_id":"568eb6db6263390003600000","duration":11.879}]}],"region":{"x":840.1821266757515,"y":618.9911801106011,"width":165.23918378136455,"height":90.92525809534243,"label":"Valuation","shape":"rectangle"},"task_key":"em_record_valuation_ground_building","instructions":{"mark":"Valuation","transcribe":"Sometimes valuations include itemized dollar values for \"ground\" and \"building\". Enter these amounts if you can find them. In the next screen, you'll enter the total valuation."}},{"id":"580d6cb161643900038b3801","status":"awaiting_transcriptions","name":"Total Value","created_in_workflow":"transcribe","confidence":0.3333333333333333,"data":{"value":""},"versions":[{"data":{"value":""},"votes":1,"confidence":0.3333333333333333,"instances":[{"created":"2016-01-07T20:02:05Z","user_id":"568eb6db6263390003600000","duration":0.304}]}],"region":{"x":840.1821266757515,"y":618.9911801106011,"width":165.23918378136455,"height":90.92525809534243,"label":"Valuation","shape":"rectangle"},"task_key":"em_record_valuation_total","instructions":{"mark":"Valuation","transcribe":"Enter the valuation ***total*** (if one is given)"}},{"id":"580d6cb161643900038c3801","status":"complete","name":"Record Number","created_in_workflow":"transcribe","confidence":1.0,"data":{"value":"3930"},"versions":[{"data":{"value":"3930"},"votes":3,"confidence":1.0,"instances":[{"created":"2016-01-07T05:06:15Z","user_id":"568de79535656200036f0900","duration":2.735},{"created":"2016-01-08T00:53:09Z","user_id":"5668b33530333000032d0500","duration":3.186},{"created":"2016-01-08T04:48:50Z","user_id":"568f3f3662633900038f0600","duration":14.153}]}],"region":{"x":731.7712336128458,"y":97.04522739022136,"width":146.0049930766554,"height":54.20544232606957,"label":"Record Number","shape":"rectangle"},"task_key":"em_record_number","instructions":{"mark":"Record Number","transcribe":"Enter the record number"}},{"id":"580d6cb161643900038d3801","status":"awaiting_votes","name":"Mortgager","created_in_workflow":"verify","confidence":0.3333333333333333,"data":{"value":"Pat.k Carroll"},"versions":[{"data":{"value":"Pat.k Carroll"},"votes":1,"confidence":0.3333333333333333,"instances":[{"created":"2016-09-19T19:16:42Z","user_id":"57c49a363234370003600200","duration":4.987}]}],"region":{"x":180.0996729459622,"y":664.4538091582722,"width":225.56460008249758,"height":53.33116099822982,"label":"Mortgager Name","shape":"rectangle"},"task_key":"em_transcribed_mortgager","instructions":{"mark":"Mortgager Name","transcribe":"Enter the mortgager's name","verify":"Choose the best transcription or enter your own!"}},{"id":"580d6cb161643900038e3801","status":"awaiting_votes","name":"Street Address","created_in_workflow":"verify","confidence":0.3333333333333333,"data":{"value":"236 W 20"},"versions":[{"data":{"value":"236 W 20"},"votes":1,"confidence":0.3333333333333333,"instances":[{"created":"2016-09-19T19:16:50Z","user_id":"57c49a363234370003600200","duration":3.932}]}],"region":{"x":200.2081450463399,"y":716.9106888286623,"width":214.19894193880583,"height":42.83978506415178,"label":"Street Address","shape":"rectangle"},"task_key":"em_transcribed_address","instructions":{"mark":"Street Address","transcribe":"Enter the street address","verify":"Choose the best transcription or enter your own!"}},{"id":"580d6cb161643900038f3801","status":"awaiting_votes","name":"Record Date","created_in_workflow":"verify","confidence":0.3333333333333333,"data":{"value":"July 18/92"},"versions":[{"data":{"value":"July 18/92"},"votes":1,"confidence":0.3333333333333333,"instances":[{"created":"2016-09-19T19:14:39Z","user_id":"57c49a363234370003600200","duration":11.209}]}],"region":{"x":232.5565566860779,"y":627.7339933889994,"width":184.47337448607362,"height":47.211191703351005,"label":"Record Date","shape":"rectangle"},"task_key":"em_transcribed_date","instructions":{"mark":"Record Date","transcribe":"Enter the record date","verify":"Choose the best transcription or enter your own!"}},{"id":"580d6cb16164390003903801","status":"awaiting_votes","name":"Amount Loaned","created_in_workflow":"verify","confidence":0.3333333333333333,"data":{"value":"$13000"},"versions":[{"data":{"value":"$13000"},"votes":1,"confidence":0.3333333333333333,"instances":[{"created":"2016-09-19T20:42:39Z","user_id":"57c49a363234370003600200","duration":4.65}]}],"region":{"x":837.5592824887458,"y":711.6650008616233,"width":136.38789772430084,"height":41.965503736311916,"label":"Amount Loaned","shape":"rectangle"},"task_key":"em_transcribed_amount_loaned","instructions":{"mark":"Amount Loaned","transcribe":"Enter the Amount Loaned","verify":"Choose the best transcription or enter your own!"}}]}],"export_document":{"name":"Record","export_fields":[{"name":"Mortgager","value":"Pat.k Carroll","original_value":{"value":"Pat.k Carroll"},"assertion_ids":["580d6cb161643900038d3801"]},{"name":"Street Address","value":"236 W 20","original_value":{"value":"236 W 20"},"assertion_ids":["580d6cb161643900038e3801"]},{"name":"Record Date","value":"1892-07-18T00:00:00Z","original_value":{"value":"July 18/92"},"assertion_ids":["580d6cb161643900038f3801"]},{"name":"Land \u0026 Building Dimensions","value":{"em_survey_land_dimensions":[28,92],"em_survey_building_dimensions":[26,70]},"original_value":{"em_survey_land_dimensions":"28 x 92","em_survey_building_dimensions":"26 x 70"},"assertion_ids":["580d6cb16164390003863801"]},{"name":"Amount Loaned","value":13000.0,"original_value":{"value":"$13000"},"assertion_ids":["580d6cb16164390003903801"]},{"name":"Stories \u0026 Materials","value":{"em_record_stories":5,"em_record_material":"brick"},"original_value":{"em_record_stories":"5","em_record_material":"brick"},"assertion_ids":["580d6cb16164390003873801"]},{"name":"Valuation","value":null,"original_value":null,"assertion_ids":null},{"name":"Record Number","value":3930,"original_value":{"value":"3930"},"assertion_ids":["580d6cb161643900038c3801"]},{"name":"Additional Info","value":"","original_value":{"value":""},"assertion_ids":["580d6cb16164390003883801"]}]}}