{"id":"56b109e77061755afb8dc000","meta_data":{"capture_uuid":"12008bc0-02e7-0133-e75a-58d385a7bbd0","page_uri":"http://digitalcollections.nypl.org/items/12008bc0-02e7-0133-e75a-58d385a7bbd0","book_uri":"http://digitalcollections.nypl.org/items/109c0900-02e7-0133-03cf-58d385a7bbd0","source_rotated":"0.559511","source_x":"0","source_y":"861.04","source_w":"1366.37","source_h":"970.96"},"type":"final_subject_set","search_terms_by_field":{"Record Number":["3839"],"Mortgager":["Mary Ryan"],"Street Address":["706 Washington St"],"Land \u0026 Building Dimensions":["23 x 88","24 x 82.3"],"Stories \u0026 Materials":["3 ","brick"],"Additional Info":[],"Record Date":["Dec 14/91"],"Valuation Date":[],"Land \u0026 Building Value":["$9000","$5000"],"Total Value":[],"Amount Loaned":["$7000"]},"subjects":[{"id":"580d6c646164390003633501","type":"root","location":{"standard":"https://s3.amazonaws.com/scribe.nypl.org/emigrant-s4/full/12008bc0-02e7-0133-e75a-58d385a7bbd0.left-bottom.jpg","thumbnail":"https://s3.amazonaws.com/scribe.nypl.org/emigrant-s4/thumb/12008bc0-02e7-0133-e75a-58d385a7bbd0.left-bottom.jpg"},"status":"retired","width":1366,"height":970,"meta_data":{"capture_uuid":"12008bc0-02e7-0133-e75a-58d385a7bbd0","page_uri":"http://digitalcollections.nypl.org/items/12008bc0-02e7-0133-e75a-58d385a7bbd0","book_uri":"http://digitalcollections.nypl.org/items/109c0900-02e7-0133-03cf-58d385a7bbd0","source_rotated":"0.559511","source_x":"0","source_y":"861.04","source_w":"1366.37","source_h":"970.96"},"assertions":[{"id":"580d6c646164390003643501","status":"awaiting_transcriptions","name":"Land \u0026 Building Dimensions","created_in_workflow":"transcribe","confidence":0.3333333333333333,"data":{"em_survey_land_dimensions":"23 x 88","em_survey_building_dimensions":"24 x 82.3"},"versions":[{"data":{"em_survey_land_dimensions":"23 x 88","em_survey_building_dimensions":"24 x 82.3"},"votes":1,"confidence":0.3333333333333333,"instances":[{"created":"2016-01-04T21:15:48Z","user_id":"568ae6fe32373500039f0700","duration":25.612}]}],"region":{"x":73.09835110452642,"y":718.8851815505398,"width":548.3022407019723,"height":128.61410969359937,"label":"Dimension \u0026 Description","shape":"rectangle"},"task_key":"em_record_survey","instructions":{"mark":"Dimension \u0026 Description","transcribe":"Enter, as they appear, any land and building dimensions that were recorded. In the next screen, you'll enter the descriptive information."}},{"id":"580d6c646164390003653501","status":"awaiting_transcriptions","name":"Stories \u0026 Materials","created_in_workflow":"transcribe","confidence":0.3333333333333333,"data":{"em_record_stories":"3 ","em_record_material":"brick"},"versions":[{"data":{"em_record_stories":"3 ","em_record_material":"brick"},"votes":1,"confidence":0.3333333333333333,"instances":[{"created":"2016-01-04T21:15:53Z","user_id":"568ae6fe32373500039f0700","duration":5.013}]}],"region":{"x":73.09835110452642,"y":718.8851815505398,"width":548.3022407019723,"height":128.61410969359937,"label":"Dimension \u0026 Description","shape":"rectangle"},"task_key":"em_record_survey_stories_materials","instructions":{"mark":"Dimension \u0026 Description","transcribe":"Enter, as they appear, the number of stories and the building materials."}},{"id":"580d6c646164390003663501","status":"awaiting_transcriptions","name":"Additional Info","created_in_workflow":"transcribe","confidence":0.3333333333333333,"data":{"value":""},"versions":[{"data":{"value":""},"votes":1,"confidence":0.3333333333333333,"instances":[{"created":"2016-01-04T21:17:51Z","user_id":"568ae6fe32373500039f0700","duration":117.427}]}],"region":{"x":73.09835110452642,"y":718.8851815505398,"width":548.3022407019723,"height":128.61410969359937,"label":"Dimension \u0026 Description","shape":"rectangle"},"task_key":"em_record_survey_additional_info","instructions":{"mark":"Dimension \u0026 Description","transcribe":"Enter any additional information you find about the building's construction or significance."}},{"id":"580d6c646164390003673501","status":"awaiting_transcriptions","name":"Valuation Date","created_in_workflow":"transcribe","confidence":0.3333333333333333,"data":{"value":""},"versions":[{"data":{"value":""},"votes":1,"confidence":0.3333333333333333,"instances":[{"created":"2015-12-29T00:25:47Z","user_id":"5668b33530333000032d0500","duration":3.787}]}],"region":{"x":821.524656843373,"y":593.4271877463678,"width":177.4163862317165,"height":98.75886924203178,"label":"Valuation","shape":"rectangle"},"task_key":"em_record_valuation","instructions":{"mark":"Valuation","transcribe":"Enter the date of the valuation (if one is given). In the next screen, you'll enter the valuation's dollar amounts."}},{"id":"580d6c646164390003683501","status":"awaiting_transcriptions","name":"Land \u0026 Building Value","created_in_workflow":"transcribe","confidence":0.3333333333333333,"data":{"em_valuation_ground":"$9000","em_valuation_building":"$5000"},"versions":[{"data":{"em_valuation_ground":"$9000","em_valuation_building":"$5000"},"votes":1,"confidence":0.3333333333333333,"instances":[{"created":"2015-12-29T00:25:51Z","user_id":"5668b33530333000032d0500","duration":3.84}]}],"region":{"x":821.524656843373,"y":593.4271877463678,"width":177.4163862317165,"height":98.75886924203178,"label":"Valuation","shape":"rectangle"},"task_key":"em_record_valuation_ground_building","instructions":{"mark":"Valuation","transcribe":"Sometimes valuations include itemized dollar values for \"ground\" and \"building\". Enter these amounts if you can find them. In the next screen, you'll enter the total valuation."}},{"id":"580d6c646164390003693501","status":"awaiting_transcriptions","name":"Total Value","created_in_workflow":"transcribe","confidence":0.3333333333333333,"data":{"value":""},"versions":[{"data":{"value":""},"votes":1,"confidence":0.3333333333333333,"instances":[{"created":"2015-12-29T00:25:52Z","user_id":"5668b33530333000032d0500","duration":0.857}]}],"region":{"x":821.524656843373,"y":593.4271877463678,"width":177.4163862317165,"height":98.75886924203178,"label":"Valuation","shape":"rectangle"},"task_key":"em_record_valuation_total","instructions":{"mark":"Valuation","transcribe":"Enter the valuation ***total*** (if one is given)"}},{"id":"580d6c6461643900036a3501","status":"complete","name":"Record Number","created_in_workflow":"transcribe","confidence":1.0,"data":{"value":"3839"},"versions":[{"data":{"value":"3839"},"votes":3,"confidence":1.0,"instances":[{"created":"2015-12-29T00:16:38Z","user_id":"56748e5e3564620003fd0100","duration":4.502},{"created":"2015-12-29T01:07:49Z","user_id":"568163ed6339300003fa0400","duration":13.756},{"created":"2015-12-29T12:44:50Z","user_id":"564e49d539646600031a0b00","duration":3.117}]}],"region":{"x":737.6233116303445,"y":68.16983894582724,"width":150.32324350667614,"height":69.0438112400045,"label":"Record Number","shape":"rectangle"},"task_key":"em_record_number","instructions":{"mark":"Record Number","transcribe":"Enter the record number"}},{"id":"580d6c6461643900036b3501","status":"complete","name":"Mortgager","created_in_workflow":"transcribe","confidence":1.0,"data":{"value":"Mary Ryan"},"versions":[{"data":{"value":"Mary Ryan"},"votes":3,"confidence":1.0,"instances":[{"created":"2015-12-29T00:17:13Z","user_id":"56748e5e3564620003fd0100","duration":3.342},{"created":"2015-12-29T01:08:55Z","user_id":"568163ed6339300003fa0400","duration":4.073},{"created":"2015-12-29T02:46:03Z","user_id":"563f8b7a3264340003774b00","duration":15.475}]}],"region":{"x":176.5330655182163,"y":631.0079963959906,"width":222.86294822210698,"height":59.43011600405441,"label":"Mortgager Name","shape":"rectangle"},"task_key":"em_record_mortgager","instructions":{"mark":"Mortgager Name","transcribe":"Enter the mortgager's name"}},{"id":"580d6c6461643900036c3501","status":"complete","name":"Street Address","created_in_workflow":"transcribe","confidence":1.0,"data":{"value":"706 Washington St"},"versions":[{"data":{"value":"706 Washington St"},"votes":3,"confidence":1.0,"instances":[{"created":"2015-12-29T00:17:20Z","user_id":"56748e5e3564620003fd0100","duration":7.862},{"created":"2015-12-29T01:09:13Z","user_id":"568163ed6339300003fa0400","duration":17.632},{"created":"2015-12-29T02:46:20Z","user_id":"563f8b7a3264340003774b00","duration":16.061}]}],"region":{"x":198.38237416744246,"y":675.5805833990314,"width":389.79166630219504,"height":57.68217141569998,"label":"Street Address","shape":"rectangle"},"task_key":"em_record_street_address","instructions":{"mark":"Street Address","transcribe":"Enter the street address"}},{"id":"580d6c6461643900036d3501","status":"complete","name":"Record Date","created_in_workflow":"transcribe","confidence":1.0,"data":{"value":"Dec 14/91"},"versions":[{"data":{"value":"Dec 14/91"},"votes":3,"confidence":1.0,"instances":[{"created":"2015-12-28T20:35:00Z","user_id":"568183166562390003120400","duration":10.728},{"created":"2015-12-29T00:17:09Z","user_id":"56748e5e3564620003fd0100","duration":5.614},{"created":"2015-12-29T01:08:51Z","user_id":"568163ed6339300003fa0400","duration":9.983}]}],"region":{"x":228.09743393039008,"y":579.4436310395315,"width":196.6437778430356,"height":69.04381124000452,"label":"Record Date","shape":"rectangle"},"task_key":"em_record_date","instructions":{"mark":"Record Date","transcribe":"Enter the record date"}},{"id":"580d6c6461643900036e3501","status":"awaiting_votes","name":"Amount Loaned","created_in_workflow":"verify","confidence":0.3333333333333333,"data":{"value":"$7000"},"versions":[{"data":{"value":"$7000"},"votes":1,"confidence":0.3333333333333333,"instances":[{"created":"2016-09-16T16:29:01Z","user_id":"57c49a363234370003600200","duration":6.232}]}],"region":{"x":860.8534124119801,"y":681.6983894582723,"width":115.36434966791421,"height":58.55614370987723,"label":"Amount Loaned","shape":"rectangle"},"task_key":"em_transcribed_amount_loaned","instructions":{"mark":"Amount Loaned","transcribe":"Enter the Amount Loaned","verify":"Choose the best transcription or enter your own!"}}]}],"export_document":{"name":"Record","export_fields":[{"name":"Mortgager","value":"Mary Ryan","original_value":{"value":"Mary Ryan"},"assertion_ids":["580d6c6461643900036b3501"]},{"name":"Street Address","value":"706 Washington St","original_value":{"value":"706 Washington St"},"assertion_ids":["580d6c6461643900036c3501"]},{"name":"Record Date","value":"1891-12-14T00:00:00Z","original_value":{"value":"Dec 14/91"},"assertion_ids":["580d6c6461643900036d3501"]},{"name":"Land \u0026 Building Dimensions","value":{"em_survey_land_dimensions":[23,88],"em_survey_building_dimensions":[24,82.25]},"original_value":{"em_survey_land_dimensions":"23 x 88","em_survey_building_dimensions":"24 x 82.3"},"assertion_ids":["580d6c646164390003643501"]},{"name":"Amount Loaned","value":7000.0,"original_value":{"value":"$7000"},"assertion_ids":["580d6c6461643900036e3501"]},{"name":"Stories \u0026 Materials","value":{"em_record_stories":3,"em_record_material":"brick"},"original_value":{"em_record_stories":"3 ","em_record_material":"brick"},"assertion_ids":["580d6c646164390003653501"]},{"name":"Valuation","value":null,"original_value":null,"assertion_ids":null},{"name":"Record Number","value":3839,"original_value":{"value":"3839"},"assertion_ids":["580d6c6461643900036a3501"]},{"name":"Additional Info","value":"","original_value":{"value":""},"assertion_ids":["580d6c646164390003663501"]}]}}