{"id":"56b10aa57061755afb21cf00","meta_data":{"capture_uuid":"14c5e530-02e7-0133-f8d9-58d385a7bbd0","page_uri":"http://digitalcollections.nypl.org/items/14c5e530-02e7-0133-f8d9-58d385a7bbd0","book_uri":"http://digitalcollections.nypl.org/items/109c0900-02e7-0133-03cf-58d385a7bbd0","source_rotated":"0.839234","source_x":"0","source_y":"864.8","source_w":"1370.61","source_h":"975.2"},"type":"final_subject_set","search_terms_by_field":{"Record Number":["4107"],"Mortgager":["Church of Our Lady of Mercy","Church of Our Lady of Mercy"],"Street Address":["Portchester NY"],"Land \u0026 Building Dimensions":["100 x 708"],"Stories \u0026 Materials":["brick \u0026 stone"],"Additional Info":["church bldg"],"Record Date":["Jany 29/94"],"Land \u0026 Building Value":["$15000","$65000","$15000","$65000"],"Valuation Date":["$15000"],"Total Value":[],"Amount Loaned":["$30000"]},"subjects":[{"id":"580db6386164390003b89503","type":"root","location":{"standard":"https://s3.amazonaws.com/scribe.nypl.org/emigrant-s4/full/14c5e530-02e7-0133-f8d9-58d385a7bbd0.left-bottom.jpg","thumbnail":"https://s3.amazonaws.com/scribe.nypl.org/emigrant-s4/thumb/14c5e530-02e7-0133-f8d9-58d385a7bbd0.left-bottom.jpg"},"status":"retired","width":1370,"height":975,"meta_data":{"capture_uuid":"14c5e530-02e7-0133-f8d9-58d385a7bbd0","page_uri":"http://digitalcollections.nypl.org/items/14c5e530-02e7-0133-f8d9-58d385a7bbd0","book_uri":"http://digitalcollections.nypl.org/items/109c0900-02e7-0133-03cf-58d385a7bbd0","source_rotated":"0.839234","source_x":"0","source_y":"864.8","source_w":"1370.61","source_h":"975.2"},"assertions":[{"id":"580db6386164390003b99503","status":"awaiting_transcriptions","name":"Mortgager","created_in_workflow":"transcribe","confidence":0.6666666666666666,"data":{"value":"Church of Our Lady of Mercy"},"versions":[{"data":{"value":"Church of Our Lady of Mercy"},"votes":2,"confidence":0.6666666666666666,"instances":[{"created":"2015-12-30T23:06:35Z","user_id":"56845e493337300003ae0500","duration":7.333},{"created":"2015-12-31T00:00:40Z","user_id":"568454373337300003350500","duration":12.709}]}],"region":{"x":68.27307882398514,"y":621.9219790675546,"width":572.9400940040573,"height":46.01332064700284,"label":"Mortgager Name","shape":"rectangle"},"task_key":"em_record_mortgager","instructions":{"mark":"Mortgager Name","transcribe":"Enter the mortgager's name"}},{"id":"580db6386164390003ba9503","status":"awaiting_transcriptions","name":"Additional Info","created_in_workflow":"transcribe","confidence":0.3333333333333333,"data":{"value":"church bldg"},"versions":[{"data":{"value":"church bldg"},"votes":1,"confidence":0.3333333333333333,"instances":[{"created":"2015-11-15T20:30:44Z","user_id":"564618af6363350003da0c00","duration":6.376}]},{"data":{"value":"Church Bldg."},"votes":1,"confidence":0.3333333333333333,"instances":[{"created":"2016-09-27T16:07:14Z","user_id":"57c49a363234370003600200","duration":7.585}]}],"region":{"x":75.9068694068274,"y":708.0274080722457,"width":495.37170711494963,"height":92.88219478840085,"label":"Dimension \u0026 Description","shape":"rectangle"},"task_key":"em_record_survey_additional_info","instructions":{"mark":"Dimension \u0026 Description","transcribe":"Enter any additional information you find about the building's construction or significance."}},{"id":"580db6386164390003bb9503","status":"awaiting_transcriptions","name":"Land \u0026 Building Dimensions","created_in_workflow":"transcribe","confidence":0.3333333333333333,"data":{"em_survey_land_dimensions":"100 x 708"},"versions":[{"data":{"em_survey_land_dimensions":"100 x 708"},"votes":1,"confidence":0.3333333333333333,"instances":[{"created":"2015-11-15T20:30:24Z","user_id":"564618af6363350003da0c00","duration":18.107}]},{"data":{"em_survey_land_dimensions":"100 x 708","em_survey_building_dimensions":" "},"votes":1,"confidence":0.3333333333333333,"instances":[{"created":"2016-09-27T16:06:53Z","user_id":"57c49a363234370003600200","duration":13.159}]}],"region":{"x":75.9068694068274,"y":708.0274080722457,"width":495.37170711494963,"height":92.88219478840085,"label":"Dimension \u0026 Description","shape":"rectangle"},"task_key":"em_record_survey","instructions":{"mark":"Dimension \u0026 Description","transcribe":"Enter, as they appear, any land and building dimensions that were recorded. In the next screen, you'll enter the descriptive information."}},{"id":"580db6386164390003bc9503","status":"awaiting_transcriptions","name":"Stories \u0026 Materials","created_in_workflow":"transcribe","confidence":0.3333333333333333,"data":{"em_record_material":"brick \u0026 stone"},"versions":[{"data":{"em_record_material":"brick \u0026 stone"},"votes":1,"confidence":0.3333333333333333,"instances":[{"created":"2015-11-15T20:30:38Z","user_id":"564618af6363350003da0c00","duration":13.725}]},{"data":{"em_record_stories":" ","em_record_material":"B \u0026 Stone"},"votes":1,"confidence":0.3333333333333333,"instances":[{"created":"2016-09-27T16:07:06Z","user_id":"57c49a363234370003600200","duration":13.917}]}],"region":{"x":75.9068694068274,"y":708.0274080722457,"width":495.37170711494963,"height":92.88219478840085,"label":"Dimension \u0026 Description","shape":"rectangle"},"task_key":"em_record_survey_stories_materials","instructions":{"mark":"Dimension \u0026 Description","transcribe":"Enter, as they appear, the number of stories and the building materials."}},{"id":"580db6386164390003bd9503","status":"awaiting_transcriptions","name":"Land \u0026 Building Value","created_in_workflow":"transcribe","confidence":0.3333333333333333,"data":{"em_valuation_ground":"$15000","em_valuation_building":"$65000"},"versions":[{"data":{"em_valuation_ground":"$15000","em_valuation_building":"$65000"},"votes":1,"confidence":0.3333333333333333,"instances":[{"created":"2015-12-30T23:06:08Z","user_id":"56845e493337300003ae0500","duration":9.741}]},{"data":{"em_valuation_ground":"$15000.","em_valuation_building":"65000."},"votes":1,"confidence":0.3333333333333333,"instances":[{"created":"2015-12-31T00:00:26Z","user_id":"568454373337300003350500","duration":27.414}]}],"region":{"x":684.2578949164301,"y":556.6127497621312,"width":320.60896452040515,"height":114.29115128449098,"label":"Valuation","shape":"rectangle"},"task_key":"em_record_valuation_ground_building","instructions":{"mark":"Valuation","transcribe":"Sometimes valuations include itemized dollar values for \"ground\" and \"building\". Enter these amounts if you can find them. In the next screen, you'll enter the total valuation."}},{"id":"580db6386164390003be9503","status":"awaiting_transcriptions","name":"Valuation Date","created_in_workflow":"transcribe","confidence":0.3333333333333333,"data":{"value":""},"versions":[{"data":{"value":""},"votes":1,"confidence":0.3333333333333333,"instances":[{"created":"2015-12-30T23:59:59Z","user_id":"568454373337300003350500","duration":11.542}]}],"region":{"x":684.2578949164301,"y":556.6127497621312,"width":320.60896452040515,"height":114.29115128449098,"label":"Valuation","shape":"rectangle"},"task_key":"em_record_valuation","instructions":{"mark":"Valuation","transcribe":"Enter the date of the valuation (if one is given). In the next screen, you'll enter the valuation's dollar amounts."}},{"id":"580db6386164390003bf9503","status":"awaiting_transcriptions","name":"Total Value","created_in_workflow":"transcribe","confidence":0.3333333333333333,"data":{"value":""},"versions":[{"data":{"value":""},"votes":1,"confidence":0.3333333333333333,"instances":[{"created":"2015-12-31T00:00:27Z","user_id":"568454373337300003350500","duration":0.746}]}],"region":{"x":684.2578949164301,"y":556.6127497621312,"width":320.60896452040515,"height":114.29115128449098,"label":"Valuation","shape":"rectangle"},"task_key":"em_record_valuation_total","instructions":{"mark":"Valuation","transcribe":"Enter the valuation ***total*** (if one is given)"}},{"id":"580db6386164390003c09503","status":"awaiting_transcriptions","name":"Valuation Date","created_in_workflow":"transcribe","confidence":0.3333333333333333,"data":{"value":"$15000"},"versions":[{"data":{"value":"$15000"},"votes":1,"confidence":0.3333333333333333,"instances":[{"created":"2015-12-30T23:03:35Z","user_id":"56845e493337300003ae0500","duration":6.345}]}],"region":{"x":702.5,"y":570.0,"width":290.0,"height":106.25,"label":"Valuation","shape":"rectangle"},"task_key":"em_record_valuation","instructions":{"mark":"Valuation","transcribe":"Enter the date of the valuation (if one is given). In the next screen, you'll enter the valuation's dollar amounts."}},{"id":"580db6386164390003c19503","status":"awaiting_transcriptions","name":"Land \u0026 Building Value","created_in_workflow":"transcribe","confidence":0.3333333333333333,"data":{"em_valuation_ground":"$15000","em_valuation_building":"$65000"},"versions":[{"data":{"em_valuation_ground":"$15000","em_valuation_building":"$65000"},"votes":1,"confidence":0.3333333333333333,"instances":[{"created":"2015-12-30T23:03:51Z","user_id":"56845e493337300003ae0500","duration":15.508}]},{"data":{"em_valuation_ground":"$ 15000.","em_valuation_building":"65000."},"votes":1,"confidence":0.3333333333333333,"instances":[{"created":"2016-01-18T23:45:44Z","user_id":"569d6d333938660003fe0100","duration":11.815}]}],"region":{"x":702.5,"y":570.0,"width":290.0,"height":106.25,"label":"Valuation","shape":"rectangle"},"task_key":"em_record_valuation_ground_building","instructions":{"mark":"Valuation","transcribe":"Sometimes valuations include itemized dollar values for \"ground\" and \"building\". Enter these amounts if you can find them. In the next screen, you'll enter the total valuation."}},{"id":"580db6386164390003c29503","status":"complete","name":"Record Number","created_in_workflow":"transcribe","confidence":1.0,"data":{"value":"4107"},"versions":[{"data":{"value":"4107"},"votes":3,"confidence":1.0,"instances":[{"created":"2015-12-30T23:02:11Z","user_id":"56845e493337300003ae0500","duration":2.671},{"created":"2016-01-18T23:42:58Z","user_id":"569d6d333938660003fe0100","duration":6.837},{"created":"2016-01-19T00:43:34Z","user_id":"569d58f739386600037a0100","duration":2.701}]}],"region":{"x":743.75,"y":52.5,"width":111.25,"height":73.75,"label":"Record Number","shape":"rectangle"},"task_key":"em_record_number","instructions":{"mark":"Record Number","transcribe":"Enter the record number"}},{"id":"580db6386164390003c39503","status":"complete","name":"Mortgager","created_in_workflow":"transcribe","confidence":1.0,"data":{"value":"Church of Our Lady of Mercy"},"versions":[{"data":{"value":"Church of Our Lady of Mercy"},"votes":3,"confidence":1.0,"instances":[{"created":"2015-11-15T20:51:25Z","user_id":"563f8b7a3264340003774b00","duration":31.166},{"created":"2015-11-15T21:24:34Z","user_id":"563bfc7535326200037f3900","duration":8.358},{"created":"2015-11-16T01:42:01Z","user_id":"564930f131643900035f0000","duration":15.973}]}],"region":{"x":80.55097916103006,"y":627.5295059222982,"width":552.6490607501156,"height":38.70091449516704,"label":"Mortgager Name","shape":"rectangle"},"task_key":"em_record_mortgager","instructions":{"mark":"Mortgager Name","transcribe":"Enter the mortgager's name"}},{"id":"580db6386164390003c49503","status":"complete","name":"Street Address","created_in_workflow":"verify","confidence":1.0,"data":{"value":"Portchester NY"},"versions":[{"data":{"value":"Portchester NY"},"votes":3,"confidence":1.0,"instances":[{"created":"2016-04-23T18:42:30Z","user_id":"563f8b7a3264340003774b00","duration":12.904},{"created":"2016-05-02T01:10:51Z","user_id":"57266ce136343900030b0200","duration":39.588},{"created":"2016-05-02T04:34:08Z","user_id":"5726c63c3634390003c10200","duration":4.305}]}],"region":{"x":80.55097916103006,"y":672.4225667366919,"width":421.0659510477072,"height":46.44109739420037,"label":"Street Address","shape":"rectangle"},"task_key":"em_transcribed_address","instructions":{"mark":"Street Address","transcribe":"Enter the street address","verify":"Choose the best transcription or enter your own!"}},{"id":"580db6386164390003c59503","status":"complete","name":"Record Date","created_in_workflow":"verify","confidence":1.0,"data":{"value":"Jany 29/94"},"versions":[{"data":{"value":"Jany 29/94"},"votes":3,"confidence":1.0,"instances":[{"created":"2015-12-27T23:26:41Z","user_id":"56748e5e3564620003fd0100","duration":3.925},{"created":"2016-01-17T17:49:15Z","user_id":"56980a2d3337650003270200","duration":11.318},{"created":"2016-09-20T23:53:19Z","user_id":"57c49a363234370003600200","duration":8.119}]}],"region":{"x":79.00294257629584,"y":585.7325182675177,"width":436.54631689504936,"height":46.44109739420048,"label":"Record Date","shape":"rectangle"},"task_key":"em_transcribed_date","instructions":{"mark":"Record Date","transcribe":"Enter the record date","verify":"Choose the best transcription or enter your own!"}},{"id":"580db6386164390003c69503","status":"awaiting_votes","name":"Amount Loaned","created_in_workflow":"verify","confidence":0.5,"data":{"value":"$30000"},"versions":[{"data":{"value":"$30000"},"votes":2,"confidence":0.5,"instances":[{"created":"2016-04-23T18:42:13Z","user_id":"563f8b7a3264340003774b00","duration":6.14},{"created":"2016-05-02T17:51:06Z","user_id":"5712af436365650003140000","duration":2.483}]},{"data":{"value":"$30000."},"votes":2,"confidence":0.5,"instances":[{"created":"2016-05-02T04:34:04Z","user_id":"5726c63c3634390003c10200","duration":50.018},{"created":"2016-09-26T19:57:00Z","user_id":"57c49a363234370003600200","duration":4.824}]}],"region":{"x":685.8332837921091,"y":666.2304204174652,"width":315.7994632857805,"height":47.98913397400704,"label":"Amount Loaned","shape":"rectangle"},"task_key":"em_transcribed_amount_loaned","instructions":{"mark":"Amount Loaned","transcribe":"Enter the Amount Loaned","verify":"Choose the best transcription or enter your own!"}}]}],"export_document":{"name":"Record","export_fields":[{"name":"Mortgager","value":"Church of Our Lady of Mercy","original_value":{"value":"Church of Our Lady of Mercy"},"assertion_ids":["580db6386164390003c39503"]},{"name":"Street Address","value":"Portchester NY","original_value":{"value":"Portchester NY"},"assertion_ids":["580db6386164390003c49503"]},{"name":"Record Date","value":"1894-01-29T00:00:00Z","original_value":{"value":"Jany 29/94"},"assertion_ids":["580db6386164390003c59503"]},{"name":"Land \u0026 Building Dimensions","value":{"em_survey_land_dimensions":[100,708]},"original_value":{"em_survey_land_dimensions":"100 x 708"},"assertion_ids":["580db6386164390003bb9503"]},{"name":"Amount Loaned","value":30000.0,"original_value":{"value":"$30000"},"assertion_ids":["580db6386164390003c69503"]},{"name":"Stories \u0026 Materials","value":{"em_record_material":"brick \u0026 stone"},"original_value":{"em_record_material":"brick \u0026 stone"},"assertion_ids":["580db6386164390003bc9503"]},{"name":"Valuation","value":null,"original_value":null,"assertion_ids":null},{"name":"Record Number","value":4107,"original_value":{"value":"4107"},"assertion_ids":["580db6386164390003c29503"]},{"name":"Additional Info","value":"church bldg","original_value":{"value":"church bldg"},"assertion_ids":["580db6386164390003ba9503"]}]}}