{"id":"56b10af87061755afb79d500","meta_data":{"capture_uuid":"15d3f5e0-02e7-0133-93f9-58d385a7bbd0","page_uri":"http://digitalcollections.nypl.org/items/15d3f5e0-02e7-0133-93f9-58d385a7bbd0","book_uri":"http://digitalcollections.nypl.org/items/109c0900-02e7-0133-03cf-58d385a7bbd0","source_rotated":"0.811263","source_x":"0","source_y":"870.91","source_w":"1370.61","source_h":"982.09"},"type":"final_subject_set","search_terms_by_field":{"Record Number":["4219"],"Mortgager":["James E. Dougherty"],"Street Address":["331 West 21 St"],"Land \u0026 Building Dimensions":["25 x 98.9","25 x 86?"],"Additional Info":[],"Stories \u0026 Materials":["5","Br"],"Record Date":["Nov 26/94"],"Valuation Date":[],"Land \u0026 Building Value":["$15000","$20000"],"Total Value":[],"Amount Loaned":["$17,500"]},"subjects":[{"id":"580d6ddd6164390003634401","type":"root","location":{"standard":"https://s3.amazonaws.com/scribe.nypl.org/emigrant-s4/full/15d3f5e0-02e7-0133-93f9-58d385a7bbd0.left-bottom.jpg","thumbnail":"https://s3.amazonaws.com/scribe.nypl.org/emigrant-s4/thumb/15d3f5e0-02e7-0133-93f9-58d385a7bbd0.left-bottom.jpg"},"status":"retired","width":1370,"height":982,"meta_data":{"capture_uuid":"15d3f5e0-02e7-0133-93f9-58d385a7bbd0","page_uri":"http://digitalcollections.nypl.org/items/15d3f5e0-02e7-0133-93f9-58d385a7bbd0","book_uri":"http://digitalcollections.nypl.org/items/109c0900-02e7-0133-03cf-58d385a7bbd0","source_rotated":"0.811263","source_x":"0","source_y":"870.91","source_w":"1370.61","source_h":"982.09"},"assertions":[{"id":"580d6ddd6164390003644401","status":"awaiting_transcriptions","name":"Land \u0026 Building Dimensions","created_in_workflow":"transcribe","confidence":0.3333333333333333,"data":{"em_survey_land_dimensions":"25 x 98.9","em_survey_building_dimensions":"25 x 86?"},"versions":[{"data":{"em_survey_land_dimensions":"25 x 98.9","em_survey_building_dimensions":"25 x 86?"},"votes":1,"confidence":0.3333333333333333,"instances":[{"created":"2015-12-19T03:54:45Z","user_id":"56748e5e3564620003fd0100","duration":31.902}]}],"region":{"x":63.81133131071044,"y":711.4816687190788,"width":563.482645689944,"height":88.25631386782459,"label":"Dimension \u0026 Description","shape":"rectangle"},"task_key":"em_record_survey","instructions":{"mark":"Dimension \u0026 Description","transcribe":"Enter, as they appear, any land and building dimensions that were recorded. In the next screen, you'll enter the descriptive information."}},{"id":"580d6ddd6164390003654401","status":"awaiting_transcriptions","name":"Stories \u0026 Materials","created_in_workflow":"transcribe","confidence":0.3333333333333333,"data":{"em_record_stories":"5","em_record_material":"Br"},"versions":[{"data":{"em_record_stories":"5","em_record_material":"Br"},"votes":1,"confidence":0.3333333333333333,"instances":[{"created":"2015-12-19T03:54:51Z","user_id":"56748e5e3564620003fd0100","duration":5.254}]}],"region":{"x":63.81133131071044,"y":711.4816687190788,"width":563.482645689944,"height":88.25631386782459,"label":"Dimension \u0026 Description","shape":"rectangle"},"task_key":"em_record_survey_stories_materials","instructions":{"mark":"Dimension \u0026 Description","transcribe":"Enter, as they appear, the number of stories and the building materials."}},{"id":"580d6ddd6164390003664401","status":"awaiting_transcriptions","name":"Additional Info","created_in_workflow":"transcribe","confidence":0.3333333333333333,"data":{"value":""},"versions":[{"data":{"value":""},"votes":1,"confidence":0.3333333333333333,"instances":[{"created":"2015-12-19T03:54:51Z","user_id":"56748e5e3564620003fd0100","duration":0.911}]}],"region":{"x":63.81133131071044,"y":711.4816687190788,"width":563.482645689944,"height":88.25631386782459,"label":"Dimension \u0026 Description","shape":"rectangle"},"task_key":"em_record_survey_additional_info","instructions":{"mark":"Dimension \u0026 Description","transcribe":"Enter any additional information you find about the building's construction or significance."}},{"id":"580d6ddd6164390003674401","status":"awaiting_transcriptions","name":"Valuation Date","created_in_workflow":"transcribe","confidence":0.3333333333333333,"data":{"value":""},"versions":[{"data":{"value":""},"votes":1,"confidence":0.3333333333333333,"instances":[{"created":"2015-12-19T03:53:21Z","user_id":"56748e5e3564620003fd0100","duration":1.493}]}],"region":{"x":703.3301894311047,"y":581.1338820835224,"width":283.77800710650195,"height":89.61410331194497,"label":"Valuation","shape":"rectangle"},"task_key":"em_record_valuation","instructions":{"mark":"Valuation","transcribe":"Enter the date of the valuation (if one is given). In the next screen, you'll enter the valuation's dollar amounts."}},{"id":"580d6ddd6164390003684401","status":"awaiting_transcriptions","name":"Land \u0026 Building Value","created_in_workflow":"transcribe","confidence":0.3333333333333333,"data":{"em_valuation_ground":"$15000","em_valuation_building":"$20000"},"versions":[{"data":{"em_valuation_ground":"$15000","em_valuation_building":"$20000"},"votes":1,"confidence":0.3333333333333333,"instances":[{"created":"2015-12-19T03:53:34Z","user_id":"56748e5e3564620003fd0100","duration":12.43}]}],"region":{"x":703.3301894311047,"y":581.1338820835224,"width":283.77800710650195,"height":89.61410331194497,"label":"Valuation","shape":"rectangle"},"task_key":"em_record_valuation_ground_building","instructions":{"mark":"Valuation","transcribe":"Sometimes valuations include itemized dollar values for \"ground\" and \"building\". Enter these amounts if you can find them. In the next screen, you'll enter the total valuation."}},{"id":"580d6ddd6164390003694401","status":"awaiting_transcriptions","name":"Total Value","created_in_workflow":"transcribe","confidence":0.3333333333333333,"data":{"value":""},"versions":[{"data":{"value":""},"votes":1,"confidence":0.3333333333333333,"instances":[{"created":"2015-12-19T03:53:37Z","user_id":"56748e5e3564620003fd0100","duration":2.744}]}],"region":{"x":703.3301894311047,"y":581.1338820835224,"width":283.77800710650195,"height":89.61410331194497,"label":"Valuation","shape":"rectangle"},"task_key":"em_record_valuation_total","instructions":{"mark":"Valuation","transcribe":"Enter the valuation ***total*** (if one is given)"}},{"id":"580d6ddd61643900036a4401","status":"complete","name":"Record Number","created_in_workflow":"transcribe","confidence":1.0,"data":{"value":"4219"},"versions":[{"data":{"value":"4219"},"votes":3,"confidence":1.0,"instances":[{"created":"2015-12-19T03:52:22Z","user_id":"56748e5e3564620003fd0100","duration":4.967},{"created":"2015-12-19T15:11:36Z","user_id":"56756d936139330003e50200","duration":5.164},{"created":"2015-12-19T17:26:32Z","user_id":"566b5a5638323400034b0900","duration":4.613}]}],"region":{"x":327.22249580191317,"y":54.311577764815176,"width":547.1891715977047,"height":66.5316827618986,"label":"Record Number","shape":"rectangle"},"task_key":"em_record_number","instructions":{"mark":"Record Number","transcribe":"Enter the record number"}},{"id":"580d6ddd61643900036b4401","status":"complete","name":"Mortgager","created_in_workflow":"transcribe","confidence":1.0,"data":{"value":"James E. Dougherty"},"versions":[{"data":{"value":"James E. Dougherty"},"votes":3,"confidence":1.0,"instances":[{"created":"2015-12-19T03:53:55Z","user_id":"56748e5e3564620003fd0100","duration":17.974},{"created":"2015-12-19T15:14:09Z","user_id":"56756d936139330003e50200","duration":12.219},{"created":"2015-12-19T17:32:53Z","user_id":"566b5a5638323400034b0900","duration":153.502}]}],"region":{"x":78.74701589526317,"y":621.8675654071337,"width":453.5016955673284,"height":54.31157776481518,"label":"Mortgager Name","shape":"rectangle"},"task_key":"em_record_mortgager","instructions":{"mark":"Mortgager Name","transcribe":"Enter the mortgager's name"}},{"id":"580d6ddd61643900036c4401","status":"awaiting_votes","name":"Street Address","created_in_workflow":"verify","confidence":0.3333333333333333,"data":{"value":"331 West 21 St"},"versions":[{"data":{"value":"331 West 21 St"},"votes":1,"confidence":0.3333333333333333,"instances":[{"created":"2016-09-14T16:36:36Z","user_id":"57c49a363234370003600200","duration":4.885}]}],"region":{"x":76.03143687988995,"y":662.6012487307452,"width":423.63032639822296,"height":50.23820943245403,"label":"Street Address","shape":"rectangle"},"task_key":"em_transcribed_address","instructions":{"mark":"Street Address","transcribe":"Enter the street address","verify":"Choose the best transcription or enter your own!"}},{"id":"580d6ddd61643900036d4401","status":"complete","name":"Record Date","created_in_workflow":"transcribe","confidence":1.0,"data":{"value":"Nov 26/94"},"versions":[{"data":{"value":"Nov 26/94"},"votes":3,"confidence":1.0,"instances":[{"created":"2015-12-19T03:53:20Z","user_id":"56748e5e3564620003fd0100","duration":8.199},{"created":"2015-12-19T15:13:57Z","user_id":"56756d936139330003e50200","duration":13.763},{"created":"2015-12-19T17:29:30Z","user_id":"566b5a5638323400034b0900","duration":42.288}]}],"region":{"x":78.74701589526317,"y":578.4183031952816,"width":365.24537756769865,"height":57.027156653055954,"label":"Record Date","shape":"rectangle"},"task_key":"em_record_date","instructions":{"mark":"Record Date","transcribe":"Enter the record date"}},{"id":"580d6ddd61643900036e4401","status":"awaiting_votes","name":"Amount Loaned","created_in_workflow":"verify","confidence":0.3333333333333333,"data":{"value":"$17,500"},"versions":[{"data":{"value":"$17,500"},"votes":1,"confidence":0.3333333333333333,"instances":[{"created":"2016-09-14T16:36:56Z","user_id":"57c49a363234370003600200","duration":4.056}]}],"region":{"x":700.6146104157315,"y":670.7479853954674,"width":285.1357966141886,"height":48.88041998833364,"label":"Amount Loaned","shape":"rectangle"},"task_key":"em_transcribed_amount_loaned","instructions":{"mark":"Amount Loaned","transcribe":"Enter the Amount Loaned","verify":"Choose the best transcription or enter your own!"}}]}],"export_document":{"name":"Record","export_fields":[{"name":"Mortgager","value":"James E. Dougherty","original_value":{"value":"James E. Dougherty"},"assertion_ids":["580d6ddd61643900036b4401"]},{"name":"Street Address","value":"331 West 21 St","original_value":{"value":"331 West 21 St"},"assertion_ids":["580d6ddd61643900036c4401"]},{"name":"Record Date","value":"1894-11-26T00:00:00Z","original_value":{"value":"Nov 26/94"},"assertion_ids":["580d6ddd61643900036d4401"]},{"name":"Land \u0026 Building Dimensions","value":{"em_survey_land_dimensions":[25,98.75],"em_survey_building_dimensions":[25,86]},"original_value":{"em_survey_land_dimensions":"25 x 98.9","em_survey_building_dimensions":"25 x 86?"},"assertion_ids":["580d6ddd6164390003644401"]},{"name":"Amount Loaned","value":17500.0,"original_value":{"value":"$17,500"},"assertion_ids":["580d6ddd61643900036e4401"]},{"name":"Stories \u0026 Materials","value":{"em_record_stories":5,"em_record_material":"Br"},"original_value":{"em_record_stories":"5","em_record_material":"Br"},"assertion_ids":["580d6ddd6164390003654401"]},{"name":"Valuation","value":null,"original_value":null,"assertion_ids":null},{"name":"Record Number","value":4219,"original_value":{"value":"4219"},"assertion_ids":["580d6ddd61643900036a4401"]},{"name":"Additional Info","value":"","original_value":{"value":""},"assertion_ids":["580d6ddd6164390003664401"]}]}}