{"id":"56b10a4e7061755afb81c800","meta_data":{"capture_uuid":"1357a460-02e7-0133-085b-58d385a7bbd0","page_uri":"http://digitalcollections.nypl.org/items/1357a460-02e7-0133-085b-58d385a7bbd0","book_uri":"http://digitalcollections.nypl.org/items/109c0900-02e7-0133-03cf-58d385a7bbd0","source_rotated":"0.615458","source_x":"1212.57","source_y":"862.4499999999999","source_w":"1367.43","source_h":"972.5500000000001"},"type":"final_subject_set","search_terms_by_field":{"Street Address":["Newtown, Queens Co., L.I."],"Land \u0026 Building Dimensions":["50 x 125","50 x 100"],"Stories \u0026 Materials":[],"Additional Info":["Church \u0026 Rectory"],"Record Date":["November 21, 1892"],"Land \u0026 Building Value":[],"Total Value":["$16,000"],"Record Number":["3981"],"Mortgager":["Charles E. McDonnell"],"Amount Loaned":["$8000."]},"subjects":[{"id":"580daa306164390003212f03","type":"root","location":{"standard":"https://s3.amazonaws.com/scribe.nypl.org/emigrant-s4/full/1357a460-02e7-0133-085b-58d385a7bbd0.right-bottom.jpg","thumbnail":"https://s3.amazonaws.com/scribe.nypl.org/emigrant-s4/thumb/1357a460-02e7-0133-085b-58d385a7bbd0.right-bottom.jpg"},"status":"retired","width":1367,"height":972,"meta_data":{"capture_uuid":"1357a460-02e7-0133-085b-58d385a7bbd0","page_uri":"http://digitalcollections.nypl.org/items/1357a460-02e7-0133-085b-58d385a7bbd0","book_uri":"http://digitalcollections.nypl.org/items/109c0900-02e7-0133-03cf-58d385a7bbd0","source_rotated":"0.615458","source_x":"1212.57","source_y":"862.4499999999999","source_w":"1367.43","source_h":"972.5500000000001"},"assertions":[{"id":"580daa306164390003222f03","status":"awaiting_transcriptions","name":"Street Address","created_in_workflow":"transcribe","confidence":0.3333333333333333,"data":{"value":"Newtown, Queens Co., L.I."},"versions":[{"data":{"value":"Newtown, Queens Co., L.I."},"votes":1,"confidence":0.3333333333333333,"instances":[{"created":"2016-01-10T14:55:47Z","user_id":"56926f126539610003160400","duration":45.936}]}],"region":{"x":148.68044252868896,"y":678.688681719747,"width":571.1078174778465,"height":34.9839526659664,"label":"Street Address","shape":"rectangle"},"task_key":"em_record_street_address","instructions":{"mark":"Street Address","transcribe":"Enter the street address"}},{"id":"580daa306164390003232f03","status":"awaiting_transcriptions","name":"Land \u0026 Building Dimensions","created_in_workflow":"transcribe","confidence":0.3333333333333333,"data":{"em_survey_land_dimensions":"50 x 125","em_survey_building_dimensions":"50 x 100"},"versions":[{"data":{"em_survey_land_dimensions":"50 x 125","em_survey_building_dimensions":"50 x 100"},"votes":1,"confidence":0.3333333333333333,"instances":[{"created":"2016-01-10T04:57:13Z","user_id":"5691e2336539610003300300","duration":12.868}]}],"region":{"x":146.0566700134768,"y":723.2932213688541,"width":465.282326030956,"height":75.21549823182761,"label":"Dimension \u0026 Description","shape":"rectangle"},"task_key":"em_record_survey","instructions":{"mark":"Dimension \u0026 Description","transcribe":"Enter, as they appear, any land and building dimensions that were recorded. In the next screen, you'll enter the descriptive information."}},{"id":"580daa306164390003242f03","status":"awaiting_transcriptions","name":"Stories \u0026 Materials","created_in_workflow":"transcribe","confidence":0.3333333333333333,"data":{"em_record_stories":"","em_record_material":""},"versions":[{"data":{"em_record_stories":"","em_record_material":""},"votes":1,"confidence":0.3333333333333333,"instances":[{"created":"2016-01-10T04:57:33Z","user_id":"5691e2336539610003300300","duration":19.851}]}],"region":{"x":146.0566700134768,"y":723.2932213688541,"width":465.282326030956,"height":75.21549823182761,"label":"Dimension \u0026 Description","shape":"rectangle"},"task_key":"em_record_survey_stories_materials","instructions":{"mark":"Dimension \u0026 Description","transcribe":"Enter, as they appear, the number of stories and the building materials."}},{"id":"580daa306164390003252f03","status":"awaiting_transcriptions","name":"Additional Info","created_in_workflow":"transcribe","confidence":0.3333333333333333,"data":{"value":"Church \u0026 Rectory"},"versions":[{"data":{"value":"Church \u0026 Rectory"},"votes":1,"confidence":0.3333333333333333,"instances":[{"created":"2016-01-10T04:57:38Z","user_id":"5691e2336539610003300300","duration":5.155}]}],"region":{"x":146.0566700134768,"y":723.2932213688541,"width":465.282326030956,"height":75.21549823182761,"label":"Dimension \u0026 Description","shape":"rectangle"},"task_key":"em_record_survey_additional_info","instructions":{"mark":"Dimension \u0026 Description","transcribe":"Enter any additional information you find about the building's construction or significance."}},{"id":"580daa306164390003262f03","status":"awaiting_transcriptions","name":"Record Date","created_in_workflow":"transcribe","confidence":0.3333333333333333,"data":{"value":"November 21, 1892"},"versions":[{"data":{"value":"November 21, 1892"},"votes":1,"confidence":0.3333333333333333,"instances":[{"created":"2016-01-10T14:54:26Z","user_id":"56926f126539610003160400","duration":6.683}]},{"data":{"value":"Nov 21 1892"},"votes":1,"confidence":0.3333333333333333,"instances":[{"created":"2016-01-10T19:47:47Z","user_id":"5692b3fc3931660003b70200","duration":11.663}]}],"region":{"x":147.8058516902849,"y":598.2255905880245,"width":397.938831473844,"height":31.485557399369668,"label":"Record Date","shape":"rectangle"},"task_key":"em_record_date","instructions":{"mark":"Record Date","transcribe":"Enter the record date"}},{"id":"580daa306164390003272f03","status":"awaiting_transcriptions","name":"Land \u0026 Building Value","created_in_workflow":"transcribe","confidence":0.3333333333333333,"data":{"em_valuation_ground":""},"versions":[{"data":{"em_valuation_ground":""},"votes":1,"confidence":0.3333333333333333,"instances":[{"created":"2016-01-10T04:56:20Z","user_id":"5691e2336539610003300300","duration":9.43}]}],"region":{"x":771.3891194723745,"y":600.849387037972,"width":323.5986102094995,"height":58.598120715493565,"label":"Valuation","shape":"rectangle"},"task_key":"em_record_valuation_ground_building","instructions":{"mark":"Valuation","transcribe":"Sometimes valuations include itemized dollar values for \"ground\" and \"building\". Enter these amounts if you can find them. In the next screen, you'll enter the total valuation."}},{"id":"580daa306164390003282f03","status":"awaiting_transcriptions","name":"Total Value","created_in_workflow":"transcribe","confidence":0.3333333333333333,"data":{"value":"$16,000"},"versions":[{"data":{"value":"$16,000"},"votes":1,"confidence":0.3333333333333333,"instances":[{"created":"2016-01-10T04:56:24Z","user_id":"5691e2336539610003300300","duration":3.476}]}],"region":{"x":771.3891194723745,"y":600.849387037972,"width":323.5986102094995,"height":58.598120715493565,"label":"Valuation","shape":"rectangle"},"task_key":"em_record_valuation_total","instructions":{"mark":"Valuation","transcribe":"Enter the valuation ***total*** (if one is given)"}},{"id":"580daa306164390003292f03","status":"complete","name":"Record Number","created_in_workflow":"transcribe","confidence":1.0,"data":{"value":"3981"},"versions":[{"data":{"value":"3981"},"votes":3,"confidence":1.0,"instances":[{"created":"2016-01-10T04:55:37Z","user_id":"5691e2336539610003300300","duration":2.77},{"created":"2016-01-10T14:54:03Z","user_id":"56926f126539610003160400","duration":3.583},{"created":"2016-01-10T19:46:49Z","user_id":"5692b3fc3931660003b70200","duration":5.75}]}],"region":{"x":786.2571637252433,"y":66.46951006533605,"width":175.79275851921466,"height":59.472719532142776,"label":"Record Number","shape":"rectangle"},"task_key":"em_record_number","instructions":{"mark":"Record Number","transcribe":"Enter the record number"}},{"id":"580daa3061643900032a2f03","status":"awaiting_votes","name":"Mortgager","created_in_workflow":"transcribe","confidence":0.5,"data":{"value":"Charles E. McDonnell"},"versions":[{"data":{"value":"Charles E. McDonnell"},"votes":2,"confidence":0.5,"instances":[{"created":"2016-01-10T04:56:31Z","user_id":"5691e2336539610003300300","duration":7.677},{"created":"2016-01-10T14:54:32Z","user_id":"56926f126539610003160400","duration":6.11}]},{"data":{"value":"Car. McDonnell"},"votes":1,"confidence":0.25,"instances":[{"created":"2016-01-10T19:47:57Z","user_id":"5692b3fc3931660003b70200","duration":10.382}]},{"data":{"value":"Chas. E. McDonnell"},"votes":1,"confidence":0.25,"instances":[{"created":"2016-09-20T01:40:07Z","user_id":"57c49a363234370003600200","duration":43.962}]}],"region":{"x":148.68044252868896,"y":634.0841420706399,"width":394.44046812022776,"height":36.73315029926471,"label":"Mortgager Name","shape":"rectangle"},"task_key":"em_record_mortgager","instructions":{"mark":"Mortgager Name","transcribe":"Enter the mortgager's name"}},{"id":"580daa3061643900032b2f03","status":"awaiting_votes","name":"Amount Loaned","created_in_workflow":"verify","confidence":0.3333333333333333,"data":{"value":"$8000."},"versions":[{"data":{"value":"$8000."},"votes":1,"confidence":0.3333333333333333,"instances":[{"created":"2016-09-20T01:48:36Z","user_id":"57c49a363234370003600200","duration":3.658}]}],"region":{"x":777.5112553412029,"y":683.936274619642,"width":296.48629421897397,"height":27.112563316123897,"label":"Amount Loaned","shape":"rectangle"},"task_key":"em_transcribed_amount_loaned","instructions":{"mark":"Amount Loaned","transcribe":"Enter the Amount Loaned","verify":"Choose the best transcription or enter your own!"}}]}],"export_document":{"name":"Record","export_fields":[{"name":"Mortgager","value":"Charles E. McDonnell","original_value":{"value":"Charles E. McDonnell"},"assertion_ids":["580daa3061643900032a2f03"]},{"name":"Street Address","value":"Newtown, Queens Co., L.I.","original_value":{"value":"Newtown, Queens Co., L.I."},"assertion_ids":["580daa306164390003222f03"]},{"name":"Record Date","value":"1892-11-21T00:00:00Z","original_value":{"value":"November 21, 1892"},"assertion_ids":["580daa306164390003262f03"]},{"name":"Land \u0026 Building Dimensions","value":{"em_survey_land_dimensions":[50,125],"em_survey_building_dimensions":[50,100]},"original_value":{"em_survey_land_dimensions":"50 x 125","em_survey_building_dimensions":"50 x 100"},"assertion_ids":["580daa306164390003232f03"]},{"name":"Amount Loaned","value":8000.0,"original_value":{"value":"$8000."},"assertion_ids":["580daa3061643900032b2f03"]},{"name":"Stories \u0026 Materials","value":{"em_record_stories":null,"em_record_material":""},"original_value":{"em_record_stories":"","em_record_material":""},"assertion_ids":["580daa306164390003242f03"]},{"name":"Valuation","value":null,"original_value":null,"assertion_ids":null},{"name":"Record Number","value":3981,"original_value":{"value":"3981"},"assertion_ids":["580daa306164390003292f03"]},{"name":"Additional Info","value":"Church \u0026 Rectory","original_value":{"value":"Church \u0026 Rectory"},"assertion_ids":["580daa306164390003252f03"]}]}}