{"id":"56b10aa37061755afb06cf00","meta_data":{"capture_uuid":"14bc23c0-02e7-0133-8a83-58d385a7bbd0","page_uri":"http://digitalcollections.nypl.org/items/14bc23c0-02e7-0133-8a83-58d385a7bbd0","book_uri":"http://digitalcollections.nypl.org/items/109c0900-02e7-0133-03cf-58d385a7bbd0","source_rotated":"0.951112","source_x":"1218.24","source_y":"868.0899999999999","source_w":"1373.76","source_h":"978.9100000000001"},"type":"final_subject_set","search_terms_by_field":{"Land \u0026 Building Dimensions":["17x97.4","17x35","17 x 97.4","17 x 35"],"Stories \u0026 Materials":["3","br.","3","br"],"Additional Info":[],"Record Date":["Feby 17/94","Feby 12/94"],"Valuation Date":[],"Land \u0026 Building Value":["$2000","1500"],"Total Value":[],"Record Number":["4105"],"Mortgager":["Ew'd Hurley"],"Street Address":["585 - 5th Ave Bk"],"Amount Loaned":["$1500"]},"subjects":[{"id":"580da7c76164390003241303","type":"root","location":{"standard":"https://s3.amazonaws.com/scribe.nypl.org/emigrant-s4/full/14bc23c0-02e7-0133-8a83-58d385a7bbd0.right-bottom.jpg","thumbnail":"https://s3.amazonaws.com/scribe.nypl.org/emigrant-s4/thumb/14bc23c0-02e7-0133-8a83-58d385a7bbd0.right-bottom.jpg"},"status":"retired","width":1373,"height":978,"meta_data":{"capture_uuid":"14bc23c0-02e7-0133-8a83-58d385a7bbd0","page_uri":"http://digitalcollections.nypl.org/items/14bc23c0-02e7-0133-8a83-58d385a7bbd0","book_uri":"http://digitalcollections.nypl.org/items/109c0900-02e7-0133-03cf-58d385a7bbd0","source_rotated":"0.951112","source_x":"1218.24","source_y":"868.0899999999999","source_w":"1373.76","source_h":"978.9100000000001"},"assertions":[{"id":"580da7c76164390003251303","status":"awaiting_transcriptions","name":"Land \u0026 Building Dimensions","created_in_workflow":"transcribe","confidence":0.3333333333333333,"data":{"em_survey_land_dimensions":"17x97.4","em_survey_building_dimensions":"17x35"},"versions":[{"data":{"em_survey_land_dimensions":"17x97.4","em_survey_building_dimensions":"17x35"},"votes":1,"confidence":0.3333333333333333,"instances":[{"created":"2015-12-17T22:37:47Z","user_id":"5668b33530333000032d0500","duration":9.059}]}],"region":{"x":263.98564485716787,"y":700.7887299447802,"width":412.3087247834973,"height":126.55019783468845,"label":"Dimension \u0026 Description","shape":"rectangle"},"task_key":"em_record_survey","instructions":{"mark":"Dimension \u0026 Description","transcribe":"Enter, as they appear, any land and building dimensions that were recorded. In the next screen, you'll enter the descriptive information."}},{"id":"580da7c76164390003261303","status":"awaiting_transcriptions","name":"Stories \u0026 Materials","created_in_workflow":"transcribe","confidence":0.3333333333333333,"data":{"em_record_stories":"3","em_record_material":"br."},"versions":[{"data":{"em_record_stories":"3","em_record_material":"br."},"votes":1,"confidence":0.3333333333333333,"instances":[{"created":"2015-12-17T22:37:49Z","user_id":"5668b33530333000032d0500","duration":2.641}]}],"region":{"x":263.98564485716787,"y":700.7887299447802,"width":412.3087247834973,"height":126.55019783468845,"label":"Dimension \u0026 Description","shape":"rectangle"},"task_key":"em_record_survey_stories_materials","instructions":{"mark":"Dimension \u0026 Description","transcribe":"Enter, as they appear, the number of stories and the building materials."}},{"id":"580da7c76164390003271303","status":"awaiting_transcriptions","name":"Additional Info","created_in_workflow":"transcribe","confidence":0.3333333333333333,"data":{"value":""},"versions":[{"data":{"value":""},"votes":1,"confidence":0.3333333333333333,"instances":[{"created":"2015-12-17T22:37:51Z","user_id":"5668b33530333000032d0500","duration":1.222}]}],"region":{"x":263.98564485716787,"y":700.7887299447802,"width":412.3087247834973,"height":126.55019783468845,"label":"Dimension \u0026 Description","shape":"rectangle"},"task_key":"em_record_survey_additional_info","instructions":{"mark":"Dimension \u0026 Description","transcribe":"Enter any additional information you find about the building's construction or significance."}},{"id":"580da7c76164390003281303","status":"awaiting_transcriptions","name":"Land \u0026 Building Dimensions","created_in_workflow":"transcribe","confidence":0.3333333333333333,"data":{"em_survey_land_dimensions":"17 x 97.4","em_survey_building_dimensions":"17 x 35"},"versions":[{"data":{"em_survey_land_dimensions":"17 x 97.4","em_survey_building_dimensions":"17 x 35"},"votes":1,"confidence":0.3333333333333333,"instances":[{"created":"2015-12-30T23:28:03Z","user_id":"56845e493337300003ae0500","duration":21.913}]},{"data":{"em_survey_land_dimensions":"17x97","em_survey_building_dimensions":"17x35"},"votes":1,"confidence":0.3333333333333333,"instances":[{"created":"2016-01-01T15:11:37Z","user_id":"568696d63865630003650200","duration":40.1}]}],"region":{"x":364.6691744918475,"y":249.77459611105738,"width":208.90236633252476,"height":113.5339073232079,"label":"Dimension \u0026 Description","shape":"rectangle"},"task_key":"em_record_survey","instructions":{"mark":"Dimension \u0026 Description","transcribe":"Enter, as they appear, any land and building dimensions that were recorded. In the next screen, you'll enter the descriptive information."}},{"id":"580da7c76164390003291303","status":"awaiting_transcriptions","name":"Stories \u0026 Materials","created_in_workflow":"transcribe","confidence":0.3333333333333333,"data":{"em_record_stories":"3","em_record_material":"br"},"versions":[{"data":{"em_record_stories":"3","em_record_material":"br"},"votes":1,"confidence":0.3333333333333333,"instances":[{"created":"2015-12-30T23:28:09Z","user_id":"56845e493337300003ae0500","duration":6.345}]},{"data":{"em_record_stories":"3"},"votes":1,"confidence":0.3333333333333333,"instances":[{"created":"2016-01-01T15:11:57Z","user_id":"568696d63865630003650200","duration":20.49}]}],"region":{"x":364.6691744918475,"y":249.77459611105738,"width":208.90236633252476,"height":113.5339073232079,"label":"Dimension \u0026 Description","shape":"rectangle"},"task_key":"em_record_survey_stories_materials","instructions":{"mark":"Dimension \u0026 Description","transcribe":"Enter, as they appear, the number of stories and the building materials."}},{"id":"580da7c761643900032a1303","status":"awaiting_transcriptions","name":"Record Date","created_in_workflow":"transcribe","confidence":0.3333333333333333,"data":{"value":"Feby 17/94"},"versions":[{"data":{"value":"Feby 17/94"},"votes":1,"confidence":0.3333333333333333,"instances":[{"created":"2016-01-22T11:41:24Z","user_id":"56a2128b3833370003060600","duration":63.062}]}],"region":{"x":852.0279667422525,"y":962.5371142832754,"width":15.0,"height":15.0,"label":"Record Date","shape":"rectangle"},"task_key":"em_record_date","instructions":{"mark":"Record Date","transcribe":"Enter the record date"}},{"id":"580da7c761643900032b1303","status":"awaiting_transcriptions","name":"Valuation Date","created_in_workflow":"transcribe","confidence":0.3333333333333333,"data":{"value":""},"versions":[{"data":{"value":""},"votes":1,"confidence":0.3333333333333333,"instances":[{"created":"2015-12-17T22:37:03Z","user_id":"5668b33530333000032d0500","duration":2.495}]}],"region":{"x":851.8317475187879,"y":551.1057002478369,"width":200.03096548902352,"height":125.18944301926172,"label":"Valuation","shape":"rectangle"},"task_key":"em_record_valuation","instructions":{"mark":"Valuation","transcribe":"Enter the date of the valuation (if one is given). In the next screen, you'll enter the valuation's dollar amounts."}},{"id":"580da7c761643900032c1303","status":"awaiting_transcriptions","name":"Land \u0026 Building Value","created_in_workflow":"transcribe","confidence":0.3333333333333333,"data":{"em_valuation_ground":"$2000","em_valuation_building":"1500"},"versions":[{"data":{"em_valuation_ground":"$2000","em_valuation_building":"1500"},"votes":1,"confidence":0.3333333333333333,"instances":[{"created":"2015-12-17T22:37:07Z","user_id":"5668b33530333000032d0500","duration":4.303}]}],"region":{"x":851.8317475187879,"y":551.1057002478369,"width":200.03096548902352,"height":125.18944301926172,"label":"Valuation","shape":"rectangle"},"task_key":"em_record_valuation_ground_building","instructions":{"mark":"Valuation","transcribe":"Sometimes valuations include itemized dollar values for \"ground\" and \"building\". Enter these amounts if you can find them. In the next screen, you'll enter the total valuation."}},{"id":"580da7c761643900032d1303","status":"awaiting_transcriptions","name":"Total Value","created_in_workflow":"transcribe","confidence":0.3333333333333333,"data":{"value":""},"versions":[{"data":{"value":""},"votes":1,"confidence":0.3333333333333333,"instances":[{"created":"2015-12-17T22:37:09Z","user_id":"5668b33530333000032d0500","duration":1.629}]}],"region":{"x":851.8317475187879,"y":551.1057002478369,"width":200.03096548902352,"height":125.18944301926172,"label":"Valuation","shape":"rectangle"},"task_key":"em_record_valuation_total","instructions":{"mark":"Valuation","transcribe":"Enter the valuation ***total*** (if one is given)"}},{"id":"580da7c761643900032e1303","status":"complete","name":"Record Number","created_in_workflow":"transcribe","confidence":1.0,"data":{"value":"4105"},"versions":[{"data":{"value":"4105"},"votes":3,"confidence":1.0,"instances":[{"created":"2015-12-17T03:29:36Z","user_id":"5647496e3562310003960400","duration":6.51},{"created":"2015-12-17T19:11:21Z","user_id":"5672fbd26434380003410700","duration":9.602},{"created":"2015-12-17T22:37:00Z","user_id":"5668b33530333000032d0500","duration":3.831}]}],"region":{"x":741.6106032697342,"y":27.215096308535156,"width":234.0498371708302,"height":114.30340449584764,"label":"Record Number","shape":"rectangle"},"task_key":"em_record_number","instructions":{"mark":"Record Number","transcribe":"Enter the record number"}},{"id":"580da7c761643900032f1303","status":"awaiting_votes","name":"Mortgager","created_in_workflow":"verify","confidence":0.3333333333333333,"data":{"value":"Ew'd Hurley"},"versions":[{"data":{"value":"Ew'd Hurley"},"votes":1,"confidence":0.3333333333333333,"instances":[{"created":"2016-09-14T02:37:24Z","user_id":"57c49a363234370003600200","duration":16.38}]}],"region":{"x":234.049037777178,"y":624.5864602808819,"width":235.41059203810246,"height":47.62641853993643,"label":"Mortgager Name","shape":"rectangle"},"task_key":"em_transcribed_mortgager","instructions":{"mark":"Mortgager Name","transcribe":"Enter the mortgager's name","verify":"Choose the best transcription or enter your own!"}},{"id":"580da7c76164390003301303","status":"awaiting_votes","name":"Street Address","created_in_workflow":"verify","confidence":0.3333333333333333,"data":{"value":"585 - 5th Ave Bk"},"versions":[{"data":{"value":"585 - 5th Ave Bk"},"votes":1,"confidence":0.3333333333333333,"instances":[{"created":"2016-09-14T02:37:32Z","user_id":"57c49a363234370003600200","duration":8.177}]}],"region":{"x":278.95394839716283,"y":655.8838210356972,"width":306.16984513626045,"height":66.67698595591116,"label":"Street Address","shape":"rectangle"},"task_key":"em_transcribed_address","instructions":{"mark":"Street Address","transcribe":"Enter the street address","verify":"Choose the best transcription or enter your own!"}},{"id":"580da7c76164390003311303","status":"complete","name":"Record Date","created_in_workflow":"transcribe","confidence":1.0,"data":{"value":"Feby 12/94"},"versions":[{"data":{"value":"Feby 12/94"},"votes":3,"confidence":1.0,"instances":[{"created":"2015-12-17T03:29:58Z","user_id":"5647496e3562310003960400","duration":7.701},{"created":"2015-12-17T19:11:54Z","user_id":"5672fbd26434380003410700","duration":18.403},{"created":"2015-12-17T22:37:12Z","user_id":"5668b33530333000032d0500","duration":3.224}]}],"region":{"x":295.28300680443004,"y":555.1879646941171,"width":201.39172035629576,"height":84.366798556459,"label":"Record Date","shape":"rectangle"},"task_key":"em_record_date","instructions":{"mark":"Record Date","transcribe":"Enter the record date"}},{"id":"580da7c76164390003321303","status":"complete","name":"Amount Loaned","created_in_workflow":"transcribe","confidence":1.0,"data":{"value":"$1500"},"versions":[{"data":{"value":"$1500"},"votes":3,"confidence":1.0,"instances":[{"created":"2015-12-17T22:37:35Z","user_id":"5668b33530333000032d0500","duration":4.471},{"created":"2015-12-17T23:36:52Z","user_id":"5668b33530333000032d0500","duration":2.651},{"created":"2015-12-17T23:49:40Z","user_id":"56734c386239370003af0500","duration":3.327}]}],"region":{"x":836.8634439787929,"y":658.6053306665508,"width":247.65738584355287,"height":61.23396669420404,"label":"Amount Loaned","shape":"rectangle"},"task_key":"em_record_amount_loaned","instructions":{"mark":"Amount Loaned","transcribe":"Enter the Amount Loaned"}}]}],"export_document":{"name":"Record","export_fields":[{"name":"Mortgager","value":"Ew'd Hurley","original_value":{"value":"Ew'd Hurley"},"assertion_ids":["580da7c761643900032f1303"]},{"name":"Street Address","value":"585 - 5th Ave Bk","original_value":{"value":"585 - 5th Ave Bk"},"assertion_ids":["580da7c76164390003301303"]},{"name":"Record Date","value":"1894-02-12T00:00:00Z","original_value":{"value":"Feby 12/94"},"assertion_ids":["580da7c76164390003311303"]},{"name":"Land \u0026 Building Dimensions","value":{"em_survey_land_dimensions":[17,97.33333333333333],"em_survey_building_dimensions":[17,35]},"original_value":{"em_survey_land_dimensions":"17x97.4","em_survey_building_dimensions":"17x35"},"assertion_ids":["580da7c76164390003251303"]},{"name":"Amount Loaned","value":1500.0,"original_value":{"value":"$1500"},"assertion_ids":["580da7c76164390003321303"]},{"name":"Stories \u0026 Materials","value":{"em_record_stories":3,"em_record_material":"br."},"original_value":{"em_record_stories":"3","em_record_material":"br."},"assertion_ids":["580da7c76164390003261303"]},{"name":"Valuation","value":null,"original_value":null,"assertion_ids":null},{"name":"Record Number","value":4105,"original_value":{"value":"4105"},"assertion_ids":["580da7c761643900032e1303"]},{"name":"Additional Info","value":"","original_value":{"value":""},"assertion_ids":["580da7c76164390003271303"]}]}}