{"id":"56b1099e7061755afb01bb00","meta_data":{"capture_uuid":"110a9c10-02e7-0133-2fb3-58d385a7bbd0","page_uri":"http://digitalcollections.nypl.org/items/110a9c10-02e7-0133-2fb3-58d385a7bbd0","book_uri":"http://digitalcollections.nypl.org/items/109c0900-02e7-0133-03cf-58d385a7bbd0","source_rotated":"0.111906","source_x":"0","source_y":"0","source_w":"1358.95","source_h":"874.56"},"type":"final_subject_set","search_terms_by_field":{"Land \u0026 Building Dimensions":["20 x 75","20 x 40"],"Stories \u0026 Materials":["3","brick"],"Land \u0026 Building Value":["$6000","$4000"],"Record Number":["3738"],"Mortgager":["Jno. Finlay"],"Street Address":["29 Ridge St"],"Record Date":["July 20/91"],"Amount Loaned":["$5000"]},"subjects":[{"id":"580d6bdc61643900030d3101","type":"root","location":{"standard":"https://s3.amazonaws.com/scribe.nypl.org/emigrant-s4/full/110a9c10-02e7-0133-2fb3-58d385a7bbd0.left-top.jpg","thumbnail":"https://s3.amazonaws.com/scribe.nypl.org/emigrant-s4/thumb/110a9c10-02e7-0133-2fb3-58d385a7bbd0.left-top.jpg"},"status":"retired","width":1358,"height":874,"meta_data":{"capture_uuid":"110a9c10-02e7-0133-2fb3-58d385a7bbd0","page_uri":"http://digitalcollections.nypl.org/items/110a9c10-02e7-0133-2fb3-58d385a7bbd0","book_uri":"http://digitalcollections.nypl.org/items/109c0900-02e7-0133-03cf-58d385a7bbd0","source_rotated":"0.111906","source_x":"0","source_y":"0","source_w":"1358.95","source_h":"874.56"},"assertions":[{"id":"580d6bdc61643900030e3101","status":"awaiting_transcriptions","name":"Land \u0026 Building Dimensions","created_in_workflow":"transcribe","confidence":0.6666666666666666,"data":{"em_survey_land_dimensions":"20 x 75","em_survey_building_dimensions":"20 x 40"},"versions":[{"data":{"em_survey_land_dimensions":"20 x 75","em_survey_building_dimensions":"20 x 40"},"votes":2,"confidence":0.6666666666666666,"instances":[{"created":"2016-01-29T03:42:45Z","user_id":"56aaddf363306600037d0000","duration":28.588},{"created":"2016-01-29T10:46:40Z","user_id":"56ab425a6330660003150100","duration":17.832}]}],"region":{"x":60.70066534315981,"y":755.7154362416107,"width":566.0684159923562,"height":75.08187919463083,"label":"Dimension \u0026 Description","shape":"rectangle"},"task_key":"em_record_survey","instructions":{"mark":"Dimension \u0026 Description","transcribe":"Enter, as they appear, any land and building dimensions that were recorded. In the next screen, you'll enter the descriptive information."}},{"id":"580d6bdc61643900030f3101","status":"awaiting_transcriptions","name":"Stories \u0026 Materials","created_in_workflow":"transcribe","confidence":0.3333333333333333,"data":{"em_record_stories":"3","em_record_material":"brick"},"versions":[{"data":{"em_record_stories":"3","em_record_material":"brick"},"votes":1,"confidence":0.3333333333333333,"instances":[{"created":"2016-01-29T03:43:00Z","user_id":"56aaddf363306600037d0000","duration":14.681}]},{"data":{"em_record_stories":"3","em_record_material":"Brick"},"votes":1,"confidence":0.3333333333333333,"instances":[{"created":"2016-01-29T10:46:51Z","user_id":"56ab425a6330660003150100","duration":10.616}]}],"region":{"x":60.70066534315981,"y":755.7154362416107,"width":566.0684159923562,"height":75.08187919463083,"label":"Dimension \u0026 Description","shape":"rectangle"},"task_key":"em_record_survey_stories_materials","instructions":{"mark":"Dimension \u0026 Description","transcribe":"Enter, as they appear, the number of stories and the building materials."}},{"id":"580d6bdc6164390003103101","status":"awaiting_transcriptions","name":"Land \u0026 Building Value","created_in_workflow":"transcribe","confidence":0.3333333333333333,"data":{"em_valuation_ground":"$6000","em_valuation_building":"$4000"},"versions":[{"data":{"em_valuation_ground":"$6000","em_valuation_building":"$4000"},"votes":1,"confidence":0.3333333333333333,"instances":[{"created":"2016-01-29T03:41:21Z","user_id":"56aaddf363306600037d0000","duration":18.211}]}],"region":{"x":700.2187406603925,"y":610.448322147651,"width":334.6040035911041,"height":97.93288590604028,"label":"Valuation","shape":"rectangle"},"task_key":"em_record_valuation_ground_building","instructions":{"mark":"Valuation","transcribe":"Sometimes valuations include itemized dollar values for \"ground\" and \"building\". Enter these amounts if you can find them. In the next screen, you'll enter the total valuation."}},{"id":"580d6bdc6164390003113101","status":"complete","name":"Record Number","created_in_workflow":"transcribe","confidence":1.0,"data":{"value":"3738"},"versions":[{"data":{"value":"3738"},"votes":3,"confidence":1.0,"instances":[{"created":"2016-01-29T03:18:44Z","user_id":"56aad7f56330660003710000","duration":13.796},{"created":"2016-01-29T03:40:53Z","user_id":"56aaddf363306600037d0000","duration":8.562},{"created":"2016-01-29T05:21:34Z","user_id":"56aaf6db63306600039a0000","duration":2.585}]}],"region":{"x":742.9663897386797,"y":75.08187919463087,"width":220.03890983960486,"height":75.08187919463089,"label":"Record Number","shape":"rectangle"},"task_key":"em_record_number","instructions":{"mark":"Record Number","transcribe":"Enter the record number"}},{"id":"580d6bdc6164390003123101","status":"complete","name":"Mortgager","created_in_workflow":"transcribe","confidence":1.0,"data":{"value":"Jno. Finlay"},"versions":[{"data":{"value":"Jno. Finlay"},"votes":3,"confidence":1.0,"instances":[{"created":"2016-01-29T10:46:02Z","user_id":"56ab425a6330660003150100","duration":22.709},{"created":"2016-01-29T11:25:47Z","user_id":"56ab4be763306600035c0100","duration":10.838},{"created":"2016-01-29T15:28:12Z","user_id":"56ab84703166390003f00100","duration":16.995}]}],"region":{"x":150.16240304965086,"y":659.414765100671,"width":262.7865589178915,"height":40.805369127516755,"label":"Mortgager Name","shape":"rectangle"},"task_key":"em_record_mortgager","instructions":{"mark":"Mortgager Name","transcribe":"Enter the mortgager's name"}},{"id":"580d6bdc6164390003133101","status":"awaiting_votes","name":"Street Address","created_in_workflow":"verify","confidence":0.3333333333333333,"data":{"value":"29 Ridge St"},"versions":[{"data":{"value":"29 Ridge St"},"votes":1,"confidence":0.3333333333333333,"instances":[{"created":"2016-09-22T19:41:03Z","user_id":"57c49a363234370003600200","duration":4.792}]}],"region":{"x":52.2295239498155,"y":706.7489932885906,"width":455.3878878142343,"height":36.21879194630872,"label":"Street Address","shape":"rectangle"},"task_key":"em_transcribed_address","instructions":{"mark":"Street Address","transcribe":"Enter the street address","verify":"Choose the best transcription or enter your own!"}},{"id":"580d6bdc6164390003143101","status":"awaiting_votes","name":"Record Date","created_in_workflow":"verify","confidence":0.3333333333333333,"data":{"value":"July 20/91"},"versions":[{"data":{"value":"July 20/91"},"votes":1,"confidence":0.3333333333333333,"instances":[{"created":"2016-09-22T19:40:44Z","user_id":"57c49a363234370003600200","duration":3.416}]}],"region":{"x":212.18655981287992,"y":610.448322147651,"width":235.03890983960486,"height":50.90872483221476,"label":"Record Date","shape":"rectangle"},"task_key":"em_transcribed_date","instructions":{"mark":"Record Date","transcribe":"Enter the record date","verify":"Choose the best transcription or enter your own!"}},{"id":"580d6bdc6164390003153101","status":"awaiting_votes","name":"Amount Loaned","created_in_workflow":"verify","confidence":0.3333333333333333,"data":{"value":"$5000"},"versions":[{"data":{"value":"$5000"},"votes":1,"confidence":0.3333333333333333,"instances":[{"created":"2016-09-22T19:41:06Z","user_id":"57c49a363234370003600200","duration":3.795}]}],"region":{"x":680.6321648404257,"y":710.0134228187919,"width":334.60400359110423,"height":40.80536912751681,"label":"Amount Loaned","shape":"rectangle"},"task_key":"em_transcribed_amount_loaned","instructions":{"mark":"Amount Loaned","transcribe":"Enter the Amount Loaned","verify":"Choose the best transcription or enter your own!"}}]}],"export_document":{"name":"Record","export_fields":[{"name":"Mortgager","value":"Jno. Finlay","original_value":{"value":"Jno. Finlay"},"assertion_ids":["580d6bdc6164390003123101"]},{"name":"Street Address","value":"29 Ridge St","original_value":{"value":"29 Ridge St"},"assertion_ids":["580d6bdc6164390003133101"]},{"name":"Record Date","value":"1891-07-20T00:00:00Z","original_value":{"value":"July 20/91"},"assertion_ids":["580d6bdc6164390003143101"]},{"name":"Land \u0026 Building Dimensions","value":{"em_survey_land_dimensions":[20,75],"em_survey_building_dimensions":[20,40]},"original_value":{"em_survey_land_dimensions":"20 x 75","em_survey_building_dimensions":"20 x 40"},"assertion_ids":["580d6bdc61643900030e3101"]},{"name":"Amount Loaned","value":5000.0,"original_value":{"value":"$5000"},"assertion_ids":["580d6bdc6164390003153101"]},{"name":"Stories \u0026 Materials","value":{"em_record_stories":3,"em_record_material":"brick"},"original_value":{"em_record_stories":"3","em_record_material":"brick"},"assertion_ids":["580d6bdc61643900030f3101"]},{"name":"Record Number","value":3738,"original_value":{"value":"3738"},"assertion_ids":["580d6bdc6164390003113101"]}]}}