{"id":"56b109967061755afb65ba00","meta_data":{"capture_uuid":"10ed03c0-02e7-0133-e339-58d385a7bbd0","page_uri":"http://digitalcollections.nypl.org/items/10ed03c0-02e7-0133-e339-58d385a7bbd0","book_uri":"http://digitalcollections.nypl.org/items/109c0900-02e7-0133-03cf-58d385a7bbd0","source_rotated":"0.0559529","source_x":"0","source_y":"0","source_w":"1358.92","source_h":"867.8399999999999"},"type":"final_subject_set","search_terms_by_field":{"Record Number":["3726"],"Mortgager":["Chas. Boyce"],"Street Address":["N.E. cor. 133 St \u0026 Alexander Ave"],"Stories \u0026 Materials":["4","brick"],"Additional Info":[],"Land \u0026 Building Dimensions":["24 x 80","24 x 64"],"Record Date":["1891 June 22"],"Total Value":[],"Valuation Date":[],"Land \u0026 Building Value":["$10000","$10000"],"Amount Loaned":["$10000"]},"subjects":[{"id":"580da17d616439000327fa02","type":"root","location":{"standard":"https://s3.amazonaws.com/scribe.nypl.org/emigrant-s4/full/10ed03c0-02e7-0133-e339-58d385a7bbd0.left-top.jpg","thumbnail":"https://s3.amazonaws.com/scribe.nypl.org/emigrant-s4/thumb/10ed03c0-02e7-0133-e339-58d385a7bbd0.left-top.jpg"},"status":"retired","width":1358,"height":867,"meta_data":{"capture_uuid":"10ed03c0-02e7-0133-e339-58d385a7bbd0","page_uri":"http://digitalcollections.nypl.org/items/10ed03c0-02e7-0133-e339-58d385a7bbd0","book_uri":"http://digitalcollections.nypl.org/items/109c0900-02e7-0133-03cf-58d385a7bbd0","source_rotated":"0.0559529","source_x":"0","source_y":"0","source_w":"1358.92","source_h":"867.8399999999999"},"assertions":[{"id":"580da17d616439000328fa02","status":"complete","name":"Record Number","created_in_workflow":"transcribe","confidence":1.0,"data":{"value":"3726"},"versions":[{"data":{"value":"3726"},"votes":3,"confidence":1.0,"instances":[{"created":"2015-11-08T01:39:48Z","user_id":"563e99e166303300036b4d00","duration":11.501},{"created":"2015-11-08T02:28:32Z","user_id":"563eb3506630330003665400","duration":14.733},{"created":"2015-11-08T02:45:32Z","user_id":"563e09116630330003dc1000","duration":14.98}]}],"region":{"x":685.0520907600899,"y":67.71675168207427,"width":196.35638953172247,"height":80.6607953613041,"label":"Record Number","shape":"rectangle"},"task_key":"em_record_number","instructions":{"mark":"Record Number","transcribe":"Enter the record number"}},{"id":"580da17d616439000329fa02","status":"complete","name":"Mortgager","created_in_workflow":"verify","confidence":1.0,"data":{"value":"Chas. Boyce"},"versions":[{"data":{"value":"Chas. Boyce"},"votes":3,"confidence":1.0,"instances":[{"created":"2015-11-19T01:00:58Z","user_id":"563f8b7a3264340003774b00","duration":6.228},{"created":"2015-11-25T17:33:09Z","user_id":"5647496e3562310003960400","duration":2.53},{"created":"2015-11-26T23:26:24Z","user_id":"5647496e3562310003960400","duration":8.207}]}],"region":{"x":163.22826104564902,"y":657.4815655598709,"width":209.80545730786795,"height":51.08517039549258,"label":"Mortgager Name","shape":"rectangle"},"task_key":"em_transcribed_mortgager","instructions":{"mark":"Mortgager Name","transcribe":"Enter the mortgager's name","verify":"Choose the best transcription or enter your own!"}},{"id":"580da17d61643900032afa02","status":"contentious","name":"Street Address","created_in_workflow":"verify","confidence":0.5714285714285714,"data":{"value":"N.E. cor. 133 St \u0026 Alexander Ave"},"versions":[{"data":{"value":"N.E. cor. 133 St \u0026 Alexander Ave"},"votes":12,"confidence":0.5714285714285714,"instances":[{"created":"2015-12-05T05:28:08Z","user_id":"563f8b7a3264340003774b00","duration":16.685},{"created":"2015-12-06T18:57:37Z","user_id":"5647496e3562310003960400","duration":20.373},{"created":"2015-12-06T23:17:07Z","user_id":"563bfc7535326200037f3900","duration":18.057},{"created":"2015-12-07T02:58:44Z","user_id":"5649188c3863370003020e00","duration":14.86},{"created":"2015-12-08T05:43:37Z","user_id":"565e4fed3862380003f10900","duration":25.743},{"created":"2015-12-10T04:42:00Z","user_id":"5668bbbe3064310003db0500","duration":17.488},{"created":"2015-12-11T19:27:15Z","user_id":"563bfc7535326200037f3900","duration":13.941},{"created":"2015-12-14T22:28:56Z","user_id":"566eeeda3637340003010100","duration":10.663},{"created":"2015-12-16T01:56:52Z","user_id":"5670c42639383000031d0600","duration":14.196},{"created":"2015-12-17T15:55:46Z","user_id":"5672da076235370003c60700","duration":35.257},{"created":"2015-12-17T17:08:59Z","user_id":"5672e51c6235370003fd0700","duration":26.679},{"created":"2015-12-17T19:16:23Z","user_id":"5668b33530333000032d0500","duration":9.905}]},{"data":{"value":"NE cor 133 St \u0026 Alexander Ave"},"votes":5,"confidence":0.23809523809523808,"instances":[{"created":"2015-11-08T03:03:46Z","user_id":"563eb9c56630330003515700","duration":16.889},{"created":"2015-11-08T03:20:55Z","user_id":"563e9a906630330003db4d00","duration":21.877},{"created":"2015-11-25T20:02:31Z","user_id":"5647496e3562310003960400","duration":26.654},{"created":"2015-12-15T21:55:59Z","user_id":"5670848e3938300003280200","duration":13.213},{"created":"2015-12-16T05:10:38Z","user_id":"5670f0eb3063380003830600","duration":14.546}]},{"data":{"value":"N.E. Cor. 133 St. and Alexander Ave."},"votes":4,"confidence":0.19047619047619047,"instances":[{"created":"2015-11-08T02:53:40Z","user_id":"563eafa76630330003285300","duration":11.985},{"created":"2015-11-08T02:53:43Z","user_id":"563eb8756630330003755600","duration":25.068},{"created":"2015-12-16T00:09:15Z","user_id":"5670a0323938300003820400","duration":17.078},{"created":"2015-12-17T16:55:38Z","user_id":"5672e5f06235370003040800","duration":18.711}]}],"region":{"x":204.92037115169973,"y":699.1563098298782,"width":361.77992317831075,"height":45.70778403807227,"label":"Street Address","shape":"rectangle"},"task_key":"em_transcribed_address","instructions":{"mark":"Street Address","transcribe":"Enter the street address","verify":"Choose the best transcription or enter your own!"}},{"id":"580da17d61643900032bfa02","status":"awaiting_votes","name":"Stories \u0026 Materials","created_in_workflow":"verify","confidence":0.3333333333333333,"data":{"em_record_stories":"4","em_record_material":"brick"},"versions":[{"data":{"em_record_stories":"4","em_record_material":"brick"},"votes":1,"confidence":0.3333333333333333,"instances":[{"created":"2016-09-29T20:55:36Z","user_id":"57c49a363234370003600200","duration":3.199}]}],"region":{"x":266.78608292196844,"y":748.8971336360155,"width":299.91421140804204,"height":87.38252830807937,"label":"Dimension \u0026 Description","shape":"rectangle"},"task_key":"em_transcribed_stories_materials","instructions":{"mark":"Dimension \u0026 Description","transcribe":"Enter, as they appear, the number of stories and the building materials.","verify":"Choose the best transcription or enter your own!"}},{"id":"580da17d61643900032cfa02","status":"complete","name":"Additional Info","created_in_workflow":"transcribe","confidence":1.0,"data":{"value":""},"versions":[{"data":{"value":""},"votes":2,"confidence":0.6666666666666666,"instances":[{"created":"2015-11-08T02:21:39Z","user_id":"563e932b66303300031e4900","duration":2.385},{"created":"2016-06-17T03:43:35Z","user_id":"5750d4e061323000033d0000","duration":2.308}]},{"data":{"value":"4 story brick  24 x 64"},"votes":1,"confidence":0.3333333333333333,"instances":[{"created":"2015-11-08T02:15:37Z","user_id":"563eaf056630330003055300","duration":20.444}]}],"region":{"x":266.78608292196844,"y":748.8971336360155,"width":299.91421140804204,"height":87.38252830807937,"label":"Dimension \u0026 Description","shape":"rectangle"},"task_key":"em_record_survey_additional_info","instructions":{"mark":"Dimension \u0026 Description","transcribe":"Enter any additional information you find about the building's construction or significance."}},{"id":"580da17d61643900032dfa02","status":"complete","name":"Land \u0026 Building Dimensions","created_in_workflow":"verify","confidence":1.0,"data":{"em_survey_land_dimensions":"24 x 80","em_survey_building_dimensions":"24 x 64"},"versions":[{"data":{"em_survey_land_dimensions":"24 x 80","em_survey_building_dimensions":"24 x 64"},"votes":4,"confidence":1.0,"instances":[{"created":"2015-11-20T02:44:11Z","user_id":"563f8b7a3264340003774b00","duration":6.351},{"created":"2015-11-25T18:17:00Z","user_id":"5647496e3562310003960400","duration":4.675},{"created":"2015-11-26T23:37:54Z","user_id":"5647496e3562310003960400","duration":8.427},{"created":"2016-06-24T10:42:19Z","user_id":"576cfba83738390003fc0100","duration":7.362}]}],"region":{"x":266.78608292196844,"y":748.8971336360155,"width":299.91421140804204,"height":87.38252830807937,"label":"Dimension \u0026 Description","shape":"rectangle"},"task_key":"em_transcribed_survey","instructions":{"mark":"Dimension \u0026 Description","transcribe":"Enter, as they appear, any land and building dimensions that were recorded. In the next screen, you'll enter the descriptive information.","verify":"Choose the best transcription or enter your own!"}},{"id":"580da17d61643900032efa02","status":"complete","name":"Record Date","created_in_workflow":"verify","confidence":1.0,"data":{"value":"1891 June 22"},"versions":[{"data":{"value":"1891 June 22"},"votes":3,"confidence":0.75,"instances":[{"created":"2015-11-14T02:27:15Z","user_id":"564618af6363350003da0c00","duration":6.692},{"created":"2015-11-15T20:46:03Z","user_id":"563bfc7535326200037f3900","duration":6.222},{"created":"2015-11-16T03:19:09Z","user_id":"5649188c3863370003020e00","duration":9.707}]},{"data":{"value":"June 22/91"},"votes":1,"confidence":0.25,"instances":[{"created":"2015-11-15T04:45:31Z","user_id":"5647496e3562310003960400","duration":10.719}]}],"region":{"x":196.8509304860125,"y":600.1317351348395,"width":207.11564375263885,"height":67.21732946775342,"label":"Record Date","shape":"rectangle"},"task_key":"em_transcribed_date","instructions":{"mark":"Record Date","transcribe":"Enter the record date","verify":"Choose the best transcription or enter your own!"}},{"id":"580da17d61643900032ffa02","status":"complete","name":"Total Value","created_in_workflow":"transcribe","confidence":1.0,"data":{"value":""},"versions":[{"data":{"value":""},"votes":3,"confidence":1.0,"instances":[{"created":"2015-11-08T02:20:54Z","user_id":"563e932b66303300031e4900","duration":4.197},{"created":"2015-11-08T02:46:37Z","user_id":"563e09116630330003dc1000","duration":1.336},{"created":"2015-11-25T18:19:20Z","user_id":"5647496e3562310003960400","duration":0.99}]}],"region":{"x":839.7163701857617,"y":617.1511678792189,"width":125.07633031815215,"height":88.72687489743441,"label":"Valuation","shape":"rectangle"},"task_key":"em_record_valuation_total","instructions":{"mark":"Valuation","transcribe":"Enter the valuation ***total*** (if one is given)"}},{"id":"580da17d616439000330fa02","status":"complete","name":"Valuation Date","created_in_workflow":"transcribe","confidence":1.0,"data":{"value":""},"versions":[{"data":{"value":""},"votes":3,"confidence":1.0,"instances":[{"created":"2015-11-08T02:20:47Z","user_id":"563e932b66303300031e4900","duration":2.33},{"created":"2015-11-08T02:46:26Z","user_id":"563e09116630330003dc1000","duration":2.515},{"created":"2015-11-25T18:19:11Z","user_id":"5647496e3562310003960400","duration":2.57}]}],"region":{"x":839.7163701857617,"y":617.1511678792189,"width":125.07633031815215,"height":88.72687489743441,"label":"Valuation","shape":"rectangle"},"task_key":"em_record_valuation","instructions":{"mark":"Valuation","transcribe":"Enter the date of the valuation (if one is given). In the next screen, you'll enter the valuation's dollar amounts."}},{"id":"580da17d616439000331fa02","status":"contentious","name":"Land \u0026 Building Value","created_in_workflow":"verify","confidence":0.6666666666666666,"data":{"em_valuation_ground":"$10000","em_valuation_building":"$10000"},"versions":[{"data":{"em_valuation_ground":"$10000","em_valuation_building":"$10000"},"votes":14,"confidence":0.6666666666666666,"instances":[{"created":"2015-11-26T23:38:45Z","user_id":"5647496e3562310003960400","duration":14.809},{"created":"2015-12-06T18:51:45Z","user_id":"5647496e3562310003960400","duration":8.772},{"created":"2015-12-07T02:56:55Z","user_id":"5649188c3863370003020e00","duration":6.672},{"created":"2015-12-08T05:41:43Z","user_id":"565e4fed3862380003f10900","duration":6.919},{"created":"2015-12-10T00:39:57Z","user_id":"5668bbbe3064310003db0500","duration":7.557},{"created":"2015-12-11T13:32:43Z","user_id":"566ac6b13666650003380e00","duration":15.593},{"created":"2015-12-13T21:51:26Z","user_id":"566de34a36613500030d0400","duration":7.744},{"created":"2015-12-14T01:15:58Z","user_id":"566e167135626400037f0400","duration":6.936},{"created":"2015-12-14T22:24:24Z","user_id":"566eeeda3637340003010100","duration":4.848},{"created":"2015-12-15T19:59:05Z","user_id":"56706c783938300003120100","duration":10.978},{"created":"2015-12-15T21:52:36Z","user_id":"5670848e3938300003280200","duration":35.822},{"created":"2015-12-15T22:00:06Z","user_id":"564e49d539646600031a0b00","duration":4.655},{"created":"2015-12-16T00:07:19Z","user_id":"5670a0323938300003820400","duration":4.837},{"created":"2015-12-16T05:06:25Z","user_id":"565e09223237340003e30200","duration":5.782}]},{"data":{"em_valuation_ground":"$10,000","em_valuation_building":"$10,000"},"votes":7,"confidence":0.3333333333333333,"instances":[{"created":"2015-11-20T02:46:05Z","user_id":"563f8b7a3264340003774b00","duration":2.661},{"created":"2015-12-06T23:11:47Z","user_id":"563bfc7535326200037f3900","duration":12.534},{"created":"2015-12-10T19:09:45Z","user_id":"5640f5966161650003980200","duration":6.055},{"created":"2015-12-11T19:25:57Z","user_id":"563bfc7535326200037f3900","duration":8.49},{"created":"2015-12-14T00:28:15Z","user_id":"566e0af23562640003ee0300","duration":8.053},{"created":"2015-12-14T03:21:53Z","user_id":"566f6b3b3635620003200200","duration":6.647},{"created":"2015-12-16T01:53:58Z","user_id":"5670c42639383000031d0600","duration":5.25}]}],"region":{"x":839.7163701857617,"y":617.1511678792189,"width":125.07633031815215,"height":88.72687489743441,"label":"Valuation","shape":"rectangle"},"task_key":"em_transcribed_valuation_itemized","instructions":{"mark":"Valuation","transcribe":"Sometimes valuations include itemized dollar values for \"ground\" and \"building\". Enter these amounts if you can find them. In the next screen, you'll enter the total valuation.","verify":"Choose the best transcription or enter your own!"}},{"id":"580da17d616439000332fa02","status":"awaiting_votes","name":"Amount Loaned","created_in_workflow":"verify","confidence":0.6,"data":{"value":"$10000"},"versions":[{"data":{"value":"$10000"},"votes":3,"confidence":0.6,"instances":[{"created":"2015-11-26T23:13:47Z","user_id":"5647496e3562310003960400","duration":4.259},{"created":"2015-12-05T19:10:49Z","user_id":"563cbf4b65326200030e0d00","duration":5.098},{"created":"2016-09-12T21:10:06Z","user_id":"57c49a363234370003600200","duration":7.488}]},{"data":{"value":"$10,000"},"votes":2,"confidence":0.4,"instances":[{"created":"2015-11-19T00:41:56Z","user_id":"563f8b7a3264340003774b00","duration":8.89},{"created":"2015-12-04T22:10:51Z","user_id":"563bfc7535326200037f3900","duration":5.535}]}],"region":{"x":847.7858108514489,"y":704.5336961872982,"width":98.17819476586135,"height":48.3964772167825,"label":"Amount Loaned","shape":"rectangle"},"task_key":"em_transcribed_amount_loaned","instructions":{"mark":"Amount Loaned","transcribe":"Enter the Amount Loaned","verify":"Choose the best transcription or enter your own!"}}]}],"export_document":{"name":"Record","export_fields":[{"name":"Mortgager","value":"Chas. Boyce","original_value":{"value":"Chas. Boyce"},"assertion_ids":["580da17d616439000329fa02"]},{"name":"Street Address","value":"N.E. cor. 133 St \u0026 Alexander Ave","original_value":{"value":"N.E. cor. 133 St \u0026 Alexander Ave"},"assertion_ids":["580da17d61643900032afa02"]},{"name":"Record Date","value":"1891-06-22T00:00:00Z","original_value":{"value":"1891 June 22"},"assertion_ids":["580da17d61643900032efa02"]},{"name":"Land \u0026 Building Dimensions","value":{"em_survey_land_dimensions":[24,80],"em_survey_building_dimensions":[24,64]},"original_value":{"em_survey_land_dimensions":"24 x 80","em_survey_building_dimensions":"24 x 64"},"assertion_ids":["580da17d61643900032dfa02"]},{"name":"Amount Loaned","value":10000.0,"original_value":{"value":"$10000"},"assertion_ids":["580da17d616439000332fa02"]},{"name":"Stories \u0026 Materials","value":{"em_record_stories":4,"em_record_material":"brick"},"original_value":{"em_record_stories":"4","em_record_material":"brick"},"assertion_ids":["580da17d61643900032bfa02"]},{"name":"Valuation","value":null,"original_value":null,"assertion_ids":null},{"name":"Record Number","value":3726,"original_value":{"value":"3726"},"assertion_ids":["580da17d616439000328fa02"]},{"name":"Additional Info","value":"","original_value":{"value":""},"assertion_ids":["580da17d61643900032cfa02"]}]}}