{"id":"56b10a577061755afb2cc900","meta_data":{"capture_uuid":"137e7050-02e7-0133-b31f-58d385a7bbd0","page_uri":"http://digitalcollections.nypl.org/items/137e7050-02e7-0133-b31f-58d385a7bbd0","book_uri":"http://digitalcollections.nypl.org/items/109c0900-02e7-0133-03cf-58d385a7bbd0","source_rotated":"0.979081","source_x":"0","source_y":"869.5","source_w":"1372.73","source_h":"980.5"},"type":"final_subject_set","search_terms_by_field":{"Land \u0026 Building Dimensions":["25 x 98.9","25 x 40, 25 x 45"],"Stories \u0026 Materials":["2, 3","br"],"Additional Info":[],"Valuation Date":[],"Land \u0026 Building Value":[],"Total Value":["9000"],"Record Number":["3995"],"Mortgager":["Catharine E. Keegan"],"Street Address":["315 E. 26 St"],"Record Date":["Jany 30/93"],"Amount Loaned":["$4500"]},"subjects":[{"id":"580da7a16164390003901103","type":"root","location":{"standard":"https://s3.amazonaws.com/scribe.nypl.org/emigrant-s4/full/137e7050-02e7-0133-b31f-58d385a7bbd0.left-bottom.jpg","thumbnail":"https://s3.amazonaws.com/scribe.nypl.org/emigrant-s4/thumb/137e7050-02e7-0133-b31f-58d385a7bbd0.left-bottom.jpg"},"status":"retired","width":1372,"height":980,"meta_data":{"capture_uuid":"137e7050-02e7-0133-b31f-58d385a7bbd0","page_uri":"http://digitalcollections.nypl.org/items/137e7050-02e7-0133-b31f-58d385a7bbd0","book_uri":"http://digitalcollections.nypl.org/items/109c0900-02e7-0133-03cf-58d385a7bbd0","source_rotated":"0.979081","source_x":"0","source_y":"869.5","source_w":"1372.73","source_h":"980.5"},"assertions":[{"id":"580da7a16164390003911103","status":"awaiting_transcriptions","name":"Land \u0026 Building Dimensions","created_in_workflow":"transcribe","confidence":0.3333333333333333,"data":{"em_survey_land_dimensions":"25 x 98.9","em_survey_building_dimensions":"25 x 40, 25 x 45"},"versions":[{"data":{"em_survey_land_dimensions":"25 x 98.9","em_survey_building_dimensions":"25 x 40, 25 x 45"},"votes":1,"confidence":0.3333333333333333,"instances":[{"created":"2015-12-14T22:41:14Z","user_id":"566eeeda3637340003010100","duration":12.118}]}],"region":{"x":217.55468834688347,"y":705.7274796747968,"width":405.2153929539295,"height":135.97831978319778,"label":"Dimension \u0026 Description","shape":"rectangle"},"task_key":"em_record_survey","instructions":{"mark":"Dimension \u0026 Description","transcribe":"Enter, as they appear, any land and building dimensions that were recorded. In the next screen, you'll enter the descriptive information."}},{"id":"580da7a16164390003921103","status":"awaiting_transcriptions","name":"Stories \u0026 Materials","created_in_workflow":"transcribe","confidence":0.3333333333333333,"data":{"em_record_stories":"2, 3","em_record_material":"br"},"versions":[{"data":{"em_record_stories":"2, 3","em_record_material":"br"},"votes":1,"confidence":0.3333333333333333,"instances":[{"created":"2015-12-14T22:41:22Z","user_id":"566eeeda3637340003010100","duration":8.12}]}],"region":{"x":217.55468834688347,"y":705.7274796747968,"width":405.2153929539295,"height":135.97831978319778,"label":"Dimension \u0026 Description","shape":"rectangle"},"task_key":"em_record_survey_stories_materials","instructions":{"mark":"Dimension \u0026 Description","transcribe":"Enter, as they appear, the number of stories and the building materials."}},{"id":"580da7a16164390003931103","status":"awaiting_transcriptions","name":"Additional Info","created_in_workflow":"transcribe","confidence":0.3333333333333333,"data":{"value":""},"versions":[{"data":{"value":""},"votes":1,"confidence":0.3333333333333333,"instances":[{"created":"2015-12-14T22:41:23Z","user_id":"566eeeda3637340003010100","duration":0.979}]}],"region":{"x":217.55468834688347,"y":705.7274796747968,"width":405.2153929539295,"height":135.97831978319778,"label":"Dimension \u0026 Description","shape":"rectangle"},"task_key":"em_record_survey_additional_info","instructions":{"mark":"Dimension \u0026 Description","transcribe":"Enter any additional information you find about the building's construction or significance."}},{"id":"580da7a16164390003941103","status":"awaiting_transcriptions","name":"Valuation Date","created_in_workflow":"transcribe","confidence":0.3333333333333333,"data":{"value":""},"versions":[{"data":{"value":""},"votes":1,"confidence":0.3333333333333333,"instances":[{"created":"2015-12-14T22:40:45Z","user_id":"566eeeda3637340003010100","duration":1.599}]}],"region":{"x":788.6636314363144,"y":575.1882926829269,"width":221.6446612466125,"height":104.70330623306234,"label":"Valuation","shape":"rectangle"},"task_key":"em_record_valuation","instructions":{"mark":"Valuation","transcribe":"Enter the date of the valuation (if one is given). In the next screen, you'll enter the valuation's dollar amounts."}},{"id":"580da7a16164390003951103","status":"awaiting_transcriptions","name":"Land \u0026 Building Value","created_in_workflow":"transcribe","confidence":0.3333333333333333,"data":{"em_valuation_ground":""},"versions":[{"data":{"em_valuation_ground":""},"votes":1,"confidence":0.3333333333333333,"instances":[{"created":"2015-12-14T22:40:45Z","user_id":"566eeeda3637340003010100","duration":0.491}]}],"region":{"x":788.6636314363144,"y":575.1882926829269,"width":221.6446612466125,"height":104.70330623306234,"label":"Valuation","shape":"rectangle"},"task_key":"em_record_valuation_ground_building","instructions":{"mark":"Valuation","transcribe":"Sometimes valuations include itemized dollar values for \"ground\" and \"building\". Enter these amounts if you can find them. In the next screen, you'll enter the total valuation."}},{"id":"580da7a16164390003961103","status":"awaiting_transcriptions","name":"Total Value","created_in_workflow":"transcribe","confidence":0.3333333333333333,"data":{"value":"9000"},"versions":[{"data":{"value":"9000"},"votes":1,"confidence":0.3333333333333333,"instances":[{"created":"2015-12-14T22:40:47Z","user_id":"566eeeda3637340003010100","duration":1.659}]}],"region":{"x":788.6636314363144,"y":575.1882926829269,"width":221.6446612466125,"height":104.70330623306234,"label":"Valuation","shape":"rectangle"},"task_key":"em_record_valuation_total","instructions":{"mark":"Valuation","transcribe":"Enter the valuation ***total*** (if one is given)"}},{"id":"580da7a16164390003971103","status":"complete","name":"Record Number","created_in_workflow":"transcribe","confidence":1.0,"data":{"value":"3995"},"versions":[{"data":{"value":"3995"},"votes":3,"confidence":1.0,"instances":[{"created":"2015-12-14T20:31:36Z","user_id":"566f13243637340003280400","duration":10.831},{"created":"2015-12-14T22:40:17Z","user_id":"566eeeda3637340003010100","duration":2.599},{"created":"2015-12-14T22:52:48Z","user_id":"566f46283635620003f60000","duration":7.707}]}],"region":{"x":677.1614092140921,"y":54.391327913279135,"width":213.4859620596206,"height":92.46525745257455,"label":"Record Number","shape":"rectangle"},"task_key":"em_record_number","instructions":{"mark":"Record Number","transcribe":"Enter the record number"}},{"id":"580da7a16164390003981103","status":"awaiting_votes","name":"Mortgager","created_in_workflow":"verify","confidence":0.3333333333333333,"data":{"value":"Catharine E. Keegan"},"versions":[{"data":{"value":"Catharine E. Keegan"},"votes":1,"confidence":0.3333333333333333,"instances":[{"created":"2016-09-13T22:54:36Z","user_id":"57c49a363234370003600200","duration":7.536}]}],"region":{"x":191.7188075880759,"y":618.7013550135501,"width":304.59143631436314,"height":57.1108943089431,"label":"Mortgager Name","shape":"rectangle"},"task_key":"em_transcribed_mortgager","instructions":{"mark":"Mortgager Name","transcribe":"Enter the mortgager's name","verify":"Choose the best transcription or enter your own!"}},{"id":"580da7a16164390003991103","status":"awaiting_votes","name":"Street Address","created_in_workflow":"verify","confidence":0.3333333333333333,"data":{"value":"315 E. 26 St"},"versions":[{"data":{"value":"315 E. 26 St"},"votes":1,"confidence":0.3333333333333333,"instances":[{"created":"2016-09-13T22:56:19Z","user_id":"57c49a363234370003600200","duration":11.906}]}],"region":{"x":220.27425474254744,"y":656.7752845528455,"width":277.39577235772356,"height":58.47067750677515,"label":"Street Address","shape":"rectangle"},"task_key":"em_transcribed_address","instructions":{"mark":"Street Address","transcribe":"Enter the street address","verify":"Choose the best transcription or enter your own!"}},{"id":"580da7a161643900039a1103","status":"awaiting_votes","name":"Record Date","created_in_workflow":"verify","confidence":0.3333333333333333,"data":{"value":"Jany 30/93"},"versions":[{"data":{"value":"Jany 30/93"},"votes":1,"confidence":0.3333333333333333,"instances":[{"created":"2016-09-13T22:54:22Z","user_id":"57c49a363234370003600200","duration":11.91}]}],"region":{"x":246.11013550135502,"y":560.2306775067751,"width":186.29029810298104,"height":78.86742547425467,"label":"Record Date","shape":"rectangle"},"task_key":"em_transcribed_date","instructions":{"mark":"Record Date","transcribe":"Enter the record date","verify":"Choose the best transcription or enter your own!"}},{"id":"580da7a161643900039b1103","status":"complete","name":"Amount Loaned","created_in_workflow":"verify","confidence":1.0,"data":{"value":"$4500"},"versions":[{"data":{"value":"$4500"},"votes":3,"confidence":0.75,"instances":[{"created":"2015-12-15T21:01:52Z","user_id":"5647496e3562310003960400","duration":5.87},{"created":"2016-01-02T18:58:56Z","user_id":"56748e5e3564620003fd0100","duration":4.094},{"created":"2016-02-16T01:52:12Z","user_id":"563f8b7a3264340003774b00","duration":4.594}]},{"data":{"value":"$4500."},"votes":1,"confidence":0.25,"instances":[{"created":"2016-01-31T16:27:37Z","user_id":"56980a2d3337650003270200","duration":8.697}]}],"region":{"x":776.4255826558266,"y":662.2144173441734,"width":214.84574525745256,"height":57.1108943089431,"label":"Amount Loaned","shape":"rectangle"},"task_key":"em_transcribed_amount_loaned","instructions":{"mark":"Amount Loaned","transcribe":"Enter the Amount Loaned","verify":"Choose the best transcription or enter your own!"}}]}],"export_document":{"name":"Record","export_fields":[{"name":"Mortgager","value":"Catharine E. Keegan","original_value":{"value":"Catharine E. Keegan"},"assertion_ids":["580da7a16164390003981103"]},{"name":"Street Address","value":"315 E. 26 St","original_value":{"value":"315 E. 26 St"},"assertion_ids":["580da7a16164390003991103"]},{"name":"Record Date","value":"1893-01-30T00:00:00Z","original_value":{"value":"Jany 30/93"},"assertion_ids":["580da7a161643900039a1103"]},{"name":"Land \u0026 Building Dimensions","value":{"em_survey_land_dimensions":[25,98.75],"em_survey_building_dimensions":[25,40,45]},"original_value":{"em_survey_land_dimensions":"25 x 98.9","em_survey_building_dimensions":"25 x 40, 25 x 45"},"assertion_ids":["580da7a16164390003911103"]},{"name":"Amount Loaned","value":4500.0,"original_value":{"value":"$4500"},"assertion_ids":["580da7a161643900039b1103"]},{"name":"Stories \u0026 Materials","value":{"em_record_stories":2,"em_record_material":"br"},"original_value":{"em_record_stories":"2, 3","em_record_material":"br"},"assertion_ids":["580da7a16164390003921103"]},{"name":"Valuation","value":null,"original_value":null,"assertion_ids":null},{"name":"Record Number","value":3995,"original_value":{"value":"3995"},"assertion_ids":["580da7a16164390003971103"]},{"name":"Additional Info","value":"","original_value":{"value":""},"assertion_ids":["580da7a16164390003931103"]}]}}