{"id":"56b109a47061755afb70bb00","meta_data":{"capture_uuid":"111e3470-02e7-0133-0ae3-58d385a7bbd0","page_uri":"http://digitalcollections.nypl.org/items/111e3470-02e7-0133-0ae3-58d385a7bbd0","book_uri":"http://digitalcollections.nypl.org/items/109c0900-02e7-0133-03cf-58d385a7bbd0","source_rotated":"0.307738","source_x":"0","source_y":"0","source_w":"1363.16","source_h":"867.36"},"type":"final_subject_set","search_terms_by_field":{"Record Number":["3746"],"Mortgager":["Arthur J Mathews"],"Street Address":["417 Union St  B'k"],"Stories \u0026 Materials":["3","brick"],"Additional Info":[],"Land \u0026 Building Dimensions":["20 x 100","20 x 42"],"Record Date":["Sept 8/91"],"Valuation Date":[],"Land \u0026 Building Value":["2500.","3500.","2500.","3500."],"Total Value":[],"Amount Loaned":["$3000."]},"subjects":[{"id":"580d6be961643900034e3101","type":"root","location":{"standard":"https://s3.amazonaws.com/scribe.nypl.org/emigrant-s4/full/111e3470-02e7-0133-0ae3-58d385a7bbd0.left-top.jpg","thumbnail":"https://s3.amazonaws.com/scribe.nypl.org/emigrant-s4/thumb/111e3470-02e7-0133-0ae3-58d385a7bbd0.left-top.jpg"},"status":"retired","width":1363,"height":867,"meta_data":{"capture_uuid":"111e3470-02e7-0133-0ae3-58d385a7bbd0","page_uri":"http://digitalcollections.nypl.org/items/111e3470-02e7-0133-0ae3-58d385a7bbd0","book_uri":"http://digitalcollections.nypl.org/items/109c0900-02e7-0133-03cf-58d385a7bbd0","source_rotated":"0.307738","source_x":"0","source_y":"0","source_w":"1363.16","source_h":"867.36"},"assertions":[{"id":"580d6be961643900034f3101","status":"awaiting_transcriptions","name":"Street Address","created_in_workflow":"transcribe","confidence":0.3333333333333333,"data":{"value":"417 Union St  B'k"},"versions":[{"data":{"value":"417 Union St  B'k"},"votes":1,"confidence":0.3333333333333333,"instances":[{"created":"2016-01-20T22:41:38Z","user_id":"569fdb7a3234330003380000","duration":19.587}]}],"region":{"x":222.00888450148074,"y":707.7367600667745,"width":347.14116485686077,"height":51.12927163980498,"label":"Street Address","shape":"rectangle"},"task_key":"em_record_street_address","instructions":{"mark":"Street Address","transcribe":"Enter the street address"}},{"id":"580d6be96164390003503101","status":"awaiting_transcriptions","name":"Stories \u0026 Materials","created_in_workflow":"transcribe","confidence":0.3333333333333333,"data":{"em_record_stories":""},"versions":[{"data":{"em_record_stories":""},"votes":1,"confidence":0.3333333333333333,"instances":[{"created":"2016-01-20T22:41:45Z","user_id":"569fdb7a3234330003380000","duration":1.635}]}],"region":{"x":230.08193484698913,"y":709.0822672151908,"width":339.0681145113524,"height":45.74724304614135,"label":"Dimension \u0026 Description","shape":"rectangle"},"task_key":"em_record_survey_stories_materials","instructions":{"mark":"Dimension \u0026 Description","transcribe":"Enter, as they appear, the number of stories and the building materials."}},{"id":"580d6be96164390003513101","status":"awaiting_transcriptions","name":"Additional Info","created_in_workflow":"transcribe","confidence":0.3333333333333333,"data":{"value":""},"versions":[{"data":{"value":""},"votes":1,"confidence":0.3333333333333333,"instances":[{"created":"2016-01-20T22:41:45Z","user_id":"569fdb7a3234330003380000","duration":0.505}]}],"region":{"x":230.08193484698913,"y":709.0822672151908,"width":339.0681145113524,"height":45.74724304614135,"label":"Dimension \u0026 Description","shape":"rectangle"},"task_key":"em_record_survey_additional_info","instructions":{"mark":"Dimension \u0026 Description","transcribe":"Enter any additional information you find about the building's construction or significance."}},{"id":"580d6be96164390003523101","status":"awaiting_transcriptions","name":"Land \u0026 Building Dimensions","created_in_workflow":"transcribe","confidence":0.3333333333333333,"data":{"em_survey_land_dimensions":"20 x 100","em_survey_building_dimensions":"20 x 42"},"versions":[{"data":{"em_survey_land_dimensions":"20 x 100","em_survey_building_dimensions":"20 x 42"},"votes":1,"confidence":0.3333333333333333,"instances":[{"created":"2016-01-20T22:42:10Z","user_id":"569fdb7a3234330003380000","duration":16.305}]}],"region":{"x":289.284304047384,"y":757.5205245581637,"width":286.5932872655478,"height":76.69390745970748,"label":"Dimension \u0026 Description","shape":"rectangle"},"task_key":"em_record_survey","instructions":{"mark":"Dimension \u0026 Description","transcribe":"Enter, as they appear, any land and building dimensions that were recorded. In the next screen, you'll enter the descriptive information."}},{"id":"580d6be96164390003533101","status":"awaiting_transcriptions","name":"Stories \u0026 Materials","created_in_workflow":"transcribe","confidence":0.3333333333333333,"data":{"em_record_stories":"3","em_record_material":"brick"},"versions":[{"data":{"em_record_stories":"3","em_record_material":"brick"},"votes":1,"confidence":0.3333333333333333,"instances":[{"created":"2016-01-20T22:42:14Z","user_id":"569fdb7a3234330003380000","duration":4.584}]}],"region":{"x":289.284304047384,"y":757.5205245581637,"width":286.5932872655478,"height":76.69390745970748,"label":"Dimension \u0026 Description","shape":"rectangle"},"task_key":"em_record_survey_stories_materials","instructions":{"mark":"Dimension \u0026 Description","transcribe":"Enter, as they appear, the number of stories and the building materials."}},{"id":"580d6be96164390003543101","status":"awaiting_transcriptions","name":"Additional Info","created_in_workflow":"transcribe","confidence":0.3333333333333333,"data":{"value":""},"versions":[{"data":{"value":""},"votes":1,"confidence":0.3333333333333333,"instances":[{"created":"2016-01-20T22:42:15Z","user_id":"569fdb7a3234330003380000","duration":0.43}]}],"region":{"x":289.284304047384,"y":757.5205245581637,"width":286.5932872655478,"height":76.69390745970748,"label":"Dimension \u0026 Description","shape":"rectangle"},"task_key":"em_record_survey_additional_info","instructions":{"mark":"Dimension \u0026 Description","transcribe":"Enter any additional information you find about the building's construction or significance."}},{"id":"580d6be96164390003553101","status":"awaiting_transcriptions","name":"Valuation Date","created_in_workflow":"transcribe","confidence":0.3333333333333333,"data":{"value":""},"versions":[{"data":{"value":""},"votes":1,"confidence":0.3333333333333333,"instances":[{"created":"2016-01-23T00:14:30Z","user_id":"56a2ae703935320003f40000","duration":6.827}]}],"region":{"x":698.6809993667766,"y":626.6964701719205,"width":269.9867405568965,"height":81.81416059685648,"label":"Valuation","shape":"rectangle"},"task_key":"em_record_valuation","instructions":{"mark":"Valuation","transcribe":"Enter the date of the valuation (if one is given). In the next screen, you'll enter the valuation's dollar amounts."}},{"id":"580d6be96164390003563101","status":"awaiting_transcriptions","name":"Land \u0026 Building Value","created_in_workflow":"transcribe","confidence":0.3333333333333333,"data":{"em_valuation_ground":"2500.","em_valuation_building":"3500."},"versions":[{"data":{"em_valuation_ground":"2500.","em_valuation_building":"3500."},"votes":1,"confidence":0.3333333333333333,"instances":[{"created":"2016-01-23T00:14:39Z","user_id":"56a2ae703935320003f40000","duration":8.42}]}],"region":{"x":698.6809993667766,"y":626.6964701719205,"width":269.9867405568965,"height":81.81416059685648,"label":"Valuation","shape":"rectangle"},"task_key":"em_record_valuation_ground_building","instructions":{"mark":"Valuation","transcribe":"Sometimes valuations include itemized dollar values for \"ground\" and \"building\". Enter these amounts if you can find them. In the next screen, you'll enter the total valuation."}},{"id":"580d6be96164390003573101","status":"awaiting_transcriptions","name":"Total Value","created_in_workflow":"transcribe","confidence":0.3333333333333333,"data":{"value":""},"versions":[{"data":{"value":""},"votes":1,"confidence":0.3333333333333333,"instances":[{"created":"2016-01-23T00:14:39Z","user_id":"56a2ae703935320003f40000","duration":0.482}]}],"region":{"x":698.6809993667766,"y":626.6964701719205,"width":269.9867405568965,"height":81.81416059685648,"label":"Valuation","shape":"rectangle"},"task_key":"em_record_valuation_total","instructions":{"mark":"Valuation","transcribe":"Enter the valuation ***total*** (if one is given)"}},{"id":"580d6be96164390003583101","status":"awaiting_transcriptions","name":"Valuation Date","created_in_workflow":"transcribe","confidence":0.3333333333333333,"data":{"value":""},"versions":[{"data":{"value":""},"votes":1,"confidence":0.3333333333333333,"instances":[{"created":"2016-01-20T22:40:59Z","user_id":"569fdb7a3234330003380000","duration":2.776}]}],"region":{"x":853.0523198420533,"y":627.0063311618194,"width":108.98617966436325,"height":83.42144320178704,"label":"Valuation","shape":"rectangle"},"task_key":"em_record_valuation","instructions":{"mark":"Valuation","transcribe":"Enter the date of the valuation (if one is given). In the next screen, you'll enter the valuation's dollar amounts."}},{"id":"580d6be96164390003593101","status":"awaiting_transcriptions","name":"Land \u0026 Building Value","created_in_workflow":"transcribe","confidence":0.3333333333333333,"data":{"em_valuation_ground":"2500.","em_valuation_building":"3500."},"versions":[{"data":{"em_valuation_ground":"2500.","em_valuation_building":"3500."},"votes":1,"confidence":0.3333333333333333,"instances":[{"created":"2016-01-20T22:41:08Z","user_id":"569fdb7a3234330003380000","duration":9.083}]}],"region":{"x":853.0523198420533,"y":627.0063311618194,"width":108.98617966436325,"height":83.42144320178704,"label":"Valuation","shape":"rectangle"},"task_key":"em_record_valuation_ground_building","instructions":{"mark":"Valuation","transcribe":"Sometimes valuations include itemized dollar values for \"ground\" and \"building\". Enter these amounts if you can find them. In the next screen, you'll enter the total valuation."}},{"id":"580d6be961643900035a3101","status":"awaiting_transcriptions","name":"Total Value","created_in_workflow":"transcribe","confidence":0.3333333333333333,"data":{"value":""},"versions":[{"data":{"value":""},"votes":1,"confidence":0.3333333333333333,"instances":[{"created":"2016-01-20T22:41:08Z","user_id":"569fdb7a3234330003380000","duration":0.541}]}],"region":{"x":853.0523198420533,"y":627.0063311618194,"width":108.98617966436325,"height":83.42144320178704,"label":"Valuation","shape":"rectangle"},"task_key":"em_record_valuation_total","instructions":{"mark":"Valuation","transcribe":"Enter the valuation ***total*** (if one is given)"}},{"id":"580d6be961643900035b3101","status":"awaiting_transcriptions","name":"Amount Loaned","created_in_workflow":"transcribe","confidence":0.3333333333333333,"data":{"value":"$3000."},"versions":[{"data":{"value":"$3000."},"votes":1,"confidence":0.3333333333333333,"instances":[{"created":"2016-01-20T22:41:53Z","user_id":"569fdb7a3234330003380000","duration":7.977}]},{"data":{"value":"$3,000"},"votes":1,"confidence":0.3333333333333333,"instances":[{"created":"2016-01-21T15:40:14Z","user_id":"56a0fa8c32343300033e0800","duration":16.067}]}],"region":{"x":855.7433366238894,"y":717.1553101056861,"width":100.91312931885489,"height":30.946664413566168,"label":"Amount Loaned","shape":"rectangle"},"task_key":"em_record_amount_loaned","instructions":{"mark":"Amount Loaned","transcribe":"Enter the Amount Loaned"}},{"id":"580d6be961643900035c3101","status":"complete","name":"Record Number","created_in_workflow":"transcribe","confidence":1.0,"data":{"value":"3746"},"versions":[{"data":{"value":"3746"},"votes":3,"confidence":1.0,"instances":[{"created":"2016-01-20T22:40:35Z","user_id":"569fdb7a3234330003380000","duration":5.227},{"created":"2016-01-21T04:07:58Z","user_id":"56a056f33234330003950500","duration":2.493},{"created":"2016-01-21T15:32:06Z","user_id":"56a0eec23234330003b10700","duration":4.773}]}],"region":{"x":748.1026653504442,"y":103.60405042802594,"width":111.67719644619933,"height":43.05622874930947,"label":"Record Number","shape":"rectangle"},"task_key":"em_record_number","instructions":{"mark":"Record Number","transcribe":"Enter the record number"}},{"id":"580d6be961643900035d3101","status":"complete","name":"Mortgager","created_in_workflow":"transcribe","confidence":1.0,"data":{"value":"Arthur J Mathews"},"versions":[{"data":{"value":"Arthur J Mathews"},"votes":3,"confidence":1.0,"instances":[{"created":"2016-01-20T22:41:18Z","user_id":"569fdb7a3234330003380000","duration":9.54},{"created":"2016-01-21T15:33:15Z","user_id":"56a0eec23234330003b10700","duration":10.134},{"created":"2016-01-21T15:39:58Z","user_id":"56a0fa8c32343300033e0800","duration":38.822}]}],"region":{"x":187.02566633761106,"y":664.6805313174651,"width":258.33761105626843,"height":49.78376449138909,"label":"Mortgager Name","shape":"rectangle"},"task_key":"em_record_mortgager","instructions":{"mark":"Mortgager Name","transcribe":"Enter the mortgager's name"}},{"id":"580d6be961643900035e3101","status":"awaiting_votes","name":"Record Date","created_in_workflow":"verify","confidence":0.3333333333333333,"data":{"value":"Sept 8/91"},"versions":[{"data":{"value":"Sept 8/91"},"votes":1,"confidence":0.3333333333333333,"instances":[{"created":"2016-09-21T17:16:11Z","user_id":"57c49a363234370003600200","duration":4.756}]}],"region":{"x":240.84600197433366,"y":614.896766826076,"width":134.5508390918065,"height":53.82028593663688,"label":"Record Date","shape":"rectangle"},"task_key":"em_transcribed_date","instructions":{"mark":"Record Date","transcribe":"Enter the record date","verify":"Choose the best transcription or enter your own!"}}]}],"export_document":{"name":"Record","export_fields":[{"name":"Mortgager","value":"Arthur J Mathews","original_value":{"value":"Arthur J Mathews"},"assertion_ids":["580d6be961643900035d3101"]},{"name":"Street Address","value":"417 Union St  B'k","original_value":{"value":"417 Union St  B'k"},"assertion_ids":["580d6be961643900034f3101"]},{"name":"Record Date","value":"1891-09-08T00:00:00Z","original_value":{"value":"Sept 8/91"},"assertion_ids":["580d6be961643900035e3101"]},{"name":"Land \u0026 Building Dimensions","value":{"em_survey_land_dimensions":[20,100],"em_survey_building_dimensions":[20,42]},"original_value":{"em_survey_land_dimensions":"20 x 100","em_survey_building_dimensions":"20 x 42"},"assertion_ids":["580d6be96164390003523101"]},{"name":"Amount Loaned","value":3000.0,"original_value":{"value":"$3000."},"assertion_ids":["580d6be961643900035b3101"]},{"name":"Stories \u0026 Materials","value":{"em_record_stories":null},"original_value":{"em_record_stories":""},"assertion_ids":["580d6be96164390003503101"]},{"name":"Valuation","value":null,"original_value":null,"assertion_ids":null},{"name":"Record Number","value":3746,"original_value":{"value":"3746"},"assertion_ids":["580d6be961643900035c3101"]},{"name":"Additional Info","value":"","original_value":{"value":""},"assertion_ids":["580d6be96164390003513101"]}]}}