{"id":"56b10ad47061755afbb6d200","meta_data":{"capture_uuid":"155fc450-02e7-0133-522c-58d385a7bbd0","page_uri":"http://digitalcollections.nypl.org/items/155fc450-02e7-0133-522c-58d385a7bbd0","book_uri":"http://digitalcollections.nypl.org/items/109c0900-02e7-0133-03cf-58d385a7bbd0","source_rotated":"1.03502","source_x":"0","source_y":"0","source_w":"1373.79","source_h":"886.0799999999999"},"type":"final_subject_set","search_terms_by_field":{"Record Number":["4170","4170"],"Land \u0026 Building Dimensions":["20x90","20x55"],"Stories \u0026 Materials":["4","br."],"Additional Info":[],"Record Date":["4170","June 11/94"],"Valuation Date":[],"Land \u0026 Building Value":["$3000","5000"],"Total Value":[],"Mortgager":["Ellen B. Jefferies"],"Street Address":["827 Union St. Bk"],"Amount Loaned":["$4000.-"]},"subjects":[{"id":"580d6daf6164390003e64201","type":"root","location":{"standard":"https://s3.amazonaws.com/scribe.nypl.org/emigrant-s4/full/155fc450-02e7-0133-522c-58d385a7bbd0.left-top.jpg","thumbnail":"https://s3.amazonaws.com/scribe.nypl.org/emigrant-s4/thumb/155fc450-02e7-0133-522c-58d385a7bbd0.left-top.jpg"},"status":"retired","width":1373,"height":886,"meta_data":{"capture_uuid":"155fc450-02e7-0133-522c-58d385a7bbd0","page_uri":"http://digitalcollections.nypl.org/items/155fc450-02e7-0133-522c-58d385a7bbd0","book_uri":"http://digitalcollections.nypl.org/items/109c0900-02e7-0133-03cf-58d385a7bbd0","source_rotated":"1.03502","source_x":"0","source_y":"0","source_w":"1373.79","source_h":"886.0799999999999"},"assertions":[{"id":"580d6daf6164390003e74201","status":"awaiting_transcriptions","name":"Record Number","created_in_workflow":"transcribe","confidence":0.6666666666666666,"data":{"value":"4170"},"versions":[{"data":{"value":"4170"},"votes":2,"confidence":0.6666666666666666,"instances":[{"created":"2016-01-08T00:47:06Z","user_id":"5668b33530333000032d0500","duration":4.057},{"created":"2016-01-08T20:37:22Z","user_id":"569019ac6635330003890300","duration":7.329}]}],"region":{"x":689.3723645355217,"y":91.91672154399473,"width":229.79179260010642,"height":71.80993870624587,"label":"Record Number","shape":"rectangle"},"task_key":"em_record_number","instructions":{"mark":"Record Number","transcribe":"Enter the record number"}},{"id":"580d6daf6164390003e84201","status":"awaiting_transcriptions","name":"Land \u0026 Building Dimensions","created_in_workflow":"transcribe","confidence":0.3333333333333333,"data":{"em_survey_land_dimensions":"20x90","em_survey_building_dimensions":"20x55"},"versions":[{"data":{"em_survey_land_dimensions":"20x90","em_survey_building_dimensions":"20x55"},"votes":1,"confidence":0.3333333333333333,"instances":[{"created":"2016-01-08T00:48:28Z","user_id":"5668b33530333000032d0500","duration":4.417}]}],"region":{"x":226.9163819278076,"y":749.695760093207,"width":382.0288551976769,"height":84.73572767337009,"label":"Dimension \u0026 Description","shape":"rectangle"},"task_key":"em_record_survey","instructions":{"mark":"Dimension \u0026 Description","transcribe":"Enter, as they appear, any land and building dimensions that were recorded. In the next screen, you'll enter the descriptive information."}},{"id":"580d6daf6164390003e94201","status":"awaiting_transcriptions","name":"Stories \u0026 Materials","created_in_workflow":"transcribe","confidence":0.3333333333333333,"data":{"em_record_stories":"4","em_record_material":"br."},"versions":[{"data":{"em_record_stories":"4","em_record_material":"br."},"votes":1,"confidence":0.3333333333333333,"instances":[{"created":"2016-01-08T00:48:30Z","user_id":"5668b33530333000032d0500","duration":1.549}]}],"region":{"x":226.9163819278076,"y":749.695760093207,"width":382.0288551976769,"height":84.73572767337009,"label":"Dimension \u0026 Description","shape":"rectangle"},"task_key":"em_record_survey_stories_materials","instructions":{"mark":"Dimension \u0026 Description","transcribe":"Enter, as they appear, the number of stories and the building materials."}},{"id":"580d6daf6164390003ea4201","status":"awaiting_transcriptions","name":"Additional Info","created_in_workflow":"transcribe","confidence":0.3333333333333333,"data":{"value":""},"versions":[{"data":{"value":""},"votes":1,"confidence":0.3333333333333333,"instances":[{"created":"2016-01-08T00:48:30Z","user_id":"5668b33530333000032d0500","duration":0.763}]}],"region":{"x":226.9163819278076,"y":749.695760093207,"width":382.0288551976769,"height":84.73572767337009,"label":"Dimension \u0026 Description","shape":"rectangle"},"task_key":"em_record_survey_additional_info","instructions":{"mark":"Dimension \u0026 Description","transcribe":"Enter any additional information you find about the building's construction or significance."}},{"id":"580d6daf6164390003eb4201","status":"awaiting_transcriptions","name":"Record Date","created_in_workflow":"transcribe","confidence":0.6666666666666666,"data":{"value":"4170"},"versions":[{"data":{"value":"4170"},"votes":2,"confidence":0.6666666666666666,"instances":[{"created":"2015-12-28T08:42:05Z","user_id":"5680ee916339300003ec0200","duration":5.247},{"created":"2015-12-28T11:59:22Z","user_id":"56748e5e3564620003fd0100","duration":4.263}]}],"region":{"x":690.378589874028,"y":97.51904473411636,"width":181.7400359734345,"height":62.0575739217104,"label":"Record Date","shape":"rectangle"},"task_key":"em_record_date","instructions":{"mark":"Record Date","transcribe":"Enter the record date"}},{"id":"580d6daf6164390003ec4201","status":"awaiting_transcriptions","name":"Valuation Date","created_in_workflow":"transcribe","confidence":0.3333333333333333,"data":{"value":""},"versions":[{"data":{"value":""},"votes":1,"confidence":0.3333333333333333,"instances":[{"created":"2016-01-08T00:47:11Z","user_id":"5668b33530333000032d0500","duration":1.428}]}],"region":{"x":776.9804854643123,"y":616.1292740995897,"width":270.0053563051249,"height":100.53391418874423,"label":"Valuation","shape":"rectangle"},"task_key":"em_record_valuation","instructions":{"mark":"Valuation","transcribe":"Enter the date of the valuation (if one is given). In the next screen, you'll enter the valuation's dollar amounts."}},{"id":"580d6daf6164390003ed4201","status":"awaiting_transcriptions","name":"Land \u0026 Building Value","created_in_workflow":"transcribe","confidence":0.3333333333333333,"data":{"em_valuation_ground":"$3000","em_valuation_building":"5000"},"versions":[{"data":{"em_valuation_ground":"$3000","em_valuation_building":"5000"},"votes":1,"confidence":0.3333333333333333,"instances":[{"created":"2016-01-08T00:47:15Z","user_id":"5668b33530333000032d0500","duration":3.12}]}],"region":{"x":776.9804854643123,"y":616.1292740995897,"width":270.0053563051249,"height":100.53391418874423,"label":"Valuation","shape":"rectangle"},"task_key":"em_record_valuation_ground_building","instructions":{"mark":"Valuation","transcribe":"Sometimes valuations include itemized dollar values for \"ground\" and \"building\". Enter these amounts if you can find them. In the next screen, you'll enter the total valuation."}},{"id":"580d6daf6164390003ee4201","status":"awaiting_transcriptions","name":"Total Value","created_in_workflow":"transcribe","confidence":0.3333333333333333,"data":{"value":""},"versions":[{"data":{"value":""},"votes":1,"confidence":0.3333333333333333,"instances":[{"created":"2016-01-08T00:47:15Z","user_id":"5668b33530333000032d0500","duration":0.482}]}],"region":{"x":776.9804854643123,"y":616.1292740995897,"width":270.0053563051249,"height":100.53391418874423,"label":"Valuation","shape":"rectangle"},"task_key":"em_record_valuation_total","instructions":{"mark":"Valuation","transcribe":"Enter the valuation ***total*** (if one is given)"}},{"id":"580d6daf6164390003ef4201","status":"complete","name":"Record Number","created_in_workflow":"transcribe","confidence":1.0,"data":{"value":"4170"},"versions":[{"data":{"value":"4170"},"votes":3,"confidence":1.0,"instances":[{"created":"2016-01-20T06:06:02Z","user_id":"569f1e8a3237350003440400","duration":2.573},{"created":"2016-01-20T19:09:52Z","user_id":"569fdb7a3234330003380000","duration":6.006},{"created":"2016-01-20T19:12:57Z","user_id":"569fd6d23234330003050000","duration":7.78}]}],"region":{"x":687.3925721267034,"y":98.94502774215685,"width":197.88908969681233,"height":62.22316177599555,"label":"Record Number","shape":"rectangle"},"task_key":"em_record_number","instructions":{"mark":"Record Number","transcribe":"Enter the record number"}},{"id":"580d6daf6164390003f04201","status":"awaiting_votes","name":"Mortgager","created_in_workflow":"verify","confidence":0.3333333333333333,"data":{"value":"Ellen B. Jefferies"},"versions":[{"data":{"value":"Ellen B. Jefferies"},"votes":1,"confidence":0.3333333333333333,"instances":[{"created":"2016-09-19T20:42:02Z","user_id":"57c49a363234370003600200","duration":8.094}]}],"region":{"x":196.75620914904366,"y":647.7256471303378,"width":294.42073426888635,"height":68.93754115799607,"label":"Mortgager Name","shape":"rectangle"},"task_key":"em_transcribed_mortgager","instructions":{"mark":"Mortgager Name","transcribe":"Enter the mortgager's name","verify":"Choose the best transcription or enter your own!"}},{"id":"580d6daf6164390003f14201","status":"awaiting_votes","name":"Street Address","created_in_workflow":"verify","confidence":0.3333333333333333,"data":{"value":"827 Union St. Bk"},"versions":[{"data":{"value":"827 Union St. Bk"},"votes":1,"confidence":0.3333333333333333,"instances":[{"created":"2016-09-19T20:42:30Z","user_id":"57c49a363234370003600200","duration":27.985}]}],"region":{"x":201.06480526029566,"y":689.3754115799604,"width":374.84786167892355,"height":68.93754115799607,"label":"Street Address","shape":"rectangle"},"task_key":"em_transcribed_address","instructions":{"mark":"Street Address","transcribe":"Enter the street address","verify":"Choose the best transcription or enter your own!"}},{"id":"580d6daf6164390003f24201","status":"complete","name":"Record Date","created_in_workflow":"transcribe","confidence":1.0,"data":{"value":"June 11/94"},"versions":[{"data":{"value":"June 11/94"},"votes":3,"confidence":1.0,"instances":[{"created":"2016-01-08T00:47:10Z","user_id":"5668b33530333000032d0500","duration":3.887},{"created":"2016-01-08T20:37:59Z","user_id":"569019ac6635330003890300","duration":8.742},{"created":"2016-01-08T20:40:49Z","user_id":"56901cdd6635330003030400","duration":6.23}]}],"region":{"x":222.60778581655563,"y":597.4586900359657,"width":261.388164082621,"height":80.42713135099541,"label":"Record Date","shape":"rectangle"},"task_key":"em_record_date","instructions":{"mark":"Record Date","transcribe":"Enter the record date"}},{"id":"580d6daf6164390003f34201","status":"awaiting_votes","name":"Amount Loaned","created_in_workflow":"verify","confidence":0.3333333333333333,"data":{"value":"$4000.-"},"versions":[{"data":{"value":"$4000.-"},"votes":1,"confidence":0.3333333333333333,"instances":[{"created":"2016-09-19T20:42:34Z","user_id":"57c49a363234370003600200","duration":3.688}]}],"region":{"x":788.4700750943176,"y":702.3012005470847,"width":212.55740815509841,"height":51.70315586849699,"label":"Amount Loaned","shape":"rectangle"},"task_key":"em_transcribed_amount_loaned","instructions":{"mark":"Amount Loaned","transcribe":"Enter the Amount Loaned","verify":"Choose the best transcription or enter your own!"}}]}],"export_document":{"name":"Record","export_fields":[{"name":"Mortgager","value":"Ellen B. Jefferies","original_value":{"value":"Ellen B. Jefferies"},"assertion_ids":["580d6daf6164390003f04201"]},{"name":"Street Address","value":"827 Union St. Bk","original_value":{"value":"827 Union St. Bk"},"assertion_ids":["580d6daf6164390003f14201"]},{"name":"Record Date","value":"1894-06-11T00:00:00Z","original_value":{"value":"June 11/94"},"assertion_ids":["580d6daf6164390003f24201"]},{"name":"Land \u0026 Building Dimensions","value":{"em_survey_land_dimensions":[20,90],"em_survey_building_dimensions":[20,55]},"original_value":{"em_survey_land_dimensions":"20x90","em_survey_building_dimensions":"20x55"},"assertion_ids":["580d6daf6164390003e84201"]},{"name":"Amount Loaned","value":4000.0,"original_value":{"value":"$4000.-"},"assertion_ids":["580d6daf6164390003f34201"]},{"name":"Stories \u0026 Materials","value":{"em_record_stories":4,"em_record_material":"br."},"original_value":{"em_record_stories":"4","em_record_material":"br."},"assertion_ids":["580d6daf6164390003e94201"]},{"name":"Valuation","value":null,"original_value":null,"assertion_ids":null},{"name":"Record Number","value":4170,"original_value":{"value":"4170"},"assertion_ids":["580d6daf6164390003ef4201"]},{"name":"Additional Info","value":"","original_value":{"value":""},"assertion_ids":["580d6daf6164390003ea4201"]}]}}