{"id":"56b109cc7061755afb6cbe00","meta_data":{"capture_uuid":"1194f0f0-02e7-0133-3257-58d385a7bbd0","page_uri":"http://digitalcollections.nypl.org/items/1194f0f0-02e7-0133-3257-58d385a7bbd0","book_uri":"http://digitalcollections.nypl.org/items/109c0900-02e7-0133-03cf-58d385a7bbd0","source_rotated":"-0.895174","source_x":"1216.33","source_y":"863.39","source_w":"1371.67","source_h":"973.61"},"type":"final_subject_set","search_terms_by_field":{"Record Number":["3797"],"Mortgager":["Ella M Sanger"],"Street Address":["507 E 16"],"Land \u0026 Building Dimensions":["23.9 x 92","23.9 x 50"],"Stories \u0026 Materials":["5","brick"],"Additional Info":[],"Record Date":["Nov 30/91"],"Amount Loaned":["$6500"]},"subjects":[{"id":"580d8b2861643900039d6a02","type":"root","location":{"standard":"https://s3.amazonaws.com/scribe.nypl.org/emigrant-s4/full/1194f0f0-02e7-0133-3257-58d385a7bbd0.right-bottom.jpg","thumbnail":"https://s3.amazonaws.com/scribe.nypl.org/emigrant-s4/thumb/1194f0f0-02e7-0133-3257-58d385a7bbd0.right-bottom.jpg"},"status":"retired","width":1371,"height":973,"meta_data":{"capture_uuid":"1194f0f0-02e7-0133-3257-58d385a7bbd0","page_uri":"http://digitalcollections.nypl.org/items/1194f0f0-02e7-0133-3257-58d385a7bbd0","book_uri":"http://digitalcollections.nypl.org/items/109c0900-02e7-0133-03cf-58d385a7bbd0","source_rotated":"-0.895174","source_x":"1216.33","source_y":"863.39","source_w":"1371.67","source_h":"973.61"},"assertions":[{"id":"580d8b2861643900039e6a02","status":"complete","name":"Record Number","created_in_workflow":"transcribe","confidence":1.0,"data":{"value":"3797"},"versions":[{"data":{"value":"3797"},"votes":3,"confidence":1.0,"instances":[{"created":"2015-11-12T21:52:23Z","user_id":"5644ff4061353000039c1700","duration":3.966},{"created":"2015-11-12T22:27:08Z","user_id":"5644d1ee6135300003541200","duration":6.714},{"created":"2015-11-13T00:16:41Z","user_id":"56452a2f6334620003cf0a00","duration":7.844}]}],"region":{"x":837.5440247660044,"y":49.522895331640484,"width":110.34049196740386,"height":49.522895331640484,"label":"Record Number","shape":"rectangle"},"task_key":"em_record_number","instructions":{"mark":"Record Number","transcribe":"Enter the record number"}},{"id":"580d8b2861643900039f6a02","status":"complete","name":"Mortgager","created_in_workflow":"transcribe","confidence":1.0,"data":{"value":"Ella M Sanger"},"versions":[{"data":{"value":"Ella M Sanger"},"votes":3,"confidence":1.0,"instances":[{"created":"2015-11-12T21:54:03Z","user_id":"5644d1ee6135300003541200","duration":11.858},{"created":"2015-11-13T00:07:56Z","user_id":"564524da6334620003840a00","duration":9.825},{"created":"2015-11-13T01:50:39Z","user_id":"563a26043732630003b30100","duration":8.139}]}],"region":{"x":275.41569167222224,"y":628.1588302592293,"width":274.54799576141454,"height":41.70349080559197,"label":"Mortgager Name","shape":"rectangle"},"task_key":"em_record_mortgager","instructions":{"mark":"Mortgager Name","transcribe":"Enter the mortgager's name"}},{"id":"580d8b286164390003a06a02","status":"complete","name":"Street Address","created_in_workflow":"transcribe","confidence":1.0,"data":{"value":"507 E 16"},"versions":[{"data":{"value":"507 E 16"},"votes":3,"confidence":1.0,"instances":[{"created":"2015-11-12T21:54:15Z","user_id":"5644d1ee6135300003541200","duration":12.474},{"created":"2015-11-13T00:08:22Z","user_id":"564524da6334620003840a00","duration":6.911},{"created":"2016-08-30T20:16:32Z","user_id":"57c49a363234370003600200","duration":13.828}]}],"region":{"x":317.1191846992725,"y":669.8623210648212,"width":211.12393344944218,"height":43.44113625582497,"label":"Street Address","shape":"rectangle"},"task_key":"em_record_street_address","instructions":{"mark":"Street Address","transcribe":"Enter the street address"}},{"id":"580d8b286164390003a16a02","status":"awaiting_votes","name":"Land \u0026 Building Dimensions","created_in_workflow":"transcribe","confidence":0.8571428571428571,"data":{"em_survey_land_dimensions":"23.9 x 92","em_survey_building_dimensions":"23.9 x 50"},"versions":[{"data":{"em_survey_land_dimensions":"23.9 x 92","em_survey_building_dimensions":"23.9 x 50"},"votes":6,"confidence":0.8571428571428571,"instances":[{"created":"2015-11-12T20:38:58Z","user_id":"563ff09d32643400030da100","duration":164.883},{"created":"2016-08-29T19:00:07Z","user_id":"5750d4e061323000033d0000","duration":21.535},{"created":"2016-08-30T20:17:47Z","user_id":"57c49a363234370003600200","duration":22.02},{"created":"2016-08-31T16:33:59Z","user_id":"57c706323533640003ff0100","duration":15.484},{"created":"2016-09-01T16:51:16Z","user_id":"57c85be83530620003300000","duration":13.096},{"created":"2016-09-01T17:05:20Z","user_id":"57bcfdbd66646100031a0000","duration":23.202}]},{"data":{"em_survey_land_dimensions":"23.9x92","em_survey_building_dimensions":"23.9x50"},"votes":1,"confidence":0.14285714285714285,"instances":[{"created":"2016-08-31T18:11:38Z","user_id":"57c71e593533640003da0200","duration":108.306}]}],"region":{"x":167.68166801900898,"y":714.1722800457627,"width":573.4230291219417,"height":76.45639981025204,"label":"Dimension \u0026 Description","shape":"rectangle"},"task_key":"em_record_survey","instructions":{"mark":"Dimension \u0026 Description","transcribe":"Enter, as they appear, any land and building dimensions that were recorded. In the next screen, you'll enter the descriptive information."}},{"id":"580d8b286164390003a26a02","status":"awaiting_votes","name":"Stories \u0026 Materials","created_in_workflow":"transcribe","confidence":0.8571428571428571,"data":{"em_record_stories":"5","em_record_material":"brick"},"versions":[{"data":{"em_record_stories":"5","em_record_material":"brick"},"votes":6,"confidence":0.8571428571428571,"instances":[{"created":"2015-11-12T20:39:03Z","user_id":"563ff09d32643400030da100","duration":4.311},{"created":"2016-08-29T19:00:16Z","user_id":"5750d4e061323000033d0000","duration":8.094},{"created":"2016-08-30T20:17:55Z","user_id":"57c49a363234370003600200","duration":7.802},{"created":"2016-08-31T18:11:48Z","user_id":"57c71e593533640003da0200","duration":10.438},{"created":"2016-09-01T16:51:21Z","user_id":"57c85be83530620003300000","duration":5.222},{"created":"2016-09-01T17:05:32Z","user_id":"57bcfdbd66646100031a0000","duration":12.013}]},{"data":{"em_record_stories":"5","em_record_material":"Brick"},"votes":1,"confidence":0.14285714285714285,"instances":[{"created":"2016-08-31T16:34:05Z","user_id":"57c706323533640003ff0100","duration":5.558}]}],"region":{"x":167.68166801900898,"y":714.1722800457627,"width":573.4230291219417,"height":76.45639981025204,"label":"Dimension \u0026 Description","shape":"rectangle"},"task_key":"em_record_survey_stories_materials","instructions":{"mark":"Dimension \u0026 Description","transcribe":"Enter, as they appear, the number of stories and the building materials."}},{"id":"580d8b286164390003a36a02","status":"complete","name":"Additional Info","created_in_workflow":"transcribe","confidence":1.0,"data":{"value":""},"versions":[{"data":{"value":""},"votes":3,"confidence":1.0,"instances":[{"created":"2016-08-29T19:00:17Z","user_id":"5750d4e061323000033d0000","duration":2.057},{"created":"2016-09-01T16:51:28Z","user_id":"57c85be83530620003300000","duration":7.208},{"created":"2016-09-01T17:05:38Z","user_id":"57bcfdbd66646100031a0000","duration":6.38}]}],"region":{"x":167.68166801900898,"y":714.1722800457627,"width":573.4230291219417,"height":76.45639981025204,"label":"Dimension \u0026 Description","shape":"rectangle"},"task_key":"em_record_survey_additional_info","instructions":{"mark":"Dimension \u0026 Description","transcribe":"Enter any additional information you find about the building's construction or significance."}},{"id":"580d8b286164390003a46a02","status":"complete","name":"Record Date","created_in_workflow":"verify","confidence":1.0,"data":{"value":"Nov 30/91"},"versions":[{"data":{"value":"Nov 30/91"},"votes":3,"confidence":1.0,"instances":[{"created":"2015-11-30T03:56:49Z","user_id":"5647496e3562310003960400","duration":7.251},{"created":"2015-12-19T11:51:14Z","user_id":"56748e5e3564620003fd0100","duration":4.678},{"created":"2015-12-19T23:29:43Z","user_id":"5668bbbe3064310003db0500","duration":5.015}]}],"region":{"x":309.2997797567006,"y":577.7671122024723,"width":199.8292374212827,"height":49.522895331640484,"label":"Record Date","shape":"rectangle"},"task_key":"em_transcribed_date","instructions":{"mark":"Record Date","transcribe":"Enter the record date","verify":"Choose the best transcription or enter your own!"}},{"id":"580d8b286164390003a56a02","status":"complete","name":"Amount Loaned","created_in_workflow":"transcribe","confidence":1.0,"data":{"value":"$6500"},"versions":[{"data":{"value":"$6500"},"votes":3,"confidence":1.0,"instances":[{"created":"2015-11-12T22:04:18Z","user_id":"5644ff4061353000039c1700","duration":4.581},{"created":"2015-11-13T00:08:15Z","user_id":"564524da6334620003840a00","duration":9.537},{"created":"2015-11-13T01:50:44Z","user_id":"563a26043732630003b30100","duration":5.141}]}],"region":{"x":953.9662761331865,"y":662.9117392638893,"width":112.07813751019762,"height":36.49055445489296,"label":"Amount Loaned","shape":"rectangle"},"task_key":"em_record_amount_loaned","instructions":{"mark":"Amount Loaned","transcribe":"Enter the Amount Loaned"}}]}],"export_document":{"name":"Record","export_fields":[{"name":"Mortgager","value":"Ella M Sanger","original_value":{"value":"Ella M Sanger"},"assertion_ids":["580d8b2861643900039f6a02"]},{"name":"Street Address","value":"507 E 16","original_value":{"value":"507 E 16"},"assertion_ids":["580d8b286164390003a06a02"]},{"name":"Record Date","value":"1891-11-30T00:00:00Z","original_value":{"value":"Nov 30/91"},"assertion_ids":["580d8b286164390003a46a02"]},{"name":"Land \u0026 Building Dimensions","value":{"em_survey_land_dimensions":[23.75,92],"em_survey_building_dimensions":[23.75,50]},"original_value":{"em_survey_land_dimensions":"23.9 x 92","em_survey_building_dimensions":"23.9 x 50"},"assertion_ids":["580d8b286164390003a16a02"]},{"name":"Amount Loaned","value":6500.0,"original_value":{"value":"$6500"},"assertion_ids":["580d8b286164390003a56a02"]},{"name":"Stories \u0026 Materials","value":{"em_record_stories":5,"em_record_material":"brick"},"original_value":{"em_record_stories":"5","em_record_material":"brick"},"assertion_ids":["580d8b286164390003a26a02"]},{"name":"Record Number","value":3797,"original_value":{"value":"3797"},"assertion_ids":["580d8b2861643900039e6a02"]},{"name":"Additional Info","value":"","original_value":{"value":""},"assertion_ids":["580d8b286164390003a36a02"]}]}}