{"id":"56b10a557061755afb05c900","meta_data":{"capture_uuid":"1374cd40-02e7-0133-9b90-58d385a7bbd0","page_uri":"http://digitalcollections.nypl.org/items/1374cd40-02e7-0133-9b90-58d385a7bbd0","book_uri":"http://digitalcollections.nypl.org/items/109c0900-02e7-0133-03cf-58d385a7bbd0","source_rotated":"1.00705","source_x":"1219.18","source_y":"871.85","source_w":"1374.82","source_h":"983.15"},"type":"final_subject_set","search_terms_by_field":{"Mortgager":["William E. Nunn"],"Land \u0026 Building Dimensions":["27 x 80 x 25 x 90","22 x 30","27 x 80 x 25 x 90","22 x 30"],"Stories \u0026 Materials":["2","Frame","2","Frame"],"Additional Info":[],"Land \u0026 Building Value":[],"Total Value":["4000"],"Record Number":["3993"],"Street Address":["504 W 130 St"],"Record Date":["Jany 30/93"],"Amount Loaned":["$1600."]},"subjects":[{"id":"580da1cc616439000381fb02","type":"root","location":{"standard":"https://s3.amazonaws.com/scribe.nypl.org/emigrant-s4/full/1374cd40-02e7-0133-9b90-58d385a7bbd0.right-bottom.jpg","thumbnail":"https://s3.amazonaws.com/scribe.nypl.org/emigrant-s4/thumb/1374cd40-02e7-0133-9b90-58d385a7bbd0.right-bottom.jpg"},"status":"retired","width":1374,"height":983,"meta_data":{"capture_uuid":"1374cd40-02e7-0133-9b90-58d385a7bbd0","page_uri":"http://digitalcollections.nypl.org/items/1374cd40-02e7-0133-9b90-58d385a7bbd0","book_uri":"http://digitalcollections.nypl.org/items/109c0900-02e7-0133-03cf-58d385a7bbd0","source_rotated":"1.00705","source_x":"1219.18","source_y":"871.85","source_w":"1374.82","source_h":"983.15"},"assertions":[{"id":"580da1cc616439000382fb02","status":"awaiting_transcriptions","name":"Mortgager","created_in_workflow":"transcribe","confidence":0.3333333333333333,"data":{"value":"William E. Nunn"},"versions":[{"data":{"value":"William E. Nunn"},"votes":1,"confidence":0.3333333333333333,"instances":[{"created":"2016-01-18T05:07:49Z","user_id":"569c70573639390003800600","duration":10.707}]},{"data":{"value":"Wm E Munn"},"votes":1,"confidence":0.3333333333333333,"instances":[{"created":"2016-01-18T18:07:25Z","user_id":"569d25b93134350003ac0800","duration":89.243}]}],"region":{"x":121.18827102448138,"y":634.5806619190892,"width":355.4196485541446,"height":51.74692092902444,"label":"Mortgager Name","shape":"rectangle"},"task_key":"em_record_mortgager","instructions":{"mark":"Mortgager Name","transcribe":"Enter the mortgager's name"}},{"id":"580da1cc616439000383fb02","status":"awaiting_transcriptions","name":"Land \u0026 Building Dimensions","created_in_workflow":"transcribe","confidence":0.3333333333333333,"data":{"em_survey_land_dimensions":"27 x 80 x 25 x 90","em_survey_building_dimensions":"22 x 30"},"versions":[{"data":{"em_survey_land_dimensions":"27 x 80 x 25 x 90","em_survey_building_dimensions":"22 x 30"},"votes":1,"confidence":0.3333333333333333,"instances":[{"created":"2016-01-17T20:10:04Z","user_id":"569be96f31343500038e0000","duration":8.767}]}],"region":{"x":117.10298770776707,"y":719.0098486980237,"width":563.7690977065741,"height":114.38793047468562,"label":"Dimension \u0026 Description","shape":"rectangle"},"task_key":"em_record_survey","instructions":{"mark":"Dimension \u0026 Description","transcribe":"Enter, as they appear, any land and building dimensions that were recorded. In the next screen, you'll enter the descriptive information."}},{"id":"580da1cc616439000384fb02","status":"awaiting_transcriptions","name":"Stories \u0026 Materials","created_in_workflow":"transcribe","confidence":0.3333333333333333,"data":{"em_record_stories":"2","em_record_material":"Frame"},"versions":[{"data":{"em_record_stories":"2","em_record_material":"Frame"},"votes":1,"confidence":0.3333333333333333,"instances":[{"created":"2016-01-17T20:10:07Z","user_id":"569be96f31343500038e0000","duration":2.722}]}],"region":{"x":117.10298770776707,"y":719.0098486980237,"width":563.7690977065741,"height":114.38793047468562,"label":"Dimension \u0026 Description","shape":"rectangle"},"task_key":"em_record_survey_stories_materials","instructions":{"mark":"Dimension \u0026 Description","transcribe":"Enter, as they appear, the number of stories and the building materials."}},{"id":"580da1cc616439000385fb02","status":"awaiting_transcriptions","name":"Additional Info","created_in_workflow":"transcribe","confidence":0.3333333333333333,"data":{"value":""},"versions":[{"data":{"value":""},"votes":1,"confidence":0.3333333333333333,"instances":[{"created":"2016-01-17T20:10:07Z","user_id":"569be96f31343500038e0000","duration":0.476}]}],"region":{"x":117.10298770776707,"y":719.0098486980237,"width":563.7690977065741,"height":114.38793047468562,"label":"Dimension \u0026 Description","shape":"rectangle"},"task_key":"em_record_survey_additional_info","instructions":{"mark":"Dimension \u0026 Description","transcribe":"Enter any additional information you find about the building's construction or significance."}},{"id":"580da1cc616439000386fb02","status":"awaiting_transcriptions","name":"Land \u0026 Building Dimensions","created_in_workflow":"transcribe","confidence":0.3333333333333333,"data":{"em_survey_land_dimensions":"27 x 80 x 25 x 90","em_survey_building_dimensions":"22 x 30"},"versions":[{"data":{"em_survey_land_dimensions":"27 x 80 x 25 x 90","em_survey_building_dimensions":"22 x 30"},"votes":1,"confidence":0.3333333333333333,"instances":[{"created":"2016-01-17T20:08:49Z","user_id":"569be96f31343500038e0000","duration":40.52}]}],"region":{"x":555.5900637017692,"y":142.984913093357,"width":262.81989337528705,"height":245.11699387432625,"label":"Dimension \u0026 Description","shape":"rectangle"},"task_key":"em_record_survey","instructions":{"mark":"Dimension \u0026 Description","transcribe":"Enter, as they appear, any land and building dimensions that were recorded. In the next screen, you'll enter the descriptive information."}},{"id":"580da1cc616439000387fb02","status":"awaiting_transcriptions","name":"Stories \u0026 Materials","created_in_workflow":"transcribe","confidence":0.3333333333333333,"data":{"em_record_stories":"2","em_record_material":"Frame"},"versions":[{"data":{"em_record_stories":"2","em_record_material":"Frame"},"votes":1,"confidence":0.3333333333333333,"instances":[{"created":"2016-01-17T20:09:08Z","user_id":"569be96f31343500038e0000","duration":19.485}]}],"region":{"x":555.5900637017692,"y":142.984913093357,"width":262.81989337528705,"height":245.11699387432625,"label":"Dimension \u0026 Description","shape":"rectangle"},"task_key":"em_record_survey_stories_materials","instructions":{"mark":"Dimension \u0026 Description","transcribe":"Enter, as they appear, the number of stories and the building materials."}},{"id":"580da1cc616439000388fb02","status":"awaiting_transcriptions","name":"Additional Info","created_in_workflow":"transcribe","confidence":0.3333333333333333,"data":{"value":""},"versions":[{"data":{"value":""},"votes":1,"confidence":0.3333333333333333,"instances":[{"created":"2016-01-17T20:09:09Z","user_id":"569be96f31343500038e0000","duration":1.095}]}],"region":{"x":555.5900637017692,"y":142.984913093357,"width":262.81989337528705,"height":245.11699387432625,"label":"Dimension \u0026 Description","shape":"rectangle"},"task_key":"em_record_survey_additional_info","instructions":{"mark":"Dimension \u0026 Description","transcribe":"Enter any additional information you find about the building's construction or significance."}},{"id":"580da1cc616439000389fb02","status":"awaiting_transcriptions","name":"Land \u0026 Building Value","created_in_workflow":"transcribe","confidence":0.3333333333333333,"data":{"em_valuation_ground":""},"versions":[{"data":{"em_valuation_ground":""},"votes":1,"confidence":0.3333333333333333,"instances":[{"created":"2016-01-17T20:09:36Z","user_id":"569be96f31343500038e0000","duration":1.927}]}],"region":{"x":732.6190074260558,"y":567.8543691421892,"width":324.09914312600154,"height":117.11145262884486,"label":"Valuation","shape":"rectangle"},"task_key":"em_record_valuation_ground_building","instructions":{"mark":"Valuation","transcribe":"Sometimes valuations include itemized dollar values for \"ground\" and \"building\". Enter these amounts if you can find them. In the next screen, you'll enter the total valuation."}},{"id":"580da1cc61643900038afb02","status":"awaiting_transcriptions","name":"Total Value","created_in_workflow":"transcribe","confidence":0.3333333333333333,"data":{"value":"4000"},"versions":[{"data":{"value":"4000"},"votes":1,"confidence":0.3333333333333333,"instances":[{"created":"2016-01-17T20:09:40Z","user_id":"569be96f31343500038e0000","duration":3.819}]}],"region":{"x":732.6190074260558,"y":567.8543691421892,"width":324.09914312600154,"height":117.11145262884486,"label":"Valuation","shape":"rectangle"},"task_key":"em_record_valuation_total","instructions":{"mark":"Valuation","transcribe":"Enter the valuation ***total*** (if one is given)"}},{"id":"580da1cc61643900038bfb02","status":"complete","name":"Record Number","created_in_workflow":"transcribe","confidence":1.0,"data":{"value":"3993"},"versions":[{"data":{"value":"3993"},"votes":3,"confidence":1.0,"instances":[{"created":"2016-01-18T05:07:20Z","user_id":"569c70573639390003800600","duration":2.753},{"created":"2016-01-18T18:05:00Z","user_id":"569d25b93134350003ac0800","duration":9.19},{"created":"2016-01-18T19:46:28Z","user_id":"569d34553933320003390000","duration":22.86}]}],"region":{"x":392.178731033197,"y":53.108682006104026,"width":589.6425587124314,"height":66.72629277689992,"label":"Record Number","shape":"rectangle"},"task_key":"em_record_number","instructions":{"mark":"Record Number","transcribe":"Enter the record number"}},{"id":"580da1cc61643900038cfb02","status":"awaiting_votes","name":"Street Address","created_in_workflow":"verify","confidence":0.3333333333333333,"data":{"value":"504 W 130 St"},"versions":[{"data":{"value":"504 W 130 St"},"votes":1,"confidence":0.3333333333333333,"instances":[{"created":"2016-09-21T00:21:01Z","user_id":"57c49a363234370003600200","duration":23.755}]}],"region":{"x":136.16764318576716,"y":679.5187774627157,"width":433.04003157171644,"height":42.21459338946727,"label":"Street Address","shape":"rectangle"},"task_key":"em_transcribed_address","instructions":{"mark":"Street Address","transcribe":"Enter the street address","verify":"Choose the best transcription or enter your own!"}},{"id":"580da1cc61643900038dfb02","status":"complete","name":"Record Date","created_in_workflow":"verify","confidence":1.0,"data":{"value":"Jany 30/93"},"versions":[{"data":{"value":"Jany 30/93"},"votes":3,"confidence":1.0,"instances":[{"created":"2016-01-18T19:52:02Z","user_id":"56980a2d3337650003270200","duration":14.291},{"created":"2016-01-24T08:15:14Z","user_id":"56748e5e3564620003fd0100","duration":6.375},{"created":"2016-01-27T15:22:35Z","user_id":"56a8dd823330380003120700","duration":7.801}]}],"region":{"x":107.57065996876703,"y":582.8337409900647,"width":415.3371371992878,"height":51.74692092902444,"label":"Record Date","shape":"rectangle"},"task_key":"em_transcribed_date","instructions":{"mark":"Record Date","transcribe":"Enter the record date","verify":"Choose the best transcription or enter your own!"}},{"id":"580da1cc61643900038efb02","status":"awaiting_votes","name":"Amount Loaned","created_in_workflow":"verify","confidence":0.3333333333333333,"data":{"value":"$1600."},"versions":[{"data":{"value":"$1600."},"votes":1,"confidence":0.3333333333333333,"instances":[{"created":"2016-09-21T00:21:44Z","user_id":"57c49a363234370003600200","duration":43.327}]}],"region":{"x":747.5983795873416,"y":678.157016385636,"width":272.352221114287,"height":53.10868200610412,"label":"Amount Loaned","shape":"rectangle"},"task_key":"em_transcribed_amount_loaned","instructions":{"mark":"Amount Loaned","transcribe":"Enter the Amount Loaned","verify":"Choose the best transcription or enter your own!"}}]}],"export_document":{"name":"Record","export_fields":[{"name":"Mortgager","value":"William E. Nunn","original_value":{"value":"William E. Nunn"},"assertion_ids":["580da1cc616439000382fb02"]},{"name":"Street Address","value":"504 W 130 St","original_value":{"value":"504 W 130 St"},"assertion_ids":["580da1cc61643900038cfb02"]},{"name":"Record Date","value":"1893-01-30T00:00:00Z","original_value":{"value":"Jany 30/93"},"assertion_ids":["580da1cc61643900038dfb02"]},{"name":"Land \u0026 Building Dimensions","value":{"em_survey_land_dimensions":[27,80,25,90],"em_survey_building_dimensions":[22,30]},"original_value":{"em_survey_land_dimensions":"27 x 80 x 25 x 90","em_survey_building_dimensions":"22 x 30"},"assertion_ids":["580da1cc616439000383fb02"]},{"name":"Amount Loaned","value":1600.0,"original_value":{"value":"$1600."},"assertion_ids":["580da1cc61643900038efb02"]},{"name":"Stories \u0026 Materials","value":{"em_record_stories":2,"em_record_material":"Frame"},"original_value":{"em_record_stories":"2","em_record_material":"Frame"},"assertion_ids":["580da1cc616439000384fb02"]},{"name":"Valuation","value":null,"original_value":null,"assertion_ids":null},{"name":"Record Number","value":3993,"original_value":{"value":"3993"},"assertion_ids":["580da1cc61643900038bfb02"]},{"name":"Additional Info","value":"","original_value":{"value":""},"assertion_ids":["580da1cc616439000385fb02"]}]}}