{"id":"56b109ce7061755afb8fbe00","meta_data":{"capture_uuid":"119e7540-02e7-0133-543d-58d385a7bbd0","page_uri":"http://digitalcollections.nypl.org/items/119e7540-02e7-0133-543d-58d385a7bbd0","book_uri":"http://digitalcollections.nypl.org/items/109c0900-02e7-0133-03cf-58d385a7bbd0","source_rotated":"-1.2867","source_x":"1221.97","source_y":"0","source_w":"1378.03","source_h":"909.9300000000001"},"type":"final_subject_set","search_terms_by_field":{"Record Number":["3800"],"Mortgager":["Carrie Bock"],"Street Address":["1055 2nd Ave"],"Land \u0026 Building Dimensions":["25 x 100","25 x 65"],"Stories \u0026 Materials":["4","brick"],"Additional Info":[],"Record Date":["1891 December 14"],"Land \u0026 Building Value":["15000.","11000."],"Total Value":[],"Valuation Date":["Dec 14/91"],"Amount Loaned":["$13,000"]},"subjects":[{"id":"580d8f6b6164390003f49602","type":"root","location":{"standard":"https://s3.amazonaws.com/scribe.nypl.org/emigrant-s4/full/119e7540-02e7-0133-543d-58d385a7bbd0.right-top.jpg","thumbnail":"https://s3.amazonaws.com/scribe.nypl.org/emigrant-s4/thumb/119e7540-02e7-0133-543d-58d385a7bbd0.right-top.jpg"},"status":"retired","width":1378,"height":909,"meta_data":{"capture_uuid":"119e7540-02e7-0133-543d-58d385a7bbd0","page_uri":"http://digitalcollections.nypl.org/items/119e7540-02e7-0133-543d-58d385a7bbd0","book_uri":"http://digitalcollections.nypl.org/items/109c0900-02e7-0133-03cf-58d385a7bbd0","source_rotated":"-1.2867","source_x":"1221.97","source_y":"0","source_w":"1378.03","source_h":"909.9300000000001"},"assertions":[{"id":"580d8f6b6164390003f59602","status":"complete","name":"Record Number","created_in_workflow":"transcribe","confidence":1.0,"data":{"value":"3800"},"versions":[{"data":{"value":"3800"},"votes":3,"confidence":1.0,"instances":[{"created":"2015-11-14T06:15:57Z","user_id":"5646b1e43861340003da0900","duration":6.337},{"created":"2015-11-14T15:30:43Z","user_id":"563f8b7a3264340003774b00","duration":6.168},{"created":"2015-11-14T15:30:48Z","user_id":"5647496e3562310003960400","duration":6.515}]}],"region":{"x":761.4894882967982,"y":101.34455977353561,"width":205.50424130249326,"height":68.97060317921172,"label":"Record Number","shape":"rectangle"},"task_key":"em_record_number","instructions":{"mark":"Record Number","transcribe":"Enter the record number"}},{"id":"580d8f6b6164390003f69602","status":"complete","name":"Mortgager","created_in_workflow":"transcribe","confidence":1.0,"data":{"value":"Carrie Bock"},"versions":[{"data":{"value":"Carrie Bock"},"votes":3,"confidence":1.0,"instances":[{"created":"2015-11-14T06:17:50Z","user_id":"5646b1e43861340003da0900","duration":12.953},{"created":"2015-11-14T15:33:46Z","user_id":"5647496e3562310003960400","duration":10.779},{"created":"2015-11-14T17:26:10Z","user_id":"563f8b7a3264340003774b00","duration":14.83}]}],"region":{"x":282.9179674553756,"y":665.7774551789214,"width":240.6933237173037,"height":47.8571532263918,"label":"Mortgager Name","shape":"rectangle"},"task_key":"em_record_mortgager","instructions":{"mark":"Mortgager Name","transcribe":"Enter the mortgager's name"}},{"id":"580d8f6b6164390003f79602","status":"awaiting_votes","name":"Street Address","created_in_workflow":"verify","confidence":0.3333333333333333,"data":{"value":"1055 2nd Ave"},"versions":[{"data":{"value":"1055 2nd Ave"},"votes":1,"confidence":0.3333333333333333,"instances":[{"created":"2016-04-26T00:51:25Z","user_id":"571eb9bf6663350003c10400","duration":11.057}]},{"data":{"value":"1055 2nd Ave."},"votes":1,"confidence":0.3333333333333333,"instances":[{"created":"2016-04-26T01:58:50Z","user_id":"571ec9046663350003110600","duration":7.727}]},{"data":{"value":"1055— 2nd Ave"},"votes":1,"confidence":0.3333333333333333,"instances":[{"created":"2016-09-26T03:11:20Z","user_id":"57c49a363234370003600200","duration":9.248}]}],"region":{"x":305.4389802008543,"y":717.8572983958771,"width":274.4748428355218,"height":39.41177324526393,"label":"Street Address","shape":"rectangle"},"task_key":"em_transcribed_address","instructions":{"mark":"Street Address","transcribe":"Enter the street address","verify":"Choose the best transcription or enter your own!"}},{"id":"580d8f6b6164390003f89602","status":"awaiting_votes","name":"Land \u0026 Building Dimensions","created_in_workflow":"verify","confidence":0.3333333333333333,"data":{"em_survey_land_dimensions":"25 x 100","em_survey_building_dimensions":"25 x 65"},"versions":[{"data":{"em_survey_land_dimensions":"25 x 100","em_survey_building_dimensions":"25 x 65"},"votes":1,"confidence":0.3333333333333333,"instances":[{"created":"2016-09-19T00:20:54Z","user_id":"57c49a363234370003600200","duration":5.527}]}],"region":{"x":304.0314169042619,"y":760.084198301517,"width":441.9748751300197,"height":77.4159831603398,"label":"Dimension \u0026 Description","shape":"rectangle"},"task_key":"em_transcribed_survey","instructions":{"mark":"Dimension \u0026 Description","transcribe":"Enter, as they appear, any land and building dimensions that were recorded. In the next screen, you'll enter the descriptive information.","verify":"Choose the best transcription or enter your own!"}},{"id":"580d8f6b6164390003f99602","status":"awaiting_votes","name":"Stories \u0026 Materials","created_in_workflow":"transcribe","confidence":0.9090909090909091,"data":{"em_record_stories":"4","em_record_material":"brick"},"versions":[{"data":{"em_record_stories":"4","em_record_material":"brick"},"votes":10,"confidence":0.9090909090909091,"instances":[{"created":"2015-11-14T06:18:12Z","user_id":"5646b1e43861340003da0900","duration":4.903},{"created":"2016-09-10T17:51:42Z","user_id":"57d42d123161390003090000","duration":4.941},{"created":"2016-09-18T12:59:11Z","user_id":"57de76143236610003ed0100","duration":9.541},{"created":"2016-09-24T17:39:37Z","user_id":"57e6b5733566350003d20a00","duration":5.9},{"created":"2016-09-24T20:05:22Z","user_id":"57e6f52331353100030d0000","duration":7.934},{"created":"2016-09-24T22:18:31Z","user_id":"57e6f85a3135310003140000","duration":7.113},{"created":"2016-09-25T19:06:28Z","user_id":"57e7aaff3135310003c10400","duration":6.67},{"created":"2016-09-25T20:00:58Z","user_id":"57c49a363234370003600200","duration":7.519},{"created":"2016-09-26T19:37:22Z","user_id":"57e976e03134610003ab0400","duration":8.841},{"created":"2016-09-27T23:23:28Z","user_id":"57eafeb838386100038b0000","duration":4.687}]},{"data":{"em_record_stories":"4","em_record_material":"Brick"},"votes":1,"confidence":0.09090909090909091,"instances":[{"created":"2016-09-26T15:29:29Z","user_id":"57e93c823134610003900300","duration":10.476}]}],"region":{"x":304.0314169042619,"y":760.084198301517,"width":441.9748751300197,"height":77.4159831603398,"label":"Dimension \u0026 Description","shape":"rectangle"},"task_key":"em_record_survey_stories_materials","instructions":{"mark":"Dimension \u0026 Description","transcribe":"Enter, as they appear, the number of stories and the building materials."}},{"id":"580d8f6b6164390003fa9602","status":"complete","name":"Additional Info","created_in_workflow":"transcribe","confidence":1.0,"data":{"value":""},"versions":[{"data":{"value":""},"votes":2,"confidence":0.6666666666666666,"instances":[{"created":"2016-09-27T23:23:29Z","user_id":"57eafeb838386100038b0000","duration":0.809},{"created":"2016-09-27T23:23:36Z","user_id":"57eafeb838386100038b0000","duration":3.241}]},{"data":{"value":"4 story brick"},"votes":1,"confidence":0.3333333333333333,"instances":[{"created":"2015-11-14T06:18:19Z","user_id":"5646b1e43861340003da0900","duration":5.947}]}],"region":{"x":304.0314169042619,"y":760.084198301517,"width":441.9748751300197,"height":77.4159831603398,"label":"Dimension \u0026 Description","shape":"rectangle"},"task_key":"em_record_survey_additional_info","instructions":{"mark":"Dimension \u0026 Description","transcribe":"Enter any additional information you find about the building's construction or significance."}},{"id":"580d8f6b6164390003fb9602","status":"complete","name":"Record Date","created_in_workflow":"verify","confidence":1.0,"data":{"value":"1891 December 14"},"versions":[{"data":{"value":"1891 December 14"},"votes":3,"confidence":0.75,"instances":[{"created":"2015-12-27T03:29:19Z","user_id":"567f35e03037360003d10000","duration":4.203},{"created":"2015-12-27T22:06:43Z","user_id":"563bfc7535326200037f3900","duration":3.989},{"created":"2016-01-09T23:26:14Z","user_id":"56918de26539610003bb0100","duration":3.943}]},{"data":{"value":"Dec 14/91"},"votes":1,"confidence":0.25,"instances":[{"created":"2015-12-26T21:04:23Z","user_id":"56748e5e3564620003fd0100","duration":3.564}]}],"region":{"x":322.3297397599634,"y":624.9581186034695,"width":213.9496210820477,"height":45.04202656601581,"label":"Record Date","shape":"rectangle"},"task_key":"em_transcribed_date","instructions":{"mark":"Record Date","transcribe":"Enter the record date","verify":"Choose the best transcription or enter your own!"}},{"id":"580d8f6b6164390003fc9602","status":"awaiting_votes","name":"Land \u0026 Building Value","created_in_workflow":"verify","confidence":0.3333333333333333,"data":{"em_valuation_ground":"15000.","em_valuation_building":"11000."},"versions":[{"data":{"em_valuation_ground":"15000.","em_valuation_building":"11000."},"votes":1,"confidence":0.3333333333333333,"instances":[{"created":"2016-09-19T00:20:34Z","user_id":"57c49a363234370003600200","duration":4.664}]}],"region":{"x":941.6575902606279,"y":629.1808085940335,"width":119.64288021035566,"height":74.60085649996381,"label":"Valuation","shape":"rectangle"},"task_key":"em_transcribed_valuation_itemized","instructions":{"mark":"Valuation","transcribe":"Sometimes valuations include itemized dollar values for \"ground\" and \"building\". Enter these amounts if you can find them. In the next screen, you'll enter the total valuation.","verify":"Choose the best transcription or enter your own!"}},{"id":"580d8f6b6164390003fd9602","status":"awaiting_votes","name":"Total Value","created_in_workflow":"verify","confidence":0.3333333333333333,"data":{"value":""},"versions":[{"data":{"value":""},"votes":1,"confidence":0.3333333333333333,"instances":[{"created":"2016-09-28T01:45:24Z","user_id":"57c49a363234370003600200","duration":7.776}]}],"region":{"x":941.6575902606279,"y":629.1808085940335,"width":119.64288021035566,"height":74.60085649996381,"label":"Valuation","shape":"rectangle"},"task_key":"em_transcribed_valuation_total","instructions":{"mark":"Valuation","transcribe":"Enter the valuation ***total*** (if one is given)","verify":"Choose the best transcription or enter your own!"}},{"id":"580d8f6b6164390003fe9602","status":"awaiting_votes","name":"Valuation Date","created_in_workflow":"verify","confidence":0.3333333333333333,"data":{"value":"Dec 14/91"},"versions":[{"data":{"value":"Dec 14/91"},"votes":1,"confidence":0.3333333333333333,"instances":[{"created":"2016-09-24T20:02:38Z","user_id":"57c49a363234370003600200","duration":5.74}]}],"region":{"x":941.6575902606279,"y":629.1808085940335,"width":119.64288021035566,"height":74.60085649996381,"label":"Valuation","shape":"rectangle"},"task_key":"em_transcribed_valuation_date","instructions":{"mark":"Valuation","transcribe":"Enter the date of the valuation (if one is given). In the next screen, you'll enter the valuation's dollar amounts.","verify":"Choose the best transcription or enter your own!"}},{"id":"580d8f6b6164390003ff9602","status":"awaiting_votes","name":"Amount Loaned","created_in_workflow":"verify","confidence":0.3333333333333333,"data":{"value":"$13,000"},"versions":[{"data":{"value":"$13,000"},"votes":1,"confidence":0.3333333333333333,"instances":[{"created":"2016-04-26T00:51:14Z","user_id":"571eb9bf6663350003c10400","duration":4.321}]},{"data":{"value":"$13000"},"votes":1,"confidence":0.3333333333333333,"instances":[{"created":"2016-04-26T01:58:42Z","user_id":"571ec9046663350003110600","duration":8.064}]},{"data":{"value":"$13000."},"votes":1,"confidence":0.3333333333333333,"instances":[{"created":"2016-09-26T03:21:05Z","user_id":"57c49a363234370003600200","duration":2.986}]}],"region":{"x":931.8046471844809,"y":709.4119184147492,"width":143.57145625242674,"height":45.04202656601592,"label":"Amount Loaned","shape":"rectangle"},"task_key":"em_transcribed_amount_loaned","instructions":{"mark":"Amount Loaned","transcribe":"Enter the Amount Loaned","verify":"Choose the best transcription or enter your own!"}}]}],"export_document":{"name":"Record","export_fields":[{"name":"Mortgager","value":"Carrie Bock","original_value":{"value":"Carrie Bock"},"assertion_ids":["580d8f6b6164390003f69602"]},{"name":"Street Address","value":"1055 2nd Ave","original_value":{"value":"1055 2nd Ave"},"assertion_ids":["580d8f6b6164390003f79602"]},{"name":"Record Date","value":"1891-12-14T00:00:00Z","original_value":{"value":"1891 December 14"},"assertion_ids":["580d8f6b6164390003fb9602"]},{"name":"Land \u0026 Building Dimensions","value":{"em_survey_land_dimensions":[25,100],"em_survey_building_dimensions":[25,65]},"original_value":{"em_survey_land_dimensions":"25 x 100","em_survey_building_dimensions":"25 x 65"},"assertion_ids":["580d8f6b6164390003f89602"]},{"name":"Amount Loaned","value":13000.0,"original_value":{"value":"$13,000"},"assertion_ids":["580d8f6b6164390003ff9602"]},{"name":"Stories \u0026 Materials","value":{"em_record_stories":4,"em_record_material":"brick"},"original_value":{"em_record_stories":"4","em_record_material":"brick"},"assertion_ids":["580d8f6b6164390003f99602"]},{"name":"Valuation","value":null,"original_value":null,"assertion_ids":null},{"name":"Record Number","value":3800,"original_value":{"value":"3800"},"assertion_ids":["580d8f6b6164390003f59602"]},{"name":"Additional Info","value":"","original_value":{"value":""},"assertion_ids":["580d8f6b6164390003fa9602"]}]}}