{"id":"56b10aa67061755afb3ccf00","meta_data":{"capture_uuid":"14c5e530-02e7-0133-f8d9-58d385a7bbd0","page_uri":"http://digitalcollections.nypl.org/items/14c5e530-02e7-0133-f8d9-58d385a7bbd0","book_uri":"http://digitalcollections.nypl.org/items/109c0900-02e7-0133-03cf-58d385a7bbd0","source_rotated":"0.839234","source_x":"1215.39","source_y":"864.8","source_w":"1370.61","source_h":"975.2"},"type":"final_subject_set","search_terms_by_field":{"Additional Info":[],"Stories \u0026 Materials":["5","Br."],"Land \u0026 Building Dimensions":["25.6 x 100","25.6 x 84"],"Record Number":["4109"],"Mortgager":["Ino Maisenholder"],"Street Address":["213 E 11 St."],"Record Date":["1894 March 12"],"Amount Loaned":["$15,000"]},"subjects":[{"id":"580d7d856164390003f0e001","type":"root","location":{"standard":"https://s3.amazonaws.com/scribe.nypl.org/emigrant-s4/full/14c5e530-02e7-0133-f8d9-58d385a7bbd0.right-bottom.jpg","thumbnail":"https://s3.amazonaws.com/scribe.nypl.org/emigrant-s4/thumb/14c5e530-02e7-0133-f8d9-58d385a7bbd0.right-bottom.jpg"},"status":"retired","width":1370,"height":975,"meta_data":{"capture_uuid":"14c5e530-02e7-0133-f8d9-58d385a7bbd0","page_uri":"http://digitalcollections.nypl.org/items/14c5e530-02e7-0133-f8d9-58d385a7bbd0","book_uri":"http://digitalcollections.nypl.org/items/109c0900-02e7-0133-03cf-58d385a7bbd0","source_rotated":"0.839234","source_x":"1215.39","source_y":"864.8","source_w":"1370.61","source_h":"975.2"},"assertions":[{"id":"580d7d856164390003f1e001","status":"awaiting_transcriptions","name":"Additional Info","created_in_workflow":"transcribe","confidence":0.3333333333333333,"data":{"value":""},"versions":[{"data":{"value":""},"votes":1,"confidence":0.3333333333333333,"instances":[{"created":"2015-11-21T19:37:25Z","user_id":"564f478f6435360003b00300","duration":1.147}]}],"region":{"x":332.653259228346,"y":710.1246817677394,"width":397.83278299417213,"height":97.76095045368493,"label":"Dimension \u0026 Description","shape":"rectangle"},"task_key":"em_record_survey_additional_info","instructions":{"mark":"Dimension \u0026 Description","transcribe":"Enter any additional information you find about the building's construction or significance."}},{"id":"580d7d856164390003f2e001","status":"awaiting_transcriptions","name":"Stories \u0026 Materials","created_in_workflow":"transcribe","confidence":0.6666666666666666,"data":{"em_record_stories":"5","em_record_material":"Br."},"versions":[{"data":{"em_record_stories":"5","em_record_material":"Br."},"votes":2,"confidence":0.6666666666666666,"instances":[{"created":"2015-11-10T19:52:29Z","user_id":"5640e9953432660003d83400","duration":5.206},{"created":"2015-11-21T19:37:24Z","user_id":"564f478f6435360003b00300","duration":2.962}]}],"region":{"x":332.653259228346,"y":710.1246817677394,"width":397.83278299417213,"height":97.76095045368493,"label":"Dimension \u0026 Description","shape":"rectangle"},"task_key":"em_record_survey_stories_materials","instructions":{"mark":"Dimension \u0026 Description","transcribe":"Enter, as they appear, the number of stories and the building materials."}},{"id":"580d7d856164390003f3e001","status":"awaiting_transcriptions","name":"Land \u0026 Building Dimensions","created_in_workflow":"transcribe","confidence":0.6666666666666666,"data":{"em_survey_land_dimensions":"25.6 x 100","em_survey_building_dimensions":"25.6 x 84"},"versions":[{"data":{"em_survey_land_dimensions":"25.6 x 100","em_survey_building_dimensions":"25.6 x 84"},"votes":2,"confidence":0.6666666666666666,"instances":[{"created":"2015-11-10T19:52:24Z","user_id":"5640e9953432660003d83400","duration":16.451},{"created":"2015-11-21T19:37:21Z","user_id":"564f478f6435360003b00300","duration":11.016}]}],"region":{"x":332.653259228346,"y":710.1246817677394,"width":397.83278299417213,"height":97.76095045368493,"label":"Dimension \u0026 Description","shape":"rectangle"},"task_key":"em_record_survey","instructions":{"mark":"Dimension \u0026 Description","transcribe":"Enter, as they appear, any land and building dimensions that were recorded. In the next screen, you'll enter the descriptive information."}},{"id":"580d7d856164390003f4e001","status":"complete","name":"Record Number","created_in_workflow":"transcribe","confidence":1.0,"data":{"value":"4109"},"versions":[{"data":{"value":"4109"},"votes":3,"confidence":1.0,"instances":[{"created":"2015-11-05T22:36:29Z","user_id":"563bd5bc3532620003c52d00","duration":10.266},{"created":"2015-11-05T22:59:12Z","user_id":"563bddeb3532620003753200","duration":9.305},{"created":"2015-11-05T23:03:18Z","user_id":"563be0363532620003673300","duration":7.729}]}],"region":{"x":816.1720858258535,"y":46.63894987620871,"width":147.20419221305156,"height":69.95842481431308,"label":"Record Number","shape":"rectangle"},"task_key":"em_record_number","instructions":{"mark":"Record Number","transcribe":"Enter the record number"}},{"id":"580d7d856164390003f5e001","status":"complete","name":"Mortgager","created_in_workflow":"verify","confidence":1.0,"data":{"value":"Ino Maisenholder"},"versions":[{"data":{"value":"Ino Maisenholder"},"votes":6,"confidence":0.6666666666666666,"instances":[{"created":"2016-04-28T15:32:14Z","user_id":"5722252366363900036b0000","duration":45.391},{"created":"2016-04-29T03:33:50Z","user_id":"571947d83865380003830100","duration":11.196},{"created":"2016-04-29T08:42:18Z","user_id":"57231bde6231350003170000","duration":33.015},{"created":"2016-04-29T15:07:30Z","user_id":"572375646231350003870000","duration":121.67},{"created":"2016-04-29T17:22:25Z","user_id":"5723979a6231350003d90000","duration":7.39},{"created":"2016-04-29T19:13:14Z","user_id":"5723b1ff6231350003f10000","duration":3.538}]},{"data":{"value":"John Maisenholder"},"votes":2,"confidence":0.2222222222222222,"instances":[{"created":"2015-11-14T02:27:32Z","user_id":"564618af6363350003da0c00","duration":10.505},{"created":"2016-04-29T00:28:18Z","user_id":"5722a9846636390003d60000","duration":42.137}]},{"data":{"value":"Eva Maiseuholder"},"votes":1,"confidence":0.1111111111111111,"instances":[{"created":"2016-04-29T01:40:44Z","user_id":"5712af436365650003140000","duration":13.78}]}],"region":{"x":224.44038247437913,"y":619.423553043397,"width":342.50480366403076,"height":40.80908114168267,"label":"Mortgager Name","shape":"rectangle"},"task_key":"em_transcribed_mortgager","instructions":{"mark":"Mortgager Name","transcribe":"Enter the mortgager's name","verify":"Choose the best transcription or enter your own!"}},{"id":"580d7d856164390003f6e001","status":"complete","name":"Street Address","created_in_workflow":"verify","confidence":1.0,"data":{"value":"213 E 11 St."},"versions":[{"data":{"value":"213 E 11 St."},"votes":3,"confidence":0.75,"instances":[{"created":"2015-11-14T02:05:23Z","user_id":"564618af6363350003da0c00","duration":4.182},{"created":"2015-11-14T19:27:33Z","user_id":"563cbf4b65326200030e0d00","duration":6.564},{"created":"2015-11-14T20:33:29Z","user_id":"5647496e3562310003960400","duration":11.882}]},{"data":{"value":"213 E. 11 St."},"votes":1,"confidence":0.25,"instances":[{"created":"2015-11-12T02:08:15Z","user_id":"563f8b7a3264340003774b00","duration":7.91}]}],"region":{"x":295.8562777064536,"y":667.5199701032373,"width":266.7165066830538,"height":37.89414677441948,"label":"Street Address","shape":"rectangle"},"task_key":"em_transcribed_address","instructions":{"mark":"Street Address","transcribe":"Enter the street address","verify":"Choose the best transcription or enter your own!"}},{"id":"580d7d856164390003f7e001","status":"complete","name":"Record Date","created_in_workflow":"verify","confidence":1.0,"data":{"value":"1894 March 12"},"versions":[{"data":{"value":"1894 March 12"},"votes":3,"confidence":0.75,"instances":[{"created":"2015-11-14T02:02:00Z","user_id":"564618af6363350003da0c00","duration":6.984},{"created":"2015-11-15T00:46:26Z","user_id":"563bfc7535326200037f3900","duration":5.822},{"created":"2015-11-16T03:09:57Z","user_id":"5649188c3863370003020e00","duration":13.098}]},{"data":{"value":"March 12/94"},"votes":1,"confidence":0.25,"instances":[{"created":"2015-11-15T04:42:15Z","user_id":"5647496e3562310003960400","duration":10.038}]}],"region":{"x":292.9413432071853,"y":561.1248656981361,"width":221.53502194439437,"height":65.5860232634185,"label":"Record Date","shape":"rectangle"},"task_key":"em_transcribed_date","instructions":{"mark":"Record Date","transcribe":"Enter the record date","verify":"Choose the best transcription or enter your own!"}},{"id":"580d7d856164390003f8e001","status":"complete","name":"Amount Loaned","created_in_workflow":"verify","confidence":1.0,"data":{"value":"$15,000"},"versions":[{"data":{"value":"$15,000"},"votes":3,"confidence":1.0,"instances":[{"created":"2015-11-12T03:00:06Z","user_id":"563f8b7a3264340003774b00","duration":2.231},{"created":"2015-11-14T02:02:22Z","user_id":"564618af6363350003da0c00","duration":2.482},{"created":"2015-11-15T00:46:56Z","user_id":"563bfc7535326200037f3900","duration":3.485}]}],"region":{"x":768.0756665879259,"y":663.1475685523426,"width":338.1324019151283,"height":37.894146774419596,"label":"Amount Loaned","shape":"rectangle"},"task_key":"em_transcribed_amount_loaned","instructions":{"mark":"Amount Loaned","transcribe":"Enter the Amount Loaned","verify":"Choose the best transcription or enter your own!"}}]}],"export_document":{"name":"Record","export_fields":[{"name":"Mortgager","value":"Ino Maisenholder","original_value":{"value":"Ino Maisenholder"},"assertion_ids":["580d7d856164390003f5e001"]},{"name":"Street Address","value":"213 E 11 St.","original_value":{"value":"213 E 11 St."},"assertion_ids":["580d7d856164390003f6e001"]},{"name":"Record Date","value":"1894-03-12T00:00:00Z","original_value":{"value":"1894 March 12"},"assertion_ids":["580d7d856164390003f7e001"]},{"name":"Land \u0026 Building Dimensions","value":{"em_survey_land_dimensions":[25.5,100],"em_survey_building_dimensions":[25.5,84]},"original_value":{"em_survey_land_dimensions":"25.6 x 100","em_survey_building_dimensions":"25.6 x 84"},"assertion_ids":["580d7d856164390003f3e001"]},{"name":"Amount Loaned","value":15000.0,"original_value":{"value":"$15,000"},"assertion_ids":["580d7d856164390003f8e001"]},{"name":"Stories \u0026 Materials","value":{"em_record_stories":5,"em_record_material":"Br."},"original_value":{"em_record_stories":"5","em_record_material":"Br."},"assertion_ids":["580d7d856164390003f2e001"]},{"name":"Record Number","value":4109,"original_value":{"value":"4109"},"assertion_ids":["580d7d856164390003f4e001"]},{"name":"Additional Info","value":"","original_value":{"value":""},"assertion_ids":["580d7d856164390003f1e001"]}]}}