{"id":"56b109a57061755afb82bb00","meta_data":{"capture_uuid":"1127df30-02e7-0133-74ab-58d385a7bbd0","page_uri":"http://digitalcollections.nypl.org/items/1127df30-02e7-0133-74ab-58d385a7bbd0","book_uri":"http://digitalcollections.nypl.org/items/109c0900-02e7-0133-03cf-58d385a7bbd0","source_rotated":"-0.0","source_x":"0","source_y":"0","source_w":"1355.77","source_h":"857.76"},"type":"final_subject_set","search_terms_by_field":{"Record Number":["3750"],"Mortgager":["Edgar F. Dunning"],"Street Address":["43 \u0026 45 E 128"],"Land \u0026 Building Dimensions":["37.6 x 99.11","37.6 x 45"],"Stories \u0026 Materials":["3","Fr."],"Additional Info":[],"Record Date":["Sept 15/91"],"Land \u0026 Building Value":["10000","6000"],"Total Value":[],"Amount Loaned":["$6000"]},"subjects":[{"id":"580d6bf06164390003853101","type":"root","location":{"standard":"https://s3.amazonaws.com/scribe.nypl.org/emigrant-s4/full/1127df30-02e7-0133-74ab-58d385a7bbd0.left-top.jpg","thumbnail":"https://s3.amazonaws.com/scribe.nypl.org/emigrant-s4/thumb/1127df30-02e7-0133-74ab-58d385a7bbd0.left-top.jpg"},"status":"retired","width":1355,"height":857,"meta_data":{"capture_uuid":"1127df30-02e7-0133-74ab-58d385a7bbd0","page_uri":"http://digitalcollections.nypl.org/items/1127df30-02e7-0133-74ab-58d385a7bbd0","book_uri":"http://digitalcollections.nypl.org/items/109c0900-02e7-0133-03cf-58d385a7bbd0","source_rotated":"-0.0","source_x":"0","source_y":"0","source_w":"1355.77","source_h":"857.76"},"assertions":[{"id":"580d6bf06164390003863101","status":"awaiting_transcriptions","name":"Land \u0026 Building Dimensions","created_in_workflow":"transcribe","confidence":0.3333333333333333,"data":{"em_survey_land_dimensions":"37.6 x 99.11","em_survey_building_dimensions":"37.6 x 45"},"versions":[{"data":{"em_survey_land_dimensions":"37.6 x 99.11","em_survey_building_dimensions":"37.6 x 45"},"votes":1,"confidence":0.3333333333333333,"instances":[{"created":"2015-11-25T16:17:32Z","user_id":"564f478f6435360003b00300","duration":14.79}]}],"region":{"x":210.7490604334161,"y":751.3261549149009,"width":356.01669518206046,"height":78.5856200069469,"label":"Dimension \u0026 Description","shape":"rectangle"},"task_key":"em_record_survey","instructions":{"mark":"Dimension \u0026 Description","transcribe":"Enter, as they appear, any land and building dimensions that were recorded. In the next screen, you'll enter the descriptive information."}},{"id":"580d6bf06164390003873101","status":"awaiting_transcriptions","name":"Stories \u0026 Materials","created_in_workflow":"transcribe","confidence":0.3333333333333333,"data":{"em_record_stories":"3","em_record_material":"Fr."},"versions":[{"data":{"em_record_stories":"3","em_record_material":"Fr."},"votes":1,"confidence":0.3333333333333333,"instances":[{"created":"2015-11-25T16:17:36Z","user_id":"564f478f6435360003b00300","duration":3.394}]}],"region":{"x":210.7490604334161,"y":751.3261549149009,"width":356.01669518206046,"height":78.5856200069469,"label":"Dimension \u0026 Description","shape":"rectangle"},"task_key":"em_record_survey_stories_materials","instructions":{"mark":"Dimension \u0026 Description","transcribe":"Enter, as they appear, the number of stories and the building materials."}},{"id":"580d6bf06164390003883101","status":"awaiting_transcriptions","name":"Additional Info","created_in_workflow":"transcribe","confidence":0.3333333333333333,"data":{"value":""},"versions":[{"data":{"value":""},"votes":1,"confidence":0.3333333333333333,"instances":[{"created":"2015-11-25T16:17:36Z","user_id":"564f478f6435360003b00300","duration":0.714}]}],"region":{"x":210.7490604334161,"y":751.3261549149009,"width":356.01669518206046,"height":78.5856200069469,"label":"Dimension \u0026 Description","shape":"rectangle"},"task_key":"em_record_survey_additional_info","instructions":{"mark":"Dimension \u0026 Description","transcribe":"Enter any additional information you find about the building's construction or significance."}},{"id":"580d6bf06164390003893101","status":"awaiting_transcriptions","name":"Land \u0026 Building Value","created_in_workflow":"transcribe","confidence":0.3333333333333333,"data":{"em_valuation_ground":"10000","em_valuation_building":"6000"},"versions":[{"data":{"em_valuation_ground":"10000","em_valuation_building":"6000"},"votes":1,"confidence":0.3333333333333333,"instances":[{"created":"2015-11-25T16:16:01Z","user_id":"564f478f6435360003b00300","duration":4.456}]},{"data":{"em_valuation_ground":"$10000","em_valuation_building":"$6000"},"votes":1,"confidence":0.3333333333333333,"instances":[{"created":"2015-12-27T21:40:11Z","user_id":"56802f0f3564660003d20900","duration":30.752}]}],"region":{"x":785.8529526505907,"y":629.8756512678013,"width":179.79438452338172,"height":72.63216394581445,"label":"Valuation","shape":"rectangle"},"task_key":"em_record_valuation_ground_building","instructions":{"mark":"Valuation","transcribe":"Sometimes valuations include itemized dollar values for \"ground\" and \"building\". Enter these amounts if you can find them. In the next screen, you'll enter the total valuation."}},{"id":"580d6bf061643900038a3101","status":"awaiting_transcriptions","name":"Total Value","created_in_workflow":"transcribe","confidence":0.3333333333333333,"data":{"value":""},"versions":[{"data":{"value":""},"votes":1,"confidence":0.3333333333333333,"instances":[{"created":"2015-11-25T16:16:03Z","user_id":"564f478f6435360003b00300","duration":1.383}]},{"data":{"value":"$16000"},"votes":1,"confidence":0.3333333333333333,"instances":[{"created":"2015-12-27T21:40:30Z","user_id":"56802f0f3564660003d20900","duration":19.412}]}],"region":{"x":785.8529526505907,"y":629.8756512678013,"width":179.79438452338172,"height":72.63216394581445,"label":"Valuation","shape":"rectangle"},"task_key":"em_record_valuation_total","instructions":{"mark":"Valuation","transcribe":"Enter the valuation ***total*** (if one is given)"}},{"id":"580d6bf061643900038b3101","status":"complete","name":"Record Number","created_in_workflow":"transcribe","confidence":1.0,"data":{"value":"3750"},"versions":[{"data":{"value":"3750"},"votes":3,"confidence":1.0,"instances":[{"created":"2015-11-25T16:15:48Z","user_id":"564f478f6435360003b00300","duration":4.095},{"created":"2015-12-27T20:50:38Z","user_id":"56802f0f3564660003d20900","duration":13.082},{"created":"2015-12-28T02:47:21Z","user_id":"563f8b7a3264340003774b00","duration":8.908}]}],"region":{"x":751.3229052917956,"y":98.8273706147968,"width":120.25982011166593,"height":53.58110455019103,"label":"Record Number","shape":"rectangle"},"task_key":"em_record_number","instructions":{"mark":"Record Number","transcribe":"Enter the record number"}},{"id":"580d6bf061643900038c3101","status":"awaiting_votes","name":"Mortgager","created_in_workflow":"verify","confidence":0.3333333333333333,"data":{"value":"Edgar F. Dunning"},"versions":[{"data":{"value":"Edgar F. Dunning"},"votes":1,"confidence":0.3333333333333333,"instances":[{"created":"2016-09-07T22:47:20Z","user_id":"57c49a363234370003600200","duration":7.975}]}],"region":{"x":189.31661724519842,"y":663.2150052101424,"width":236.94756635862888,"height":53.58110455019107,"label":"Mortgager Name","shape":"rectangle"},"task_key":"em_transcribed_mortgager","instructions":{"mark":"Mortgager Name","transcribe":"Enter the mortgager's name","verify":"Choose the best transcription or enter your own!"}},{"id":"580d6bf061643900038d3101","status":"awaiting_votes","name":"Street Address","created_in_workflow":"verify","confidence":0.3333333333333333,"data":{"value":"43 \u0026 45 E 128"},"versions":[{"data":{"value":"43 \u0026 45 E 128"},"votes":1,"confidence":0.3333333333333333,"instances":[{"created":"2016-09-07T22:50:23Z","user_id":"57c49a363234370003600200","duration":10.563}]}],"region":{"x":226.2280471804622,"y":704.8891976380687,"width":207.180284152771,"height":45.24626606460582,"label":"Street Address","shape":"rectangle"},"task_key":"em_transcribed_address","instructions":{"mark":"Street Address","transcribe":"Enter the street address","verify":"Choose the best transcription or enter your own!"}},{"id":"580d6bf061643900038e3101","status":"awaiting_votes","name":"Record Date","created_in_workflow":"verify","confidence":0.6666666666666666,"data":{"value":"Sept 15/91"},"versions":[{"data":{"value":"Sept 15/91"},"votes":2,"confidence":0.6666666666666666,"instances":[{"created":"2016-06-02T00:19:09Z","user_id":"563f8b7a3264340003774b00","duration":4.732},{"created":"2016-09-07T22:47:14Z","user_id":"57c49a363234370003600200","duration":33.298}]}],"region":{"x":254.8046380980858,"y":615.5873567210837,"width":123.83189397636889,"height":57.15317818687049,"label":"Record Date","shape":"rectangle"},"task_key":"em_transcribed_date","instructions":{"mark":"Record Date","transcribe":"Enter the record date","verify":"Choose the best transcription or enter your own!"}},{"id":"580d6bf061643900038f3101","status":"awaiting_votes","name":"Amount Loaned","created_in_workflow":"verify","confidence":0.6666666666666666,"data":{"value":"$6000"},"versions":[{"data":{"value":"$6000"},"votes":2,"confidence":0.6666666666666666,"instances":[{"created":"2016-06-02T00:19:16Z","user_id":"563f8b7a3264340003774b00","duration":2.96},{"created":"2016-09-07T22:50:41Z","user_id":"57c49a363234370003600200","duration":4.431}]}],"region":{"x":858.485121232884,"y":708.4612712747481,"width":92.8739204822767,"height":39.29281000347346,"label":"Amount Loaned","shape":"rectangle"},"task_key":"em_transcribed_amount_loaned","instructions":{"mark":"Amount Loaned","transcribe":"Enter the Amount Loaned","verify":"Choose the best transcription or enter your own!"}}]}],"export_document":{"name":"Record","export_fields":[{"name":"Mortgager","value":"Edgar F. Dunning","original_value":{"value":"Edgar F. Dunning"},"assertion_ids":["580d6bf061643900038c3101"]},{"name":"Street Address","value":"43 \u0026 45 E 128","original_value":{"value":"43 \u0026 45 E 128"},"assertion_ids":["580d6bf061643900038d3101"]},{"name":"Record Date","value":"1891-09-15T00:00:00Z","original_value":{"value":"Sept 15/91"},"assertion_ids":["580d6bf061643900038e3101"]},{"name":"Land \u0026 Building Dimensions","value":{"em_survey_land_dimensions":[37.5,99.91666666666667],"em_survey_building_dimensions":[37.5,45]},"original_value":{"em_survey_land_dimensions":"37.6 x 99.11","em_survey_building_dimensions":"37.6 x 45"},"assertion_ids":["580d6bf06164390003863101"]},{"name":"Amount Loaned","value":6000.0,"original_value":{"value":"$6000"},"assertion_ids":["580d6bf061643900038f3101"]},{"name":"Stories \u0026 Materials","value":{"em_record_stories":3,"em_record_material":"Fr."},"original_value":{"em_record_stories":"3","em_record_material":"Fr."},"assertion_ids":["580d6bf06164390003873101"]},{"name":"Valuation","value":null,"original_value":null,"assertion_ids":null},{"name":"Record Number","value":3750,"original_value":{"value":"3750"},"assertion_ids":["580d6bf061643900038b3101"]},{"name":"Additional Info","value":"","original_value":{"value":""},"assertion_ids":["580d6bf06164390003883101"]}]}}