{"id":"56b10a087061755afb20c300","meta_data":{"capture_uuid":"126e7dc0-02e7-0133-3c4b-58d385a7bbd0","page_uri":"http://digitalcollections.nypl.org/items/126e7dc0-02e7-0133-3c4b-58d385a7bbd0","book_uri":"http://digitalcollections.nypl.org/items/109c0900-02e7-0133-03cf-58d385a7bbd0","source_rotated":"0.643431","source_x":"1213.54","source_y":"0","source_w":"1368.46","source_h":"898.17"},"type":"final_subject_set","search_terms_by_field":{"Land \u0026 Building Dimensions":["24.4 x 37","24.4 x 25"],"Stories \u0026 Materials":["2","Frame"],"Record Number":["3884"],"Mortgager":["Sven Peter Nelson"],"Street Address":["69 Barrow St"],"Record Date":["1892 April 4"],"Valuation Date":["April 4/92"],"Total Value":[],"Land \u0026 Building Value":["4500","1500"],"Amount Loaned":["$3000"]},"subjects":[{"id":"580da2ad6164390003cbfe02","type":"root","location":{"standard":"https://s3.amazonaws.com/scribe.nypl.org/emigrant-s4/full/126e7dc0-02e7-0133-3c4b-58d385a7bbd0.right-top.jpg","thumbnail":"https://s3.amazonaws.com/scribe.nypl.org/emigrant-s4/thumb/126e7dc0-02e7-0133-3c4b-58d385a7bbd0.right-top.jpg"},"status":"retired","width":1368,"height":898,"meta_data":{"capture_uuid":"126e7dc0-02e7-0133-3c4b-58d385a7bbd0","page_uri":"http://digitalcollections.nypl.org/items/126e7dc0-02e7-0133-3c4b-58d385a7bbd0","book_uri":"http://digitalcollections.nypl.org/items/109c0900-02e7-0133-03cf-58d385a7bbd0","source_rotated":"0.643431","source_x":"1213.54","source_y":"0","source_w":"1368.46","source_h":"898.17"},"assertions":[{"id":"580da2ad6164390003ccfe02","status":"awaiting_transcriptions","name":"Land \u0026 Building Dimensions","created_in_workflow":"transcribe","confidence":0.3333333333333333,"data":{"em_survey_land_dimensions":"24.4 x 37","em_survey_building_dimensions":"24.4 x 25"},"versions":[{"data":{"em_survey_land_dimensions":"24.4 x 37","em_survey_building_dimensions":"24.4 x 25"},"votes":1,"confidence":0.3333333333333333,"instances":[{"created":"2016-02-01T00:38:34Z","user_id":"56aea7873234360003750500","duration":10.435}]}],"region":{"x":354.5813600387718,"y":757.4239019819629,"width":308.9649856600894,"height":80.29049078373032,"label":"Dimension \u0026 Description","shape":"rectangle"},"task_key":"em_record_survey","instructions":{"mark":"Dimension \u0026 Description","transcribe":"Enter, as they appear, any land and building dimensions that were recorded. In the next screen, you'll enter the descriptive information."}},{"id":"580da2ad6164390003cdfe02","status":"awaiting_transcriptions","name":"Stories \u0026 Materials","created_in_workflow":"transcribe","confidence":0.3333333333333333,"data":{"em_record_stories":"2","em_record_material":"Frame"},"versions":[{"data":{"em_record_stories":"2","em_record_material":"Frame"},"votes":1,"confidence":0.3333333333333333,"instances":[{"created":"2016-02-01T00:38:38Z","user_id":"56aea7873234360003750500","duration":3.234}]}],"region":{"x":354.5813600387718,"y":757.4239019819629,"width":308.9649856600894,"height":80.29049078373032,"label":"Dimension \u0026 Description","shape":"rectangle"},"task_key":"em_record_survey_stories_materials","instructions":{"mark":"Dimension \u0026 Description","transcribe":"Enter, as they appear, the number of stories and the building materials."}},{"id":"580da2ad6164390003cefe02","status":"complete","name":"Record Number","created_in_workflow":"transcribe","confidence":1.0,"data":{"value":"3884"},"versions":[{"data":{"value":"3884"},"votes":3,"confidence":1.0,"instances":[{"created":"2015-11-08T16:11:04Z","user_id":"563f71353264340003a02200","duration":4.15},{"created":"2015-11-08T16:14:49Z","user_id":"563f6f403264340003f01f00","duration":7.488},{"created":"2015-11-08T16:17:40Z","user_id":"563f74763264340003d32600","duration":5.542}]}],"region":{"x":826.5243252870204,"y":102.35342780543853,"width":114.45973700895422,"height":49.52585216392187,"label":"Record Number","shape":"rectangle"},"task_key":"em_record_number","instructions":{"mark":"Record Number","transcribe":"Enter the record number"}},{"id":"580da2ad6164390003cffe02","status":"complete","name":"Mortgager","created_in_workflow":"transcribe","confidence":1.0,"data":{"value":"Sven Peter Nelson"},"versions":[{"data":{"value":"Sven Peter Nelson"},"votes":4,"confidence":1.0,"instances":[{"created":"2015-11-08T16:20:23Z","user_id":"563f74763264340003d32600","duration":14.264},{"created":"2015-11-08T16:22:49Z","user_id":"563f75c232643400037f2800","duration":16.269},{"created":"2015-11-08T16:24:02Z","user_id":"563f799b32643400032f2f00","duration":16.039},{"created":"2015-11-08T17:04:03Z","user_id":"563f6f403264340003f01f00","duration":15.557}]}],"region":{"x":257.5273634252003,"y":666.9481424741479,"width":247.629238721295,"height":49.525852163921854,"label":"Mortgager Name","shape":"rectangle"},"task_key":"em_record_mortgager","instructions":{"mark":"Mortgager Name","transcribe":"Enter the mortgager's name"}},{"id":"580da2ad6164390003d0fe02","status":"complete","name":"Street Address","created_in_workflow":"verify","confidence":1.0,"data":{"value":"69 Barrow St"},"versions":[{"data":{"value":"69 Barrow St"},"votes":3,"confidence":1.0,"instances":[{"created":"2015-11-30T00:04:04Z","user_id":"5647496e3562310003960400","duration":9.009},{"created":"2015-12-08T03:06:15Z","user_id":"563f8b7a3264340003774b00","duration":11.317},{"created":"2015-12-13T21:07:45Z","user_id":"5668bbbe3064310003db0500","duration":10.055}]}],"region":{"x":298.2486160149244,"y":704.367675220222,"width":256.4338338758298,"height":50.62642665645343,"label":"Street Address","shape":"rectangle"},"task_key":"em_transcribed_address","instructions":{"mark":"Street Address","transcribe":"Enter the street address","verify":"Choose the best transcription or enter your own!"}},{"id":"580da2ad6164390003d1fe02","status":"complete","name":"Record Date","created_in_workflow":"verify","confidence":1.0,"data":{"value":"1892 April 4"},"versions":[{"data":{"value":"1892 April 4"},"votes":3,"confidence":0.75,"instances":[{"created":"2015-11-14T04:20:28Z","user_id":"563f8b7a3264340003774b00","duration":11.137},{"created":"2015-11-17T03:49:03Z","user_id":"564618af6363350003da0c00","duration":5.014},{"created":"2015-11-20T13:39:23Z","user_id":"564f1fd864353600034f0100","duration":11.147}]},{"data":{"value":"April 4/92"},"votes":1,"confidence":0.25,"instances":[{"created":"2015-11-19T21:38:33Z","user_id":"564dee2139646600036e0200","duration":70.784}]}],"region":{"x":318.058955112628,"y":622.9251627728839,"width":183.79592385091672,"height":52.82757564151666,"label":"Record Date","shape":"rectangle"},"task_key":"em_transcribed_date","instructions":{"mark":"Record Date","transcribe":"Enter the record date","verify":"Choose the best transcription or enter your own!"}},{"id":"580da2ad6164390003d2fe02","status":"awaiting_votes","name":"Valuation Date","created_in_workflow":"verify","confidence":0.3333333333333333,"data":{"value":"April 4/92"},"versions":[{"data":{"value":"April 4/92"},"votes":1,"confidence":0.3333333333333333,"instances":[{"created":"2016-09-30T17:00:56Z","user_id":"57c49a363234370003600200","duration":2.86}]}],"region":{"x":928.877743958489,"y":631.7297587131368,"width":135.37065050097476,"height":79.24136346227499,"label":"Valuation","shape":"rectangle"},"task_key":"em_transcribed_valuation_date","instructions":{"mark":"Valuation","transcribe":"Enter the date of the valuation (if one is given). In the next screen, you'll enter the valuation's dollar amounts.","verify":"Choose the best transcription or enter your own!"}},{"id":"580da2ad6164390003d3fe02","status":"complete","name":"Total Value","created_in_workflow":"transcribe","confidence":1.0,"data":{"value":""},"versions":[{"data":{"value":""},"votes":3,"confidence":1.0,"instances":[{"created":"2015-11-08T16:25:13Z","user_id":"563f576b3264340003320700","duration":3.2},{"created":"2016-06-19T02:56:04Z","user_id":"5750d4e061323000033d0000","duration":2.372},{"created":"2016-06-23T19:29:59Z","user_id":"576c398337383900033e0000","duration":2.817}]}],"region":{"x":928.877743958489,"y":631.7297587131368,"width":135.37065050097476,"height":79.24136346227499,"label":"Valuation","shape":"rectangle"},"task_key":"em_record_valuation_total","instructions":{"mark":"Valuation","transcribe":"Enter the valuation ***total*** (if one is given)"}},{"id":"580da2ad6164390003d4fe02","status":"complete","name":"Land \u0026 Building Value","created_in_workflow":"verify","confidence":1.0,"data":{"em_valuation_ground":"4500","em_valuation_building":"1500"},"versions":[{"data":{"em_valuation_ground":"4500","em_valuation_building":"1500"},"votes":3,"confidence":0.75,"instances":[{"created":"2015-11-30T00:07:19Z","user_id":"5647496e3562310003960400","duration":3.103},{"created":"2015-12-08T03:07:39Z","user_id":"563f8b7a3264340003774b00","duration":6.268},{"created":"2015-12-14T00:48:54Z","user_id":"5668bbbe3064310003db0500","duration":5.064}]},{"data":{"em_valuation_ground":"$4,500","em_valuation_building":"$1,500"},"votes":1,"confidence":0.25,"instances":[{"created":"2016-07-17T22:06:40Z","user_id":"578a383f3336380003000000","duration":4.591}]}],"region":{"x":928.877743958489,"y":631.7297587131368,"width":135.37065050097476,"height":79.24136346227499,"label":"Valuation","shape":"rectangle"},"task_key":"em_transcribed_valuation_itemized","instructions":{"mark":"Valuation","transcribe":"Sometimes valuations include itemized dollar values for \"ground\" and \"building\". Enter these amounts if you can find them. In the next screen, you'll enter the total valuation.","verify":"Choose the best transcription or enter your own!"}},{"id":"580da2ad6164390003d5fe02","status":"complete","name":"Amount Loaned","created_in_workflow":"verify","confidence":1.0,"data":{"value":"$3000"},"versions":[{"data":{"value":"$3000"},"votes":3,"confidence":1.0,"instances":[{"created":"2015-11-30T00:04:07Z","user_id":"5647496e3562310003960400","duration":3.362},{"created":"2015-12-10T02:29:37Z","user_id":"563f8b7a3264340003774b00","duration":6.085},{"created":"2015-12-13T21:07:49Z","user_id":"5668bbbe3064310003db0500","duration":3.57}]}],"region":{"x":937.682339113024,"y":708.7699731903485,"width":115.56031140327104,"height":40.721256223669116,"label":"Amount Loaned","shape":"rectangle"},"task_key":"em_transcribed_amount_loaned","instructions":{"mark":"Amount Loaned","transcribe":"Enter the Amount Loaned","verify":"Choose the best transcription or enter your own!"}}]}],"export_document":{"name":"Record","export_fields":[{"name":"Mortgager","value":"Sven Peter Nelson","original_value":{"value":"Sven Peter Nelson"},"assertion_ids":["580da2ad6164390003cffe02"]},{"name":"Street Address","value":"69 Barrow St","original_value":{"value":"69 Barrow St"},"assertion_ids":["580da2ad6164390003d0fe02"]},{"name":"Record Date","value":"1892-04-04T00:00:00Z","original_value":{"value":"1892 April 4"},"assertion_ids":["580da2ad6164390003d1fe02"]},{"name":"Land \u0026 Building Dimensions","value":{"em_survey_land_dimensions":[24.333333333333332,37],"em_survey_building_dimensions":[24.333333333333332,25]},"original_value":{"em_survey_land_dimensions":"24.4 x 37","em_survey_building_dimensions":"24.4 x 25"},"assertion_ids":["580da2ad6164390003ccfe02"]},{"name":"Amount Loaned","value":3000.0,"original_value":{"value":"$3000"},"assertion_ids":["580da2ad6164390003d5fe02"]},{"name":"Stories \u0026 Materials","value":{"em_record_stories":2,"em_record_material":"Frame"},"original_value":{"em_record_stories":"2","em_record_material":"Frame"},"assertion_ids":["580da2ad6164390003cdfe02"]},{"name":"Valuation","value":null,"original_value":null,"assertion_ids":null},{"name":"Record Number","value":3884,"original_value":{"value":"3884"},"assertion_ids":["580da2ad6164390003cefe02"]}]}}