{"id":"56b10a537061755afbeac800","meta_data":{"capture_uuid":"1374cd40-02e7-0133-9b90-58d385a7bbd0","page_uri":"http://digitalcollections.nypl.org/items/1374cd40-02e7-0133-9b90-58d385a7bbd0","book_uri":"http://digitalcollections.nypl.org/items/109c0900-02e7-0133-03cf-58d385a7bbd0","source_rotated":"1.00705","source_x":"0","source_y":"0","source_w":"1374.82","source_h":"890.4"},"type":"final_subject_set","search_terms_by_field":{"Land \u0026 Building Value":["$15000","18000"],"Record Number":["3990","3990"],"Mortgager":["Jos. Swan","Jos. Swan"],"Street Address":["353 W 45 St","353 W 45 St"],"Stories \u0026 Materials":["5","br"],"Additional Info":[],"Land \u0026 Building Dimensions":["25 x 100.5","25 x 90"],"Record Date":["Jany 16/93"],"Amount Loaned":["$15000"]},"subjects":[{"id":"580d92fc616439000390b102","type":"root","location":{"standard":"https://s3.amazonaws.com/scribe.nypl.org/emigrant-s4/full/1374cd40-02e7-0133-9b90-58d385a7bbd0.left-top.jpg","thumbnail":"https://s3.amazonaws.com/scribe.nypl.org/emigrant-s4/thumb/1374cd40-02e7-0133-9b90-58d385a7bbd0.left-top.jpg"},"status":"retired","width":1374,"height":890,"meta_data":{"capture_uuid":"1374cd40-02e7-0133-9b90-58d385a7bbd0","page_uri":"http://digitalcollections.nypl.org/items/1374cd40-02e7-0133-9b90-58d385a7bbd0","book_uri":"http://digitalcollections.nypl.org/items/109c0900-02e7-0133-03cf-58d385a7bbd0","source_rotated":"1.00705","source_x":"0","source_y":"0","source_w":"1374.82","source_h":"890.4"},"assertions":[{"id":"580d92fc616439000391b102","status":"complete","name":"Land \u0026 Building Value","created_in_workflow":"verify","confidence":1.0,"data":{"em_valuation_ground":"$15000","em_valuation_building":"18000"},"versions":[{"data":{"em_valuation_ground":"$15000","em_valuation_building":"18000"},"votes":3,"confidence":1.0,"instances":[{"created":"2015-12-07T21:00:45Z","user_id":"5647496e3562310003960400","duration":8.213},{"created":"2015-12-28T18:58:34Z","user_id":"56748e5e3564620003fd0100","duration":72.448},{"created":"2016-01-19T00:30:53Z","user_id":"56980a2d3337650003270200","duration":13.132}]}],"region":{"x":699.4912279144198,"y":630.8070175438596,"width":270.64327147909717,"height":89.52046783625735,"label":"Valuation","shape":"rectangle"},"task_key":"em_transcribed_valuation_itemized","instructions":{"mark":"Valuation","transcribe":"Sometimes valuations include itemized dollar values for \"ground\" and \"building\". Enter these amounts if you can find them. In the next screen, you'll enter the total valuation.","verify":"Choose the best transcription or enter your own!"}},{"id":"580d92fc616439000392b102","status":"complete","name":"Record Number","created_in_workflow":"transcribe","confidence":1.0,"data":{"value":"3990"},"versions":[{"data":{"value":"3990"},"votes":3,"confidence":1.0,"instances":[{"created":"2015-11-14T00:19:45Z","user_id":"5647496e3562310003960400","duration":5.81},{"created":"2015-11-14T01:33:14Z","user_id":"56468cb43861340003dd0100","duration":3.351},{"created":"2015-11-14T01:40:24Z","user_id":"563bfc7535326200037f3900","duration":9.671}]}],"region":{"x":686.1692675717003,"y":89.71910276230201,"width":202.69871250514234,"height":83.0732432984278,"label":"Record Number","shape":"rectangle"},"task_key":"em_record_number","instructions":{"mark":"Record Number","transcribe":"Enter the record number"}},{"id":"580d92fc616439000393b102","status":"complete","name":"Record Number","created_in_workflow":"transcribe","confidence":1.0,"data":{"value":"3990"},"versions":[{"data":{"value":"3990"},"votes":3,"confidence":1.0,"instances":[{"created":"2015-11-09T04:26:19Z","user_id":"56401db46639340003770e00","duration":3.912},{"created":"2015-11-09T04:28:21Z","user_id":"56401ac966393400036c0b00","duration":6.028},{"created":"2016-07-02T19:43:08Z","user_id":"57780dce3065620003160000","duration":15.663}]}],"region":{"x":703.6549705525598,"y":104.09356725146199,"width":168.6315768446682,"height":62.45614035087718,"label":"Record Number","shape":"rectangle"},"task_key":"em_record_number","instructions":{"mark":"Record Number","transcribe":"Enter the record number"}},{"id":"580d92fc616439000394b102","status":"complete","name":"Mortgager","created_in_workflow":"verify","confidence":1.0,"data":{"value":"Jos. Swan"},"versions":[{"data":{"value":"Jos. Swan"},"votes":4,"confidence":1.0,"instances":[{"created":"2016-07-17T22:14:05Z","user_id":"5750d4e061323000033d0000","duration":7.924},{"created":"2016-08-29T02:49:14Z","user_id":"57c3a17b3234370003000000","duration":13.031},{"created":"2016-08-30T03:39:36Z","user_id":"57c49a363234370003600200","duration":6.031},{"created":"2016-08-30T10:44:50Z","user_id":"57c561a965343900036c0000","duration":7.778}]}],"region":{"x":89.50291554349864,"y":680.7719298245614,"width":312.2806978604967,"height":52.046783625730995,"label":"Mortgager Name","shape":"rectangle"},"task_key":"em_transcribed_mortgager","instructions":{"mark":"Mortgager Name","transcribe":"Enter the mortgager's name","verify":"Choose the best transcription or enter your own!"}},{"id":"580d92fc616439000395b102","status":"complete","name":"Mortgager","created_in_workflow":"transcribe","confidence":1.0,"data":{"value":"Jos. Swan"},"versions":[{"data":{"value":"Jos. Swan"},"votes":3,"confidence":1.0,"instances":[{"created":"2015-11-09T04:33:28Z","user_id":"56401ac966393400036c0b00","duration":10.328},{"created":"2015-11-09T04:46:01Z","user_id":"5640222b66393400030b1300","duration":19.706},{"created":"2016-07-05T10:28:05Z","user_id":"56cd8f5e6661360003f60100","duration":5.659}]}],"region":{"x":91.58478686256862,"y":680.7719298245614,"width":345.59063896561634,"height":60.374269005847964,"label":"Mortgager Name","shape":"rectangle"},"task_key":"em_record_mortgager","instructions":{"mark":"Mortgager Name","transcribe":"Enter the mortgager's name"}},{"id":"580d92fc616439000396b102","status":"complete","name":"Street Address","created_in_workflow":"verify","confidence":1.0,"data":{"value":"353 W 45 St"},"versions":[{"data":{"value":"353 W 45 St"},"votes":3,"confidence":1.0,"instances":[{"created":"2016-04-24T13:14:14Z","user_id":"571cb8be30303100032f0000","duration":5.749},{"created":"2016-04-24T20:08:50Z","user_id":"571d23a53030310003370200","duration":5.117},{"created":"2016-09-26T02:23:37Z","user_id":"57c49a363234370003600200","duration":5.779}]}],"region":{"x":74.75020034307414,"y":706.1225680366363,"width":423.6735384328795,"height":78.08884870052214,"label":"Street Address","shape":"rectangle"},"task_key":"em_transcribed_address","instructions":{"mark":"Street Address","transcribe":"Enter the street address","verify":"Choose the best transcription or enter your own!"}},{"id":"580d92fc616439000397b102","status":"complete","name":"Street Address","created_in_workflow":"verify","confidence":1.0,"data":{"value":"353 W 45 St"},"versions":[{"data":{"value":"353 W 45 St"},"votes":4,"confidence":0.8,"instances":[{"created":"2016-07-17T22:15:05Z","user_id":"5750d4e061323000033d0000","duration":20.391},{"created":"2016-08-28T15:13:12Z","user_id":"57c2fd103162330003f00000","duration":14.296},{"created":"2016-08-28T15:13:17Z","user_id":"57c2fd103162330003f00000","duration":2.184},{"created":"2016-08-30T03:33:40Z","user_id":"57c49a363234370003600200","duration":13.482}]},{"data":{"value":"353 Co 45 St"},"votes":1,"confidence":0.2,"instances":[{"created":"2016-08-29T20:27:31Z","user_id":"57c4994f32343700034b0200","duration":50.17}]}],"region":{"x":91.58478686256862,"y":709.9181286549707,"width":399.7192932614357,"height":60.374269005847964,"label":"Street Address","shape":"rectangle"},"task_key":"em_transcribed_address","instructions":{"mark":"Street Address","transcribe":"Enter the street address","verify":"Choose the best transcription or enter your own!"}},{"id":"580d92fc616439000398b102","status":"complete","name":"Stories \u0026 Materials","created_in_workflow":"transcribe","confidence":1.0,"data":{"em_record_stories":"5","em_record_material":"br"},"versions":[{"data":{"em_record_stories":"5","em_record_material":"br"},"votes":3,"confidence":1.0,"instances":[{"created":"2015-11-09T04:24:59Z","user_id":"5640195c6639340003c70900","duration":4.152},{"created":"2015-11-09T04:25:20Z","user_id":"563e09116630330003dc1000","duration":7.113},{"created":"2015-11-09T04:26:20Z","user_id":"5640197a6639340003e00900","duration":7.52}]}],"region":{"x":91.58478686256862,"y":766.1286549707602,"width":503.81285921493463,"height":81.19298245614038,"label":"Dimension \u0026 Description","shape":"rectangle"},"task_key":"em_record_survey_stories_materials","instructions":{"mark":"Dimension \u0026 Description","transcribe":"Enter, as they appear, the number of stories and the building materials."}},{"id":"580d92fc616439000399b102","status":"awaiting_transcriptions","name":"Additional Info","created_in_workflow":"transcribe","confidence":1.0,"data":{"value":""},"versions":[{"data":{"value":""},"votes":3,"confidence":1.0,"instances":[{"created":"2015-11-09T04:25:00Z","user_id":"5640195c6639340003c70900","duration":1.287},{"created":"2015-11-09T04:25:21Z","user_id":"563e09116630330003dc1000","duration":1.046},{"created":"2015-11-09T04:26:31Z","user_id":"5640197a6639340003e00900","duration":10.482}]}],"region":{"x":91.58478686256862,"y":766.1286549707602,"width":503.81285921493463,"height":81.19298245614038,"label":"Dimension \u0026 Description","shape":"rectangle"},"task_key":"em_record_survey_additional_info","instructions":{"mark":"Dimension \u0026 Description","transcribe":"Enter any additional information you find about the building's construction or significance."}},{"id":"580d92fc61643900039ab102","status":"complete","name":"Land \u0026 Building Dimensions","created_in_workflow":"verify","confidence":1.0,"data":{"em_survey_land_dimensions":"25 x 100.5","em_survey_building_dimensions":"25 x 90"},"versions":[{"data":{"em_survey_land_dimensions":"25 x 100.5","em_survey_building_dimensions":"25 x 90"},"votes":3,"confidence":1.0,"instances":[{"created":"2015-12-07T23:00:49Z","user_id":"5647496e3562310003960400","duration":9.606},{"created":"2015-12-28T20:46:19Z","user_id":"56748e5e3564620003fd0100","duration":11.722},{"created":"2016-01-19T17:11:07Z","user_id":"56980a2d3337650003270200","duration":22.076}]}],"region":{"x":91.58478686256862,"y":766.1286549707602,"width":503.81285921493463,"height":81.19298245614038,"label":"Dimension \u0026 Description","shape":"rectangle"},"task_key":"em_transcribed_survey","instructions":{"mark":"Dimension \u0026 Description","transcribe":"Enter, as they appear, any land and building dimensions that were recorded. In the next screen, you'll enter the descriptive information.","verify":"Choose the best transcription or enter your own!"}},{"id":"580d92fc61643900039bb102","status":"awaiting_votes","name":"Record Date","created_in_workflow":"verify","confidence":0.6,"data":{"value":"Jany 16/93"},"versions":[{"data":{"value":"Jany 16/93"},"votes":3,"confidence":0.6,"instances":[{"created":"2015-11-26T23:03:50Z","user_id":"5647496e3562310003960400","duration":3.931},{"created":"2015-12-06T05:54:46Z","user_id":"565e4fed3862380003f10900","duration":11.201},{"created":"2016-09-12T21:47:00Z","user_id":"57c49a363234370003600200","duration":10.219}]},{"data":{"value":"1893 January 16"},"votes":2,"confidence":0.4,"instances":[{"created":"2015-11-18T02:33:21Z","user_id":"563f8b7a3264340003774b00","duration":8.237},{"created":"2015-12-04T22:35:18Z","user_id":"563bfc7535326200037f3900","duration":12.27}]}],"region":{"x":93.6666581816386,"y":628.7251461988304,"width":324.77192577491655,"height":64.53801169590645,"label":"Record Date","shape":"rectangle"},"task_key":"em_transcribed_date","instructions":{"mark":"Record Date","transcribe":"Enter the record date","verify":"Choose the best transcription or enter your own!"}},{"id":"580d92fc61643900039cb102","status":"complete","name":"Amount Loaned","created_in_workflow":"verify","confidence":1.0,"data":{"value":"$15000"},"versions":[{"data":{"value":"$15000"},"votes":3,"confidence":1.0,"instances":[{"created":"2015-12-28T20:46:07Z","user_id":"56748e5e3564620003fd0100","duration":3.723},{"created":"2016-01-19T17:10:38Z","user_id":"56980a2d3337650003270200","duration":9.934},{"created":"2016-01-30T15:09:52Z","user_id":"563f8b7a3264340003774b00","duration":7.305}]}],"region":{"x":703.6549705525598,"y":724.4912280701755,"width":268.5614001600271,"height":49.9649122807017,"label":"Amount Loaned","shape":"rectangle"},"task_key":"em_transcribed_amount_loaned","instructions":{"mark":"Amount Loaned","transcribe":"Enter the Amount Loaned","verify":"Choose the best transcription or enter your own!"}}]}],"export_document":{"name":"Record","export_fields":[{"name":"Mortgager","value":"Jos. Swan","original_value":{"value":"Jos. Swan"},"assertion_ids":["580d92fc616439000394b102"]},{"name":"Street Address","value":"353 W 45 St","original_value":{"value":"353 W 45 St"},"assertion_ids":["580d92fc616439000396b102"]},{"name":"Record Date","value":"1893-01-16T00:00:00Z","original_value":{"value":"Jany 16/93"},"assertion_ids":["580d92fc61643900039bb102"]},{"name":"Land \u0026 Building Dimensions","value":{"em_survey_land_dimensions":[25,100.41666666666667],"em_survey_building_dimensions":[25,90]},"original_value":{"em_survey_land_dimensions":"25 x 100.5","em_survey_building_dimensions":"25 x 90"},"assertion_ids":["580d92fc61643900039ab102"]},{"name":"Amount Loaned","value":15000.0,"original_value":{"value":"$15000"},"assertion_ids":["580d92fc61643900039cb102"]},{"name":"Stories \u0026 Materials","value":{"em_record_stories":5,"em_record_material":"br"},"original_value":{"em_record_stories":"5","em_record_material":"br"},"assertion_ids":["580d92fc616439000398b102"]},{"name":"Record Number","value":3990,"original_value":{"value":"3990"},"assertion_ids":["580d92fc616439000392b102"]},{"name":"Additional Info","value":"","original_value":{"value":""},"assertion_ids":["580d92fc616439000399b102"]}]}}