{"id":"56b10a867061755afbc9cc00","meta_data":{"capture_uuid":"14627a60-02e7-0133-2a35-58d385a7bbd0","page_uri":"http://digitalcollections.nypl.org/items/14627a60-02e7-0133-2a35-58d385a7bbd0","book_uri":"http://digitalcollections.nypl.org/items/109c0900-02e7-0133-03cf-58d385a7bbd0","source_rotated":"0.839234","source_x":"1216.36","source_y":"864.8","source_w":"1371.64","source_h":"975.2"},"type":"final_subject_set","search_terms_by_field":{"Valuation Date":[],"Land \u0026 Building Value":["$3,000","$3,000"],"Total Value":[],"Record Number":["4065"],"Mortgager":["Jos. Englehardt"],"Street Address":["441 E71"],"Land \u0026 Building Dimensions":["25 x 54'4","25 x 30"],"Stories \u0026 Materials":["3","brick"],"Additional Info":[],"Record Date":["July 17/93"],"Amount Loaned":["$3000"]},"subjects":[{"id":"580d6d506164390003a63e01","type":"root","location":{"standard":"https://s3.amazonaws.com/scribe.nypl.org/emigrant-s4/full/14627a60-02e7-0133-2a35-58d385a7bbd0.right-bottom.jpg","thumbnail":"https://s3.amazonaws.com/scribe.nypl.org/emigrant-s4/thumb/14627a60-02e7-0133-2a35-58d385a7bbd0.right-bottom.jpg"},"status":"retired","width":1371,"height":975,"meta_data":{"capture_uuid":"14627a60-02e7-0133-2a35-58d385a7bbd0","page_uri":"http://digitalcollections.nypl.org/items/14627a60-02e7-0133-2a35-58d385a7bbd0","book_uri":"http://digitalcollections.nypl.org/items/109c0900-02e7-0133-03cf-58d385a7bbd0","source_rotated":"0.839234","source_x":"1216.36","source_y":"864.8","source_w":"1371.64","source_h":"975.2"},"assertions":[{"id":"580d6d506164390003a73e01","status":"awaiting_transcriptions","name":"Valuation Date","created_in_workflow":"transcribe","confidence":0.3333333333333333,"data":{"value":""},"versions":[{"data":{"value":""},"votes":1,"confidence":0.3333333333333333,"instances":[{"created":"2015-11-19T23:32:34Z","user_id":"563f8b7a3264340003774b00","duration":6.8}]},{"data":{"value":"July 17/93"},"votes":1,"confidence":0.3333333333333333,"instances":[{"created":"2016-10-06T21:41:51Z","user_id":"57c49a363234370003600200","duration":10.876}]}],"region":{"x":909.0219011519525,"y":578.84720074908,"width":118.21526329291896,"height":93.7569409664003,"label":"Valuation","shape":"rectangle"},"task_key":"em_record_valuation","instructions":{"mark":"Valuation","transcribe":"Enter the date of the valuation (if one is given). In the next screen, you'll enter the valuation's dollar amounts."}},{"id":"580d6d506164390003a83e01","status":"awaiting_transcriptions","name":"Land \u0026 Building Value","created_in_workflow":"transcribe","confidence":0.3333333333333333,"data":{"em_valuation_ground":"$3,000","em_valuation_building":"$3,000"},"versions":[{"data":{"em_valuation_ground":"$3,000","em_valuation_building":"$3,000"},"votes":1,"confidence":0.3333333333333333,"instances":[{"created":"2015-11-19T23:32:46Z","user_id":"563f8b7a3264340003774b00","duration":11.893}]},{"data":{"em_valuation_ground":"$3000.","em_valuation_building":"3000."},"votes":1,"confidence":0.3333333333333333,"instances":[{"created":"2016-10-06T21:42:01Z","user_id":"57c49a363234370003600200","duration":10.164}]}],"region":{"x":909.0219011519525,"y":578.84720074908,"width":118.21526329291896,"height":93.7569409664003,"label":"Valuation","shape":"rectangle"},"task_key":"em_record_valuation_ground_building","instructions":{"mark":"Valuation","transcribe":"Sometimes valuations include itemized dollar values for \"ground\" and \"building\". Enter these amounts if you can find them. In the next screen, you'll enter the total valuation."}},{"id":"580d6d506164390003a93e01","status":"awaiting_transcriptions","name":"Total Value","created_in_workflow":"transcribe","confidence":0.6666666666666666,"data":{"value":""},"versions":[{"data":{"value":""},"votes":2,"confidence":0.6666666666666666,"instances":[{"created":"2015-11-19T23:32:48Z","user_id":"563f8b7a3264340003774b00","duration":2.044},{"created":"2016-10-06T21:42:02Z","user_id":"57c49a363234370003600200","duration":0.892}]}],"region":{"x":909.0219011519525,"y":578.84720074908,"width":118.21526329291896,"height":93.7569409664003,"label":"Valuation","shape":"rectangle"},"task_key":"em_record_valuation_total","instructions":{"mark":"Valuation","transcribe":"Enter the valuation ***total*** (if one is given)"}},{"id":"580d6d506164390003aa3e01","status":"complete","name":"Record Number","created_in_workflow":"transcribe","confidence":1.0,"data":{"value":"4065"},"versions":[{"data":{"value":"4065"},"votes":3,"confidence":1.0,"instances":[{"created":"2015-11-19T23:40:12Z","user_id":"564e58f46438310003990c00","duration":65.542},{"created":"2015-11-20T00:35:27Z","user_id":"564e68f339646600032e0e00","duration":7.182},{"created":"2015-11-20T01:18:27Z","user_id":"564b62033863320003ba0500","duration":2.816}]}],"region":{"x":808.4709875464813,"y":54.351849835594365,"width":103.26850586507862,"height":70.65740478627268,"label":"Record Number","shape":"rectangle"},"task_key":"em_record_number","instructions":{"mark":"Record Number","transcribe":"Enter the record number"}},{"id":"580d6d506164390003ab3e01","status":"complete","name":"Mortgager","created_in_workflow":"transcribe","confidence":1.0,"data":{"value":"Jos. Englehardt"},"versions":[{"data":{"value":"Jos. Englehardt"},"votes":3,"confidence":1.0,"instances":[{"created":"2015-11-19T23:41:57Z","user_id":"564e58f46438310003990c00","duration":21.881},{"created":"2015-11-20T00:36:59Z","user_id":"564e68f339646600032e0e00","duration":17.297},{"created":"2015-11-20T01:18:59Z","user_id":"564b62033863320003ba0500","duration":4.788}]}],"region":{"x":217.39467108188657,"y":626.405069355225,"width":323.3934788932725,"height":54.35184983559441,"label":"Mortgager Name","shape":"rectangle"},"task_key":"em_record_mortgager","instructions":{"mark":"Mortgager Name","transcribe":"Enter the mortgager's name"}},{"id":"580d6d506164390003ac3e01","status":"awaiting_votes","name":"Street Address","created_in_workflow":"verify","confidence":0.3333333333333333,"data":{"value":"441 E71"},"versions":[{"data":{"value":"441 E71"},"votes":1,"confidence":0.3333333333333333,"instances":[{"created":"2016-09-05T23:26:51Z","user_id":"57c49a363234370003600200","duration":13.17}]}],"region":{"x":278.54049692305153,"y":678.0393266990397,"width":187.51386591290589,"height":40.76388737669572,"label":"Street Address","shape":"rectangle"},"task_key":"em_transcribed_address","instructions":{"mark":"Street Address","transcribe":"Enter the street address","verify":"Choose the best transcription or enter your own!"}},{"id":"580d6d506164390003ad3e01","status":"awaiting_votes","name":"Land \u0026 Building Dimensions","created_in_workflow":"transcribe","confidence":0.3333333333333333,"data":{"em_survey_land_dimensions":"25 x 54'4","em_survey_building_dimensions":"25 x 30"},"versions":[{"data":{"em_survey_land_dimensions":"25 x 54'4","em_survey_building_dimensions":"25 x 30"},"votes":1,"confidence":0.3333333333333333,"instances":[{"created":"2015-11-19T23:34:25Z","user_id":"563f8b7a3264340003774b00","duration":32.333}]},{"data":{"em_survey_land_dimensions":"25 x 54[4]","em_survey_building_dimensions":"25 x 30"},"votes":1,"confidence":0.3333333333333333,"instances":[{"created":"2015-11-19T23:44:19Z","user_id":"564e5a493964660003ba0c00","duration":24.561}]},{"data":{"em_survey_land_dimensions":"25 x 54.4","em_survey_building_dimensions":"25 x 30"},"votes":1,"confidence":0.3333333333333333,"instances":[{"created":"2016-10-06T21:43:00Z","user_id":"57c49a363234370003600200","duration":13.38}]}],"region":{"x":347.83909954303846,"y":713.3680290921762,"width":308.4467214654322,"height":84.24536724517122,"label":"Dimension \u0026 Description","shape":"rectangle"},"task_key":"em_record_survey","instructions":{"mark":"Dimension \u0026 Description","transcribe":"Enter, as they appear, any land and building dimensions that were recorded. In the next screen, you'll enter the descriptive information."}},{"id":"580d6d506164390003ae3e01","status":"awaiting_votes","name":"Stories \u0026 Materials","created_in_workflow":"transcribe","confidence":0.3333333333333333,"data":{"em_record_stories":"3","em_record_material":"brick"},"versions":[{"data":{"em_record_stories":"3","em_record_material":"brick"},"votes":1,"confidence":0.3333333333333333,"instances":[{"created":"2015-11-19T23:34:32Z","user_id":"563f8b7a3264340003774b00","duration":6.857}]},{"data":{"em_record_stories":"3","em_record_material":"Br"},"votes":1,"confidence":0.3333333333333333,"instances":[{"created":"2015-11-19T23:44:32Z","user_id":"564e5a493964660003ba0c00","duration":13.229}]},{"data":{"em_record_stories":"3","em_record_material":"br."},"votes":1,"confidence":0.3333333333333333,"instances":[{"created":"2016-10-06T21:43:05Z","user_id":"57c49a363234370003600200","duration":5.105}]}],"region":{"x":347.83909954303846,"y":713.3680290921762,"width":308.4467214654322,"height":84.24536724517122,"label":"Dimension \u0026 Description","shape":"rectangle"},"task_key":"em_record_survey_stories_materials","instructions":{"mark":"Dimension \u0026 Description","transcribe":"Enter, as they appear, the number of stories and the building materials."}},{"id":"580d6d506164390003af3e01","status":"awaiting_transcriptions","name":"Additional Info","created_in_workflow":"transcribe","confidence":0.3333333333333333,"data":{"value":""},"versions":[{"data":{"value":""},"votes":1,"confidence":0.3333333333333333,"instances":[{"created":"2016-10-06T21:43:10Z","user_id":"57c49a363234370003600200","duration":4.402}]}],"region":{"x":347.83909954303846,"y":713.3680290921762,"width":308.4467214654322,"height":84.24536724517122,"label":"Dimension \u0026 Description","shape":"rectangle"},"task_key":"em_record_survey_additional_info","instructions":{"mark":"Dimension \u0026 Description","transcribe":"Enter any additional information you find about the building's construction or significance."}},{"id":"580d6d506164390003b03e01","status":"complete","name":"Record Date","created_in_workflow":"verify","confidence":1.0,"data":{"value":"July 17/93"},"versions":[{"data":{"value":"July 17/93"},"votes":3,"confidence":1.0,"instances":[{"created":"2016-05-22T02:47:21Z","user_id":"563f8b7a3264340003774b00","duration":8.909},{"created":"2016-08-28T20:55:21Z","user_id":"5750d4e061323000033d0000","duration":5.589},{"created":"2016-09-06T00:02:13Z","user_id":"57c49a363234370003600200","duration":6.193}]}],"region":{"x":292.1284582210882,"y":573.4120157655206,"width":206.5370117301572,"height":61.145831065043694,"label":"Record Date","shape":"rectangle"},"task_key":"em_transcribed_date","instructions":{"mark":"Record Date","transcribe":"Enter the record date","verify":"Choose the best transcription or enter your own!"}},{"id":"580d6d506164390003b13e01","status":"awaiting_votes","name":"Amount Loaned","created_in_workflow":"verify","confidence":0.6666666666666666,"data":{"value":"$3000"},"versions":[{"data":{"value":"$3000"},"votes":2,"confidence":0.6666666666666666,"instances":[{"created":"2016-08-28T02:17:40Z","user_id":"5750d4e061323000033d0000","duration":4.341},{"created":"2016-09-05T23:26:59Z","user_id":"57c49a363234370003600200","duration":8.394}]}],"region":{"x":917.1746779307745,"y":671.2453454695905,"width":108.70369038429322,"height":48.91666485203486,"label":"Amount Loaned","shape":"rectangle"},"task_key":"em_transcribed_amount_loaned","instructions":{"mark":"Amount Loaned","transcribe":"Enter the Amount Loaned","verify":"Choose the best transcription or enter your own!"}}]}],"export_document":{"name":"Record","export_fields":[{"name":"Mortgager","value":"Jos. Englehardt","original_value":{"value":"Jos. Englehardt"},"assertion_ids":["580d6d506164390003ab3e01"]},{"name":"Street Address","value":"441 E71","original_value":{"value":"441 E71"},"assertion_ids":["580d6d506164390003ac3e01"]},{"name":"Record Date","value":"1893-07-17T00:00:00Z","original_value":{"value":"July 17/93"},"assertion_ids":["580d6d506164390003b03e01"]},{"name":"Land \u0026 Building Dimensions","value":{"em_survey_land_dimensions":[25,54],"em_survey_building_dimensions":[25,30]},"original_value":{"em_survey_land_dimensions":"25 x 54'4","em_survey_building_dimensions":"25 x 30"},"assertion_ids":["580d6d506164390003ad3e01"]},{"name":"Amount Loaned","value":3000.0,"original_value":{"value":"$3000"},"assertion_ids":["580d6d506164390003b13e01"]},{"name":"Stories \u0026 Materials","value":{"em_record_stories":3,"em_record_material":"brick"},"original_value":{"em_record_stories":"3","em_record_material":"brick"},"assertion_ids":["580d6d506164390003ae3e01"]},{"name":"Valuation","value":null,"original_value":null,"assertion_ids":null},{"name":"Record Number","value":4065,"original_value":{"value":"4065"},"assertion_ids":["580d6d506164390003aa3e01"]},{"name":"Additional Info","value":"","original_value":{"value":""},"assertion_ids":["580d6d506164390003af3e01"]}]}}