{"id":"56b109bd7061755afb4bbd00","meta_data":{"capture_uuid":"116e1c10-02e7-0133-6765-58d385a7bbd0","page_uri":"http://digitalcollections.nypl.org/items/116e1c10-02e7-0133-6765-58d385a7bbd0","book_uri":"http://digitalcollections.nypl.org/items/109c0900-02e7-0133-03cf-58d385a7bbd0","source_rotated":"-0.111906","source_x":"0","source_y":"0","source_w":"1359.98","source_h":"867.8399999999999"},"type":"final_subject_set","search_terms_by_field":{"Record Number":["3778"],"Mortgager":["Wm C. Trull"],"Street Address":["S.s. 134 St. 250 fr E. of St Ames Ave."],"Land \u0026 Building Dimensions":["100x70"],"Stories \u0026 Materials":["vacant lot"],"Additional Info":["vacant lot"],"Record Date":["Nov 2/91"],"Valuation Date":[],"Land \u0026 Building Value":[],"Total Value":[],"Amount Loaned":["1500."]},"subjects":[{"id":"580d6c2b6164390003fe3201","type":"root","location":{"standard":"https://s3.amazonaws.com/scribe.nypl.org/emigrant-s4/full/116e1c10-02e7-0133-6765-58d385a7bbd0.left-top.jpg","thumbnail":"https://s3.amazonaws.com/scribe.nypl.org/emigrant-s4/thumb/116e1c10-02e7-0133-6765-58d385a7bbd0.left-top.jpg"},"status":"retired","width":1359,"height":867,"meta_data":{"capture_uuid":"116e1c10-02e7-0133-6765-58d385a7bbd0","page_uri":"http://digitalcollections.nypl.org/items/116e1c10-02e7-0133-6765-58d385a7bbd0","book_uri":"http://digitalcollections.nypl.org/items/109c0900-02e7-0133-03cf-58d385a7bbd0","source_rotated":"-0.111906","source_x":"0","source_y":"0","source_w":"1359.98","source_h":"867.8399999999999"},"assertions":[{"id":"580d6c2b6164390003ff3201","status":"awaiting_transcriptions","name":"Land \u0026 Building Dimensions","created_in_workflow":"transcribe","confidence":0.3333333333333333,"data":{"em_survey_land_dimensions":"100x70","em_survey_building_dimensions":""},"versions":[{"data":{"em_survey_land_dimensions":"100x70","em_survey_building_dimensions":""},"votes":1,"confidence":0.3333333333333333,"instances":[{"created":"2015-12-17T22:47:50Z","user_id":"5668b33530333000032d0500","duration":9.194}]}],"region":{"x":184.51640251857435,"y":748.8731703764837,"width":259.95060194152205,"height":80.81365147947668,"label":"Dimension \u0026 Description","shape":"rectangle"},"task_key":"em_record_survey","instructions":{"mark":"Dimension \u0026 Description","transcribe":"Enter, as they appear, any land and building dimensions that were recorded. In the next screen, you'll enter the descriptive information."}},{"id":"580d6c2b6164390003003301","status":"awaiting_transcriptions","name":"Stories \u0026 Materials","created_in_workflow":"transcribe","confidence":0.3333333333333333,"data":{"em_record_stories":"","em_record_material":"vacant lot"},"versions":[{"data":{"em_record_stories":"","em_record_material":"vacant lot"},"votes":1,"confidence":0.3333333333333333,"instances":[{"created":"2015-12-17T22:47:52Z","user_id":"5668b33530333000032d0500","duration":2.256}]}],"region":{"x":184.51640251857435,"y":748.8731703764837,"width":259.95060194152205,"height":80.81365147947668,"label":"Dimension \u0026 Description","shape":"rectangle"},"task_key":"em_record_survey_stories_materials","instructions":{"mark":"Dimension \u0026 Description","transcribe":"Enter, as they appear, the number of stories and the building materials."}},{"id":"580d6c2b6164390003013301","status":"awaiting_transcriptions","name":"Additional Info","created_in_workflow":"transcribe","confidence":0.3333333333333333,"data":{"value":"vacant lot"},"versions":[{"data":{"value":"vacant lot"},"votes":1,"confidence":0.3333333333333333,"instances":[{"created":"2015-12-17T22:47:55Z","user_id":"5668b33530333000032d0500","duration":2.835}]}],"region":{"x":184.51640251857435,"y":748.8731703764837,"width":259.95060194152205,"height":80.81365147947668,"label":"Dimension \u0026 Description","shape":"rectangle"},"task_key":"em_record_survey_additional_info","instructions":{"mark":"Dimension \u0026 Description","transcribe":"Enter any additional information you find about the building's construction or significance."}},{"id":"580d6c2b6164390003023301","status":"awaiting_transcriptions","name":"Valuation Date","created_in_workflow":"transcribe","confidence":0.3333333333333333,"data":{"value":""},"versions":[{"data":{"value":""},"votes":1,"confidence":0.3333333333333333,"instances":[{"created":"2015-12-18T00:09:32Z","user_id":"56734c386239370003af0500","duration":4.704}]}],"region":{"x":762.3340617564653,"y":608.7961744787241,"width":203.381040897253,"height":107.7515353059689,"label":"Valuation","shape":"rectangle"},"task_key":"em_record_valuation","instructions":{"mark":"Valuation","transcribe":"Enter the date of the valuation (if one is given). In the next screen, you'll enter the valuation's dollar amounts."}},{"id":"580d6c2b6164390003033301","status":"awaiting_transcriptions","name":"Land \u0026 Building Value","created_in_workflow":"transcribe","confidence":0.3333333333333333,"data":{"em_valuation_ground":""},"versions":[{"data":{"em_valuation_ground":""},"votes":1,"confidence":0.3333333333333333,"instances":[{"created":"2015-12-18T00:09:33Z","user_id":"56734c386239370003af0500","duration":0.909}]}],"region":{"x":762.3340617564653,"y":608.7961744787241,"width":203.381040897253,"height":107.7515353059689,"label":"Valuation","shape":"rectangle"},"task_key":"em_record_valuation_ground_building","instructions":{"mark":"Valuation","transcribe":"Sometimes valuations include itemized dollar values for \"ground\" and \"building\". Enter these amounts if you can find them. In the next screen, you'll enter the total valuation."}},{"id":"580d6c2b6164390003043301","status":"awaiting_transcriptions","name":"Total Value","created_in_workflow":"transcribe","confidence":0.3333333333333333,"data":{"value":""},"versions":[{"data":{"value":""},"votes":1,"confidence":0.3333333333333333,"instances":[{"created":"2015-12-18T00:09:33Z","user_id":"56734c386239370003af0500","duration":0.162}]}],"region":{"x":762.3340617564653,"y":608.7961744787241,"width":203.381040897253,"height":107.7515353059689,"label":"Valuation","shape":"rectangle"},"task_key":"em_record_valuation_total","instructions":{"mark":"Valuation","transcribe":"Enter the valuation ***total*** (if one is given)"}},{"id":"580d6c2b6164390003053301","status":"complete","name":"Record Number","created_in_workflow":"transcribe","confidence":1.0,"data":{"value":"3778"},"versions":[{"data":{"value":"3778"},"votes":3,"confidence":1.0,"instances":[{"created":"2015-12-17T22:46:46Z","user_id":"5668b33530333000032d0500","duration":3.178},{"created":"2015-12-17T23:45:44Z","user_id":"5668b33530333000032d0500","duration":2.335},{"created":"2015-12-18T00:08:38Z","user_id":"56734c386239370003af0500","duration":4.453}]}],"region":{"x":680.1735088112174,"y":70.03849794887977,"width":241.0940815934323,"height":109.09842949729348,"label":"Record Number","shape":"rectangle"},"task_key":"em_record_number","instructions":{"mark":"Record Number","transcribe":"Enter the record number"}},{"id":"580d6c2b6164390003063301","status":"awaiting_votes","name":"Mortgager","created_in_workflow":"verify","confidence":0.3333333333333333,"data":{"value":"Wm C. Trull"},"versions":[{"data":{"value":"Wm C. Trull"},"votes":1,"confidence":0.3333333333333333,"instances":[{"created":"2016-09-14T14:08:43Z","user_id":"57c49a363234370003600200","duration":17.497}]}],"region":{"x":173.74124803395168,"y":657.2843653664102,"width":273.4195450473004,"height":70.0384979488797,"label":"Mortgager Name","shape":"rectangle"},"task_key":"em_transcribed_mortgager","instructions":{"mark":"Mortgager Name","transcribe":"Enter the mortgager's name","verify":"Choose the best transcription or enter your own!"}},{"id":"580d6c2b6164390003073301","status":"awaiting_votes","name":"Street Address","created_in_workflow":"transcribe","confidence":0.25,"data":{"value":"S.s. 134 St. 250 fr E. of St Ames Ave."},"versions":[{"data":{"value":"S.s. 134 St. 250 fr E. of St Ames Ave."},"votes":1,"confidence":0.25,"instances":[{"created":"2015-12-17T22:47:40Z","user_id":"5668b33530333000032d0500","duration":13.923}]},{"data":{"value":"S.s. 134 St. 250 fr E. of 21 Auus Ave."},"votes":1,"confidence":0.25,"instances":[{"created":"2015-12-18T00:10:56Z","user_id":"56734c386239370003af0500","duration":52.458}]},{"data":{"value":"S.s. 134 St. 150ft E. of St Annes Ave."},"votes":1,"confidence":0.25,"instances":[{"created":"2015-12-18T01:27:03Z","user_id":"56735d6b3865360003e00300","duration":335.882}]},{"data":{"value":"S. s. 134 St. 250 ft E. of St Anns Ave."},"votes":1,"confidence":0.25,"instances":[{"created":"2016-09-14T14:18:40Z","user_id":"57c49a363234370003600200","duration":41.082}]}],"region":{"x":202.0260285560862,"y":707.1194504454207,"width":474.1067973233977,"height":65.99781537490594,"label":"Street Address","shape":"rectangle"},"task_key":"em_record_street_address","instructions":{"mark":"Street Address","transcribe":"Enter the street address"}},{"id":"580d6c2b6164390003083301","status":"complete","name":"Record Date","created_in_workflow":"transcribe","confidence":1.0,"data":{"value":"Nov 2/91"},"versions":[{"data":{"value":"Nov 2/91"},"votes":3,"confidence":1.0,"instances":[{"created":"2015-12-17T22:47:15Z","user_id":"5668b33530333000032d0500","duration":2.392},{"created":"2015-12-17T23:45:58Z","user_id":"5668b33530333000032d0500","duration":2.155},{"created":"2015-12-18T00:09:27Z","user_id":"56734c386239370003af0500","duration":4.232}]}],"region":{"x":214.1480773512867,"y":600.7148093307765,"width":200.6872522760973,"height":76.77296890550281,"label":"Record Date","shape":"rectangle"},"task_key":"em_record_date","instructions":{"mark":"Record Date","transcribe":"Enter the record date"}},{"id":"580d6c2b6164390003093301","status":"complete","name":"Amount Loaned","created_in_workflow":"transcribe","confidence":1.0,"data":{"value":"1500."},"versions":[{"data":{"value":"1500."},"votes":3,"confidence":1.0,"instances":[{"created":"2015-12-17T20:11:04Z","user_id":"5672fbd26434380003410700","duration":7.03},{"created":"2015-12-18T00:11:02Z","user_id":"56734c386239370003af0500","duration":5.614},{"created":"2015-12-18T01:27:22Z","user_id":"56735d6b3865360003e00300","duration":8.242}]}],"region":{"x":774.4561105516658,"y":708.4663446367454,"width":189.9120977914746,"height":61.95713280093207,"label":"Amount Loaned","shape":"rectangle"},"task_key":"em_record_amount_loaned","instructions":{"mark":"Amount Loaned","transcribe":"Enter the Amount Loaned"}}]}],"export_document":{"name":"Record","export_fields":[{"name":"Mortgager","value":"Wm C. Trull","original_value":{"value":"Wm C. Trull"},"assertion_ids":["580d6c2b6164390003063301"]},{"name":"Street Address","value":"S.s. 134 St. 250 fr E. of St Ames Ave.","original_value":{"value":"S.s. 134 St. 250 fr E. of St Ames Ave."},"assertion_ids":["580d6c2b6164390003073301"]},{"name":"Record Date","value":"1891-11-02T00:00:00Z","original_value":{"value":"Nov 2/91"},"assertion_ids":["580d6c2b6164390003083301"]},{"name":"Land \u0026 Building Dimensions","value":{"em_survey_land_dimensions":[100,70],"em_survey_building_dimensions":[]},"original_value":{"em_survey_land_dimensions":"100x70","em_survey_building_dimensions":""},"assertion_ids":["580d6c2b6164390003ff3201"]},{"name":"Amount Loaned","value":1500.0,"original_value":{"value":"1500."},"assertion_ids":["580d6c2b6164390003093301"]},{"name":"Stories \u0026 Materials","value":{"em_record_stories":null,"em_record_material":"vacant lot"},"original_value":{"em_record_stories":"","em_record_material":"vacant lot"},"assertion_ids":["580d6c2b6164390003003301"]},{"name":"Valuation","value":null,"original_value":null,"assertion_ids":null},{"name":"Record Number","value":3778,"original_value":{"value":"3778"},"assertion_ids":["580d6c2b6164390003053301"]},{"name":"Additional Info","value":"vacant lot","original_value":{"value":"vacant lot"},"assertion_ids":["580d6c2b6164390003013301"]}]}}