{"id":"56b10a7f7061755afb3ecc00","meta_data":{"capture_uuid":"1429dcc0-02e7-0133-9c3f-58d385a7bbd0","page_uri":"http://digitalcollections.nypl.org/items/1429dcc0-02e7-0133-9c3f-58d385a7bbd0","book_uri":"http://digitalcollections.nypl.org/items/109c0900-02e7-0133-03cf-58d385a7bbd0","source_rotated":"0.811263","source_x":"0","source_y":"866.21","source_w":"1370.61","source_h":"976.79"},"type":"final_subject_set","search_terms_by_field":{"Record Number":["4055"],"Mortgager":["Ewd. G. Byrnes"],"Street Address":["506 W 51 St."],"Land \u0026 Building Dimensions":["25 x 100' 5","25 x 85"],"Stories \u0026 Materials":["5","br"],"Additional Info":[],"Record Date":["June 19/93"],"Valuation Date":[],"Land \u0026 Building Value":["$7000","13000"],"Total Value":[],"Amount Loaned":["$10000"]},"subjects":[{"id":"580d97d96164390003e8d302","type":"root","location":{"standard":"https://s3.amazonaws.com/scribe.nypl.org/emigrant-s4/full/1429dcc0-02e7-0133-9c3f-58d385a7bbd0.left-bottom.jpg","thumbnail":"https://s3.amazonaws.com/scribe.nypl.org/emigrant-s4/thumb/1429dcc0-02e7-0133-9c3f-58d385a7bbd0.left-bottom.jpg"},"status":"retired","width":1370,"height":976,"meta_data":{"capture_uuid":"1429dcc0-02e7-0133-9c3f-58d385a7bbd0","page_uri":"http://digitalcollections.nypl.org/items/1429dcc0-02e7-0133-9c3f-58d385a7bbd0","book_uri":"http://digitalcollections.nypl.org/items/109c0900-02e7-0133-03cf-58d385a7bbd0","source_rotated":"0.811263","source_x":"0","source_y":"866.21","source_w":"1370.61","source_h":"976.79"},"assertions":[{"id":"580d97d96164390003e9d302","status":"awaiting_transcriptions","name":"Land \u0026 Building Dimensions","created_in_workflow":"transcribe","confidence":0.3333333333333333,"data":{"em_survey_land_dimensions":"25 x 100' 5","em_survey_building_dimensions":"25 x 85"},"versions":[{"data":{"em_survey_land_dimensions":"25 x 100' 5","em_survey_building_dimensions":"25 x 85"},"votes":1,"confidence":0.3333333333333333,"instances":[{"created":"2015-11-18T02:45:25Z","user_id":"564618af6363350003da0c00","duration":12.379}]},{"data":{"em_survey_land_dimensions":"25 x 100.5","em_survey_building_dimensions":"25 x 85"},"votes":1,"confidence":0.3333333333333333,"instances":[{"created":"2016-10-04T12:49:38Z","user_id":"57c49a363234370003600200","duration":20.105}]}],"region":{"x":59.63109630631065,"y":709.0275287752612,"width":543.3669214522172,"height":96.0831697873017,"label":"Dimension \u0026 Description","shape":"rectangle"},"task_key":"em_record_survey","instructions":{"mark":"Dimension \u0026 Description","transcribe":"Enter, as they appear, any land and building dimensions that were recorded. In the next screen, you'll enter the descriptive information."}},{"id":"580d97d96164390003ead302","status":"awaiting_transcriptions","name":"Additional Info","created_in_workflow":"transcribe","confidence":0.3333333333333333,"data":{"value":""},"versions":[{"data":{"value":""},"votes":1,"confidence":0.3333333333333333,"instances":[{"created":"2015-11-18T02:45:36Z","user_id":"564618af6363350003da0c00","duration":1.841}]}],"region":{"x":59.63109630631065,"y":709.0275287752612,"width":543.3669214522172,"height":96.0831697873017,"label":"Dimension \u0026 Description","shape":"rectangle"},"task_key":"em_record_survey_additional_info","instructions":{"mark":"Dimension \u0026 Description","transcribe":"Enter any additional information you find about the building's construction or significance."}},{"id":"580d97d96164390003ebd302","status":"awaiting_transcriptions","name":"Stories \u0026 Materials","created_in_workflow":"transcribe","confidence":0.3333333333333333,"data":{"em_record_stories":"5","em_record_material":"br"},"versions":[{"data":{"em_record_stories":"5","em_record_material":"br"},"votes":1,"confidence":0.3333333333333333,"instances":[{"created":"2015-11-18T02:45:35Z","user_id":"564618af6363350003da0c00","duration":9.45}]},{"data":{"em_record_stories":"5","em_record_material":"br."},"votes":1,"confidence":0.3333333333333333,"instances":[{"created":"2016-10-04T12:49:50Z","user_id":"57c49a363234370003600200","duration":12.261}]}],"region":{"x":59.63109630631065,"y":709.0275287752612,"width":543.3669214522172,"height":96.0831697873017,"label":"Dimension \u0026 Description","shape":"rectangle"},"task_key":"em_record_survey_stories_materials","instructions":{"mark":"Dimension \u0026 Description","transcribe":"Enter, as they appear, the number of stories and the building materials."}},{"id":"580d97d96164390003ecd302","status":"awaiting_transcriptions","name":"Valuation Date","created_in_workflow":"transcribe","confidence":0.3333333333333333,"data":{"value":""},"versions":[{"data":{"value":""},"votes":1,"confidence":0.3333333333333333,"instances":[{"created":"2015-11-18T01:48:19Z","user_id":"5647496e3562310003960400","duration":2.943}]},{"data":{"value":"June 19/93"},"votes":1,"confidence":0.3333333333333333,"instances":[{"created":"2016-10-04T12:48:21Z","user_id":"57c49a363234370003600200","duration":23.895}]}],"region":{"x":670.9188829400549,"y":581.4688378507399,"width":328.00808063274076,"height":92.76995703601551,"label":"Valuation","shape":"rectangle"},"task_key":"em_record_valuation","instructions":{"mark":"Valuation","transcribe":"Enter the date of the valuation (if one is given). In the next screen, you'll enter the valuation's dollar amounts."}},{"id":"580d97d96164390003edd302","status":"awaiting_transcriptions","name":"Land \u0026 Building Value","created_in_workflow":"transcribe","confidence":0.3333333333333333,"data":{"em_valuation_ground":"$7000","em_valuation_building":"13000"},"versions":[{"data":{"em_valuation_ground":"$7000","em_valuation_building":"13000"},"votes":1,"confidence":0.3333333333333333,"instances":[{"created":"2015-11-18T01:48:29Z","user_id":"5647496e3562310003960400","duration":9.278}]},{"data":{"em_valuation_ground":"$7000.","em_valuation_building":"13000."},"votes":1,"confidence":0.3333333333333333,"instances":[{"created":"2016-10-04T12:48:34Z","user_id":"57c49a363234370003600200","duration":13.328}]}],"region":{"x":670.9188829400549,"y":581.4688378507399,"width":328.00808063274076,"height":92.76995703601551,"label":"Valuation","shape":"rectangle"},"task_key":"em_record_valuation_ground_building","instructions":{"mark":"Valuation","transcribe":"Sometimes valuations include itemized dollar values for \"ground\" and \"building\". Enter these amounts if you can find them. In the next screen, you'll enter the total valuation."}},{"id":"580d97d96164390003eed302","status":"awaiting_transcriptions","name":"Total Value","created_in_workflow":"transcribe","confidence":0.6666666666666666,"data":{"value":""},"versions":[{"data":{"value":""},"votes":2,"confidence":0.6666666666666666,"instances":[{"created":"2015-11-18T01:48:30Z","user_id":"5647496e3562310003960400","duration":1.702},{"created":"2016-10-04T12:48:37Z","user_id":"57c49a363234370003600200","duration":1.588}]}],"region":{"x":670.9188829400549,"y":581.4688378507399,"width":328.00808063274076,"height":92.76995703601551,"label":"Valuation","shape":"rectangle"},"task_key":"em_record_valuation_total","instructions":{"mark":"Valuation","transcribe":"Enter the valuation ***total*** (if one is given)"}},{"id":"580d97d96164390003efd302","status":"complete","name":"Record Number","created_in_workflow":"transcribe","confidence":1.0,"data":{"value":"4055"},"versions":[{"data":{"value":"4055"},"votes":3,"confidence":1.0,"instances":[{"created":"2015-11-18T01:56:12Z","user_id":"5649188c3863370003020e00","duration":8.016},{"created":"2015-11-18T02:42:23Z","user_id":"564618af6363350003da0c00","duration":2.664},{"created":"2015-11-18T04:07:30Z","user_id":"564bf7d93863320003091900","duration":14.0}]}],"region":{"x":651.0396053259494,"y":62.951042274439075,"width":226.95508609437115,"height":67.92086140136847,"label":"Record Number","shape":"rectangle"},"task_key":"em_record_number","instructions":{"mark":"Record Number","transcribe":"Enter the record number"}},{"id":"580d97d96164390003f0d302","status":"complete","name":"Mortgager","created_in_workflow":"verify","confidence":1.0,"data":{"value":"Ewd. G. Byrnes"},"versions":[{"data":{"value":"Ewd. G. Byrnes"},"votes":3,"confidence":1.0,"instances":[{"created":"2016-05-05T00:36:07Z","user_id":"563f8b7a3264340003774b00","duration":7.452},{"created":"2016-05-23T00:23:15Z","user_id":"574246893335310003270000","duration":12.197},{"created":"2016-05-26T14:54:30Z","user_id":"574709e36433340003600000","duration":23.849}]}],"region":{"x":64.60091570983703,"y":624.5406036174613,"width":389.3025199428995,"height":61.294435898795996,"label":"Mortgager Name","shape":"rectangle"},"task_key":"em_transcribed_mortgager","instructions":{"mark":"Mortgager Name","transcribe":"Enter the mortgager's name","verify":"Choose the best transcription or enter your own!"}},{"id":"580d97d96164390003f1d302","status":"complete","name":"Street Address","created_in_workflow":"verify","confidence":1.0,"data":{"value":"506 W 51 St."},"versions":[{"data":{"value":"506 W 51 St."},"votes":3,"confidence":1.0,"instances":[{"created":"2016-05-05T00:36:26Z","user_id":"563f8b7a3264340003774b00","duration":10.786},{"created":"2016-05-23T00:23:26Z","user_id":"574246893335310003270000","duration":11.006},{"created":"2016-05-26T14:55:44Z","user_id":"574709e36433340003600000","duration":9.77}]}],"region":{"x":61.28770277415278,"y":664.2991566328966,"width":420.7780428318998,"height":57.981223147509695,"label":"Street Address","shape":"rectangle"},"task_key":"em_transcribed_address","instructions":{"mark":"Street Address","transcribe":"Enter the street address","verify":"Choose the best transcription or enter your own!"}},{"id":"580d97d96164390003f2d302","status":"complete","name":"Record Date","created_in_workflow":"verify","confidence":1.0,"data":{"value":"June 19/93"},"versions":[{"data":{"value":"June 19/93"},"votes":3,"confidence":1.0,"instances":[{"created":"2015-12-17T00:16:33Z","user_id":"5647496e3562310003960400","duration":5.543},{"created":"2016-01-02T16:43:21Z","user_id":"56748e5e3564620003fd0100","duration":5.105},{"created":"2016-01-29T19:03:04Z","user_id":"56980a2d3337650003270200","duration":10.11}]}],"region":{"x":62.9443092419949,"y":586.4386569776693,"width":390.9591264107416,"height":61.29443589879588,"label":"Record Date","shape":"rectangle"},"task_key":"em_transcribed_date","instructions":{"mark":"Record Date","transcribe":"Enter the record date","verify":"Choose the best transcription or enter your own!"}},{"id":"580d97d96164390003f3d302","status":"complete","name":"Amount Loaned","created_in_workflow":"verify","confidence":1.0,"data":{"value":"$10000"},"versions":[{"data":{"value":"$10000"},"votes":3,"confidence":1.0,"instances":[{"created":"2016-05-05T00:36:30Z","user_id":"563f8b7a3264340003774b00","duration":3.742},{"created":"2016-05-23T00:23:29Z","user_id":"574246893335310003270000","duration":3.166},{"created":"2016-05-26T14:55:34Z","user_id":"574709e36433340003600000","duration":32.411}]}],"region":{"x":677.5453088114234,"y":664.2991566328966,"width":299.8457706794246,"height":56.324616771866545,"label":"Amount Loaned","shape":"rectangle"},"task_key":"em_transcribed_amount_loaned","instructions":{"mark":"Amount Loaned","transcribe":"Enter the Amount Loaned","verify":"Choose the best transcription or enter your own!"}}]}],"export_document":{"name":"Record","export_fields":[{"name":"Mortgager","value":"Ewd. G. Byrnes","original_value":{"value":"Ewd. G. Byrnes"},"assertion_ids":["580d97d96164390003f0d302"]},{"name":"Street Address","value":"506 W 51 St.","original_value":{"value":"506 W 51 St."},"assertion_ids":["580d97d96164390003f1d302"]},{"name":"Record Date","value":"1893-06-19T00:00:00Z","original_value":{"value":"June 19/93"},"assertion_ids":["580d97d96164390003f2d302"]},{"name":"Land \u0026 Building Dimensions","value":{"em_survey_land_dimensions":[25,100],"em_survey_building_dimensions":[25,85]},"original_value":{"em_survey_land_dimensions":"25 x 100' 5","em_survey_building_dimensions":"25 x 85"},"assertion_ids":["580d97d96164390003e9d302"]},{"name":"Amount Loaned","value":10000.0,"original_value":{"value":"$10000"},"assertion_ids":["580d97d96164390003f3d302"]},{"name":"Stories \u0026 Materials","value":{"em_record_stories":5,"em_record_material":"br"},"original_value":{"em_record_stories":"5","em_record_material":"br"},"assertion_ids":["580d97d96164390003ebd302"]},{"name":"Valuation","value":null,"original_value":null,"assertion_ids":null},{"name":"Record Number","value":4055,"original_value":{"value":"4055"},"assertion_ids":["580d97d96164390003efd302"]},{"name":"Additional Info","value":"","original_value":{"value":""},"assertion_ids":["580d97d96164390003ead302"]}]}}