{"id":"56b109fa7061755afb07c200","meta_data":{"capture_uuid":"123c7270-02e7-0133-88d3-58d385a7bbd0","page_uri":"http://digitalcollections.nypl.org/items/123c7270-02e7-0133-88d3-58d385a7bbd0","book_uri":"http://digitalcollections.nypl.org/items/109c0900-02e7-0133-03cf-58d385a7bbd0","source_rotated":"0.755321","source_x":"1214.45","source_y":"861.9799999999999","source_w":"1369.55","source_h":"972.0200000000001"},"type":"final_subject_set","search_terms_by_field":{"Record Number":["3865"],"Mortgager":["Mary O. Cone"],"Street Address":["241 \u0026 243 E 45 St"],"Land \u0026 Building Dimensions":["50 X 100.5","50 X 30"],"Stories \u0026 Materials":["3","br."],"Additional Info":["2 3 story "],"Record Date":["Mar 14/92"],"Land \u0026 Building Value":["18000","3000"],"Valuation Date":[],"Total Value":[],"Amount Loaned":["$10,000"]},"subjects":[{"id":"580da99e6164390003262803","type":"root","location":{"standard":"https://s3.amazonaws.com/scribe.nypl.org/emigrant-s4/full/123c7270-02e7-0133-88d3-58d385a7bbd0.right-bottom.jpg","thumbnail":"https://s3.amazonaws.com/scribe.nypl.org/emigrant-s4/thumb/123c7270-02e7-0133-88d3-58d385a7bbd0.right-bottom.jpg"},"status":"retired","width":1369,"height":972,"meta_data":{"capture_uuid":"123c7270-02e7-0133-88d3-58d385a7bbd0","page_uri":"http://digitalcollections.nypl.org/items/123c7270-02e7-0133-88d3-58d385a7bbd0","book_uri":"http://digitalcollections.nypl.org/items/109c0900-02e7-0133-03cf-58d385a7bbd0","source_rotated":"0.755321","source_x":"1214.45","source_y":"861.9799999999999","source_w":"1369.55","source_h":"972.0200000000001"},"assertions":[{"id":"580da99e6164390003272803","status":"awaiting_transcriptions","name":"Land \u0026 Building Dimensions","created_in_workflow":"transcribe","confidence":0.3333333333333333,"data":{"em_survey_land_dimensions":"50 X 100.5","em_survey_building_dimensions":"50 X 30"},"versions":[{"data":{"em_survey_land_dimensions":"50 X 100.5","em_survey_building_dimensions":"50 X 30"},"votes":1,"confidence":0.3333333333333333,"instances":[{"created":"2015-12-26T02:50:12Z","user_id":"567df5b466336600035f0000","duration":22.932}]}],"region":{"x":146.3361845656836,"y":725.509168265621,"width":509.6208861912258,"height":83.03395344957039,"label":"Dimension \u0026 Description","shape":"rectangle"},"task_key":"em_record_survey","instructions":{"mark":"Dimension \u0026 Description","transcribe":"Enter, as they appear, any land and building dimensions that were recorded. In the next screen, you'll enter the descriptive information."}},{"id":"580da99e6164390003282803","status":"awaiting_transcriptions","name":"Stories \u0026 Materials","created_in_workflow":"transcribe","confidence":0.3333333333333333,"data":{"em_record_stories":"3","em_record_material":"br."},"versions":[{"data":{"em_record_stories":"3","em_record_material":"br."},"votes":1,"confidence":0.3333333333333333,"instances":[{"created":"2015-12-26T02:50:31Z","user_id":"567df5b466336600035f0000","duration":18.932}]}],"region":{"x":146.3361845656836,"y":725.509168265621,"width":509.6208861912258,"height":83.03395344957039,"label":"Dimension \u0026 Description","shape":"rectangle"},"task_key":"em_record_survey_stories_materials","instructions":{"mark":"Dimension \u0026 Description","transcribe":"Enter, as they appear, the number of stories and the building materials."}},{"id":"580da99e6164390003292803","status":"awaiting_transcriptions","name":"Additional Info","created_in_workflow":"transcribe","confidence":0.3333333333333333,"data":{"value":"2 3 story "},"versions":[{"data":{"value":"2 3 story "},"votes":1,"confidence":0.3333333333333333,"instances":[{"created":"2015-12-26T02:51:19Z","user_id":"567df5b466336600035f0000","duration":47.729}]}],"region":{"x":146.3361845656836,"y":725.509168265621,"width":509.6208861912258,"height":83.03395344957039,"label":"Dimension \u0026 Description","shape":"rectangle"},"task_key":"em_record_survey_additional_info","instructions":{"mark":"Dimension \u0026 Description","transcribe":"Enter any additional information you find about the building's construction or significance."}},{"id":"580da99e61643900032a2803","status":"awaiting_transcriptions","name":"Land \u0026 Building Value","created_in_workflow":"transcribe","confidence":0.3333333333333333,"data":{"em_valuation_ground":"18000","em_valuation_building":"3000"},"versions":[{"data":{"em_valuation_ground":"18000","em_valuation_building":"3000"},"votes":1,"confidence":0.3333333333333333,"instances":[{"created":"2015-12-26T02:47:29Z","user_id":"567df5b466336600035f0000","duration":10.791}]},{"data":{"em_valuation_ground":"$18,000","em_valuation_building":"$3,000"},"votes":1,"confidence":0.3333333333333333,"instances":[{"created":"2015-12-26T03:12:28Z","user_id":"567e01786633660003390100","duration":21.697}]}],"region":{"x":776.3563025251012,"y":589.5410694919495,"width":268.82242265484206,"height":88.22357554016855,"label":"Valuation","shape":"rectangle"},"task_key":"em_record_valuation_ground_building","instructions":{"mark":"Valuation","transcribe":"Sometimes valuations include itemized dollar values for \"ground\" and \"building\". Enter these amounts if you can find them. In the next screen, you'll enter the total valuation."}},{"id":"580da99e61643900032b2803","status":"awaiting_transcriptions","name":"Valuation Date","created_in_workflow":"transcribe","confidence":0.3333333333333333,"data":{"value":""},"versions":[{"data":{"value":""},"votes":1,"confidence":0.3333333333333333,"instances":[{"created":"2015-12-26T03:12:06Z","user_id":"567e01786633660003390100","duration":3.067}]}],"region":{"x":776.3563025251012,"y":589.5410694919495,"width":268.82242265484206,"height":88.22357554016855,"label":"Valuation","shape":"rectangle"},"task_key":"em_record_valuation","instructions":{"mark":"Valuation","transcribe":"Enter the date of the valuation (if one is given). In the next screen, you'll enter the valuation's dollar amounts."}},{"id":"580da99e61643900032c2803","status":"awaiting_transcriptions","name":"Total Value","created_in_workflow":"transcribe","confidence":0.3333333333333333,"data":{"value":""},"versions":[{"data":{"value":""},"votes":1,"confidence":0.3333333333333333,"instances":[{"created":"2015-12-26T03:12:30Z","user_id":"567e01786633660003390100","duration":2.358}]}],"region":{"x":776.3563025251012,"y":589.5410694919495,"width":268.82242265484206,"height":88.22357554016855,"label":"Valuation","shape":"rectangle"},"task_key":"em_record_valuation_total","instructions":{"mark":"Valuation","transcribe":"Enter the valuation ***total*** (if one is given)"}},{"id":"580da99e61643900032d2803","status":"complete","name":"Record Number","created_in_workflow":"transcribe","confidence":1.0,"data":{"value":"3865"},"versions":[{"data":{"value":"3865"},"votes":3,"confidence":1.0,"instances":[{"created":"2015-12-26T02:45:52Z","user_id":"567df5b466336600035f0000","duration":10.748},{"created":"2015-12-26T03:11:51Z","user_id":"567e01786633660003390100","duration":5.154},{"created":"2015-12-26T04:55:46Z","user_id":"567e1bfe6437360003030200","duration":3.675}]}],"region":{"x":827.2145987030443,"y":64.35131392341704,"width":112.09583647383374,"height":63.313389505297394,"label":"Record Number","shape":"rectangle"},"task_key":"em_record_number","instructions":{"mark":"Record Number","transcribe":"Enter the record number"}},{"id":"580da99e61643900032e2803","status":"complete","name":"Mortgager","created_in_workflow":"transcribe","confidence":1.0,"data":{"value":"Mary O. Cone"},"versions":[{"data":{"value":"Mary O. Cone"},"votes":3,"confidence":1.0,"instances":[{"created":"2015-12-26T02:48:52Z","user_id":"567df5b466336600035f0000","duration":68.821},{"created":"2015-12-26T03:12:52Z","user_id":"567e01786633660003390100","duration":6.935},{"created":"2015-12-26T04:57:06Z","user_id":"567e1bfe6437360003030200","duration":12.79}]}],"region":{"x":259.4699454513121,"y":634.1718194710936,"width":209.66073118254093,"height":51.89622090598152,"label":"Mortgager Name","shape":"rectangle"},"task_key":"em_record_mortgager","instructions":{"mark":"Mortgager Name","transcribe":"Enter the mortgager's name"}},{"id":"580da99e61643900032f2803","status":"awaiting_votes","name":"Street Address","created_in_workflow":"verify","confidence":0.3333333333333333,"data":{"value":"241 \u0026 243 E 45 St"},"versions":[{"data":{"value":"241 \u0026 243 E 45 St"},"votes":1,"confidence":0.3333333333333333,"instances":[{"created":"2016-09-15T03:29:02Z","user_id":"57c49a363234370003600200","duration":7.124}]}],"region":{"x":286.45598015797583,"y":660.1199299240844,"width":306.1877014794533,"height":52.93414532410111,"label":"Street Address","shape":"rectangle"},"task_key":"em_transcribed_address","instructions":{"mark":"Street Address","transcribe":"Enter the street address","verify":"Choose the best transcription or enter your own!"}},{"id":"580da99e6164390003302803","status":"awaiting_votes","name":"Record Date","created_in_workflow":"verify","confidence":0.3333333333333333,"data":{"value":"Mar 14/92"},"versions":[{"data":{"value":"Mar 14/92"},"votes":1,"confidence":0.3333333333333333,"instances":[{"created":"2016-09-15T03:28:48Z","user_id":"57c49a363234370003600200","duration":4.963}]}],"region":{"x":311.36616604105,"y":595.7686160006674,"width":168.14375471075067,"height":47.744523233502946,"label":"Record Date","shape":"rectangle"},"task_key":"em_transcribed_date","instructions":{"mark":"Record Date","transcribe":"Enter the record date","verify":"Choose the best transcription or enter your own!"}},{"id":"580da99e6164390003312803","status":"awaiting_votes","name":"Amount Loaned","created_in_workflow":"transcribe","confidence":0.5,"data":{"value":"$10,000"},"versions":[{"data":{"value":"$10,000"},"votes":2,"confidence":0.5,"instances":[{"created":"2015-12-26T03:13:22Z","user_id":"567e01786633660003390100","duration":6.157},{"created":"2015-12-26T04:59:27Z","user_id":"567e1bfe6437360003030200","duration":126.124}]},{"data":{"value":"$1000.-"},"votes":1,"confidence":0.25,"instances":[{"created":"2015-12-26T02:49:49Z","user_id":"567df5b466336600035f0000","duration":11.744}]},{"data":{"value":"$10000. -"},"votes":1,"confidence":0.25,"instances":[{"created":"2016-09-15T03:29:18Z","user_id":"57c49a363234370003600200","duration":11.073}]}],"region":{"x":928.9311910589305,"y":678.8025694502377,"width":140.11979559229223,"height":40.47905230666561,"label":"Amount Loaned","shape":"rectangle"},"task_key":"em_record_amount_loaned","instructions":{"mark":"Amount Loaned","transcribe":"Enter the Amount Loaned"}}]}],"export_document":{"name":"Record","export_fields":[{"name":"Mortgager","value":"Mary O. Cone","original_value":{"value":"Mary O. Cone"},"assertion_ids":["580da99e61643900032e2803"]},{"name":"Street Address","value":"241 \u0026 243 E 45 St","original_value":{"value":"241 \u0026 243 E 45 St"},"assertion_ids":["580da99e61643900032f2803"]},{"name":"Record Date","value":"1892-03-14T00:00:00Z","original_value":{"value":"Mar 14/92"},"assertion_ids":["580da99e6164390003302803"]},{"name":"Land \u0026 Building Dimensions","value":{"em_survey_land_dimensions":[50.416666666666664],"em_survey_building_dimensions":[50]},"original_value":{"em_survey_land_dimensions":"50 X 100.5","em_survey_building_dimensions":"50 X 30"},"assertion_ids":["580da99e6164390003272803"]},{"name":"Amount Loaned","value":10000.0,"original_value":{"value":"$10,000"},"assertion_ids":["580da99e6164390003312803"]},{"name":"Stories \u0026 Materials","value":{"em_record_stories":3,"em_record_material":"br."},"original_value":{"em_record_stories":"3","em_record_material":"br."},"assertion_ids":["580da99e6164390003282803"]},{"name":"Valuation","value":null,"original_value":null,"assertion_ids":null},{"name":"Record Number","value":3865,"original_value":{"value":"3865"},"assertion_ids":["580da99e61643900032d2803"]},{"name":"Additional Info","value":"2 3 story ","original_value":{"value":"2 3 story "},"assertion_ids":["580da99e6164390003292803"]}]}}