{"id":"56b109e37061755afb4dc000","meta_data":{"capture_uuid":"11f6df70-02e7-0133-9bd8-58d385a7bbd0","page_uri":"http://digitalcollections.nypl.org/items/11f6df70-02e7-0133-9bd8-58d385a7bbd0","book_uri":"http://digitalcollections.nypl.org/items/109c0900-02e7-0133-03cf-58d385a7bbd0","source_rotated":"0.783292","source_x":"0","source_y":"0","source_w":"1369.55","source_h":"887.04"},"type":"final_subject_set","search_terms_by_field":{"Additional Info":["covering lot"],"Land \u0026 Building Dimensions":["25.3 x 102"],"Stories \u0026 Materials":["5 ","brick  covering lot"],"Land \u0026 Building Value":["$20,000","$15,000"],"Valuation Date":["Dec 21/91"],"Total Value":[],"Record Number":["3834"],"Mortgager":["Vincent F. Victory et. al"],"Street Address":["N.E Cor. Mulberry \u0026 Spring St."],"Record Date":["1891 December 21"],"Amount Loaned":["$16000"]},"subjects":[{"id":"580dad756164390003204b03","type":"root","location":{"standard":"https://s3.amazonaws.com/scribe.nypl.org/emigrant-s4/full/11f6df70-02e7-0133-9bd8-58d385a7bbd0.left-top.jpg","thumbnail":"https://s3.amazonaws.com/scribe.nypl.org/emigrant-s4/thumb/11f6df70-02e7-0133-9bd8-58d385a7bbd0.left-top.jpg"},"status":"retired","width":1369,"height":887,"meta_data":{"capture_uuid":"11f6df70-02e7-0133-9bd8-58d385a7bbd0","page_uri":"http://digitalcollections.nypl.org/items/11f6df70-02e7-0133-9bd8-58d385a7bbd0","book_uri":"http://digitalcollections.nypl.org/items/109c0900-02e7-0133-03cf-58d385a7bbd0","source_rotated":"0.783292","source_x":"0","source_y":"0","source_w":"1369.55","source_h":"887.04"},"assertions":[{"id":"580dad756164390003214b03","status":"awaiting_transcriptions","name":"Additional Info","created_in_workflow":"transcribe","confidence":0.3333333333333333,"data":{"value":"covering lot"},"versions":[{"data":{"value":"covering lot"},"votes":1,"confidence":0.3333333333333333,"instances":[{"created":"2015-11-21T15:45:12Z","user_id":"56508b0030643800039a0200","duration":5.904}]},{"data":{"value":""},"votes":1,"confidence":0.3333333333333333,"instances":[{"created":"2016-10-12T02:43:23Z","user_id":"57c49a363234370003600200","duration":1.512}]}],"region":{"x":288.98694491125895,"y":765.2465881115705,"width":354.1301073439093,"height":81.40921150123086,"label":"Dimension \u0026 Description","shape":"rectangle"},"task_key":"em_record_survey_additional_info","instructions":{"mark":"Dimension \u0026 Description","transcribe":"Enter any additional information you find about the building's construction or significance."}},{"id":"580dad756164390003224b03","status":"awaiting_transcriptions","name":"Land \u0026 Building Dimensions","created_in_workflow":"transcribe","confidence":0.3333333333333333,"data":{"em_survey_land_dimensions":"25.3 x 102"},"versions":[{"data":{"em_survey_land_dimensions":"25.3 x 102"},"votes":1,"confidence":0.3333333333333333,"instances":[{"created":"2015-11-21T15:44:54Z","user_id":"56508b0030643800039a0200","duration":8.505}]},{"data":{"em_survey_land_dimensions":"25.3 x 102","em_survey_building_dimensions":"covering lot"},"votes":1,"confidence":0.3333333333333333,"instances":[{"created":"2016-10-12T02:43:14Z","user_id":"57c49a363234370003600200","duration":22.352}]}],"region":{"x":288.98694491125895,"y":765.2465881115705,"width":354.1301073439093,"height":81.40921150123086,"label":"Dimension \u0026 Description","shape":"rectangle"},"task_key":"em_record_survey","instructions":{"mark":"Dimension \u0026 Description","transcribe":"Enter, as they appear, any land and building dimensions that were recorded. In the next screen, you'll enter the descriptive information."}},{"id":"580dad756164390003234b03","status":"awaiting_transcriptions","name":"Stories \u0026 Materials","created_in_workflow":"transcribe","confidence":0.3333333333333333,"data":{"em_record_stories":"5 ","em_record_material":"brick  covering lot"},"versions":[{"data":{"em_record_stories":"5 ","em_record_material":"brick  covering lot"},"votes":1,"confidence":0.3333333333333333,"instances":[{"created":"2015-11-21T15:45:06Z","user_id":"56508b0030643800039a0200","duration":11.828}]},{"data":{"em_record_stories":"5","em_record_material":"brick"},"votes":1,"confidence":0.3333333333333333,"instances":[{"created":"2016-10-12T02:43:22Z","user_id":"57c49a363234370003600200","duration":7.535}]}],"region":{"x":288.98694491125895,"y":765.2465881115705,"width":354.1301073439093,"height":81.40921150123086,"label":"Dimension \u0026 Description","shape":"rectangle"},"task_key":"em_record_survey_stories_materials","instructions":{"mark":"Dimension \u0026 Description","transcribe":"Enter, as they appear, the number of stories and the building materials."}},{"id":"580dad756164390003244b03","status":"awaiting_votes","name":"Land \u0026 Building Value","created_in_workflow":"transcribe","confidence":0.3333333333333333,"data":{"em_valuation_ground":"$20,000","em_valuation_building":"$15,000"},"versions":[{"data":{"em_valuation_ground":"$20,000","em_valuation_building":"$15,000"},"votes":1,"confidence":0.3333333333333333,"instances":[{"created":"2015-11-21T15:44:37Z","user_id":"56508b0030643800039a0200","duration":11.236}]},{"data":{"em_valuation_ground":"$20000","em_valuation_building":"$15000"},"votes":1,"confidence":0.3333333333333333,"instances":[{"created":"2015-11-21T15:50:34Z","user_id":"564e49d539646600031a0b00","duration":7.177}]},{"data":{"em_valuation_ground":"$20000.","em_valuation_building":"$15000."},"votes":1,"confidence":0.3333333333333333,"instances":[{"created":"2016-10-12T02:39:05Z","user_id":"57c49a363234370003600200","duration":22.667}]}],"region":{"x":837.1423601102603,"y":633.635029517914,"width":147.89341647695835,"height":86.83649226797957,"label":"Valuation","shape":"rectangle"},"task_key":"em_record_valuation_ground_building","instructions":{"mark":"Valuation","transcribe":"Sometimes valuations include itemized dollar values for \"ground\" and \"building\". Enter these amounts if you can find them. In the next screen, you'll enter the total valuation."}},{"id":"580dad756164390003254b03","status":"awaiting_transcriptions","name":"Valuation Date","created_in_workflow":"transcribe","confidence":0.3333333333333333,"data":{"value":"Dec 21/91"},"versions":[{"data":{"value":"Dec 21/91"},"votes":1,"confidence":0.3333333333333333,"instances":[{"created":"2016-10-12T02:38:42Z","user_id":"57c49a363234370003600200","duration":12.125}]}],"region":{"x":837.1423601102603,"y":633.635029517914,"width":147.89341647695835,"height":86.83649226797957,"label":"Valuation","shape":"rectangle"},"task_key":"em_record_valuation","instructions":{"mark":"Valuation","transcribe":"Enter the date of the valuation (if one is given). In the next screen, you'll enter the valuation's dollar amounts."}},{"id":"580dad756164390003264b03","status":"awaiting_transcriptions","name":"Total Value","created_in_workflow":"transcribe","confidence":0.3333333333333333,"data":{"value":""},"versions":[{"data":{"value":""},"votes":1,"confidence":0.3333333333333333,"instances":[{"created":"2015-11-21T15:50:35Z","user_id":"564e49d539646600031a0b00","duration":1.426}]}],"region":{"x":837.1423601102603,"y":633.635029517914,"width":147.89341647695835,"height":86.83649226797957,"label":"Valuation","shape":"rectangle"},"task_key":"em_record_valuation_total","instructions":{"mark":"Valuation","transcribe":"Enter the valuation ***total*** (if one is given)"}},{"id":"580dad756164390003274b03","status":"awaiting_votes","name":"Record Number","created_in_workflow":"verify","confidence":0.6666666666666666,"data":{"value":"3834"},"versions":[{"data":{"value":"3834"},"votes":2,"confidence":0.6666666666666666,"instances":[{"created":"2016-05-23T22:22:06Z","user_id":"563f8b7a3264340003774b00","duration":5.235},{"created":"2016-09-06T14:26:15Z","user_id":"57c49a363234370003600200","duration":3.034}]}],"region":{"x":751.6626790272477,"y":99.04787399316427,"width":126.18429112254239,"height":66.48418939267191,"label":"Record Number","shape":"rectangle"},"task_key":"em_transcribed_record_number","instructions":{"mark":"Record Number","transcribe":"Enter the record number","verify":"Choose the best transcription or enter your own!"}},{"id":"580dad756164390003284b03","status":"awaiting_votes","name":"Mortgager","created_in_workflow":"verify","confidence":0.6666666666666666,"data":{"value":"Vincent F. Victory et. al"},"versions":[{"data":{"value":"Vincent F. Victory et. al"},"votes":2,"confidence":0.6666666666666666,"instances":[{"created":"2016-05-23T22:23:06Z","user_id":"563f8b7a3264340003774b00","duration":16.38},{"created":"2016-09-06T14:37:18Z","user_id":"57c49a363234370003600200","duration":18.512}]}],"region":{"x":189.93906048173645,"y":681.1237362269652,"width":402.975639391345,"height":50.202347092425725,"label":"Mortgager Name","shape":"rectangle"},"task_key":"em_transcribed_mortgager","instructions":{"mark":"Mortgager Name","transcribe":"Enter the mortgager's name","verify":"Choose the best transcription or enter your own!"}},{"id":"580dad756164390003294b03","status":"awaiting_votes","name":"Street Address","created_in_workflow":"verify","confidence":0.3333333333333333,"data":{"value":"N.E Cor. Mulberry \u0026 Spring St."},"versions":[{"data":{"value":"N.E Cor. Mulberry \u0026 Spring St."},"votes":1,"confidence":0.3333333333333333,"instances":[{"created":"2016-05-23T22:23:35Z","user_id":"563f8b7a3264340003774b00","duration":17.86}]},{"data":{"value":"N. E Cor Mulberry \u0026 Spring Sts"},"votes":1,"confidence":0.3333333333333333,"instances":[{"created":"2016-09-28T15:11:26Z","user_id":"57c49a363234370003600200","duration":8.166}]}],"region":{"x":223.85956884801126,"y":721.8283419775807,"width":389.4074360448351,"height":48.84552690073849,"label":"Street Address","shape":"rectangle"},"task_key":"em_transcribed_address","instructions":{"mark":"Street Address","transcribe":"Enter the street address","verify":"Choose the best transcription or enter your own!"}},{"id":"580dad7561643900032a4b03","status":"complete","name":"Record Date","created_in_workflow":"verify","confidence":1.0,"data":{"value":"1891 December 21"},"versions":[{"data":{"value":"Dec 21/91"},"votes":2,"confidence":0.6666666666666666,"instances":[{"created":"2016-03-15T02:13:14Z","user_id":"563f8b7a3264340003774b00","duration":4.879},{"created":"2016-03-20T20:31:39Z","user_id":"56ef05a036346600030f0000","duration":4.623}]},{"data":{"value":"1891 December 21"},"votes":1,"confidence":0.3333333333333333,"instances":[{"created":"2016-03-21T05:24:10Z","user_id":"56ef87a96532650003220000","duration":24.214}]}],"region":{"x":245.56869420242717,"y":637.7054900929754,"width":149.25023681160926,"height":55.629627859174434,"label":"Record Date","shape":"rectangle"},"task_key":"em_transcribed_date","instructions":{"mark":"Record Date","transcribe":"Enter the record date","verify":"Choose the best transcription or enter your own!"}},{"id":"580dad7561643900032b4b03","status":"awaiting_votes","name":"Amount Loaned","created_in_workflow":"verify","confidence":0.6666666666666666,"data":{"value":"$16000"},"versions":[{"data":{"value":"$16000"},"votes":2,"confidence":0.6666666666666666,"instances":[{"created":"2016-05-23T22:37:23Z","user_id":"563f8b7a3264340003774b00","duration":5.971},{"created":"2016-09-06T14:26:45Z","user_id":"57c49a363234370003600200","duration":4.639}]}],"region":{"x":853.4242041260723,"y":723.1851621692679,"width":105.83198610277748,"height":37.990965367241074,"label":"Amount Loaned","shape":"rectangle"},"task_key":"em_transcribed_amount_loaned","instructions":{"mark":"Amount Loaned","transcribe":"Enter the Amount Loaned","verify":"Choose the best transcription or enter your own!"}}]}],"export_document":{"name":"Record","export_fields":[{"name":"Mortgager","value":"Vincent F. Victory et. al","original_value":{"value":"Vincent F. Victory et. al"},"assertion_ids":["580dad756164390003284b03"]},{"name":"Street Address","value":"N.E Cor. Mulberry \u0026 Spring St.","original_value":{"value":"N.E Cor. Mulberry \u0026 Spring St."},"assertion_ids":["580dad756164390003294b03"]},{"name":"Record Date","value":"1891-12-21T00:00:00Z","original_value":{"value":"1891 December 21"},"assertion_ids":["580dad7561643900032a4b03"]},{"name":"Land \u0026 Building Dimensions","value":{"em_survey_land_dimensions":[25.25,102]},"original_value":{"em_survey_land_dimensions":"25.3 x 102"},"assertion_ids":["580dad756164390003224b03"]},{"name":"Amount Loaned","value":16000.0,"original_value":{"value":"$16000"},"assertion_ids":["580dad7561643900032b4b03"]},{"name":"Stories \u0026 Materials","value":{"em_record_stories":5,"em_record_material":"brick  covering lot"},"original_value":{"em_record_stories":"5 ","em_record_material":"brick  covering lot"},"assertion_ids":["580dad756164390003234b03"]},{"name":"Valuation","value":null,"original_value":null,"assertion_ids":null},{"name":"Record Number","value":3834,"original_value":{"value":"3834"},"assertion_ids":["580dad756164390003274b03"]},{"name":"Additional Info","value":"covering lot","original_value":{"value":"covering lot"},"assertion_ids":["580dad756164390003214b03"]}]}}