{"id":"56b10a9b7061755afb62ce00","meta_data":{"capture_uuid":"14a8b8e0-02e7-0133-08e9-58d385a7bbd0","page_uri":"http://digitalcollections.nypl.org/items/14a8b8e0-02e7-0133-08e9-58d385a7bbd0","book_uri":"http://digitalcollections.nypl.org/items/109c0900-02e7-0133-03cf-58d385a7bbd0","source_rotated":"0.783292","source_x":"0","source_y":"864.3299999999999","source_w":"1370.58","source_h":"974.6700000000001"},"type":"final_subject_set","search_terms_by_field":{"Land \u0026 Building Dimensions":["see diagram","see diagram","20 x 102"],"Stories \u0026 Materials":["4","br"],"Additional Info":[],"Record Number":["4095"],"Mortgager":["Rev Frederic Tetreau"],"Street Address":["NW cor Lex. Ave \u0026 79 St"],"Record Date":["Jany 8/94"],"Valuation Date":["Jany 8/94"],"Total Value":[],"Land \u0026 Building Value":["$25000","45000"],"Amount Loaned":["$35000"]},"subjects":[{"id":"580d83666164390003bd1b02","type":"root","location":{"standard":"https://s3.amazonaws.com/scribe.nypl.org/emigrant-s4/full/14a8b8e0-02e7-0133-08e9-58d385a7bbd0.left-bottom.jpg","thumbnail":"https://s3.amazonaws.com/scribe.nypl.org/emigrant-s4/thumb/14a8b8e0-02e7-0133-08e9-58d385a7bbd0.left-bottom.jpg"},"status":"retired","width":1370,"height":974,"meta_data":{"capture_uuid":"14a8b8e0-02e7-0133-08e9-58d385a7bbd0","page_uri":"http://digitalcollections.nypl.org/items/14a8b8e0-02e7-0133-08e9-58d385a7bbd0","book_uri":"http://digitalcollections.nypl.org/items/109c0900-02e7-0133-03cf-58d385a7bbd0","source_rotated":"0.783292","source_x":"0","source_y":"864.3299999999999","source_w":"1370.58","source_h":"974.6700000000001"},"assertions":[{"id":"580d83666164390003be1b02","status":"awaiting_transcriptions","name":"Land \u0026 Building Dimensions","created_in_workflow":"transcribe","confidence":0.3333333333333333,"data":{"em_survey_land_dimensions":"see diagram"},"versions":[{"data":{"em_survey_land_dimensions":"see diagram"},"votes":1,"confidence":0.3333333333333333,"instances":[{"created":"2016-01-25T01:44:20Z","user_id":"56a57a086164350003a40300","duration":4.981}]}],"region":{"x":262.89552104771184,"y":720.6150957785376,"width":325.74317102880383,"height":43.99103766108078,"label":"Dimension \u0026 Description","shape":"rectangle"},"task_key":"em_record_survey","instructions":{"mark":"Dimension \u0026 Description","transcribe":"Enter, as they appear, any land and building dimensions that were recorded. In the next screen, you'll enter the descriptive information."}},{"id":"580d83666164390003bf1b02","status":"awaiting_transcriptions","name":"Stories \u0026 Materials","created_in_workflow":"transcribe","confidence":0.3333333333333333,"data":{"em_record_stories":""},"versions":[{"data":{"em_record_stories":""},"votes":1,"confidence":0.3333333333333333,"instances":[{"created":"2016-01-25T01:44:20Z","user_id":"56a57a086164350003a40300","duration":0.425}]}],"region":{"x":262.89552104771184,"y":720.6150957785376,"width":325.74317102880383,"height":43.99103766108078,"label":"Dimension \u0026 Description","shape":"rectangle"},"task_key":"em_record_survey_stories_materials","instructions":{"mark":"Dimension \u0026 Description","transcribe":"Enter, as they appear, the number of stories and the building materials."}},{"id":"580d83666164390003c01b02","status":"awaiting_transcriptions","name":"Additional Info","created_in_workflow":"transcribe","confidence":0.3333333333333333,"data":{"value":""},"versions":[{"data":{"value":""},"votes":1,"confidence":0.3333333333333333,"instances":[{"created":"2016-01-25T01:44:21Z","user_id":"56a57a086164350003a40300","duration":0.947}]}],"region":{"x":262.89552104771184,"y":720.6150957785376,"width":325.74317102880383,"height":43.99103766108078,"label":"Dimension \u0026 Description","shape":"rectangle"},"task_key":"em_record_survey_additional_info","instructions":{"mark":"Dimension \u0026 Description","transcribe":"Enter any additional information you find about the building's construction or significance."}},{"id":"580d83666164390003c11b02","status":"complete","name":"Record Number","created_in_workflow":"verify","confidence":1.0,"data":{"value":"4095"},"versions":[{"data":{"value":"4095"},"votes":7,"confidence":0.875,"instances":[{"created":"2015-11-08T20:01:50Z","user_id":"563fa96e3264340003b56a00","duration":6.871},{"created":"2015-11-08T20:02:04Z","user_id":"563f831832643400038c3d00","duration":5.039},{"created":"2015-11-08T20:05:18Z","user_id":"563fa5fc3264340003126600","duration":3.268},{"created":"2015-11-08T20:09:12Z","user_id":"563fabe83264340003ca6c00","duration":5.604},{"created":"2015-11-08T20:11:30Z","user_id":"563fac6a3264340003406d00","duration":7.341},{"created":"2015-11-08T20:13:58Z","user_id":"563fa8d83264340003026a00","duration":6.818},{"created":"2015-12-02T00:51:29Z","user_id":"5647496e3562310003960400","duration":9.211}]},{"data":{"value":"4098"},"votes":1,"confidence":0.125,"instances":[{"created":"2015-11-08T20:15:33Z","user_id":"563fac7c3264340003486d00","duration":5.911}]}],"region":{"x":736.7379901261602,"y":62.08558812788419,"width":137.6230537355866,"height":65.1898675342784,"label":"Record Number","shape":"rectangle"},"task_key":"em_transcribed_record_number","instructions":{"mark":"Record Number","transcribe":"Enter the record number","verify":"Choose the best transcription or enter your own!"}},{"id":"580d83666164390003c21b02","status":"complete","name":"Mortgager","created_in_workflow":"verify","confidence":1.0,"data":{"value":"Rev Frederic Tetreau"},"versions":[{"data":{"value":"Rev Frederic Tetreau"},"votes":4,"confidence":0.8,"instances":[{"created":"2015-11-08T20:05:01Z","user_id":"563f831832643400038c3d00","duration":13.367},{"created":"2015-11-08T20:06:35Z","user_id":"563fa5fc3264340003126600","duration":26.221},{"created":"2015-11-08T20:11:36Z","user_id":"563fabe83264340003ca6c00","duration":31.289},{"created":"2015-12-02T00:53:55Z","user_id":"5647496e3562310003960400","duration":54.934}]},{"data":{"value":"Rev Frederic Detreau"},"votes":1,"confidence":0.2,"instances":[{"created":"2015-11-08T20:14:39Z","user_id":"563fa8d83264340003026a00","duration":15.045}]}],"region":{"x":188.31529478886014,"y":627.0644400916307,"width":330.0883770049034,"height":47.59895089804456,"label":"Mortgager Name","shape":"rectangle"},"task_key":"em_transcribed_mortgager","instructions":{"mark":"Mortgager Name","transcribe":"Enter the mortgager's name","verify":"Choose the best transcription or enter your own!"}},{"id":"580d83666164390003c31b02","status":"complete","name":"Street Address","created_in_workflow":"verify","confidence":1.0,"data":{"value":"NW cor Lex. Ave \u0026 79 St"},"versions":[{"data":{"value":"NW cor Lex. Ave \u0026 79 St"},"votes":4,"confidence":1.0,"instances":[{"created":"2016-06-28T10:39:06Z","user_id":"577251ba3161310003040000","duration":11.049},{"created":"2016-06-28T19:48:27Z","user_id":"5772d4643161310003510000","duration":37.93},{"created":"2016-06-28T23:53:55Z","user_id":"57730d773437620003110000","duration":35.131},{"created":"2016-06-29T02:05:30Z","user_id":"57732cc73437620003300000","duration":34.8}]}],"region":{"x":220.39284866707953,"y":665.3505527704932,"width":372.51352890835454,"height":45.52943129378171,"label":"Street Address","shape":"rectangle"},"task_key":"em_transcribed_address","instructions":{"mark":"Street Address","transcribe":"Enter the street address","verify":"Choose the best transcription or enter your own!"}},{"id":"580d83666164390003c41b02","status":"complete","name":"Stories \u0026 Materials","created_in_workflow":"verify","confidence":1.0,"data":{"em_record_stories":"4","em_record_material":"br"},"versions":[{"data":{"em_record_stories":"4","em_record_material":"br"},"votes":3,"confidence":1.0,"instances":[{"created":"2015-11-30T06:33:58Z","user_id":"5647496e3562310003960400","duration":6.175},{"created":"2015-12-10T22:37:55Z","user_id":"563f8b7a3264340003774b00","duration":4.385},{"created":"2016-09-13T15:20:55Z","user_id":"57c49a363234370003600200","duration":9.059}]}],"region":{"x":304.20839267145976,"y":755.3746555559244,"width":293.8717839165908,"height":46.564191095913245,"label":"Dimension \u0026 Description","shape":"rectangle"},"task_key":"em_transcribed_stories_materials","instructions":{"mark":"Dimension \u0026 Description","transcribe":"Enter, as they appear, the number of stories and the building materials.","verify":"Choose the best transcription or enter your own!"}},{"id":"580d83666164390003c51b02","status":"awaiting_transcriptions","name":"Additional Info","created_in_workflow":"transcribe","confidence":0.3333333333333333,"data":{"value":""},"versions":[{"data":{"value":""},"votes":1,"confidence":0.3333333333333333,"instances":[{"created":"2015-11-08T18:49:00Z","user_id":"563f7dc232643400032b3500","duration":1.043}]}],"region":{"x":304.20839267145976,"y":755.3746555559244,"width":293.8717839165908,"height":46.564191095913245,"label":"Dimension \u0026 Description","shape":"rectangle"},"task_key":"em_record_survey_additional_info","instructions":{"mark":"Dimension \u0026 Description","transcribe":"Enter any additional information you find about the building's construction or significance."}},{"id":"580d83666164390003c61b02","status":"complete","name":"Land \u0026 Building Dimensions","created_in_workflow":"verify","confidence":1.0,"data":{"em_survey_land_dimensions":"see diagram","em_survey_building_dimensions":"20 x 102"},"versions":[{"data":{"em_survey_land_dimensions":"see diagram","em_survey_building_dimensions":"20 x 102"},"votes":3,"confidence":1.0,"instances":[{"created":"2015-11-30T15:58:49Z","user_id":"5647496e3562310003960400","duration":9.37},{"created":"2015-12-11T15:01:42Z","user_id":"563f8b7a3264340003774b00","duration":10.469},{"created":"2015-12-20T19:37:22Z","user_id":"56748e5e3564620003fd0100","duration":11.901}]}],"region":{"x":304.20839267145976,"y":755.3746555559244,"width":293.8717839165908,"height":46.564191095913245,"label":"Dimension \u0026 Description","shape":"rectangle"},"task_key":"em_transcribed_survey","instructions":{"mark":"Dimension \u0026 Description","transcribe":"Enter, as they appear, any land and building dimensions that were recorded. In the next screen, you'll enter the descriptive information.","verify":"Choose the best transcription or enter your own!"}},{"id":"580d83666164390003c71b02","status":"contentious","name":"Record Date","created_in_workflow":"verify","confidence":0.38095238095238093,"data":{"value":"Jany 8/94"},"versions":[{"data":{"value":"Jany 8/94"},"votes":8,"confidence":0.38095238095238093,"instances":[{"created":"2015-12-11T14:55:45Z","user_id":"563f8b7a3264340003774b00","duration":8.994},{"created":"2015-12-20T19:19:32Z","user_id":"56748e5e3564620003fd0100","duration":3.092},{"created":"2015-12-21T04:49:58Z","user_id":"5668bbbe3064310003db0500","duration":6.26},{"created":"2015-12-29T18:52:03Z","user_id":"5668b33530333000032d0500","duration":4.915},{"created":"2016-01-02T02:24:09Z","user_id":"5687306f63383700038d0000","duration":9.838},{"created":"2016-01-05T02:28:54Z","user_id":"568b29136233660003980900","duration":15.476},{"created":"2016-01-05T22:10:40Z","user_id":"568c39f93761610003bb0600","duration":25.964},{"created":"2016-01-06T13:55:57Z","user_id":"568d1c233130650003f10100","duration":9.46}]},{"data":{"value":"July 8/94"},"votes":7,"confidence":0.3333333333333333,"instances":[{"created":"2015-11-08T19:15:25Z","user_id":"563f9db232643400031f5d00","duration":16.856},{"created":"2015-11-08T19:18:35Z","user_id":"563f9fd13264340003405f00","duration":19.193},{"created":"2015-11-08T19:18:50Z","user_id":"563fa00032643400037c5f00","duration":25.462},{"created":"2016-01-04T03:28:53Z","user_id":"5689d5666135640003410900","duration":55.862},{"created":"2016-01-07T09:35:17Z","user_id":"568e30b93565620003f50a00","duration":31.162},{"created":"2016-01-07T11:47:33Z","user_id":"568e50423565620003110b00","duration":18.59},{"created":"2016-01-07T13:12:49Z","user_id":"568e641335656200035e0b00","duration":39.573}]},{"data":{"value":"1894 January 8"},"votes":6,"confidence":0.2857142857142857,"instances":[{"created":"2015-11-08T18:56:14Z","user_id":"563f918b3264340003665200","duration":6.167},{"created":"2015-11-08T19:13:56Z","user_id":"563f9eaa32643400033f5e00","duration":37.945},{"created":"2015-11-08T19:18:41Z","user_id":"563f6f403264340003f01f00","duration":26.064},{"created":"2015-12-24T15:50:42Z","user_id":"563bfc7535326200037f3900","duration":6.525},{"created":"2015-12-27T02:33:32Z","user_id":"567f35e03037360003d10000","duration":3.34},{"created":"2016-01-04T22:34:18Z","user_id":"568ae7b462336600035c0500","duration":5.054}]}],"region":{"x":246.2618437301598,"y":571.1874107765351,"width":209.021480109688,"height":62.085588127884265,"label":"Record Date","shape":"rectangle"},"task_key":"em_transcribed_date","instructions":{"mark":"Record Date","transcribe":"Enter the record date","verify":"Choose the best transcription or enter your own!"}},{"id":"580d83666164390003c81b02","status":"awaiting_votes","name":"Valuation Date","created_in_workflow":"verify","confidence":0.3333333333333333,"data":{"value":"Jany 8/94"},"versions":[{"data":{"value":"Jany 8/94"},"votes":1,"confidence":0.3333333333333333,"instances":[{"created":"2016-10-01T19:50:31Z","user_id":"57c49a363234370003600200","duration":7.838}]}],"region":{"x":835.5535341305388,"y":600.160685236214,"width":171.25676445417778,"height":69.84226951296442,"label":"Valuation","shape":"rectangle"},"task_key":"em_transcribed_valuation_date","instructions":{"mark":"Valuation","transcribe":"Enter the date of the valuation (if one is given). In the next screen, you'll enter the valuation's dollar amounts.","verify":"Choose the best transcription or enter your own!"}},{"id":"580d83666164390003c91b02","status":"awaiting_votes","name":"Total Value","created_in_workflow":"verify","confidence":0.6666666666666666,"data":{"value":""},"versions":[{"data":{"value":""},"votes":2,"confidence":0.6666666666666666,"instances":[{"created":"2016-07-10T03:50:45Z","user_id":"5750d4e061323000033d0000","duration":5.293},{"created":"2016-10-02T17:29:14Z","user_id":"57c49a363234370003600200","duration":2.467}]}],"region":{"x":835.5535341305388,"y":600.160685236214,"width":171.25676445417778,"height":69.84226951296442,"label":"Valuation","shape":"rectangle"},"task_key":"em_transcribed_valuation_total","instructions":{"mark":"Valuation","transcribe":"Enter the valuation ***total*** (if one is given)","verify":"Choose the best transcription or enter your own!"}},{"id":"580d83666164390003ca1b02","status":"contentious","name":"Land \u0026 Building Value","created_in_workflow":"verify","confidence":0.38095238095238093,"data":{"em_valuation_ground":"$25000","em_valuation_building":"45000"},"versions":[{"data":{"em_valuation_ground":"$25000","em_valuation_building":"45000"},"votes":8,"confidence":0.38095238095238093,"instances":[{"created":"2015-11-30T15:52:03Z","user_id":"5647496e3562310003960400","duration":6.536},{"created":"2015-12-11T15:00:15Z","user_id":"563f8b7a3264340003774b00","duration":9.403},{"created":"2015-12-23T21:15:01Z","user_id":"5668bbbe3064310003db0500","duration":20.479},{"created":"2016-08-05T17:35:15Z","user_id":"57a4aa6665343100035e0100","duration":9.336},{"created":"2016-08-09T23:30:08Z","user_id":"57aa666761356600031e0000","duration":8.697},{"created":"2016-08-18T20:46:40Z","user_id":"57b61e4e3566300003640000","duration":15.778},{"created":"2016-08-19T16:32:24Z","user_id":"57b732893632390003330000","duration":7.64},{"created":"2016-08-20T03:36:55Z","user_id":"57b7cfca6663350003080000","duration":15.068}]},{"data":{"em_valuation_ground":"$25,000","em_valuation_building":"$45,000"},"votes":6,"confidence":0.2857142857142857,"instances":[{"created":"2016-08-07T20:45:42Z","user_id":"57a7996635656100030c0000","duration":7.378},{"created":"2016-08-17T14:52:14Z","user_id":"5794e6a83066310003040000","duration":5.351},{"created":"2016-08-17T18:27:02Z","user_id":"57b4a5e436663400032e0100","duration":5.865},{"created":"2016-08-17T21:34:36Z","user_id":"57b4d7c43566300003000000","duration":6.976},{"created":"2016-08-17T22:01:11Z","user_id":"57b4dbde3566300003110000","duration":9.333},{"created":"2016-08-20T03:00:10Z","user_id":"57b7c7f36663350003070000","duration":6.617}]},{"data":{"em_valuation_ground":"25000","em_valuation_building":"45000"},"votes":6,"confidence":0.2857142857142857,"instances":[{"created":"2016-08-18T20:56:08Z","user_id":"57b620713566300003710000","duration":14.854},{"created":"2016-08-19T18:30:02Z","user_id":"57b74fc93632390003500000","duration":6.903},{"created":"2016-08-20T17:37:01Z","user_id":"57b895326663350003420000","duration":11.226},{"created":"2016-08-21T19:53:39Z","user_id":"57ba06863161380003050000","duration":59.985},{"created":"2016-08-21T20:06:44Z","user_id":"57ba06863161380003050000","duration":4.766},{"created":"2016-08-21T22:16:23Z","user_id":"57ba27ff3161380003150000","duration":55.335}]},{"data":{"em_valuation_ground":"$25000","em_valuation_building":"$45000"},"votes":1,"confidence":0.047619047619047616,"instances":[{"created":"2015-12-20T19:21:57Z","user_id":"56748e5e3564620003fd0100","duration":4.6}]}],"region":{"x":835.5535341305388,"y":600.160685236214,"width":171.25676445417778,"height":69.84226951296442,"label":"Valuation","shape":"rectangle"},"task_key":"em_transcribed_valuation_itemized","instructions":{"mark":"Valuation","transcribe":"Sometimes valuations include itemized dollar values for \"ground\" and \"building\". Enter these amounts if you can find them. In the next screen, you'll enter the total valuation.","verify":"Choose the best transcription or enter your own!"}},{"id":"580d83666164390003cb1b02","status":"complete","name":"Amount Loaned","created_in_workflow":"verify","confidence":1.0,"data":{"value":"$35000"},"versions":[{"data":{"value":"$35000"},"votes":3,"confidence":0.75,"instances":[{"created":"2015-11-30T06:26:11Z","user_id":"5647496e3562310003960400","duration":3.825},{"created":"2015-12-10T22:37:51Z","user_id":"563f8b7a3264340003774b00","duration":6.886},{"created":"2015-12-20T18:56:22Z","user_id":"56748e5e3564620003fd0100","duration":4.442}]},{"data":{"value":"$35000.-"},"votes":1,"confidence":0.25,"instances":[{"created":"2015-12-19T23:40:11Z","user_id":"5668bbbe3064310003db0500","duration":3.432}]}],"region":{"x":844.3530095885739,"y":664.3157929683613,"width":177.97868603399183,"height":47.59895089804456,"label":"Amount Loaned","shape":"rectangle"},"task_key":"em_transcribed_amount_loaned","instructions":{"mark":"Amount Loaned","transcribe":"Enter the Amount Loaned","verify":"Choose the best transcription or enter your own!"}}]}],"export_document":{"name":"Record","export_fields":[{"name":"Mortgager","value":"Rev Frederic Tetreau","original_value":{"value":"Rev Frederic Tetreau"},"assertion_ids":["580d83666164390003c21b02"]},{"name":"Street Address","value":"NW cor Lex. Ave \u0026 79 St","original_value":{"value":"NW cor Lex. Ave \u0026 79 St"},"assertion_ids":["580d83666164390003c31b02"]},{"name":"Record Date","value":"1894-01-08T00:00:00Z","original_value":{"value":"Jany 8/94"},"assertion_ids":["580d83666164390003c71b02"]},{"name":"Land \u0026 Building Dimensions","value":{"em_survey_land_dimensions":[0],"em_survey_building_dimensions":[20,102]},"original_value":{"em_survey_land_dimensions":"see diagram","em_survey_building_dimensions":"20 x 102"},"assertion_ids":["580d83666164390003c61b02"]},{"name":"Amount Loaned","value":35000.0,"original_value":{"value":"$35000"},"assertion_ids":["580d83666164390003cb1b02"]},{"name":"Stories \u0026 Materials","value":{"em_record_stories":4,"em_record_material":"br"},"original_value":{"em_record_stories":"4","em_record_material":"br"},"assertion_ids":["580d83666164390003c41b02"]},{"name":"Valuation","value":null,"original_value":null,"assertion_ids":null},{"name":"Record Number","value":4095,"original_value":{"value":"4095"},"assertion_ids":["580d83666164390003c11b02"]},{"name":"Additional Info","value":"","original_value":{"value":""},"assertion_ids":["580d83666164390003c01b02"]}]}}