{"id":"56b10a9f7061755afbb2ce00","meta_data":{"capture_uuid":"14b25ac0-02e7-0133-af0d-58d385a7bbd0","page_uri":"http://digitalcollections.nypl.org/items/14b25ac0-02e7-0133-af0d-58d385a7bbd0","book_uri":"http://digitalcollections.nypl.org/items/109c0900-02e7-0133-03cf-58d385a7bbd0","source_rotated":"0.839234","source_x":"1216.36","source_y":"0","source_w":"1371.64","source_h":"903.0699999999999"},"type":"final_subject_set","search_terms_by_field":{"Record Date":["December 12/92","Dec 12/92"],"Stories \u0026 Materials":["5","br.","5","br."],"Land \u0026 Building Value":["6500","9000"],"Record Number":["4100"],"Mortgager":["Marie H. Olwell"],"Street Address":["398-10th Ave"],"Land \u0026 Building Dimensions":["see diagram"],"Additional Info":[],"Amount Loaned":["$2500"]},"subjects":[{"id":"580d7c62616439000334d401","type":"root","location":{"standard":"https://s3.amazonaws.com/scribe.nypl.org/emigrant-s4/full/14b25ac0-02e7-0133-af0d-58d385a7bbd0.right-top.jpg","thumbnail":"https://s3.amazonaws.com/scribe.nypl.org/emigrant-s4/thumb/14b25ac0-02e7-0133-af0d-58d385a7bbd0.right-top.jpg"},"status":"retired","width":1371,"height":903,"meta_data":{"capture_uuid":"14b25ac0-02e7-0133-af0d-58d385a7bbd0","page_uri":"http://digitalcollections.nypl.org/items/14b25ac0-02e7-0133-af0d-58d385a7bbd0","book_uri":"http://digitalcollections.nypl.org/items/109c0900-02e7-0133-03cf-58d385a7bbd0","source_rotated":"0.839234","source_x":"1216.36","source_y":"0","source_w":"1371.64","source_h":"903.0699999999999"},"assertions":[{"id":"580d7c62616439000335d401","status":"active","name":null,"created_in_workflow":"mark","confidence":1.0,"data":{"belongsToUser":"true","toolName":"rectangleTool","userCreated":"true","subToolIndex":"0","color":"red","isTranscribable":"true","x":"298.2317721838211","y":"628.9271306063596","width":"224.55418612410352","height":"43.85823783865828","_key":"0.18961259377581663","status":"mark","isUncommitted":"true"},"versions":null,"region":{"x":298.2317721838211,"y":628.9271306063596,"width":224.55418612410352,"height":43.85823783865828,"label":"Record Date","shape":"rectangle"},"task_key":"mark_primary","instructions":{"mark":""}},{"id":"580d7c62616439000336d401","status":"awaiting_transcriptions","name":"Record Date","created_in_workflow":"transcribe","confidence":0.3333333333333333,"data":{"value":"December 12/92"},"versions":[{"data":{"value":"December 12/92"},"votes":1,"confidence":0.3333333333333333,"instances":[{"created":"2016-01-14T05:36:45Z","user_id":"568cc44631306500035d0100","duration":25.05}]}],"region":{"x":865.7426329511294,"y":519.7356647210601,"width":0.0,"height":0.0,"label":"Record Date","shape":"rectangle"},"task_key":"em_record_date","instructions":{"mark":"Record Date","transcribe":"Enter the record date"}},{"id":"580d7c62616439000337d401","status":"active","name":null,"created_in_workflow":"mark","confidence":1.0,"data":{"belongsToUser":"true","toolName":"rectangleTool","userCreated":"true","subToolIndex":"5","color":"sienna","isTranscribable":"true","x":"931.5447502369569","y":"628.0499658495864","width":"128.94322406344997","height":"40.34957881156561","_key":"0.6020689373186416","status":"mark","isUncommitted":"true"},"versions":null,"region":{"x":931.5447502369569,"y":628.0499658495864,"width":128.94322406344997,"height":40.34957881156561,"label":"Valuation","shape":"rectangle"},"task_key":"mark_primary","instructions":{"mark":""}},{"id":"580d7c62616439000338d401","status":"contentious","name":"Stories \u0026 Materials","created_in_workflow":"verify","confidence":0.3333333333333333,"data":{"em_record_stories":"5","em_record_material":"br."},"versions":[{"data":{"em_record_stories":"5","em_record_material":"br."},"votes":7,"confidence":0.3333333333333333,"instances":[{"created":"2015-11-17T20:02:04Z","user_id":"563bfc7535326200037f3900","duration":28.2},{"created":"2015-11-17T20:40:38Z","user_id":"564b8f8e3863320003990a00","duration":40.065},{"created":"2015-11-18T10:56:46Z","user_id":"564c54b665316600034e0000","duration":53.457},{"created":"2015-11-18T14:28:39Z","user_id":"564c68d234636500036e0100","duration":14.394},{"created":"2015-11-18T18:38:39Z","user_id":"563cbf4b65326200030e0d00","duration":34.069},{"created":"2015-11-18T22:38:17Z","user_id":"564cfb303463650003e51100","duration":44.309},{"created":"2015-11-18T23:57:15Z","user_id":"564d103a3463650003141300","duration":33.316}]},{"data":{"em_record_stories":"5","em_record_material":"Brick"},"votes":6,"confidence":0.2857142857142857,"instances":[{"created":"2015-11-12T03:45:29Z","user_id":"563f8b7a3264340003774b00","duration":9.761},{"created":"2015-11-16T16:03:04Z","user_id":"5649fcb665323800035d0500","duration":22.047},{"created":"2015-11-17T16:39:04Z","user_id":"564b504e38633200039b0400","duration":960.394},{"created":"2015-11-19T00:41:30Z","user_id":"5649188c3863370003020e00","duration":21.743},{"created":"2015-11-19T00:53:44Z","user_id":"564d155d6531660003221300","duration":45.691},{"created":"2015-11-19T02:46:19Z","user_id":"564d464d34636500033f1900","duration":36.629}]},{"data":{"em_record_stories":"5","em_record_material":"Br"},"votes":4,"confidence":0.19047619047619047,"instances":[{"created":"2015-11-15T05:13:39Z","user_id":"5647496e3562310003960400","duration":31.015},{"created":"2015-11-16T03:44:03Z","user_id":"5649188c3863370003020e00","duration":96.785},{"created":"2015-11-16T18:29:31Z","user_id":"564618af6363350003da0c00","duration":16.456},{"created":"2015-11-18T14:16:14Z","user_id":"564c66213463650003210100","duration":26.059}]},{"data":{"em_record_stories":"5 story","em_record_material":"br."},"votes":2,"confidence":0.09523809523809523,"instances":[{"created":"2015-11-18T16:01:04Z","user_id":"564c9ceb6531660003bf0600","duration":171.443},{"created":"2015-11-18T17:19:14Z","user_id":"564cae443463650003eb0800","duration":15.556}]},{"data":{"em_record_stories":"5","em_record_material":"frame"},"votes":1,"confidence":0.047619047619047616,"instances":[{"created":"2015-11-16T20:17:47Z","user_id":"564a34933164390003f21100","duration":32.097}]},{"data":{"em_record_stories":"not given","em_record_material":"not given"},"votes":1,"confidence":0.047619047619047616,"instances":[{"created":"2015-11-18T21:09:54Z","user_id":"564ce76d3463650003dc0f00","duration":43.572}]}],"region":{"x":365.39885139870404,"y":300.04842316292695,"width":175.27582156240425,"height":99.52101164314905,"label":"Dimension \u0026 Description","shape":"rectangle"},"task_key":"em_transcribed_stories_materials","instructions":{"mark":"Dimension \u0026 Description","transcribe":"Enter, as they appear, the number of stories and the building materials.","verify":"Choose the best transcription or enter your own!"}},{"id":"580d7c62616439000339d401","status":"complete","name":"Land \u0026 Building Value","created_in_workflow":"verify","confidence":1.0,"data":{"em_valuation_ground":"6500","em_valuation_building":"9000"},"versions":[{"data":{"em_valuation_ground":"6500","em_valuation_building":"9000"},"votes":6,"confidence":0.6666666666666666,"instances":[{"created":"2015-11-15T16:37:30Z","user_id":"5647496e3562310003960400","duration":10.987},{"created":"2015-11-16T04:08:07Z","user_id":"5649188c3863370003020e00","duration":4.46},{"created":"2015-11-16T18:35:02Z","user_id":"564618af6363350003da0c00","duration":5.106},{"created":"2016-06-10T16:35:17Z","user_id":"575adece6264620003de0600","duration":5.783},{"created":"2016-06-11T01:47:35Z","user_id":"575b6d366264620003b10e00","duration":4.575},{"created":"2016-06-13T17:46:11Z","user_id":"575b04f96264620003640800","duration":12.173}]},{"data":{"em_valuation_ground":"$6,500","em_valuation_building":"$9,000"},"votes":3,"confidence":0.3333333333333333,"instances":[{"created":"2015-11-12T04:08:31Z","user_id":"563f8b7a3264340003774b00","duration":3.928},{"created":"2016-06-04T18:17:21Z","user_id":"575314e83763340003d50000","duration":5.461},{"created":"2016-06-06T18:12:57Z","user_id":"5755bac237616500038f0000","duration":3.038}]}],"region":{"x":904.5948109508457,"y":622.3776698280515,"width":158.93655006082406,"height":102.49178811010879,"label":"Valuation","shape":"rectangle"},"task_key":"em_transcribed_valuation_itemized","instructions":{"mark":"Valuation","transcribe":"Sometimes valuations include itemized dollar values for \"ground\" and \"building\". Enter these amounts if you can find them. In the next screen, you'll enter the total valuation.","verify":"Choose the best transcription or enter your own!"}},{"id":"580d7c6261643900033ad401","status":"complete","name":"Record Number","created_in_workflow":"transcribe","confidence":1.0,"data":{"value":"4100"},"versions":[{"data":{"value":"4100"},"votes":3,"confidence":1.0,"instances":[{"created":"2015-11-05T22:38:39Z","user_id":"563bca0a35326200034f2800","duration":3.2},{"created":"2015-11-05T23:04:38Z","user_id":"563bdd463532620003333200","duration":4.803},{"created":"2015-11-05T23:28:08Z","user_id":"563be2643532620003ef3300","duration":11.515}]}],"region":{"x":800.6176286680636,"y":109.9187292775079,"width":126.25800705766403,"height":46.04703523787494,"label":"Record Number","shape":"rectangle"},"task_key":"em_record_number","instructions":{"mark":"Record Number","transcribe":"Enter the record number"}},{"id":"580d7c6261643900033bd401","status":"complete","name":"Mortgager","created_in_workflow":"transcribe","confidence":1.0,"data":{"value":"Marie H. Olwell"},"versions":[{"data":{"value":"Marie H. Olwell"},"votes":3,"confidence":1.0,"instances":[{"created":"2015-11-05T23:54:18Z","user_id":"563be9b23532620003cb3400","duration":13.761},{"created":"2015-11-06T00:16:46Z","user_id":"563aa55e3236380003100400","duration":34.892},{"created":"2016-06-03T02:38:38Z","user_id":"5750d4e061323000033d0000","duration":38.818}]}],"region":{"x":242.11162097769093,"y":669.9100932994064,"width":283.70916880016256,"height":41.59087053743543,"label":"Mortgager Name","shape":"rectangle"},"task_key":"em_record_mortgager","instructions":{"mark":"Mortgager Name","transcribe":"Enter the mortgager's name"}},{"id":"580d7c6261643900033cd401","status":"complete","name":"Street Address","created_in_workflow":"verify","confidence":1.0,"data":{"value":"398-10th Ave"},"versions":[{"data":{"value":"398-10th Ave"},"votes":4,"confidence":0.5714285714285714,"instances":[{"created":"2015-11-14T20:00:44Z","user_id":"563cbf4b65326200030e0d00","duration":5.06},{"created":"2015-11-15T04:55:02Z","user_id":"5647496e3562310003960400","duration":11.17},{"created":"2016-05-02T01:43:41Z","user_id":"57266ce136343900030b0200","duration":42.326},{"created":"2016-05-02T05:05:06Z","user_id":"5726c63c3634390003c10200","duration":109.489}]},{"data":{"value":"398 10th Ave."},"votes":3,"confidence":0.42857142857142855,"instances":[{"created":"2015-11-12T03:25:21Z","user_id":"563f8b7a3264340003774b00","duration":8.56},{"created":"2015-11-15T20:43:51Z","user_id":"564618af6363350003da0c00","duration":10.924},{"created":"2015-11-15T20:47:43Z","user_id":"563bfc7535326200037f3900","duration":20.051}]}],"region":{"x":291.1294354824311,"y":710.0155756033619,"width":246.5744608420262,"height":40.10548230395557,"label":"Street Address","shape":"rectangle"},"task_key":"em_transcribed_address","instructions":{"mark":"Street Address","transcribe":"Enter the street address","verify":"Choose the best transcription or enter your own!"}},{"id":"580d7c6261643900033dd401","status":"awaiting_votes","name":"Land \u0026 Building Dimensions","created_in_workflow":"transcribe","confidence":0.2857142857142857,"data":{"em_survey_land_dimensions":"see diagram","em_survey_building_dimensions":""},"versions":[{"data":{"em_survey_land_dimensions":"see diagram","em_survey_building_dimensions":""},"votes":2,"confidence":0.2857142857142857,"instances":[{"created":"2016-06-03T02:41:13Z","user_id":"5750d4e061323000033d0000","duration":27.441},{"created":"2016-06-12T12:05:41Z","user_id":"575d4ba03039380003560000","duration":7.902}]},{"data":{"em_survey_land_dimensions":"see diagram (24.8 1/2x55.8 on diagram)","em_survey_building_dimensions":"(24\" X 53\" on diagram)"},"votes":1,"confidence":0.14285714285714285,"instances":[{"created":"2016-06-14T19:18:32Z","user_id":"5760543c6634360003ee0100","duration":146.491}]},{"data":{"em_survey_land_dimensions":"24.8 1/2 x 53.11 x 24.11 x 55.8"},"votes":1,"confidence":0.14285714285714285,"instances":[{"created":"2016-06-10T15:54:32Z","user_id":"575adece6264620003de0600","duration":134.388}]},{"data":{"em_survey_land_dimensions":"24.8 1/4 x 53.11 x 24.11 x 55.8"},"votes":1,"confidence":0.14285714285714285,"instances":[{"created":"2015-11-06T00:45:26Z","user_id":"563bf3e03532620003183700","duration":163.812}]},{"data":{"em_survey_land_dimensions":"53.11 x 24.8"},"votes":1,"confidence":0.14285714285714285,"instances":[{"created":"2016-06-14T23:14:31Z","user_id":"57608c186634360003700400","duration":70.255}]},{"data":{"em_survey_land_dimensions":"","em_survey_building_dimensions":""},"votes":1,"confidence":0.14285714285714285,"instances":[{"created":"2016-06-15T14:51:12Z","user_id":"5760c89f6634360003f60800","duration":8.41}]}],"region":{"x":352.0303565337749,"y":790.2265402112729,"width":158.93655006082417,"height":46.047035237874994,"label":"Dimension \u0026 Description","shape":"rectangle"},"task_key":"em_record_survey","instructions":{"mark":"Dimension \u0026 Description","transcribe":"Enter, as they appear, any land and building dimensions that were recorded. In the next screen, you'll enter the descriptive information."}},{"id":"580d7c6261643900033ed401","status":"awaiting_votes","name":"Stories \u0026 Materials","created_in_workflow":"verify","confidence":0.3333333333333333,"data":{"em_record_stories":"5","em_record_material":"br."},"versions":[{"data":{"em_record_stories":"5","em_record_material":"br."},"votes":1,"confidence":0.3333333333333333,"instances":[{"created":"2016-09-29T02:18:41Z","user_id":"57c49a363234370003600200","duration":8.087}]}],"region":{"x":352.0303565337749,"y":790.2265402112729,"width":158.93655006082417,"height":46.047035237874994,"label":"Dimension \u0026 Description","shape":"rectangle"},"task_key":"em_transcribed_stories_materials","instructions":{"mark":"Dimension \u0026 Description","transcribe":"Enter, as they appear, the number of stories and the building materials.","verify":"Choose the best transcription or enter your own!"}},{"id":"580d7c6261643900033fd401","status":"complete","name":"Additional Info","created_in_workflow":"transcribe","confidence":1.0,"data":{"value":""},"versions":[{"data":{"value":""},"votes":3,"confidence":1.0,"instances":[{"created":"2016-06-03T02:41:24Z","user_id":"5750d4e061323000033d0000","duration":1.118},{"created":"2016-06-12T12:05:46Z","user_id":"575d4ba03039380003560000","duration":1.252},{"created":"2016-06-15T14:51:15Z","user_id":"5760c89f6634360003f60800","duration":0.436}]}],"region":{"x":352.0303565337749,"y":790.2265402112729,"width":158.93655006082417,"height":46.047035237874994,"label":"Dimension \u0026 Description","shape":"rectangle"},"task_key":"em_record_survey_additional_info","instructions":{"mark":"Dimension \u0026 Description","transcribe":"Enter any additional information you find about the building's construction or significance."}},{"id":"580d7c62616439000340d401","status":"complete","name":"Record Date","created_in_workflow":"verify","confidence":1.0,"data":{"value":"Dec 12/92"},"versions":[{"data":{"value":"Dec 12/92"},"votes":9,"confidence":0.75,"instances":[{"created":"2015-11-08T02:52:34Z","user_id":"563eadd06630330003de5200","duration":3.098},{"created":"2015-11-08T05:22:25Z","user_id":"563eaf056630330003055300","duration":5.31},{"created":"2015-11-08T09:18:10Z","user_id":"563f016d6630330003c86800","duration":5.406},{"created":"2015-11-08T14:11:03Z","user_id":"563f53be3264340003380500","duration":17.519},{"created":"2015-11-29T02:24:44Z","user_id":"5647496e3562310003960400","duration":2.809},{"created":"2015-12-05T16:31:21Z","user_id":"563f8b7a3264340003774b00","duration":4.712},{"created":"2015-12-12T18:21:52Z","user_id":"5668bbbe3064310003db0500","duration":3.37},{"created":"2015-12-18T23:06:33Z","user_id":"56748e5e3564620003fd0100","duration":3.317},{"created":"2015-12-20T18:00:01Z","user_id":"5676eb206432620003a00100","duration":8.305}]},{"data":{"value":"1892 December 12"},"votes":3,"confidence":0.25,"instances":[{"created":"2015-11-08T04:13:16Z","user_id":"563e09116630330003dc1000","duration":8.27},{"created":"2015-11-08T05:32:51Z","user_id":"563edd7966303300033f6400","duration":4.021},{"created":"2015-11-08T08:22:40Z","user_id":"563ef7416630330003316700","duration":6.23}]}],"region":{"x":297.0709887557329,"y":623.8630580615313,"width":190.12970474565884,"height":49.01781170483457,"label":"Record Date","shape":"rectangle"},"task_key":"em_transcribed_date","instructions":{"mark":"Record Date","transcribe":"Enter the record date","verify":"Choose the best transcription or enter your own!"}},{"id":"580d7c62616439000341d401","status":"complete","name":"Amount Loaned","created_in_workflow":"verify","confidence":1.0,"data":{"value":"$2500"},"versions":[{"data":{"value":"$2500"},"votes":3,"confidence":0.75,"instances":[{"created":"2015-11-14T02:15:24Z","user_id":"564618af6363350003da0c00","duration":3.971},{"created":"2015-11-14T20:00:38Z","user_id":"563cbf4b65326200030e0d00","duration":3.269},{"created":"2015-11-15T04:54:51Z","user_id":"5647496e3562310003960400","duration":9.694}]},{"data":{"value":"$2,500"},"votes":1,"confidence":0.25,"instances":[{"created":"2015-11-12T03:25:12Z","user_id":"563f8b7a3264340003774b00","duration":4.207}]}],"region":{"x":904.5948109508457,"y":705.5594109029222,"width":101.00640564613117,"height":44.561647004395155,"label":"Amount Loaned","shape":"rectangle"},"task_key":"em_transcribed_amount_loaned","instructions":{"mark":"Amount Loaned","transcribe":"Enter the Amount Loaned","verify":"Choose the best transcription or enter your own!"}}]}],"export_document":{"name":"Record","export_fields":[{"name":"Mortgager","value":"Marie H. Olwell","original_value":{"value":"Marie H. Olwell"},"assertion_ids":["580d7c6261643900033bd401"]},{"name":"Street Address","value":"398-10th Ave","original_value":{"value":"398-10th Ave"},"assertion_ids":["580d7c6261643900033cd401"]},{"name":"Record Date","value":"1892-12-12T00:00:00Z","original_value":{"value":"Dec 12/92"},"assertion_ids":["580d7c62616439000340d401"]},{"name":"Land \u0026 Building Dimensions","value":{"em_survey_land_dimensions":[0],"em_survey_building_dimensions":[]},"original_value":{"em_survey_land_dimensions":"see diagram","em_survey_building_dimensions":""},"assertion_ids":["580d7c6261643900033dd401"]},{"name":"Amount Loaned","value":2500.0,"original_value":{"value":"$2500"},"assertion_ids":["580d7c62616439000341d401"]},{"name":"Stories \u0026 Materials","value":{"em_record_stories":5,"em_record_material":"br."},"original_value":{"em_record_stories":"5","em_record_material":"br."},"assertion_ids":["580d7c62616439000338d401"]},{"name":"Record Number","value":4100,"original_value":{"value":"4100"},"assertion_ids":["580d7c6261643900033ad401"]},{"name":"Additional Info","value":"","original_value":{"value":""},"assertion_ids":["580d7c6261643900033fd401"]}]}}