{"id":"56b1099b7061755afbbfba00","meta_data":{"capture_uuid":"10f6dc70-02e7-0133-f0d5-58d385a7bbd0","page_uri":"http://digitalcollections.nypl.org/items/10f6dc70-02e7-0133-f0d5-58d385a7bbd0","book_uri":"http://digitalcollections.nypl.org/items/109c0900-02e7-0133-03cf-58d385a7bbd0","source_rotated":"-0.447614","source_x":"1209.75","source_y":"859.16","source_w":"1364.25","source_h":"968.84"},"type":"final_subject_set","search_terms_by_field":{"Land \u0026 Building Dimensions":["see description"],"Stories \u0026 Materials":[],"Additional Info":["vacant plot"],"Valuation Date":["July 13, 1891"],"Land \u0026 Building Value":["$20,000"],"Total Value":[],"Record Number":["3733"],"Mortgager":["Thomas Loughran"],"Street Address":["N.E. cor Hamilton Place \u0026 140 St"],"Record Date":["July 13/91"],"Amount Loaned":["$8000."]},"subjects":[{"id":"580d6bd261643900039a3001","type":"root","location":{"standard":"https://s3.amazonaws.com/scribe.nypl.org/emigrant-s4/full/10f6dc70-02e7-0133-f0d5-58d385a7bbd0.right-bottom.jpg","thumbnail":"https://s3.amazonaws.com/scribe.nypl.org/emigrant-s4/thumb/10f6dc70-02e7-0133-f0d5-58d385a7bbd0.right-bottom.jpg"},"status":"retired","width":1364,"height":968,"meta_data":{"capture_uuid":"10f6dc70-02e7-0133-f0d5-58d385a7bbd0","page_uri":"http://digitalcollections.nypl.org/items/10f6dc70-02e7-0133-f0d5-58d385a7bbd0","book_uri":"http://digitalcollections.nypl.org/items/109c0900-02e7-0133-03cf-58d385a7bbd0","source_rotated":"-0.447614","source_x":"1209.75","source_y":"859.16","source_w":"1364.25","source_h":"968.84"},"assertions":[{"id":"580d6bd261643900039b3001","status":"awaiting_transcriptions","name":"Land \u0026 Building Dimensions","created_in_workflow":"transcribe","confidence":0.3333333333333333,"data":{"em_survey_land_dimensions":"see description","em_survey_building_dimensions":""},"versions":[{"data":{"em_survey_land_dimensions":"see description","em_survey_building_dimensions":""},"votes":1,"confidence":0.3333333333333333,"instances":[{"created":"2015-12-17T03:56:29Z","user_id":"56722e0e6434380003c90300","duration":12.266}]}],"region":{"x":307.0022243183686,"y":731.2346418245934,"width":237.34037745320882,"height":89.48441504472714,"label":"Dimension \u0026 Description","shape":"rectangle"},"task_key":"em_record_survey","instructions":{"mark":"Dimension \u0026 Description","transcribe":"Enter, as they appear, any land and building dimensions that were recorded. In the next screen, you'll enter the descriptive information."}},{"id":"580d6bd261643900039c3001","status":"awaiting_transcriptions","name":"Stories \u0026 Materials","created_in_workflow":"transcribe","confidence":0.3333333333333333,"data":{"em_record_stories":""},"versions":[{"data":{"em_record_stories":""},"votes":1,"confidence":0.3333333333333333,"instances":[{"created":"2015-12-17T03:56:31Z","user_id":"56722e0e6434380003c90300","duration":2.394}]}],"region":{"x":307.0022243183686,"y":731.2346418245934,"width":237.34037745320882,"height":89.48441504472714,"label":"Dimension \u0026 Description","shape":"rectangle"},"task_key":"em_record_survey_stories_materials","instructions":{"mark":"Dimension \u0026 Description","transcribe":"Enter, as they appear, the number of stories and the building materials."}},{"id":"580d6bd261643900039d3001","status":"awaiting_transcriptions","name":"Additional Info","created_in_workflow":"transcribe","confidence":0.3333333333333333,"data":{"value":"vacant plot"},"versions":[{"data":{"value":"vacant plot"},"votes":1,"confidence":0.3333333333333333,"instances":[{"created":"2015-12-17T03:56:37Z","user_id":"56722e0e6434380003c90300","duration":6.159}]}],"region":{"x":307.0022243183686,"y":731.2346418245934,"width":237.34037745320882,"height":89.48441504472714,"label":"Dimension \u0026 Description","shape":"rectangle"},"task_key":"em_record_survey_additional_info","instructions":{"mark":"Dimension \u0026 Description","transcribe":"Enter any additional information you find about the building's construction or significance."}},{"id":"580d6bd261643900039e3001","status":"awaiting_transcriptions","name":"Valuation Date","created_in_workflow":"transcribe","confidence":0.3333333333333333,"data":{"value":"July 13, 1891"},"versions":[{"data":{"value":"July 13, 1891"},"votes":1,"confidence":0.3333333333333333,"instances":[{"created":"2015-12-17T03:55:40Z","user_id":"56722e0e6434380003c90300","duration":13.234}]}],"region":{"x":905.0999755004549,"y":590.2288969056292,"width":162.74768739648619,"height":85.4169416336033,"label":"Valuation","shape":"rectangle"},"task_key":"em_record_valuation","instructions":{"mark":"Valuation","transcribe":"Enter the date of the valuation (if one is given). In the next screen, you'll enter the valuation's dollar amounts."}},{"id":"580d6bd261643900039f3001","status":"awaiting_transcriptions","name":"Land \u0026 Building Value","created_in_workflow":"transcribe","confidence":0.3333333333333333,"data":{"em_valuation_ground":"$20,000","em_valuation_building":""},"versions":[{"data":{"em_valuation_ground":"$20,000","em_valuation_building":""},"votes":1,"confidence":0.3333333333333333,"instances":[{"created":"2015-12-17T03:55:48Z","user_id":"56722e0e6434380003c90300","duration":7.993}]}],"region":{"x":905.0999755004549,"y":590.2288969056292,"width":162.74768739648619,"height":85.4169416336033,"label":"Valuation","shape":"rectangle"},"task_key":"em_record_valuation_ground_building","instructions":{"mark":"Valuation","transcribe":"Sometimes valuations include itemized dollar values for \"ground\" and \"building\". Enter these amounts if you can find them. In the next screen, you'll enter the total valuation."}},{"id":"580d6bd26164390003a03001","status":"awaiting_transcriptions","name":"Total Value","created_in_workflow":"transcribe","confidence":0.3333333333333333,"data":{"value":""},"versions":[{"data":{"value":""},"votes":1,"confidence":0.3333333333333333,"instances":[{"created":"2015-12-17T03:55:51Z","user_id":"56722e0e6434380003c90300","duration":3.391}]}],"region":{"x":905.0999755004549,"y":590.2288969056292,"width":162.74768739648619,"height":85.4169416336033,"label":"Valuation","shape":"rectangle"},"task_key":"em_record_valuation_total","instructions":{"mark":"Valuation","transcribe":"Enter the valuation ***total*** (if one is given)"}},{"id":"580d6bd26164390003a13001","status":"complete","name":"Record Number","created_in_workflow":"transcribe","confidence":1.0,"data":{"value":"3733"},"versions":[{"data":{"value":"3733"},"votes":3,"confidence":1.0,"instances":[{"created":"2015-12-17T03:55:06Z","user_id":"56722e0e6434380003c90300","duration":4.036},{"created":"2015-12-17T12:13:45Z","user_id":"5672a4f06434380003a50500","duration":4.305},{"created":"2015-12-17T16:13:59Z","user_id":"5672dd736235370003d30700","duration":2.558}]}],"region":{"x":758.6270568436174,"y":54.73247567186982,"width":198.00968633239142,"height":75.92617034098066,"label":"Record Number","shape":"rectangle"},"task_key":"em_record_number","instructions":{"mark":"Record Number","transcribe":"Enter the record number"}},{"id":"580d6bd26164390003a23001","status":"complete","name":"Mortgager","created_in_workflow":"transcribe","confidence":1.0,"data":{"value":"Thomas Loughran"},"versions":[{"data":{"value":"Thomas Loughran"},"votes":3,"confidence":1.0,"instances":[{"created":"2015-12-17T03:56:01Z","user_id":"56722e0e6434380003c90300","duration":10.089},{"created":"2015-12-17T12:14:20Z","user_id":"5672a4f06434380003a50500","duration":9.431},{"created":"2015-12-17T16:14:14Z","user_id":"5672dd736235370003d30700","duration":6.374}]}],"region":{"x":250.04053372959845,"y":640.3944023094915,"width":240.05283890981696,"height":50.1655054038622,"label":"Mortgager Name","shape":"rectangle"},"task_key":"em_record_mortgager","instructions":{"mark":"Mortgager Name","transcribe":"Enter the mortgager's name"}},{"id":"580d6bd26164390003a33001","status":"awaiting_votes","name":"Street Address","created_in_workflow":"verify","confidence":0.3333333333333333,"data":{"value":"N.E. cor Hamilton Place \u0026 140 St"},"versions":[{"data":{"value":"N.E. cor Hamilton Place \u0026 140 St"},"votes":1,"confidence":0.3333333333333333,"instances":[{"created":"2016-09-14T13:43:04Z","user_id":"57c49a363234370003600200","duration":15.991}]}],"region":{"x":233.76576498994984,"y":685.136609831855,"width":417.7190643176476,"height":40.67473411123967,"label":"Street Address","shape":"rectangle"},"task_key":"em_transcribed_address","instructions":{"mark":"Street Address","transcribe":"Enter the street address","verify":"Choose the best transcription or enter your own!"}},{"id":"580d6bd26164390003a43001","status":"awaiting_votes","name":"Record Date","created_in_workflow":"verify","confidence":0.3333333333333333,"data":{"value":"July 13/91"},"versions":[{"data":{"value":"July 13/91"},"votes":1,"confidence":0.3333333333333333,"instances":[{"created":"2016-09-14T02:40:36Z","user_id":"57c49a363234370003600200","duration":8.004}]}],"region":{"x":264.959071740943,"y":586.2156680587344,"width":230.55922381168864,"height":54.23297881498627,"label":"Record Date","shape":"rectangle"},"task_key":"em_transcribed_date","instructions":{"mark":"Record Date","transcribe":"Enter the record date","verify":"Choose the best transcription or enter your own!"}},{"id":"580d6bd26164390003a53001","status":"awaiting_votes","name":"Amount Loaned","created_in_workflow":"verify","confidence":0.3333333333333333,"data":{"value":"$8000."},"versions":[{"data":{"value":"$8000."},"votes":1,"confidence":0.3333333333333333,"instances":[{"created":"2016-09-14T02:42:23Z","user_id":"57c49a363234370003600200","duration":3.42}]}],"region":{"x":918.6622827834954,"y":678.3574874799818,"width":122.06076554736455,"height":58.30045222611011,"label":"Amount Loaned","shape":"rectangle"},"task_key":"em_transcribed_amount_loaned","instructions":{"mark":"Amount Loaned","transcribe":"Enter the Amount Loaned","verify":"Choose the best transcription or enter your own!"}}]}],"export_document":{"name":"Record","export_fields":[{"name":"Mortgager","value":"Thomas Loughran","original_value":{"value":"Thomas Loughran"},"assertion_ids":["580d6bd26164390003a23001"]},{"name":"Street Address","value":"N.E. cor Hamilton Place \u0026 140 St","original_value":{"value":"N.E. cor Hamilton Place \u0026 140 St"},"assertion_ids":["580d6bd26164390003a33001"]},{"name":"Record Date","value":"1891-07-13T00:00:00Z","original_value":{"value":"July 13/91"},"assertion_ids":["580d6bd26164390003a43001"]},{"name":"Land \u0026 Building Dimensions","value":{"em_survey_land_dimensions":[0],"em_survey_building_dimensions":[]},"original_value":{"em_survey_land_dimensions":"see description","em_survey_building_dimensions":""},"assertion_ids":["580d6bd261643900039b3001"]},{"name":"Amount Loaned","value":8000.0,"original_value":{"value":"$8000."},"assertion_ids":["580d6bd26164390003a53001"]},{"name":"Stories \u0026 Materials","value":{"em_record_stories":null},"original_value":{"em_record_stories":""},"assertion_ids":["580d6bd261643900039c3001"]},{"name":"Valuation","value":null,"original_value":null,"assertion_ids":null},{"name":"Record Number","value":3733,"original_value":{"value":"3733"},"assertion_ids":["580d6bd26164390003a13001"]},{"name":"Additional Info","value":"vacant plot","original_value":{"value":"vacant plot"},"assertion_ids":["580d6bd261643900039d3001"]}]}}