{"id":"56b10a017061755afba1c200","meta_data":{"capture_uuid":"1259cc30-02e7-0133-f4a6-58d385a7bbd0","page_uri":"http://digitalcollections.nypl.org/items/1259cc30-02e7-0133-f4a6-58d385a7bbd0","book_uri":"http://digitalcollections.nypl.org/items/109c0900-02e7-0133-03cf-58d385a7bbd0","source_rotated":"0.923143","source_x":"1217.3","source_y":"868.0899999999999","source_w":"1372.7","source_h":"978.9100000000001"},"type":"final_subject_set","search_terms_by_field":{"Land \u0026 Building Dimensions":["25 x 92","25 x 40"],"Stories \u0026 Materials":["3","Brick"],"Additional Info":[],"Land \u0026 Building Value":["23,000","3,000"],"Total Value":[],"Record Number":["3877"],"Mortgager":["Helen R. Hamilton"],"Street Address":[" 118 W. 17"],"Record Date":["April 18/92"],"Amount Loaned":["$6000"]},"subjects":[{"id":"580d99686164390003efdc02","type":"root","location":{"standard":"https://s3.amazonaws.com/scribe.nypl.org/emigrant-s4/full/1259cc30-02e7-0133-f4a6-58d385a7bbd0.right-bottom.jpg","thumbnail":"https://s3.amazonaws.com/scribe.nypl.org/emigrant-s4/thumb/1259cc30-02e7-0133-f4a6-58d385a7bbd0.right-bottom.jpg"},"status":"retired","width":1372,"height":978,"meta_data":{"capture_uuid":"1259cc30-02e7-0133-f4a6-58d385a7bbd0","page_uri":"http://digitalcollections.nypl.org/items/1259cc30-02e7-0133-f4a6-58d385a7bbd0","book_uri":"http://digitalcollections.nypl.org/items/109c0900-02e7-0133-03cf-58d385a7bbd0","source_rotated":"0.923143","source_x":"1217.3","source_y":"868.0899999999999","source_w":"1372.7","source_h":"978.9100000000001"},"assertions":[{"id":"580d99686164390003f0dc02","status":"awaiting_transcriptions","name":"Land \u0026 Building Dimensions","created_in_workflow":"transcribe","confidence":0.3333333333333333,"data":{"em_survey_land_dimensions":"25 x 92","em_survey_building_dimensions":"25 x 40"},"versions":[{"data":{"em_survey_land_dimensions":"25 x 92","em_survey_building_dimensions":"25 x 40"},"votes":1,"confidence":0.3333333333333333,"instances":[{"created":"2016-01-17T20:02:48Z","user_id":"569be96f31343500038e0000","duration":6.216}]}],"region":{"x":279.5496422406569,"y":721.9752829452322,"width":369.1302362579697,"height":85.4970729803565,"label":"Dimension \u0026 Description","shape":"rectangle"},"task_key":"em_record_survey","instructions":{"mark":"Dimension \u0026 Description","transcribe":"Enter, as they appear, any land and building dimensions that were recorded. In the next screen, you'll enter the descriptive information."}},{"id":"580d99686164390003f1dc02","status":"awaiting_transcriptions","name":"Stories \u0026 Materials","created_in_workflow":"transcribe","confidence":0.3333333333333333,"data":{"em_record_stories":"3","em_record_material":"Brick"},"versions":[{"data":{"em_record_stories":"3","em_record_material":"Brick"},"votes":1,"confidence":0.3333333333333333,"instances":[{"created":"2016-01-17T20:02:51Z","user_id":"569be96f31343500038e0000","duration":2.548}]}],"region":{"x":279.5496422406569,"y":721.9752829452322,"width":369.1302362579697,"height":85.4970729803565,"label":"Dimension \u0026 Description","shape":"rectangle"},"task_key":"em_record_survey_stories_materials","instructions":{"mark":"Dimension \u0026 Description","transcribe":"Enter, as they appear, the number of stories and the building materials."}},{"id":"580d99686164390003f2dc02","status":"awaiting_transcriptions","name":"Additional Info","created_in_workflow":"transcribe","confidence":0.3333333333333333,"data":{"value":""},"versions":[{"data":{"value":""},"votes":1,"confidence":0.3333333333333333,"instances":[{"created":"2016-01-17T20:02:52Z","user_id":"569be96f31343500038e0000","duration":0.802}]}],"region":{"x":279.5496422406569,"y":721.9752829452322,"width":369.1302362579697,"height":85.4970729803565,"label":"Dimension \u0026 Description","shape":"rectangle"},"task_key":"em_record_survey_additional_info","instructions":{"mark":"Dimension \u0026 Description","transcribe":"Enter any additional information you find about the building's construction or significance."}},{"id":"580d99686164390003f3dc02","status":"awaiting_transcriptions","name":"Land \u0026 Building Value","created_in_workflow":"transcribe","confidence":0.3333333333333333,"data":{"em_valuation_ground":"23,000","em_valuation_building":"3,000"},"versions":[{"data":{"em_valuation_ground":"23,000","em_valuation_building":"3,000"},"votes":1,"confidence":0.3333333333333333,"instances":[{"created":"2016-01-17T20:02:13Z","user_id":"569be96f31343500038e0000","duration":9.418}]}],"region":{"x":864.4582151347192,"y":591.6940288799271,"width":179.13673230166182,"height":90.92545856641084,"label":"Valuation","shape":"rectangle"},"task_key":"em_record_valuation_ground_building","instructions":{"mark":"Valuation","transcribe":"Sometimes valuations include itemized dollar values for \"ground\" and \"building\". Enter these amounts if you can find them. In the next screen, you'll enter the total valuation."}},{"id":"580d99686164390003f4dc02","status":"awaiting_transcriptions","name":"Total Value","created_in_workflow":"transcribe","confidence":0.3333333333333333,"data":{"value":""},"versions":[{"data":{"value":""},"votes":1,"confidence":0.3333333333333333,"instances":[{"created":"2016-01-17T20:02:13Z","user_id":"569be96f31343500038e0000","duration":0.289}]}],"region":{"x":864.4582151347192,"y":591.6940288799271,"width":179.13673230166182,"height":90.92545856641084,"label":"Valuation","shape":"rectangle"},"task_key":"em_record_valuation_total","instructions":{"mark":"Valuation","transcribe":"Enter the valuation ***total*** (if one is given)"}},{"id":"580d99686164390003f5dc02","status":"complete","name":"Record Number","created_in_workflow":"transcribe","confidence":1.0,"data":{"value":"3877"},"versions":[{"data":{"value":"3877"},"votes":3,"confidence":1.0,"instances":[{"created":"2016-01-18T05:04:28Z","user_id":"569c70573639390003800600","duration":2.722},{"created":"2016-01-18T16:09:26Z","user_id":"569d0cbf3639390003c80800","duration":14.411},{"created":"2016-01-18T17:49:45Z","user_id":"569d25b93134350003ac0800","duration":10.639}]}],"region":{"x":815.6027426888114,"y":52.92675946403018,"width":122.13868111476938,"height":70.56901261870692,"label":"Record Number","shape":"rectangle"},"task_key":"em_record_number","instructions":{"mark":"Record Number","transcribe":"Enter the record number"}},{"id":"580d99686164390003f6dc02","status":"complete","name":"Mortgager","created_in_workflow":"transcribe","confidence":1.0,"data":{"value":"Helen R. Hamilton"},"versions":[{"data":{"value":"Helen R. Hamilton"},"votes":3,"confidence":1.0,"instances":[{"created":"2016-01-17T20:02:18Z","user_id":"569be96f31343500038e0000","duration":4.649},{"created":"2016-01-18T05:04:55Z","user_id":"569c70573639390003800600","duration":4.933},{"created":"2016-01-18T16:10:31Z","user_id":"569d0cbf3639390003c80800","duration":8.651}]}],"region":{"x":236.12255562207224,"y":626.9785351892806,"width":297.2041240459388,"height":52.92675946403017,"label":"Mortgager Name","shape":"rectangle"},"task_key":"em_record_mortgager","instructions":{"mark":"Mortgager Name","transcribe":"Enter the mortgager's name"}},{"id":"580d99686164390003f7dc02","status":"awaiting_votes","name":"Street Address","created_in_workflow":"verify","confidence":0.3333333333333333,"data":{"value":" 118 W. 17"},"versions":[{"data":{"value":" 118 W. 17"},"votes":1,"confidence":0.3333333333333333,"instances":[{"created":"2016-09-21T00:29:16Z","user_id":"57c49a363234370003600200","duration":30.806}]}],"region":{"x":465.4718568264725,"y":677.1911018602835,"width":166.9228641901849,"height":48.85547027448945,"label":"Street Address","shape":"rectangle"},"task_key":"em_transcribed_address","instructions":{"mark":"Street Address","transcribe":"Enter the street address","verify":"Choose the best transcription or enter your own!"}},{"id":"580d99686164390003f8dc02","status":"awaiting_votes","name":"Record Date","created_in_workflow":"verify","confidence":0.3333333333333333,"data":{"value":"April 18/92"},"versions":[{"data":{"value":"April 18/92"},"votes":1,"confidence":0.3333333333333333,"instances":[{"created":"2016-09-21T00:55:59Z","user_id":"57c49a363234370003600200","duration":45.19}]}],"region":{"x":295.83479972262614,"y":583.5514505008456,"width":185.92221458581565,"height":59.712241446598114,"label":"Record Date","shape":"rectangle"},"task_key":"em_transcribed_date","instructions":{"mark":"Record Date","transcribe":"Enter the record date","verify":"Choose the best transcription or enter your own!"}},{"id":"580d99686164390003f9dc02","status":"awaiting_votes","name":"Amount Loaned","created_in_workflow":"verify","confidence":0.3333333333333333,"data":{"value":"$6000"},"versions":[{"data":{"value":"$6000"},"votes":1,"confidence":0.3333333333333333,"instances":[{"created":"2016-09-21T00:29:23Z","user_id":"57c49a363234370003600200","duration":6.206}]}],"region":{"x":910.5994946669654,"y":671.7627162742292,"width":123.49577757160012,"height":52.92675946403017,"label":"Amount Loaned","shape":"rectangle"},"task_key":"em_transcribed_amount_loaned","instructions":{"mark":"Amount Loaned","transcribe":"Enter the Amount Loaned","verify":"Choose the best transcription or enter your own!"}}]}],"export_document":{"name":"Record","export_fields":[{"name":"Mortgager","value":"Helen R. Hamilton","original_value":{"value":"Helen R. Hamilton"},"assertion_ids":["580d99686164390003f6dc02"]},{"name":"Street Address","value":" 118 W. 17","original_value":{"value":" 118 W. 17"},"assertion_ids":["580d99686164390003f7dc02"]},{"name":"Record Date","value":"1892-04-18T00:00:00Z","original_value":{"value":"April 18/92"},"assertion_ids":["580d99686164390003f8dc02"]},{"name":"Land \u0026 Building Dimensions","value":{"em_survey_land_dimensions":[25,92],"em_survey_building_dimensions":[25,40]},"original_value":{"em_survey_land_dimensions":"25 x 92","em_survey_building_dimensions":"25 x 40"},"assertion_ids":["580d99686164390003f0dc02"]},{"name":"Amount Loaned","value":6000.0,"original_value":{"value":"$6000"},"assertion_ids":["580d99686164390003f9dc02"]},{"name":"Stories \u0026 Materials","value":{"em_record_stories":3,"em_record_material":"Brick"},"original_value":{"em_record_stories":"3","em_record_material":"Brick"},"assertion_ids":["580d99686164390003f1dc02"]},{"name":"Valuation","value":null,"original_value":null,"assertion_ids":null},{"name":"Record Number","value":3877,"original_value":{"value":"3877"},"assertion_ids":["580d99686164390003f5dc02"]},{"name":"Additional Info","value":"","original_value":{"value":""},"assertion_ids":["580d99686164390003f2dc02"]}]}}