{"id":"56b109e27061755afb34c000","meta_data":{"capture_uuid":"11ed1220-02e7-0133-7944-58d385a7bbd0","page_uri":"http://digitalcollections.nypl.org/items/11ed1220-02e7-0133-7944-58d385a7bbd0","book_uri":"http://digitalcollections.nypl.org/items/109c0900-02e7-0133-03cf-58d385a7bbd0","source_rotated":"0.503563","source_x":"1210.69","source_y":"0","source_w":"1365.31","source_h":"907.9699999999999"},"type":"final_subject_set","search_terms_by_field":{"Record Number":["3832"],"Mortgager":["James M Fitzsimons"],"Street Address":["318 E 40"],"Stories \u0026 Materials":["5","brick"],"Land \u0026 Building Dimensions":["25 x 98.9","25 x 75"],"Record Date":["Nov. 23/91"],"Land \u0026 Building Value":["7000","11000"],"Valuation Date":[],"Total Value":[],"Amount Loaned":["$9000"]},"subjects":[{"id":"580d9a64616439000373e002","type":"root","location":{"standard":"https://s3.amazonaws.com/scribe.nypl.org/emigrant-s4/full/11ed1220-02e7-0133-7944-58d385a7bbd0.right-top.jpg","thumbnail":"https://s3.amazonaws.com/scribe.nypl.org/emigrant-s4/thumb/11ed1220-02e7-0133-7944-58d385a7bbd0.right-top.jpg"},"status":"retired","width":1365,"height":907,"meta_data":{"capture_uuid":"11ed1220-02e7-0133-7944-58d385a7bbd0","page_uri":"http://digitalcollections.nypl.org/items/11ed1220-02e7-0133-7944-58d385a7bbd0","book_uri":"http://digitalcollections.nypl.org/items/109c0900-02e7-0133-03cf-58d385a7bbd0","source_rotated":"0.503563","source_x":"1210.69","source_y":"0","source_w":"1365.31","source_h":"907.9699999999999"},"assertions":[{"id":"580d9a64616439000374e002","status":"awaiting_transcriptions","name":"Stories \u0026 Materials","created_in_workflow":"transcribe","confidence":0.6666666666666666,"data":{"em_record_stories":"5","em_record_material":"brick"},"versions":[{"data":{"em_record_stories":"5","em_record_material":"brick"},"votes":2,"confidence":0.6666666666666666,"instances":[{"created":"2015-12-10T22:57:40Z","user_id":"5640f5966161650003980200","duration":5.04},{"created":"2015-12-10T23:23:54Z","user_id":"5669fcc26138660003e00900","duration":8.55}]}],"region":{"x":267.85211957030987,"y":771.1233336440757,"width":413.97150800406195,"height":90.64081290202296,"label":"Dimension \u0026 Description","shape":"rectangle"},"task_key":"em_record_survey_stories_materials","instructions":{"mark":"Dimension \u0026 Description","transcribe":"Enter, as they appear, the number of stories and the building materials."}},{"id":"580d9a64616439000375e002","status":"awaiting_transcriptions","name":"Land \u0026 Building Dimensions","created_in_workflow":"transcribe","confidence":0.3333333333333333,"data":{"em_survey_land_dimensions":"25 x 98.9","em_survey_building_dimensions":"25 x 75"},"versions":[{"data":{"em_survey_land_dimensions":"25 x 98.9","em_survey_building_dimensions":"25 x 75"},"votes":1,"confidence":0.3333333333333333,"instances":[{"created":"2015-12-10T23:23:46Z","user_id":"5669fcc26138660003e00900","duration":30.339}]}],"region":{"x":267.85211957030987,"y":771.1233336440757,"width":413.97150800406195,"height":90.64081290202296,"label":"Dimension \u0026 Description","shape":"rectangle"},"task_key":"em_record_survey","instructions":{"mark":"Dimension \u0026 Description","transcribe":"Enter, as they appear, any land and building dimensions that were recorded. In the next screen, you'll enter the descriptive information."}},{"id":"580d9a64616439000376e002","status":"awaiting_transcriptions","name":"Land \u0026 Building Value","created_in_workflow":"transcribe","confidence":0.3333333333333333,"data":{"em_valuation_ground":"7000","em_valuation_building":"11000"},"versions":[{"data":{"em_valuation_ground":"7000","em_valuation_building":"11000"},"votes":1,"confidence":0.3333333333333333,"instances":[{"created":"2015-12-10T22:56:29Z","user_id":"5640f5966161650003980200","duration":4.878}]},{"data":{"em_valuation_ground":"$7000","em_valuation_building":"$11000"},"votes":1,"confidence":0.3333333333333333,"instances":[{"created":"2015-12-11T03:32:12Z","user_id":"5647496e3562310003960400","duration":6.695}]}],"region":{"x":856.3410280074567,"y":631.7799944066375,"width":192.10442528293072,"height":105.52214039339984,"label":"Valuation","shape":"rectangle"},"task_key":"em_record_valuation_ground_building","instructions":{"mark":"Valuation","transcribe":"Sometimes valuations include itemized dollar values for \"ground\" and \"building\". Enter these amounts if you can find them. In the next screen, you'll enter the total valuation."}},{"id":"580d9a64616439000377e002","status":"awaiting_transcriptions","name":"Valuation Date","created_in_workflow":"transcribe","confidence":0.3333333333333333,"data":{"value":""},"versions":[{"data":{"value":""},"votes":1,"confidence":0.3333333333333333,"instances":[{"created":"2015-12-11T03:32:05Z","user_id":"5647496e3562310003960400","duration":1.542}]}],"region":{"x":856.3410280074567,"y":631.7799944066375,"width":192.10442528293072,"height":105.52214039339984,"label":"Valuation","shape":"rectangle"},"task_key":"em_record_valuation","instructions":{"mark":"Valuation","transcribe":"Enter the date of the valuation (if one is given). In the next screen, you'll enter the valuation's dollar amounts."}},{"id":"580d9a64616439000378e002","status":"awaiting_transcriptions","name":"Total Value","created_in_workflow":"transcribe","confidence":0.3333333333333333,"data":{"value":""},"versions":[{"data":{"value":""},"votes":1,"confidence":0.3333333333333333,"instances":[{"created":"2015-12-11T03:32:13Z","user_id":"5647496e3562310003960400","duration":1.759}]}],"region":{"x":856.3410280074567,"y":631.7799944066375,"width":192.10442528293072,"height":105.52214039339984,"label":"Valuation","shape":"rectangle"},"task_key":"em_record_valuation_total","instructions":{"mark":"Valuation","transcribe":"Enter the valuation ***total*** (if one is given)"}},{"id":"580d9a64616439000379e002","status":"complete","name":"Record Number","created_in_workflow":"transcribe","confidence":1.0,"data":{"value":"3832"},"versions":[{"data":{"value":"3832"},"votes":3,"confidence":1.0,"instances":[{"created":"2015-12-10T22:56:15Z","user_id":"5640f5966161650003980200","duration":2.992},{"created":"2015-12-11T03:31:52Z","user_id":"5647496e3562310003960400","duration":5.854},{"created":"2015-12-11T04:24:33Z","user_id":"566a4e143666650003dd0d00","duration":7.016}]}],"region":{"x":734.5847021239091,"y":108.2278363009229,"width":228.631323047995,"height":74.4066374568845,"label":"Record Number","shape":"rectangle"},"task_key":"em_record_number","instructions":{"mark":"Record Number","transcribe":"Enter the record number"}},{"id":"580d9a6461643900037ae002","status":"awaiting_votes","name":"Mortgager","created_in_workflow":"verify","confidence":0.3333333333333333,"data":{"value":"James M Fitzsimons"},"versions":[{"data":{"value":"James M Fitzsimons"},"votes":1,"confidence":0.3333333333333333,"instances":[{"created":"2016-09-13T16:02:55Z","user_id":"57c49a363234370003600200","duration":6.857}]}],"region":{"x":248.91224665509137,"y":683.1882166495759,"width":308.4493589049873,"height":59.52530996550752,"label":"Mortgager Name","shape":"rectangle"},"task_key":"em_transcribed_mortgager","instructions":{"mark":"Mortgager Name","transcribe":"Enter the mortgager's name","verify":"Choose the best transcription or enter your own!"}},{"id":"580d9a6461643900037be002","status":"awaiting_votes","name":"Street Address","created_in_workflow":"verify","confidence":0.3333333333333333,"data":{"value":"318 E 40"},"versions":[{"data":{"value":"318 E 40"},"votes":1,"confidence":0.3333333333333333,"instances":[{"created":"2016-09-13T16:03:27Z","user_id":"57c49a363234370003600200","duration":4.95}]}],"region":{"x":267.85211957030987,"y":730.5378950312296,"width":221.86708272113123,"height":48.702526335415314,"label":"Street Address","shape":"rectangle"},"task_key":"em_transcribed_address","instructions":{"mark":"Street Address","transcribe":"Enter the street address","verify":"Choose the best transcription or enter your own!"}},{"id":"580d9a6461643900037ce002","status":"awaiting_votes","name":"Record Date","created_in_workflow":"verify","confidence":0.3333333333333333,"data":{"value":"Nov. 23/91"},"versions":[{"data":{"value":"Nov. 23/91"},"votes":1,"confidence":0.3333333333333333,"instances":[{"created":"2016-09-13T16:02:38Z","user_id":"57c49a363234370003600200","duration":3.547}]}],"region":{"x":308.4375615314924,"y":637.1913862216836,"width":166.40031204084838,"height":64.9367017805538,"label":"Record Date","shape":"rectangle"},"task_key":"em_transcribed_date","instructions":{"mark":"Record Date","transcribe":"Enter the record date","verify":"Choose the best transcription or enter your own!"}},{"id":"580d9a6461643900037de002","status":"complete","name":"Amount Loaned","created_in_workflow":"verify","confidence":1.0,"data":{"value":"$9000"},"versions":[{"data":{"value":"$9000"},"votes":3,"confidence":1.0,"instances":[{"created":"2015-12-28T21:49:51Z","user_id":"56748e5e3564620003fd0100","duration":7.412},{"created":"2016-01-22T20:38:00Z","user_id":"56980a2d3337650003270200","duration":11.28},{"created":"2016-01-30T23:44:01Z","user_id":"563f8b7a3264340003774b00","duration":10.573}]}],"region":{"x":845.5182434844747,"y":723.7736552624219,"width":204.2800578712853,"height":48.702526335415314,"label":"Amount Loaned","shape":"rectangle"},"task_key":"em_transcribed_amount_loaned","instructions":{"mark":"Amount Loaned","transcribe":"Enter the Amount Loaned","verify":"Choose the best transcription or enter your own!"}}]}],"export_document":{"name":"Record","export_fields":[{"name":"Mortgager","value":"James M Fitzsimons","original_value":{"value":"James M Fitzsimons"},"assertion_ids":["580d9a6461643900037ae002"]},{"name":"Street Address","value":"318 E 40","original_value":{"value":"318 E 40"},"assertion_ids":["580d9a6461643900037be002"]},{"name":"Record Date","value":"1891-11-23T00:00:00Z","original_value":{"value":"Nov. 23/91"},"assertion_ids":["580d9a6461643900037ce002"]},{"name":"Land \u0026 Building Dimensions","value":{"em_survey_land_dimensions":[25,98.75],"em_survey_building_dimensions":[25,75]},"original_value":{"em_survey_land_dimensions":"25 x 98.9","em_survey_building_dimensions":"25 x 75"},"assertion_ids":["580d9a64616439000375e002"]},{"name":"Amount Loaned","value":9000.0,"original_value":{"value":"$9000"},"assertion_ids":["580d9a6461643900037de002"]},{"name":"Stories \u0026 Materials","value":{"em_record_stories":5,"em_record_material":"brick"},"original_value":{"em_record_stories":"5","em_record_material":"brick"},"assertion_ids":["580d9a64616439000374e002"]},{"name":"Valuation","value":null,"original_value":null,"assertion_ids":null},{"name":"Record Number","value":3832,"original_value":{"value":"3832"},"assertion_ids":["580d9a64616439000379e002"]}]}}