{"id":"56b10a417061755afb81c700","meta_data":{"capture_uuid":"1330d030-02e7-0133-800e-58d385a7bbd0","page_uri":"http://digitalcollections.nypl.org/items/1330d030-02e7-0133-800e-58d385a7bbd0","book_uri":"http://digitalcollections.nypl.org/items/109c0900-02e7-0133-03cf-58d385a7bbd0","source_rotated":"0.867204","source_x":"1216.33","source_y":"0","source_w":"1371.67","source_h":"907.4799999999999"},"type":"final_subject_set","search_terms_by_field":{"Land \u0026 Building Value":["$30,000","$34,000","$30000.","34000."],"Total Value":[],"Amount Loaned":["$32000","$32000","$32000"],"Record Number":["3964"],"Mortgager":["Raymond P. Palmonberg et.al."],"Street Address":["89 \u0026 91 W 3rd St"],"Land \u0026 Building Dimensions":["49.8 x 109","50 x 99"],"Stories \u0026 Materials":["5","Br. "],"Additional Info":["Factory"],"Record Date":["Oct 10/92"],"Valuation Date":[]},"subjects":[{"id":"580d88ab6164390003ad5002","type":"root","location":{"standard":"https://s3.amazonaws.com/scribe.nypl.org/emigrant-s4/full/1330d030-02e7-0133-800e-58d385a7bbd0.right-top.jpg","thumbnail":"https://s3.amazonaws.com/scribe.nypl.org/emigrant-s4/thumb/1330d030-02e7-0133-800e-58d385a7bbd0.right-top.jpg"},"status":"retired","width":1371,"height":907,"meta_data":{"capture_uuid":"1330d030-02e7-0133-800e-58d385a7bbd0","page_uri":"http://digitalcollections.nypl.org/items/1330d030-02e7-0133-800e-58d385a7bbd0","book_uri":"http://digitalcollections.nypl.org/items/109c0900-02e7-0133-03cf-58d385a7bbd0","source_rotated":"0.867204","source_x":"1216.33","source_y":"0","source_w":"1371.67","source_h":"907.4799999999999"},"assertions":[{"id":"580d88ab6164390003ae5002","status":"awaiting_transcriptions","name":"Land \u0026 Building Value","created_in_workflow":"transcribe","confidence":0.3333333333333333,"data":{"em_valuation_ground":"$30,000","em_valuation_building":"$34,000"},"versions":[{"data":{"em_valuation_ground":"$30,000","em_valuation_building":"$34,000"},"votes":1,"confidence":0.3333333333333333,"instances":[{"created":"2016-01-07T05:08:20Z","user_id":"568de79535656200036f0900","duration":11.196}]}],"region":{"x":920.7453340258053,"y":628.7866438408048,"width":146.8634505542725,"height":82.66565667277712,"label":"Valuation","shape":"rectangle"},"task_key":"em_record_valuation_ground_building","instructions":{"mark":"Valuation","transcribe":"Sometimes valuations include itemized dollar values for \"ground\" and \"building\". Enter these amounts if you can find them. In the next screen, you'll enter the total valuation."}},{"id":"580d88ab6164390003af5002","status":"awaiting_transcriptions","name":"Total Value","created_in_workflow":"transcribe","confidence":0.3333333333333333,"data":{"value":""},"versions":[{"data":{"value":""},"votes":1,"confidence":0.3333333333333333,"instances":[{"created":"2016-01-07T05:08:21Z","user_id":"568de79535656200036f0900","duration":0.363}]}],"region":{"x":920.7453340258053,"y":628.7866438408048,"width":146.8634505542725,"height":82.66565667277712,"label":"Valuation","shape":"rectangle"},"task_key":"em_record_valuation_total","instructions":{"mark":"Valuation","transcribe":"Enter the valuation ***total*** (if one is given)"}},{"id":"580d88ab6164390003b05002","status":"complete","name":"Amount Loaned","created_in_workflow":"verify","confidence":1.0,"data":{"value":"$32000"},"versions":[{"data":{"value":"$32000"},"votes":2,"confidence":0.5,"instances":[{"created":"2015-11-12T01:27:28Z","user_id":"5643e72d3936300003ac0e00","duration":10.574},{"created":"2016-04-19T03:07:44Z","user_id":"5715967266363800034f0300","duration":6.15}]},{"data":{"value":"$32,000"},"votes":1,"confidence":0.25,"instances":[{"created":"2015-11-12T04:50:24Z","user_id":"563f29d83264340003950200","duration":3.254}]},{"data":{"value":"32000"},"votes":1,"confidence":0.25,"instances":[{"created":"2015-11-12T15:44:41Z","user_id":"5644ab4d3936300003551800","duration":7.791}]}],"region":{"x":914.895197057579,"y":619.3672990873055,"width":142.17012268361145,"height":138.46135241787715,"label":"Amount Loaned","shape":"rectangle"},"task_key":"em_transcribed_amount_loaned","instructions":{"mark":"Amount Loaned","transcribe":"Enter the Amount Loaned","verify":"Choose the best transcription or enter your own!"}},{"id":"580d88ab6164390003b15002","status":"complete","name":"Record Number","created_in_workflow":"transcribe","confidence":1.0,"data":{"value":"3964"},"versions":[{"data":{"value":"3964"},"votes":3,"confidence":1.0,"instances":[{"created":"2015-11-11T18:00:05Z","user_id":"564356063564380003432700","duration":5.375},{"created":"2015-11-11T20:45:26Z","user_id":"5643a6293936300003770300","duration":6.453},{"created":"2015-11-11T21:01:08Z","user_id":"56434ef43564380003312700","duration":5.553}]}],"region":{"x":823.411813765516,"y":101.37348749944134,"width":122.3899317015439,"height":61.81310375798084,"label":"Record Number","shape":"rectangle"},"task_key":"em_record_number","instructions":{"mark":"Record Number","transcribe":"Enter the record number"}},{"id":"580d88ab6164390003b25002","status":"contentious","name":"Mortgager","created_in_workflow":"verify","confidence":0.3333333333333333,"data":{"value":"Raymond P. Palmonberg et.al."},"versions":[{"data":{"value":"Raymond P. Palmonberg et.al."},"votes":7,"confidence":0.3333333333333333,"instances":[{"created":"2016-04-18T23:28:23Z","user_id":"57156c626636380003910200","duration":11.676},{"created":"2016-04-20T00:02:44Z","user_id":"5716c4bb3161610003280000","duration":25.662},{"created":"2016-04-20T20:41:08Z","user_id":"5717e9103133620003390000","duration":27.64},{"created":"2016-04-20T23:16:10Z","user_id":"57180d3e3133620003500000","duration":18.224},{"created":"2016-04-20T23:42:03Z","user_id":"5718136c31336200037d0000","duration":30.282},{"created":"2016-04-21T02:37:17Z","user_id":"57183c223133620003b30000","duration":32.678},{"created":"2016-04-21T03:00:41Z","user_id":"5718422d3133620003be0000","duration":23.532}]},{"data":{"value":"Raymond P. Palmenberg et. al."},"votes":7,"confidence":0.3333333333333333,"instances":[{"created":"2016-04-18T18:50:03Z","user_id":"5712af436365650003140000","duration":14.078},{"created":"2016-04-20T01:05:03Z","user_id":"5716d3f33161610003740000","duration":31.727},{"created":"2016-04-20T01:19:17Z","user_id":"5670a0323938300003820400","duration":11.132},{"created":"2016-04-20T15:31:55Z","user_id":"57179fcb3133620003080000","duration":11.14},{"created":"2016-04-20T16:46:47Z","user_id":"5717b1fe31336200032d0000","duration":20.748},{"created":"2016-04-20T21:26:19Z","user_id":"5717f37b31336200033e0000","duration":21.901},{"created":"2016-04-20T23:07:17Z","user_id":"57180b6f3133620003490000","duration":32.426}]},{"data":{"value":"Raymond P. Palmonberg, et. al"},"votes":5,"confidence":0.23809523809523808,"instances":[{"created":"2016-04-11T00:03:17Z","user_id":"563f8b7a3264340003774b00","duration":37.644},{"created":"2016-04-19T02:30:43Z","user_id":"5715967266363800034f0300","duration":8.248},{"created":"2016-04-20T22:07:00Z","user_id":"5717fd443133620003430000","duration":23.922},{"created":"2016-04-20T23:29:04Z","user_id":"571811b63133620003660000","duration":34.724},{"created":"2016-04-21T01:07:51Z","user_id":"5718277231336200039b0000","duration":21.953}]},{"data":{"value":"Raymond P. Palmonberg et. al."},"votes":2,"confidence":0.09523809523809523,"instances":[{"created":"2016-04-20T23:34:00Z","user_id":"571811b63133620003660000","duration":20.519},{"created":"2016-04-21T04:45:44Z","user_id":"57185a283133620003090100","duration":93.438}]}],"region":{"x":253.49506109469058,"y":667.5815200185306,"width":414.14774868704234,"height":59.34057960766154,"label":"Mortgager Name","shape":"rectangle"},"task_key":"em_transcribed_mortgager","instructions":{"mark":"Mortgager Name","transcribe":"Enter the mortgager's name","verify":"Choose the best transcription or enter your own!"}},{"id":"580d88ab6164390003b35002","status":"awaiting_votes","name":"Street Address","created_in_workflow":"verify","confidence":0.3333333333333333,"data":{"value":"89 \u0026 91 W 3rd St"},"versions":[{"data":{"value":"89 \u0026 91 W 3rd St"},"votes":1,"confidence":0.3333333333333333,"instances":[{"created":"2016-04-12T01:47:30Z","user_id":"563f8b7a3264340003774b00","duration":7.907}]}],"region":{"x":305.4180624226183,"y":717.0320030249152,"width":294.2303408582569,"height":45.74169678090584,"label":"Street Address","shape":"rectangle"},"task_key":"em_transcribed_address","instructions":{"mark":"Street Address","transcribe":"Enter the street address","verify":"Choose the best transcription or enter your own!"}},{"id":"580d88ab6164390003b45002","status":"awaiting_votes","name":"Land \u0026 Building Dimensions","created_in_workflow":"verify","confidence":0.6666666666666666,"data":{"em_survey_land_dimensions":"49.8 x 109","em_survey_building_dimensions":"50 x 99"},"versions":[{"data":{"em_survey_land_dimensions":"49.8 x 109","em_survey_building_dimensions":"50 x 99"},"votes":2,"confidence":0.6666666666666666,"instances":[{"created":"2016-08-07T23:35:46Z","user_id":"5750d4e061323000033d0000","duration":17.321},{"created":"2016-09-04T23:32:37Z","user_id":"57c49a363234370003600200","duration":6.667}]}],"region":{"x":359.81358762330444,"y":760.3011756555018,"width":351.0983899317015,"height":96.4284418624502,"label":"Dimension \u0026 Description","shape":"rectangle"},"task_key":"em_transcribed_survey","instructions":{"mark":"Dimension \u0026 Description","transcribe":"Enter, as they appear, any land and building dimensions that were recorded. In the next screen, you'll enter the descriptive information.","verify":"Choose the best transcription or enter your own!"}},{"id":"580d88ab6164390003b55002","status":"awaiting_votes","name":"Stories \u0026 Materials","created_in_workflow":"verify","confidence":0.3333333333333333,"data":{"em_record_stories":"5","em_record_material":"Br. "},"versions":[{"data":{"em_record_stories":"5","em_record_material":"Br. "},"votes":1,"confidence":0.3333333333333333,"instances":[{"created":"2016-10-02T17:58:07Z","user_id":"57c49a363234370003600200","duration":2.372}]}],"region":{"x":359.81358762330444,"y":760.3011756555018,"width":351.0983899317015,"height":96.4284418624502,"label":"Dimension \u0026 Description","shape":"rectangle"},"task_key":"em_transcribed_stories_materials","instructions":{"mark":"Dimension \u0026 Description","transcribe":"Enter, as they appear, the number of stories and the building materials.","verify":"Choose the best transcription or enter your own!"}},{"id":"580d88ab6164390003b65002","status":"complete","name":"Additional Info","created_in_workflow":"transcribe","confidence":1.0,"data":{"value":"Factory"},"versions":[{"data":{"value":"Factory"},"votes":2,"confidence":0.6666666666666666,"instances":[{"created":"2016-08-04T12:44:13Z","user_id":"57a31f4c66323700039e0000","duration":4.002},{"created":"2016-08-05T01:48:16Z","user_id":"57a3f1b16534310003d60000","duration":6.424}]},{"data":{"value":"Factory "},"votes":1,"confidence":0.3333333333333333,"instances":[{"created":"2015-11-11T18:06:40Z","user_id":"564356063564380003432700","duration":5.152}]}],"region":{"x":359.81358762330444,"y":760.3011756555018,"width":351.0983899317015,"height":96.4284418624502,"label":"Dimension \u0026 Description","shape":"rectangle"},"task_key":"em_record_survey_additional_info","instructions":{"mark":"Dimension \u0026 Description","transcribe":"Enter any additional information you find about the building's construction or significance."}},{"id":"580d88ab6164390003b75002","status":"complete","name":"Record Date","created_in_workflow":"verify","confidence":1.0,"data":{"value":"Oct 10/92"},"versions":[{"data":{"value":"Oct 10/92"},"votes":3,"confidence":1.0,"instances":[{"created":"2015-11-30T00:21:37Z","user_id":"5647496e3562310003960400","duration":5.745},{"created":"2015-12-10T02:04:40Z","user_id":"563f8b7a3264340003774b00","duration":7.747},{"created":"2015-12-14T00:58:47Z","user_id":"5668bbbe3064310003db0500","duration":4.158}]}],"region":{"x":314.0718959772729,"y":631.7299188127424,"width":184.20302852050537,"height":45.74169678090584,"label":"Record Date","shape":"rectangle"},"task_key":"em_transcribed_date","instructions":{"mark":"Record Date","transcribe":"Enter the record date","verify":"Choose the best transcription or enter your own!"}},{"id":"580d88ab6164390003b85002","status":"awaiting_votes","name":"Total Value","created_in_workflow":"verify","confidence":0.6666666666666666,"data":{"value":""},"versions":[{"data":{"value":""},"votes":2,"confidence":0.6666666666666666,"instances":[{"created":"2016-08-07T23:16:42Z","user_id":"5750d4e061323000033d0000","duration":6.899},{"created":"2016-09-04T22:40:02Z","user_id":"57c49a363234370003600200","duration":6.449}]}],"region":{"x":916.1314589939583,"y":626.7848715382631,"width":140.9338607472322,"height":87.77460733633279,"label":"Valuation","shape":"rectangle"},"task_key":"em_transcribed_valuation_total","instructions":{"mark":"Valuation","transcribe":"Enter the valuation ***total*** (if one is given)","verify":"Choose the best transcription or enter your own!"}},{"id":"580d88ab6164390003b95002","status":"awaiting_votes","name":"Land \u0026 Building Value","created_in_workflow":"verify","confidence":0.3333333333333333,"data":{"em_valuation_ground":"$30000.","em_valuation_building":"34000."},"versions":[{"data":{"em_valuation_ground":"$30000.","em_valuation_building":"34000."},"votes":1,"confidence":0.3333333333333333,"instances":[{"created":"2016-08-07T23:35:14Z","user_id":"5750d4e061323000033d0000","duration":10.064}]},{"data":{"em_valuation_ground":"$30000","em_valuation_building":"34000"},"votes":1,"confidence":0.3333333333333333,"instances":[{"created":"2016-09-04T23:31:55Z","user_id":"57c49a363234370003600200","duration":6.342}]}],"region":{"x":916.1314589939583,"y":626.7848715382631,"width":140.9338607472322,"height":87.77460733633279,"label":"Valuation","shape":"rectangle"},"task_key":"em_transcribed_valuation_itemized","instructions":{"mark":"Valuation","transcribe":"Sometimes valuations include itemized dollar values for \"ground\" and \"building\". Enter these amounts if you can find them. In the next screen, you'll enter the total valuation.","verify":"Choose the best transcription or enter your own!"}},{"id":"580d88ab6164390003ba5002","status":"awaiting_votes","name":"Valuation Date","created_in_workflow":"verify","confidence":0.3333333333333333,"data":{"value":""},"versions":[{"data":{"value":""},"votes":1,"confidence":0.3333333333333333,"instances":[{"created":"2016-08-05T02:38:52Z","user_id":"5750d4e061323000033d0000","duration":2.016}]},{"data":{"value":"Oct 10/92"},"votes":1,"confidence":0.3333333333333333,"instances":[{"created":"2016-10-02T17:38:20Z","user_id":"57c49a363234370003600200","duration":7.337}]}],"region":{"x":916.1314589939583,"y":626.7848715382631,"width":140.9338607472322,"height":87.77460733633279,"label":"Valuation","shape":"rectangle"},"task_key":"em_transcribed_valuation_date","instructions":{"mark":"Valuation","transcribe":"Enter the date of the valuation (if one is given). In the next screen, you'll enter the valuation's dollar amounts.","verify":"Choose the best transcription or enter your own!"}},{"id":"580d88ab6164390003bb5002","status":"awaiting_votes","name":"Amount Loaned","created_in_workflow":"verify","confidence":0.3333333333333333,"data":{"value":"$32000"},"versions":[{"data":{"value":"$32000"},"votes":1,"confidence":0.3333333333333333,"instances":[{"created":"2016-09-09T16:02:35Z","user_id":"57c49a363234370003600200","duration":4.918}]}],"region":{"x":885.6081222070036,"y":709.2420044387338,"width":191.12770278538784,"height":50.1758205817077,"label":"Amount Loaned","shape":"rectangle"},"task_key":"em_transcribed_amount_loaned","instructions":{"mark":"Amount Loaned","transcribe":"Enter the Amount Loaned","verify":"Choose the best transcription or enter your own!"}},{"id":"580d88ab6164390003bc5002","status":"complete","name":"Amount Loaned","created_in_workflow":"verify","confidence":1.0,"data":{"value":"$32000"},"versions":[{"data":{"value":"$32000"},"votes":3,"confidence":1.0,"instances":[{"created":"2016-04-11T00:03:42Z","user_id":"563f8b7a3264340003774b00","duration":5.655},{"created":"2016-04-18T18:48:50Z","user_id":"5712af436365650003140000","duration":3.016},{"created":"2016-04-18T23:59:50Z","user_id":"57156c626636380003910200","duration":2.103}]}],"region":{"x":929.7303402941299,"y":710.8506926491171,"width":122.38993170154379,"height":45.74169678090584,"label":"Amount Loaned","shape":"rectangle"},"task_key":"em_transcribed_amount_loaned","instructions":{"mark":"Amount Loaned","transcribe":"Enter the Amount Loaned","verify":"Choose the best transcription or enter your own!"}}]}],"export_document":{"name":"Record","export_fields":[{"name":"Mortgager","value":"Raymond P. Palmonberg et.al.","original_value":{"value":"Raymond P. Palmonberg et.al."},"assertion_ids":["580d88ab6164390003b25002"]},{"name":"Street Address","value":"89 \u0026 91 W 3rd St","original_value":{"value":"89 \u0026 91 W 3rd St"},"assertion_ids":["580d88ab6164390003b35002"]},{"name":"Record Date","value":"1892-10-10T00:00:00Z","original_value":{"value":"Oct 10/92"},"assertion_ids":["580d88ab6164390003b75002"]},{"name":"Land \u0026 Building Dimensions","value":{"em_survey_land_dimensions":[49.666666666666664,109],"em_survey_building_dimensions":[50,99]},"original_value":{"em_survey_land_dimensions":"49.8 x 109","em_survey_building_dimensions":"50 x 99"},"assertion_ids":["580d88ab6164390003b45002"]},{"name":"Amount Loaned","value":32000.0,"original_value":{"value":"$32000"},"assertion_ids":["580d88ab6164390003b05002"]},{"name":"Stories \u0026 Materials","value":{"em_record_stories":5,"em_record_material":"Br. "},"original_value":{"em_record_stories":"5","em_record_material":"Br. "},"assertion_ids":["580d88ab6164390003b55002"]},{"name":"Valuation","value":null,"original_value":null,"assertion_ids":null},{"name":"Valuation","value":null,"original_value":null,"assertion_ids":null},{"name":"Record Number","value":3964,"original_value":{"value":"3964"},"assertion_ids":["580d88ab6164390003b15002"]},{"name":"Additional Info","value":"Factory","original_value":{"value":"Factory"},"assertion_ids":["580d88ab6164390003b65002"]}]}}