{"id":"56b109ba7061755afb11bd00","meta_data":{"capture_uuid":"115a6fa0-02e7-0133-b609-58d385a7bbd0","page_uri":"http://digitalcollections.nypl.org/items/115a6fa0-02e7-0133-b609-58d385a7bbd0","book_uri":"http://digitalcollections.nypl.org/items/109c0900-02e7-0133-03cf-58d385a7bbd0","source_rotated":"-0.223811","source_x":"1206.96","source_y":"849.29","source_w":"1361.04","source_h":"957.71"},"type":"final_subject_set","search_terms_by_field":{"Street Address":["142 St.","142 St 141 St"],"Land \u0026 Building Dimensions":["125 x 199.10","75 x 100 and 25 x 80"],"Stories \u0026 Materials":["Br"],"Record Date":["June 14, 1901","Oct 12/91"],"Total Value":["$230,000"],"Land \u0026 Building Value":["$50,000","$40,000"],"Record Number":["3773"],"Mortgager":["Church of St Charles Borromeo"],"Amount Loaned":["$45,000 and $100,000","$100000","$45000."]},"subjects":[{"id":"580d91f561643900037baa02","type":"root","location":{"standard":"https://s3.amazonaws.com/scribe.nypl.org/emigrant-s4/full/115a6fa0-02e7-0133-b609-58d385a7bbd0.right-bottom.jpg","thumbnail":"https://s3.amazonaws.com/scribe.nypl.org/emigrant-s4/thumb/115a6fa0-02e7-0133-b609-58d385a7bbd0.right-bottom.jpg"},"status":"retired","width":1361,"height":957,"meta_data":{"capture_uuid":"115a6fa0-02e7-0133-b609-58d385a7bbd0","page_uri":"http://digitalcollections.nypl.org/items/115a6fa0-02e7-0133-b609-58d385a7bbd0","book_uri":"http://digitalcollections.nypl.org/items/109c0900-02e7-0133-03cf-58d385a7bbd0","source_rotated":"-0.223811","source_x":"1206.96","source_y":"849.29","source_w":"1361.04","source_h":"957.71"},"assertions":[{"id":"580d91f561643900037caa02","status":"awaiting_transcriptions","name":"Street Address","created_in_workflow":"transcribe","confidence":0.3333333333333333,"data":{"value":"142 St."},"versions":[{"data":{"value":"142 St."},"votes":1,"confidence":0.3333333333333333,"instances":[{"created":"2015-11-25T15:25:05Z","user_id":"5655d2873437330003e50000","duration":38.871}]}],"region":{"x":279.76140631730067,"y":125.07652622527945,"width":888.7016597501797,"height":445.9965606190886,"label":"Street Address","shape":"rectangle"},"task_key":"em_record_street_address","instructions":{"mark":"Street Address","transcribe":"Enter the street address"}},{"id":"580d91f561643900037daa02","status":"awaiting_transcriptions","name":"Street Address","created_in_workflow":"transcribe","confidence":0.3333333333333333,"data":{"value":"142 St 141 St"},"versions":[{"data":{"value":"142 St 141 St"},"votes":1,"confidence":0.3333333333333333,"instances":[{"created":"2015-12-21T07:57:05Z","user_id":"5677ae1b6666370003420400","duration":47.252}]}],"region":{"x":528.7524569039176,"y":152.42196137159468,"width":372.2872552343649,"height":403.31120752306913,"label":"Street Address","shape":"rectangle"},"task_key":"em_record_street_address","instructions":{"mark":"Street Address","transcribe":"Enter the street address"}},{"id":"580d91f561643900037eaa02","status":"awaiting_transcriptions","name":"Land \u0026 Building Dimensions","created_in_workflow":"transcribe","confidence":0.3333333333333333,"data":{"em_survey_land_dimensions":"125 x 199.10","em_survey_building_dimensions":"75 x 100 and 25 x 80"},"versions":[{"data":{"em_survey_land_dimensions":"125 x 199.10","em_survey_building_dimensions":"75 x 100 and 25 x 80"},"votes":1,"confidence":0.3333333333333333,"instances":[{"created":"2015-11-25T04:15:33Z","user_id":"565524486339300003f40700","duration":42.759}]}],"region":{"x":126.70723158254748,"y":720.835769561479,"width":552.9699216223341,"height":148.1169389509888,"label":"Dimension \u0026 Description","shape":"rectangle"},"task_key":"em_record_survey","instructions":{"mark":"Dimension \u0026 Description","transcribe":"Enter, as they appear, any land and building dimensions that were recorded. In the next screen, you'll enter the descriptive information."}},{"id":"580d91f561643900037faa02","status":"awaiting_transcriptions","name":"Stories \u0026 Materials","created_in_workflow":"transcribe","confidence":0.3333333333333333,"data":{"em_record_material":"Br"},"versions":[{"data":{"em_record_material":"Br"},"votes":1,"confidence":0.3333333333333333,"instances":[{"created":"2015-11-25T04:15:43Z","user_id":"565524486339300003f40700","duration":10.661}]}],"region":{"x":126.70723158254748,"y":720.835769561479,"width":552.9699216223341,"height":148.1169389509888,"label":"Dimension \u0026 Description","shape":"rectangle"},"task_key":"em_record_survey_stories_materials","instructions":{"mark":"Dimension \u0026 Description","transcribe":"Enter, as they appear, the number of stories and the building materials."}},{"id":"580d91f5616439000380aa02","status":"awaiting_transcriptions","name":"Record Date","created_in_workflow":"transcribe","confidence":0.3333333333333333,"data":{"value":"June 14, 1901"},"versions":[{"data":{"value":"June 14, 1901"},"votes":1,"confidence":0.3333333333333333,"instances":[{"created":"2016-06-01T02:00:37Z","user_id":"563f8b7a3264340003774b00","duration":18.472}]},{"data":{"value":"June 14 1901"},"votes":1,"confidence":0.3333333333333333,"instances":[{"created":"2016-06-02T03:55:12Z","user_id":"574faca23665620003080200","duration":50.362}]}],"region":{"x":1114.6491167289698,"y":709.4466887926676,"width":135.9660703181694,"height":39.03976086335365,"label":"Record Date","shape":"rectangle"},"task_key":"em_record_date","instructions":{"mark":"Record Date","transcribe":"Enter the record date"}},{"id":"580d91f5616439000381aa02","status":"awaiting_transcriptions","name":"Total Value","created_in_workflow":"transcribe","confidence":0.3333333333333333,"data":{"value":"$230,000"},"versions":[{"data":{"value":"$230,000"},"votes":1,"confidence":0.3333333333333333,"instances":[{"created":"2015-11-25T04:11:45Z","user_id":"565524486339300003f40700","duration":13.926}]},{"data":{"value":"230000"},"votes":1,"confidence":0.3333333333333333,"instances":[{"created":"2015-11-25T05:03:38Z","user_id":"56553e4f63393000038c0900","duration":5.025}]}],"region":{"x":742.2154181502647,"y":579.3018056749785,"width":490.431656676951,"height":110.26483233018064,"label":"Valuation","shape":"rectangle"},"task_key":"em_record_valuation_total","instructions":{"mark":"Valuation","transcribe":"Enter the valuation ***total*** (if one is given)"}},{"id":"580d91f5616439000382aa02","status":"awaiting_transcriptions","name":"Land \u0026 Building Value","created_in_workflow":"transcribe","confidence":0.3333333333333333,"data":{"em_valuation_ground":"$50,000","em_valuation_building":"$40,000"},"versions":[{"data":{"em_valuation_ground":"$50,000","em_valuation_building":"$40,000"},"votes":1,"confidence":0.3333333333333333,"instances":[{"created":"2015-11-25T04:11:31Z","user_id":"565524486339300003f40700","duration":25.594}]},{"data":{"em_valuation_ground":"50000","em_valuation_building":"40000"},"votes":1,"confidence":0.3333333333333333,"instances":[{"created":"2015-11-25T05:03:33Z","user_id":"56553e4f63393000038c0900","duration":10.936}]}],"region":{"x":742.2154181502647,"y":579.3018056749785,"width":490.431656676951,"height":110.26483233018064,"label":"Valuation","shape":"rectangle"},"task_key":"em_record_valuation_ground_building","instructions":{"mark":"Valuation","transcribe":"Sometimes valuations include itemized dollar values for \"ground\" and \"building\". Enter these amounts if you can find them. In the next screen, you'll enter the total valuation."}},{"id":"580d91f5616439000383aa02","status":"complete","name":"Record Number","created_in_workflow":"transcribe","confidence":1.0,"data":{"value":"3773"},"versions":[{"data":{"value":"3773"},"votes":3,"confidence":1.0,"instances":[{"created":"2015-11-25T02:19:09Z","user_id":"5653f5cc6138330003e40e00","duration":5.422},{"created":"2015-11-25T12:09:16Z","user_id":"564e49d539646600031a0b00","duration":4.063},{"created":"2015-11-25T13:22:30Z","user_id":"5655b5d83262660003a40000","duration":17.218}]}],"region":{"x":724.1122361923906,"y":47.72656921754084,"width":230.40413400930595,"height":92.16165090283751,"label":"Record Number","shape":"rectangle"},"task_key":"em_record_number","instructions":{"mark":"Record Number","transcribe":"Enter the record number"}},{"id":"580d91f5616439000384aa02","status":"complete","name":"Mortgager","created_in_workflow":"verify","confidence":1.0,"data":{"value":"Church of St Charles Borromeo"},"versions":[{"data":{"value":"Church of St Charles Borromeo"},"votes":3,"confidence":1.0,"instances":[{"created":"2015-11-25T16:02:50Z","user_id":"5647496e3562310003960400","duration":16.82},{"created":"2015-11-26T22:03:56Z","user_id":"5647496e3562310003960400","duration":84.758},{"created":"2015-12-01T03:01:58Z","user_id":"563bfc7535326200037f3900","duration":15.367}]}],"region":{"x":123.41574395384312,"y":630.3198624247635,"width":557.9071530653906,"height":60.89251934651773,"label":"Mortgager Name","shape":"rectangle"},"task_key":"em_transcribed_mortgager","instructions":{"mark":"Mortgager Name","transcribe":"Enter the mortgager's name","verify":"Choose the best transcription or enter your own!"}},{"id":"580d91f5616439000385aa02","status":"complete","name":"Record Date","created_in_workflow":"verify","confidence":1.0,"data":{"value":"Oct 12/91"},"versions":[{"data":{"value":"Oct 12/91"},"votes":3,"confidence":1.0,"instances":[{"created":"2015-11-25T16:02:15Z","user_id":"5647496e3562310003960400","duration":3.714},{"created":"2015-11-26T04:56:57Z","user_id":"5647496e3562310003960400","duration":4.799},{"created":"2015-12-02T19:05:28Z","user_id":"565cf1ce3935310003e30700","duration":13.028}]}],"region":{"x":133.29020683995623,"y":587.530524505589,"width":342.31471338525444,"height":65.82975064488392,"label":"Record Date","shape":"rectangle"},"task_key":"em_transcribed_date","instructions":{"mark":"Record Date","transcribe":"Enter the record date","verify":"Choose the best transcription or enter your own!"}},{"id":"580d91f5616439000386aa02","status":"awaiting_votes","name":"Amount Loaned","created_in_workflow":"transcribe","confidence":0.2,"data":{"value":"$45,000 and $100,000"},"versions":[{"data":{"value":"$45,000 and $100,000"},"votes":1,"confidence":0.2,"instances":[{"created":"2015-11-25T04:14:50Z","user_id":"565524486339300003f40700","duration":31.312}]},{"data":{"value":"$45,000 $100,000 addl June 14, 1901"},"votes":1,"confidence":0.2,"instances":[{"created":"2015-11-25T05:04:27Z","user_id":"56553e4f63393000038c0900","duration":36.597}]},{"data":{"value":"$145000"},"votes":1,"confidence":0.2,"instances":[{"created":"2015-11-25T12:10:04Z","user_id":"564e49d539646600031a0b00","duration":9.36}]},{"data":{"value":"$45000.  and  $100000."},"votes":1,"confidence":0.2,"instances":[{"created":"2016-06-01T01:46:24Z","user_id":"563f8b7a3264340003774b00","duration":39.421}]},{"data":{"value":"$45000. , $100000"},"votes":1,"confidence":0.2,"instances":[{"created":"2016-09-07T22:39:38Z","user_id":"57c49a363234370003600200","duration":24.179}]}],"region":{"x":743.8611619646168,"y":666.5262252794497,"width":526.6380205926993,"height":92.16165090283755,"label":"Amount Loaned","shape":"rectangle"},"task_key":"em_record_amount_loaned","instructions":{"mark":"Amount Loaned","transcribe":"Enter the Amount Loaned"}},{"id":"580d91f5616439000387aa02","status":"awaiting_votes","name":"Amount Loaned","created_in_workflow":"verify","confidence":0.3333333333333333,"data":{"value":"$100000"},"versions":[{"data":{"value":"$100000"},"votes":1,"confidence":0.3333333333333333,"instances":[{"created":"2016-09-29T00:48:35Z","user_id":"57c49a363234370003600200","duration":6.043}]}],"region":{"x":922.1427003378986,"y":710.792887443128,"width":200.58360868720013,"height":36.347363562432704,"label":"Amount Loaned","shape":"rectangle"},"task_key":"em_transcribed_amount_loaned","instructions":{"mark":"Amount Loaned","transcribe":"Enter the Amount Loaned","verify":"Choose the best transcription or enter your own!"}},{"id":"580d91f5616439000388aa02","status":"awaiting_votes","name":"Amount Loaned","created_in_workflow":"verify","confidence":0.3333333333333333,"data":{"value":"$45000."},"versions":[{"data":{"value":"$45000."},"votes":1,"confidence":0.3333333333333333,"instances":[{"created":"2016-09-29T00:48:29Z","user_id":"57c49a363234370003600200","duration":8.239}]}],"region":{"x":931.566091350049,"y":685.2151130843791,"width":130.5812754540832,"height":36.34736356243275,"label":"Amount Loaned","shape":"rectangle"},"task_key":"em_transcribed_amount_loaned","instructions":{"mark":"Amount Loaned","transcribe":"Enter the Amount Loaned","verify":"Choose the best transcription or enter your own!"}}]}],"export_document":{"name":"Record","export_fields":[{"name":"Mortgager","value":"Church of St Charles Borromeo","original_value":{"value":"Church of St Charles Borromeo"},"assertion_ids":["580d91f5616439000384aa02"]},{"name":"Street Address","value":"142 St.","original_value":{"value":"142 St."},"assertion_ids":["580d91f561643900037caa02"]},{"name":"Record Date","value":"1891-10-12T00:00:00Z","original_value":{"value":"Oct 12/91"},"assertion_ids":["580d91f5616439000385aa02"]},{"name":"Land \u0026 Building Dimensions","value":{"em_survey_land_dimensions":[125,199.83333333333334],"em_survey_building_dimensions":[75,100,80]},"original_value":{"em_survey_land_dimensions":"125 x 199.10","em_survey_building_dimensions":"75 x 100 and 25 x 80"},"assertion_ids":["580d91f561643900037eaa02"]},{"name":"Amount Loaned","value":45000.0,"original_value":{"value":"$45000."},"assertion_ids":["580d91f5616439000388aa02"]},{"name":"Stories \u0026 Materials","value":{"em_record_material":"Br"},"original_value":{"em_record_material":"Br"},"assertion_ids":["580d91f561643900037faa02"]},{"name":"Valuation","value":null,"original_value":null,"assertion_ids":null},{"name":"Record Number","value":3773,"original_value":{"value":"3773"},"assertion_ids":["580d91f5616439000383aa02"]}]}}