{"id":"56b10a9a7061755afb55ce00","meta_data":{"capture_uuid":"14a8b8e0-02e7-0133-08e9-58d385a7bbd0","page_uri":"http://digitalcollections.nypl.org/items/14a8b8e0-02e7-0133-08e9-58d385a7bbd0","book_uri":"http://digitalcollections.nypl.org/items/109c0900-02e7-0133-03cf-58d385a7bbd0","source_rotated":"0.783292","source_x":"0","source_y":"0","source_w":"1370.58","source_h":"882.7199999999999"},"type":"final_subject_set","search_terms_by_field":{"Land \u0026 Building Dimensions":["20 x 80","20 x 80"],"Stories \u0026 Materials":["4","br."],"Additional Info":[],"Valuation Date":[],"Land \u0026 Building Value":["32000."],"Total Value":["36000."],"Record Number":["4094"],"Mortgager":["Anne McAleenan \u0026 Sarah Fullan"],"Street Address":["600 - 9 Ave"],"Record Date":["Jany 8/94"],"Amount Loaned":["$16000"]},"subjects":[{"id":"580d6d666164390003ce3f01","type":"root","location":{"standard":"https://s3.amazonaws.com/scribe.nypl.org/emigrant-s4/full/14a8b8e0-02e7-0133-08e9-58d385a7bbd0.left-top.jpg","thumbnail":"https://s3.amazonaws.com/scribe.nypl.org/emigrant-s4/thumb/14a8b8e0-02e7-0133-08e9-58d385a7bbd0.left-top.jpg"},"status":"retired","width":1370,"height":882,"meta_data":{"capture_uuid":"14a8b8e0-02e7-0133-08e9-58d385a7bbd0","page_uri":"http://digitalcollections.nypl.org/items/14a8b8e0-02e7-0133-08e9-58d385a7bbd0","book_uri":"http://digitalcollections.nypl.org/items/109c0900-02e7-0133-03cf-58d385a7bbd0","source_rotated":"0.783292","source_x":"0","source_y":"0","source_w":"1370.58","source_h":"882.7199999999999"},"assertions":[{"id":"580d6d666164390003cf3f01","status":"awaiting_transcriptions","name":"Land \u0026 Building Dimensions","created_in_workflow":"transcribe","confidence":0.3333333333333333,"data":{"em_survey_land_dimensions":"20 x 80","em_survey_building_dimensions":"20 x 80"},"versions":[{"data":{"em_survey_land_dimensions":"20 x 80","em_survey_building_dimensions":"20 x 80"},"votes":1,"confidence":0.3333333333333333,"instances":[{"created":"2016-01-03T17:37:56Z","user_id":"56895b9661356400039f0300","duration":17.014}]}],"region":{"x":184.85141293547457,"y":759.5379420650436,"width":444.2580087189248,"height":91.71778923049578,"label":"Dimension \u0026 Description","shape":"rectangle"},"task_key":"em_record_survey","instructions":{"mark":"Dimension \u0026 Description","transcribe":"Enter, as they appear, any land and building dimensions that were recorded. In the next screen, you'll enter the descriptive information."}},{"id":"580d6d666164390003d03f01","status":"awaiting_transcriptions","name":"Stories \u0026 Materials","created_in_workflow":"transcribe","confidence":0.3333333333333333,"data":{"em_record_stories":"4","em_record_material":"br."},"versions":[{"data":{"em_record_stories":"4","em_record_material":"br."},"votes":1,"confidence":0.3333333333333333,"instances":[{"created":"2016-01-03T17:38:01Z","user_id":"56895b9661356400039f0300","duration":5.418}]}],"region":{"x":184.85141293547457,"y":759.5379420650436,"width":444.2580087189248,"height":91.71778923049578,"label":"Dimension \u0026 Description","shape":"rectangle"},"task_key":"em_record_survey_stories_materials","instructions":{"mark":"Dimension \u0026 Description","transcribe":"Enter, as they appear, the number of stories and the building materials."}},{"id":"580d6d666164390003d13f01","status":"awaiting_transcriptions","name":"Additional Info","created_in_workflow":"transcribe","confidence":0.3333333333333333,"data":{"value":""},"versions":[{"data":{"value":""},"votes":1,"confidence":0.3333333333333333,"instances":[{"created":"2016-01-03T17:38:01Z","user_id":"56895b9661356400039f0300","duration":0.266}]}],"region":{"x":184.85141293547457,"y":759.5379420650436,"width":444.2580087189248,"height":91.71778923049578,"label":"Dimension \u0026 Description","shape":"rectangle"},"task_key":"em_record_survey_additional_info","instructions":{"mark":"Dimension \u0026 Description","transcribe":"Enter any additional information you find about the building's construction or significance."}},{"id":"580d6d666164390003d23f01","status":"awaiting_transcriptions","name":"Valuation Date","created_in_workflow":"transcribe","confidence":0.3333333333333333,"data":{"value":""},"versions":[{"data":{"value":""},"votes":1,"confidence":0.3333333333333333,"instances":[{"created":"2016-01-03T17:37:05Z","user_id":"56895b9661356400039f0300","duration":4.032}]}],"region":{"x":762.3868242700769,"y":621.9612582192998,"width":438.5256473160998,"height":108.91487471121377,"label":"Valuation","shape":"rectangle"},"task_key":"em_record_valuation","instructions":{"mark":"Valuation","transcribe":"Enter the date of the valuation (if one is given). In the next screen, you'll enter the valuation's dollar amounts."}},{"id":"580d6d666164390003d33f01","status":"awaiting_transcriptions","name":"Land \u0026 Building Value","created_in_workflow":"transcribe","confidence":0.3333333333333333,"data":{"em_valuation_ground":"32000."},"versions":[{"data":{"em_valuation_ground":"32000."},"votes":1,"confidence":0.3333333333333333,"instances":[{"created":"2016-01-03T17:37:33Z","user_id":"56895b9661356400039f0300","duration":27.061}]}],"region":{"x":762.3868242700769,"y":621.9612582192998,"width":438.5256473160998,"height":108.91487471121377,"label":"Valuation","shape":"rectangle"},"task_key":"em_record_valuation_ground_building","instructions":{"mark":"Valuation","transcribe":"Sometimes valuations include itemized dollar values for \"ground\" and \"building\". Enter these amounts if you can find them. In the next screen, you'll enter the total valuation."}},{"id":"580d6d666164390003d43f01","status":"awaiting_transcriptions","name":"Total Value","created_in_workflow":"transcribe","confidence":0.3333333333333333,"data":{"value":"36000."},"versions":[{"data":{"value":"36000."},"votes":1,"confidence":0.3333333333333333,"instances":[{"created":"2016-01-03T17:37:39Z","user_id":"56895b9661356400039f0300","duration":5.989}]}],"region":{"x":762.3868242700769,"y":621.9612582192998,"width":438.5256473160998,"height":108.91487471121377,"label":"Valuation","shape":"rectangle"},"task_key":"em_record_valuation_total","instructions":{"mark":"Valuation","transcribe":"Enter the valuation ***total*** (if one is given)"}},{"id":"580d6d666164390003d53f01","status":"complete","name":"Record Number","created_in_workflow":"transcribe","confidence":1.0,"data":{"value":"4094"},"versions":[{"data":{"value":"4094"},"votes":3,"confidence":1.0,"instances":[{"created":"2016-01-02T06:15:10Z","user_id":"56875be63833320003000000","duration":2.425},{"created":"2016-01-03T00:37:48Z","user_id":"568869523833320003620900","duration":1.98},{"created":"2016-01-03T05:45:42Z","user_id":"56748e5e3564620003fd0100","duration":3.982}]}],"region":{"x":727.9926558531278,"y":103.1825128843078,"width":134.71049296638375,"height":67.35525146614539,"label":"Record Number","shape":"rectangle"},"task_key":"em_record_number","instructions":{"mark":"Record Number","transcribe":"Enter the record number"}},{"id":"580d6d666164390003d63f01","status":"awaiting_votes","name":"Mortgager","created_in_workflow":"verify","confidence":0.3333333333333333,"data":{"value":"Anne McAleenan \u0026 Sarah Fullan"},"versions":[{"data":{"value":"Anne McAleenan \u0026 Sarah Fullan"},"votes":1,"confidence":0.3333333333333333,"instances":[{"created":"2016-09-17T17:30:54Z","user_id":"57c49a363234370003600200","duration":15.473}]}],"region":{"x":170.52050942841248,"y":660.6547005509152,"width":534.5427008134159,"height":60.18979918251296,"label":"Mortgager Name","shape":"rectangle"},"task_key":"em_transcribed_mortgager","instructions":{"mark":"Mortgager Name","transcribe":"Enter the mortgager's name","verify":"Choose the best transcription or enter your own!"}},{"id":"580d6d666164390003d73f01","status":"awaiting_votes","name":"Street Address","created_in_workflow":"verify","confidence":0.3333333333333333,"data":{"value":"600 - 9 Ave"},"versions":[{"data":{"value":"600 - 9 Ave"},"votes":1,"confidence":0.3333333333333333,"instances":[{"created":"2016-09-17T17:31:02Z","user_id":"57c49a363234370003600200","duration":7.367}]}],"region":{"x":187.717593636887,"y":710.8128665363427,"width":267.98789558206107,"height":57.32361826905992,"label":"Street Address","shape":"rectangle"},"task_key":"em_transcribed_address","instructions":{"mark":"Street Address","transcribe":"Enter the street address","verify":"Choose the best transcription or enter your own!"}},{"id":"580d6d666164390003d83f01","status":"awaiting_votes","name":"Record Date","created_in_workflow":"verify","confidence":0.3333333333333333,"data":{"value":"Jany 8/94"},"versions":[{"data":{"value":"Jany 8/94"},"votes":1,"confidence":0.3333333333333333,"instances":[{"created":"2016-09-17T17:30:25Z","user_id":"57c49a363234370003600200","duration":4.355}]}],"region":{"x":209.21394889748012,"y":617.6619868491205,"width":229.29445611299343,"height":71.65452283632487,"label":"Record Date","shape":"rectangle"},"task_key":"em_transcribed_date","instructions":{"mark":"Record Date","transcribe":"Enter the record date","verify":"Choose the best transcription or enter your own!"}},{"id":"580d6d666164390003d93f01","status":"awaiting_votes","name":"Amount Loaned","created_in_workflow":"verify","confidence":0.3333333333333333,"data":{"value":"$16000"},"versions":[{"data":{"value":"$16000"},"votes":1,"confidence":0.3333333333333333,"instances":[{"created":"2016-09-19T00:44:53Z","user_id":"57c49a363234370003600200","duration":5.7}]}],"region":{"x":802.5133540898507,"y":707.9466856228896,"width":169.10466138333265,"height":51.59125644215396,"label":"Amount Loaned","shape":"rectangle"},"task_key":"em_transcribed_amount_loaned","instructions":{"mark":"Amount Loaned","transcribe":"Enter the Amount Loaned","verify":"Choose the best transcription or enter your own!"}}]}],"export_document":{"name":"Record","export_fields":[{"name":"Mortgager","value":"Anne McAleenan \u0026 Sarah Fullan","original_value":{"value":"Anne McAleenan \u0026 Sarah Fullan"},"assertion_ids":["580d6d666164390003d63f01"]},{"name":"Street Address","value":"600 - 9 Ave","original_value":{"value":"600 - 9 Ave"},"assertion_ids":["580d6d666164390003d73f01"]},{"name":"Record Date","value":"1894-01-08T00:00:00Z","original_value":{"value":"Jany 8/94"},"assertion_ids":["580d6d666164390003d83f01"]},{"name":"Land \u0026 Building Dimensions","value":{"em_survey_land_dimensions":[20,80],"em_survey_building_dimensions":[20,80]},"original_value":{"em_survey_land_dimensions":"20 x 80","em_survey_building_dimensions":"20 x 80"},"assertion_ids":["580d6d666164390003cf3f01"]},{"name":"Amount Loaned","value":16000.0,"original_value":{"value":"$16000"},"assertion_ids":["580d6d666164390003d93f01"]},{"name":"Stories \u0026 Materials","value":{"em_record_stories":4,"em_record_material":"br."},"original_value":{"em_record_stories":"4","em_record_material":"br."},"assertion_ids":["580d6d666164390003d03f01"]},{"name":"Valuation","value":null,"original_value":null,"assertion_ids":null},{"name":"Record Number","value":4094,"original_value":{"value":"4094"},"assertion_ids":["580d6d666164390003d53f01"]},{"name":"Additional Info","value":"","original_value":{"value":""},"assertion_ids":["580d6d666164390003d13f01"]}]}}