{"id":"56b10ac87061755afbd0d100","meta_data":{"capture_uuid":"15396760-02e7-0133-78a9-58d385a7bbd0","page_uri":"http://digitalcollections.nypl.org/items/15396760-02e7-0133-78a9-58d385a7bbd0","book_uri":"http://digitalcollections.nypl.org/items/109c0900-02e7-0133-03cf-58d385a7bbd0","source_rotated":"0.923143","source_x":"1217.3","source_y":"868.0899999999999","source_w":"1372.7","source_h":"978.9100000000001"},"type":"final_subject_set","search_terms_by_field":{"Record Number":["4157"],"Mortgager":["Thomas Meehan"],"Street Address":["220 W 20 St."],"Additional Info":[],"Land \u0026 Building Dimensions":["25 x 86.7","25 x 40"],"Stories \u0026 Materials":["3","br."],"Record Date":["June 4/94"],"Land \u0026 Building Value":["$10000.","4000."],"Valuation Date":[],"Total Value":[],"Amount Loaned":["$6000"]},"subjects":[{"id":"580d7cfe6164390003fada01","type":"root","location":{"standard":"https://s3.amazonaws.com/scribe.nypl.org/emigrant-s4/full/15396760-02e7-0133-78a9-58d385a7bbd0.right-bottom.jpg","thumbnail":"https://s3.amazonaws.com/scribe.nypl.org/emigrant-s4/thumb/15396760-02e7-0133-78a9-58d385a7bbd0.right-bottom.jpg"},"status":"retired","width":1372,"height":978,"meta_data":{"capture_uuid":"15396760-02e7-0133-78a9-58d385a7bbd0","page_uri":"http://digitalcollections.nypl.org/items/15396760-02e7-0133-78a9-58d385a7bbd0","book_uri":"http://digitalcollections.nypl.org/items/109c0900-02e7-0133-03cf-58d385a7bbd0","source_rotated":"0.923143","source_x":"1217.3","source_y":"868.0899999999999","source_w":"1372.7","source_h":"978.9100000000001"},"assertions":[{"id":"580d7cfe6164390003fbda01","status":"complete","name":"Record Number","created_in_workflow":"transcribe","confidence":1.0,"data":{"value":"4157"},"versions":[{"data":{"value":"4157"},"votes":3,"confidence":1.0,"instances":[{"created":"2015-11-09T04:48:53Z","user_id":"563e09116630330003dc1000","duration":5.046},{"created":"2015-11-09T05:45:53Z","user_id":"56402bc466393400035c1b00","duration":9.958},{"created":"2015-11-09T05:55:33Z","user_id":"56402f756639340003351d00","duration":4.664}]}],"region":{"x":815.8572844400397,"y":44.871741397288844,"width":134.61645193260654,"height":57.10948905109488,"label":"Record Number","shape":"rectangle"},"task_key":"em_record_number","instructions":{"mark":"Record Number","transcribe":"Enter the record number"}},{"id":"580d7cfe6164390003fcda01","status":"complete","name":"Mortgager","created_in_workflow":"verify","confidence":1.0,"data":{"value":"Thomas Meehan"},"versions":[{"data":{"value":"Thomas Meehan"},"votes":3,"confidence":1.0,"instances":[{"created":"2015-12-07T23:30:07Z","user_id":"5647496e3562310003960400","duration":21.396},{"created":"2015-12-28T21:14:04Z","user_id":"56748e5e3564620003fd0100","duration":8.144},{"created":"2016-01-19T20:47:44Z","user_id":"56980a2d3337650003270200","duration":240.202}]}],"region":{"x":240.67789890981172,"y":609.1678832116788,"width":237.9583746283449,"height":57.1094890510949,"label":"Mortgager Name","shape":"rectangle"},"task_key":"em_transcribed_mortgager","instructions":{"mark":"Mortgager Name","transcribe":"Enter the mortgager's name","verify":"Choose the best transcription or enter your own!"}},{"id":"580d7cfe6164390003fdda01","status":"complete","name":"Street Address","created_in_workflow":"verify","confidence":1.0,"data":{"value":"220 W 20 St."},"versions":[{"data":{"value":"220 W 20 St."},"votes":3,"confidence":1.0,"instances":[{"created":"2015-12-07T23:30:12Z","user_id":"5647496e3562310003960400","duration":4.81},{"created":"2015-12-28T21:21:40Z","user_id":"56748e5e3564620003fd0100","duration":4.06},{"created":"2016-01-19T20:47:59Z","user_id":"56980a2d3337650003270200","duration":15.182}]}],"region":{"x":285.55004955401387,"y":652.6798748696559,"width":252.91575817641228,"height":53.0302398331595,"label":"Street Address","shape":"rectangle"},"task_key":"em_transcribed_address","instructions":{"mark":"Street Address","transcribe":"Enter the street address","verify":"Choose the best transcription or enter your own!"}},{"id":"580d7cfe6164390003feda01","status":"awaiting_transcriptions","name":"Additional Info","created_in_workflow":"transcribe","confidence":0.3333333333333333,"data":{"value":""},"versions":[{"data":{"value":""},"votes":1,"confidence":0.3333333333333333,"instances":[{"created":"2015-11-09T04:49:54Z","user_id":"563e09116630330003dc1000","duration":1.202}]}],"region":{"x":348.0991080277503,"y":701.63086548488,"width":314.10505450941525,"height":89.74348279457774,"label":"Dimension \u0026 Description","shape":"rectangle"},"task_key":"em_record_survey_additional_info","instructions":{"mark":"Dimension \u0026 Description","transcribe":"Enter any additional information you find about the building's construction or significance."}},{"id":"580d7cfe6164390003ffda01","status":"complete","name":"Land \u0026 Building Dimensions","created_in_workflow":"verify","confidence":1.0,"data":{"em_survey_land_dimensions":"25 x 86.7","em_survey_building_dimensions":"25 x 40"},"versions":[{"data":{"em_survey_land_dimensions":"25 x 86.7","em_survey_building_dimensions":"25 x 40"},"votes":3,"confidence":1.0,"instances":[{"created":"2015-12-08T05:05:14Z","user_id":"5647496e3562310003960400","duration":13.274},{"created":"2015-12-28T21:35:39Z","user_id":"56748e5e3564620003fd0100","duration":13.015},{"created":"2016-01-20T20:00:14Z","user_id":"56980a2d3337650003270200","duration":9.798}]}],"region":{"x":348.0991080277503,"y":701.63086548488,"width":314.10505450941525,"height":89.74348279457774,"label":"Dimension \u0026 Description","shape":"rectangle"},"task_key":"em_transcribed_survey","instructions":{"mark":"Dimension \u0026 Description","transcribe":"Enter, as they appear, any land and building dimensions that were recorded. In the next screen, you'll enter the descriptive information.","verify":"Choose the best transcription or enter your own!"}},{"id":"580d7cfe616439000300db01","status":"complete","name":"Stories \u0026 Materials","created_in_workflow":"verify","confidence":1.0,"data":{"em_record_stories":"3","em_record_material":"br."},"versions":[{"data":{"em_record_stories":"3","em_record_material":"br."},"votes":3,"confidence":1.0,"instances":[{"created":"2015-12-08T05:08:35Z","user_id":"5647496e3562310003960400","duration":5.833},{"created":"2015-12-28T21:36:09Z","user_id":"56748e5e3564620003fd0100","duration":3.62},{"created":"2016-01-20T20:02:37Z","user_id":"56980a2d3337650003270200","duration":11.084}]}],"region":{"x":348.0991080277503,"y":701.63086548488,"width":314.10505450941525,"height":89.74348279457774,"label":"Dimension \u0026 Description","shape":"rectangle"},"task_key":"em_transcribed_stories_materials","instructions":{"mark":"Dimension \u0026 Description","transcribe":"Enter, as they appear, the number of stories and the building materials.","verify":"Choose the best transcription or enter your own!"}},{"id":"580d7cfe616439000301db01","status":"complete","name":"Record Date","created_in_workflow":"verify","confidence":1.0,"data":{"value":"June 4/94"},"versions":[{"data":{"value":"June 4/94"},"votes":7,"confidence":0.5833333333333334,"instances":[{"created":"2015-11-09T06:02:50Z","user_id":"56402b3e66393400032b1b00","duration":15.031},{"created":"2015-11-09T06:11:42Z","user_id":"564037266639340003e32000","duration":9.985},{"created":"2015-11-09T06:29:26Z","user_id":"56403a5b6639340003a22100","duration":11.453},{"created":"2015-12-10T22:54:48Z","user_id":"5647496e3562310003960400","duration":6.727},{"created":"2015-12-28T23:13:26Z","user_id":"56748e5e3564620003fd0100","duration":3.397},{"created":"2016-01-22T20:14:38Z","user_id":"56980a2d3337650003270200","duration":10.586},{"created":"2016-01-30T23:44:08Z","user_id":"563f8b7a3264340003774b00","duration":6.99}]},{"data":{"value":"1894 June 4"},"votes":5,"confidence":0.4166666666666667,"instances":[{"created":"2015-11-09T06:21:52Z","user_id":"564035896639340003292000","duration":9.655},{"created":"2015-11-09T07:21:59Z","user_id":"5640480d6639340003b82500","duration":10.646},{"created":"2015-11-09T07:43:32Z","user_id":"56404e946639340003cf2700","duration":7.394},{"created":"2015-11-09T08:16:26Z","user_id":"564042656639340003cc2400","duration":10.682},{"created":"2016-02-08T04:50:56Z","user_id":"56b808276461320003bf0000","duration":42.524}]}],"region":{"x":303.2269573835481,"y":554.7778936392075,"width":197.1655104063429,"height":74.7862356621481,"label":"Record Date","shape":"rectangle"},"task_key":"em_transcribed_date","instructions":{"mark":"Record Date","transcribe":"Enter the record date","verify":"Choose the best transcription or enter your own!"}},{"id":"580d7cfe616439000302db01","status":"awaiting_votes","name":"Valuation Date","created_in_workflow":"verify","confidence":0.3333333333333333,"data":{"value":""},"versions":[{"data":{"value":""},"votes":1,"confidence":0.3333333333333333,"instances":[{"created":"2015-12-28T21:13:56Z","user_id":"56748e5e3564620003fd0100","duration":3.272}]},{"data":{"value":"June 4/94"},"votes":1,"confidence":0.3333333333333333,"instances":[{"created":"2016-09-21T16:29:38Z","user_id":"57c49a363234370003600200","duration":6.055}]}],"region":{"x":906.9613478691774,"y":579.2533889468195,"width":137.33597621407333,"height":88.38373305526596,"label":"Valuation","shape":"rectangle"},"task_key":"em_transcribed_valuation_date","instructions":{"mark":"Valuation","transcribe":"Enter the date of the valuation (if one is given). In the next screen, you'll enter the valuation's dollar amounts.","verify":"Choose the best transcription or enter your own!"}},{"id":"580d7cfe616439000303db01","status":"contentious","name":"Land \u0026 Building Value","created_in_workflow":"verify","confidence":0.47619047619047616,"data":{"em_valuation_ground":"$10000.","em_valuation_building":"4000."},"versions":[{"data":{"em_valuation_ground":"$10000.","em_valuation_building":"4000."},"votes":10,"confidence":0.47619047619047616,"instances":[{"created":"2016-07-17T22:29:03Z","user_id":"5750d4e061323000033d0000","duration":9.885},{"created":"2016-08-30T09:12:09Z","user_id":"57c53ede6534390003540000","duration":577.756},{"created":"2016-09-01T09:16:33Z","user_id":"57c7f0c93530620003060000","duration":13.234},{"created":"2016-09-01T18:30:02Z","user_id":"57c873aa3530620003bb0000","duration":39.613},{"created":"2016-09-02T19:12:20Z","user_id":"57c9ce176662640003c80000","duration":27.153},{"created":"2016-09-02T23:27:23Z","user_id":"57ca0ad96662640003240100","duration":24.674},{"created":"2016-09-04T00:34:56Z","user_id":"57cb6c246633620003df0200","duration":11.544},{"created":"2016-09-05T00:13:06Z","user_id":"57ccb71661343300036d0200","duration":42.386},{"created":"2016-09-05T23:15:18Z","user_id":"57cdfc6f3636340003110600","duration":7.742},{"created":"2016-09-06T14:17:26Z","user_id":"57cecee63566310003de0000","duration":14.814}]},{"data":{"em_valuation_ground":"$10000","em_valuation_building":"4000"},"votes":7,"confidence":0.3333333333333333,"instances":[{"created":"2015-12-28T21:35:08Z","user_id":"56748e5e3564620003fd0100","duration":5.658},{"created":"2016-01-20T19:58:23Z","user_id":"56980a2d3337650003270200","duration":26.981},{"created":"2016-01-30T23:17:19Z","user_id":"563f8b7a3264340003774b00","duration":8.551},{"created":"2016-08-30T03:52:45Z","user_id":"57c49a363234370003600200","duration":9.437},{"created":"2016-09-03T14:49:24Z","user_id":"57cadfa86633620003020000","duration":8.575},{"created":"2016-09-03T19:48:53Z","user_id":"57cb26f26633620003960100","duration":10.185},{"created":"2016-09-06T13:27:21Z","user_id":"57cec30535663100033a0000","duration":19.512}]},{"data":{"em_valuation_ground":"$10,000","em_valuation_building":"$4,000"},"votes":4,"confidence":0.19047619047619047,"instances":[{"created":"2016-08-28T15:25:37Z","user_id":"57c2fd103162330003f00000","duration":25.199},{"created":"2016-09-01T17:44:57Z","user_id":"5794e6a83066310003040000","duration":15.156},{"created":"2016-09-02T15:31:31Z","user_id":"57c996ba6662640003060000","duration":7.021},{"created":"2016-09-04T20:54:19Z","user_id":"57cc87b76134330003eb0000","duration":13.268}]}],"region":{"x":906.9613478691774,"y":579.2533889468195,"width":137.33597621407333,"height":88.38373305526596,"label":"Valuation","shape":"rectangle"},"task_key":"em_transcribed_valuation_itemized","instructions":{"mark":"Valuation","transcribe":"Sometimes valuations include itemized dollar values for \"ground\" and \"building\". Enter these amounts if you can find them. In the next screen, you'll enter the total valuation.","verify":"Choose the best transcription or enter your own!"}},{"id":"580d7cfe616439000304db01","status":"complete","name":"Total Value","created_in_workflow":"verify","confidence":1.0,"data":{"value":""},"versions":[{"data":{"value":"14000"},"votes":2,"confidence":0.5,"instances":[{"created":"2016-09-01T21:59:34Z","user_id":"57c8a4a43530620003740200","duration":16.972},{"created":"2016-09-02T19:11:54Z","user_id":"57c9ce176662640003c80000","duration":40.407}]},{"data":{"value":""},"votes":2,"confidence":0.5,"instances":[{"created":"2016-09-02T15:27:28Z","user_id":"57c996ba6662640003060000","duration":21.989},{"created":"2016-10-02T23:26:08Z","user_id":"57c49a363234370003600200","duration":8.963}]}],"region":{"x":906.9613478691774,"y":579.2533889468195,"width":137.33597621407333,"height":88.38373305526596,"label":"Valuation","shape":"rectangle"},"task_key":"em_transcribed_valuation_total","instructions":{"mark":"Valuation","transcribe":"Enter the valuation ***total*** (if one is given)","verify":"Choose the best transcription or enter your own!"}},{"id":"580d7cfe616439000305db01","status":"complete","name":"Amount Loaned","created_in_workflow":"verify","confidence":1.0,"data":{"value":"$6000"},"versions":[{"data":{"value":"$6000"},"votes":3,"confidence":1.0,"instances":[{"created":"2015-12-28T20:59:22Z","user_id":"56748e5e3564620003fd0100","duration":3.305},{"created":"2016-01-19T20:48:20Z","user_id":"56980a2d3337650003270200","duration":7.992},{"created":"2016-01-30T15:27:19Z","user_id":"563f8b7a3264340003774b00","duration":8.233}]}],"region":{"x":920.5589692765114,"y":660.8383733055266,"width":142.77502477700693,"height":54.389989572471336,"label":"Amount Loaned","shape":"rectangle"},"task_key":"em_transcribed_amount_loaned","instructions":{"mark":"Amount Loaned","transcribe":"Enter the Amount Loaned","verify":"Choose the best transcription or enter your own!"}}]}],"export_document":{"name":"Record","export_fields":[{"name":"Mortgager","value":"Thomas Meehan","original_value":{"value":"Thomas Meehan"},"assertion_ids":["580d7cfe6164390003fcda01"]},{"name":"Street Address","value":"220 W 20 St.","original_value":{"value":"220 W 20 St."},"assertion_ids":["580d7cfe6164390003fdda01"]},{"name":"Record Date","value":"1894-06-04T00:00:00Z","original_value":{"value":"June 4/94"},"assertion_ids":["580d7cfe616439000301db01"]},{"name":"Land \u0026 Building Dimensions","value":{"em_survey_land_dimensions":[25,86.58333333333333],"em_survey_building_dimensions":[25,40]},"original_value":{"em_survey_land_dimensions":"25 x 86.7","em_survey_building_dimensions":"25 x 40"},"assertion_ids":["580d7cfe6164390003ffda01"]},{"name":"Amount Loaned","value":6000.0,"original_value":{"value":"$6000"},"assertion_ids":["580d7cfe616439000305db01"]},{"name":"Stories \u0026 Materials","value":{"em_record_stories":3,"em_record_material":"br."},"original_value":{"em_record_stories":"3","em_record_material":"br."},"assertion_ids":["580d7cfe616439000300db01"]},{"name":"Valuation","value":null,"original_value":null,"assertion_ids":null},{"name":"Record Number","value":4157,"original_value":{"value":"4157"},"assertion_ids":["580d7cfe6164390003fbda01"]},{"name":"Additional Info","value":"","original_value":{"value":""},"assertion_ids":["580d7cfe6164390003feda01"]}]}}