{"id":"56b109c77061755afb0cbe00","meta_data":{"capture_uuid":"11818ae0-02e7-0133-4b7f-58d385a7bbd0","page_uri":"http://digitalcollections.nypl.org/items/11818ae0-02e7-0133-4b7f-58d385a7bbd0","book_uri":"http://digitalcollections.nypl.org/items/109c0900-02e7-0133-03cf-58d385a7bbd0","source_rotated":"-0.839234","source_x":"1215.39","source_y":"864.3299999999999","source_w":"1370.61","source_h":"974.6700000000001"},"type":"final_subject_set","search_terms_by_field":{"Record Number":["3789"],"Mortgager":["Thomas Delahunty"],"Street Address":["252 W 20"],"Additional Info":["dimensions in description: 25, 86, 25.4, 89\""],"Land \u0026 Building Dimensions":["see diagram"],"Stories \u0026 Materials":["3","frame"],"Record Date":["Nov. 23/91"],"Valuation Date":[" "],"Total Value":["$12000"],"Land \u0026 Building Value":[],"Amount Loaned":["$1000"]},"subjects":[{"id":"580d789461643900033eb201","type":"root","location":{"standard":"https://s3.amazonaws.com/scribe.nypl.org/emigrant-s4/full/11818ae0-02e7-0133-4b7f-58d385a7bbd0.right-bottom.jpg","thumbnail":"https://s3.amazonaws.com/scribe.nypl.org/emigrant-s4/thumb/11818ae0-02e7-0133-4b7f-58d385a7bbd0.right-bottom.jpg"},"status":"retired","width":1370,"height":974,"meta_data":{"capture_uuid":"11818ae0-02e7-0133-4b7f-58d385a7bbd0","page_uri":"http://digitalcollections.nypl.org/items/11818ae0-02e7-0133-4b7f-58d385a7bbd0","book_uri":"http://digitalcollections.nypl.org/items/109c0900-02e7-0133-03cf-58d385a7bbd0","source_rotated":"-0.839234","source_x":"1215.39","source_y":"864.3299999999999","source_w":"1370.61","source_h":"974.6700000000001"},"assertions":[{"id":"580d789461643900033fb201","status":"complete","name":"Record Number","created_in_workflow":"transcribe","confidence":1.0,"data":{"value":"3789"},"versions":[{"data":{"value":"3789"},"votes":3,"confidence":1.0,"instances":[{"created":"2015-11-08T19:39:54Z","user_id":"563f9ecb32643400035e5e00","duration":5.157},{"created":"2015-11-08T20:11:46Z","user_id":"563fac7c3264340003486d00","duration":5.327},{"created":"2015-11-08T20:11:59Z","user_id":"563fac6a3264340003406d00","duration":9.034}]}],"region":{"x":763.650430618812,"y":46.575146260661164,"width":216.17896622826925,"height":69.42333121872136,"label":"Record Number","shape":"rectangle"},"task_key":"em_record_number","instructions":{"mark":"Record Number","transcribe":"Enter the record number"}},{"id":"580d7894616439000340b201","status":"complete","name":"Mortgager","created_in_workflow":"verify","confidence":1.0,"data":{"value":"Thomas Delahunty"},"versions":[{"data":{"value":"Thomas Delahunty"},"votes":3,"confidence":1.0,"instances":[{"created":"2015-11-30T15:58:32Z","user_id":"5647496e3562310003960400","duration":35.323},{"created":"2015-12-11T15:03:10Z","user_id":"563f8b7a3264340003774b00","duration":18.496},{"created":"2015-12-20T19:43:43Z","user_id":"56748e5e3564620003fd0100","duration":24.31}]}],"region":{"x":260.9903953238117,"y":625.6887573130331,"width":270.6630959280771,"height":50.96902798336498,"label":"Mortgager Name","shape":"rectangle"},"task_key":"em_transcribed_mortgager","instructions":{"mark":"Mortgager Name","transcribe":"Enter the mortgager's name","verify":"Choose the best transcription or enter your own!"}},{"id":"580d7894616439000341b201","status":"complete","name":"Street Address","created_in_workflow":"transcribe","confidence":1.0,"data":{"value":"252 W 20"},"versions":[{"data":{"value":"252 W 20"},"votes":3,"confidence":1.0,"instances":[{"created":"2015-11-08T19:43:03Z","user_id":"563f9ecb32643400035e5e00","duration":29.381},{"created":"2015-11-08T19:48:19Z","user_id":"563fb0353264340003d76f00","duration":6.949},{"created":"2016-06-23T17:12:46Z","user_id":"56cd8f5e6661360003f60100","duration":8.174}]}],"region":{"x":294.38389417208106,"y":679.2941143300204,"width":234.63326822336552,"height":39.544935504334944,"label":"Street Address","shape":"rectangle"},"task_key":"em_record_street_address","instructions":{"mark":"Street Address","transcribe":"Enter the street address"}},{"id":"580d7894616439000342b201","status":"awaiting_transcriptions","name":"Additional Info","created_in_workflow":"transcribe","confidence":0.3333333333333333,"data":{"value":"dimensions in description: 25, 86, 25.4, 89\""},"versions":[{"data":{"value":"dimensions in description: 25, 86, 25.4, 89\""},"votes":1,"confidence":0.3333333333333333,"instances":[{"created":"2015-11-08T20:16:23Z","user_id":"563fa8bc3264340003db6900","duration":53.757}]}],"region":{"x":365.5647732960234,"y":723.2329315570593,"width":229.3606105104808,"height":100.18050327764854,"label":"Dimension \u0026 Description","shape":"rectangle"},"task_key":"em_record_survey_additional_info","instructions":{"mark":"Dimension \u0026 Description","transcribe":"Enter any additional information you find about the building's construction or significance."}},{"id":"580d7894616439000343b201","status":"complete","name":"Land \u0026 Building Dimensions","created_in_workflow":"verify","confidence":1.0,"data":{"em_survey_land_dimensions":"see diagram"},"versions":[{"data":{"em_survey_land_dimensions":"see diagram"},"votes":3,"confidence":1.0,"instances":[{"created":"2015-12-02T00:54:31Z","user_id":"5647496e3562310003960400","duration":20.658},{"created":"2015-12-24T09:16:52Z","user_id":"56748e5e3564620003fd0100","duration":6.062},{"created":"2015-12-26T01:43:17Z","user_id":"5668bbbe3064310003db0500","duration":7.218}]}],"region":{"x":365.5647732960234,"y":723.2329315570593,"width":229.3606105104808,"height":100.18050327764854,"label":"Dimension \u0026 Description","shape":"rectangle"},"task_key":"em_transcribed_survey","instructions":{"mark":"Dimension \u0026 Description","transcribe":"Enter, as they appear, any land and building dimensions that were recorded. In the next screen, you'll enter the descriptive information.","verify":"Choose the best transcription or enter your own!"}},{"id":"580d7894616439000344b201","status":"complete","name":"Stories \u0026 Materials","created_in_workflow":"verify","confidence":1.0,"data":{"em_record_stories":"3","em_record_material":"frame"},"versions":[{"data":{"em_record_stories":"3","em_record_material":"frame"},"votes":3,"confidence":0.75,"instances":[{"created":"2015-12-02T00:54:10Z","user_id":"5647496e3562310003960400","duration":8.536},{"created":"2015-12-24T09:20:42Z","user_id":"56748e5e3564620003fd0100","duration":5.647},{"created":"2015-12-26T15:21:13Z","user_id":"563bfc7535326200037f3900","duration":4.944}]},{"data":{"em_record_stories":"3","em_record_material":"Frame"},"votes":1,"confidence":0.25,"instances":[{"created":"2015-12-26T01:43:09Z","user_id":"5668bbbe3064310003db0500","duration":10.57}]}],"region":{"x":365.5647732960234,"y":723.2329315570593,"width":229.3606105104808,"height":100.18050327764854,"label":"Dimension \u0026 Description","shape":"rectangle"},"task_key":"em_transcribed_stories_materials","instructions":{"mark":"Dimension \u0026 Description","transcribe":"Enter, as they appear, the number of stories and the building materials.","verify":"Choose the best transcription or enter your own!"}},{"id":"580d7894616439000345b201","status":"complete","name":"Record Date","created_in_workflow":"verify","confidence":1.0,"data":{"value":"Nov. 23/91"},"versions":[{"data":{"value":"Nov. 23/91"},"votes":3,"confidence":1.0,"instances":[{"created":"2015-12-11T15:02:52Z","user_id":"563f8b7a3264340003774b00","duration":5.784},{"created":"2015-12-20T19:43:19Z","user_id":"56748e5e3564620003fd0100","duration":4.185},{"created":"2015-12-23T21:16:45Z","user_id":"5668bbbe3064310003db0500","duration":10.162}]}],"region":{"x":309.32309102525414,"y":575.5985056742088,"width":227.60305793951932,"height":62.39312046239513,"label":"Record Date","shape":"rectangle"},"task_key":"em_transcribed_date","instructions":{"mark":"Record Date","transcribe":"Enter the record date","verify":"Choose the best transcription or enter your own!"}},{"id":"580d7894616439000346b201","status":"awaiting_votes","name":"Valuation Date","created_in_workflow":"verify","confidence":0.3333333333333333,"data":{"value":" "},"versions":[{"data":{"value":" "},"votes":1,"confidence":0.3333333333333333,"instances":[{"created":"2015-12-20T19:46:14Z","user_id":"56748e5e3564620003fd0100","duration":4.183}]}],"region":{"x":971.0416339922737,"y":575.5985056742088,"width":148.51319224625001,"height":69.42333121872127,"label":"Valuation","shape":"rectangle"},"task_key":"em_transcribed_valuation_date","instructions":{"mark":"Valuation","transcribe":"Enter the date of the valuation (if one is given). In the next screen, you'll enter the valuation's dollar amounts.","verify":"Choose the best transcription or enter your own!"}},{"id":"580d7894616439000347b201","status":"awaiting_votes","name":"Total Value","created_in_workflow":"verify","confidence":0.5,"data":{"value":"$12000"},"versions":[{"data":{"value":"$12000"},"votes":2,"confidence":0.5,"instances":[{"created":"2015-12-20T19:46:10Z","user_id":"56748e5e3564620003fd0100","duration":3.428},{"created":"2015-12-23T21:17:47Z","user_id":"5668bbbe3064310003db0500","duration":7.729}]},{"data":{"value":"$12,000"},"votes":2,"confidence":0.5,"instances":[{"created":"2015-12-26T15:13:46Z","user_id":"563bfc7535326200037f3900","duration":6.668},{"created":"2015-12-27T02:14:33Z","user_id":"567f35e03037360003d10000","duration":5.611}]}],"region":{"x":971.0416339922737,"y":575.5985056742088,"width":148.51319224625001,"height":69.42333121872127,"label":"Valuation","shape":"rectangle"},"task_key":"em_transcribed_valuation_total","instructions":{"mark":"Valuation","transcribe":"Enter the valuation ***total*** (if one is given)","verify":"Choose the best transcription or enter your own!"}},{"id":"580d7894616439000348b201","status":"complete","name":"Land \u0026 Building Value","created_in_workflow":"verify","confidence":1.0,"data":{"em_valuation_ground":"","em_valuation_building":""},"versions":[{"data":{"em_valuation_ground":"","em_valuation_building":""},"votes":3,"confidence":0.75,"instances":[{"created":"2015-12-24T09:15:37Z","user_id":"56748e5e3564620003fd0100","duration":4.32},{"created":"2015-12-25T03:24:00Z","user_id":"5668bbbe3064310003db0500","duration":7.601},{"created":"2015-12-26T15:19:00Z","user_id":"563bfc7535326200037f3900","duration":9.905}]},{"data":{"em_valuation_ground":"12000"},"votes":1,"confidence":0.25,"instances":[{"created":"2016-09-14T22:39:19Z","user_id":"57d9d1736639350003de0400","duration":18.888}]}],"region":{"x":971.0416339922737,"y":575.5985056742088,"width":148.51319224625001,"height":69.42333121872127,"label":"Valuation","shape":"rectangle"},"task_key":"em_transcribed_valuation_itemized","instructions":{"mark":"Valuation","transcribe":"Sometimes valuations include itemized dollar values for \"ground\" and \"building\". Enter these amounts if you can find them. In the next screen, you'll enter the total valuation.","verify":"Choose the best transcription or enter your own!"}},{"id":"580d7894616439000349b201","status":"complete","name":"Amount Loaned","created_in_workflow":"verify","confidence":1.0,"data":{"value":"$1000"},"versions":[{"data":{"value":"$1000"},"votes":3,"confidence":1.0,"instances":[{"created":"2015-12-20T19:40:41Z","user_id":"56748e5e3564620003fd0100","duration":2.845},{"created":"2015-12-23T21:18:09Z","user_id":"5668bbbe3064310003db0500","duration":4.42},{"created":"2015-12-25T02:11:43Z","user_id":"563f8b7a3264340003774b00","duration":5.219}]}],"region":{"x":949.0722268552544,"y":662.5973637837457,"width":101.93804911576933,"height":54.484133361528166,"label":"Amount Loaned","shape":"rectangle"},"task_key":"em_transcribed_amount_loaned","instructions":{"mark":"Amount Loaned","transcribe":"Enter the Amount Loaned","verify":"Choose the best transcription or enter your own!"}}]}],"export_document":{"name":"Record","export_fields":[{"name":"Mortgager","value":"Thomas Delahunty","original_value":{"value":"Thomas Delahunty"},"assertion_ids":["580d7894616439000340b201"]},{"name":"Street Address","value":"252 W 20","original_value":{"value":"252 W 20"},"assertion_ids":["580d7894616439000341b201"]},{"name":"Record Date","value":"1891-11-23T00:00:00Z","original_value":{"value":"Nov. 23/91"},"assertion_ids":["580d7894616439000345b201"]},{"name":"Land \u0026 Building Dimensions","value":{"em_survey_land_dimensions":[0]},"original_value":{"em_survey_land_dimensions":"see diagram"},"assertion_ids":["580d7894616439000343b201"]},{"name":"Amount Loaned","value":1000.0,"original_value":{"value":"$1000"},"assertion_ids":["580d7894616439000349b201"]},{"name":"Stories \u0026 Materials","value":{"em_record_stories":3,"em_record_material":"frame"},"original_value":{"em_record_stories":"3","em_record_material":"frame"},"assertion_ids":["580d7894616439000344b201"]},{"name":"Valuation","value":null,"original_value":null,"assertion_ids":null},{"name":"Record Number","value":3789,"original_value":{"value":"3789"},"assertion_ids":["580d789461643900033fb201"]},{"name":"Additional Info","value":"dimensions in description: 25, 86, 25.4, 89\"","original_value":{"value":"dimensions in description: 25, 86, 25.4, 89\""},"assertion_ids":["580d7894616439000342b201"]}]}}