{"id":"56b109d37061755afbf4be00","meta_data":{"capture_uuid":"11b28740-02e7-0133-e036-58d385a7bbd0","page_uri":"http://digitalcollections.nypl.org/items/11b28740-02e7-0133-e036-58d385a7bbd0","book_uri":"http://digitalcollections.nypl.org/items/109c0900-02e7-0133-03cf-58d385a7bbd0","source_rotated":"0.839234","source_x":"0","source_y":"886.42","source_w":"1371.64","source_h":"999.58"},"type":"final_subject_set","search_terms_by_field":{"Land \u0026 Building Dimensions":["20 x 60","20 x 25"],"Stories \u0026 Materials":["2","brick"],"Additional Info":[],"Valuation Date":[],"Land \u0026 Building Value":[],"Total Value":["$6,250 Contract"],"Record Number":["3807"],"Mortgager":["Jno. T. Clarke"],"Street Address":["42 Bedford St"],"Record Date":["Dec 14/91"],"Amount Loaned":["$3000"]},"subjects":[{"id":"580d6c3e6164390003cc3301","type":"root","location":{"standard":"https://s3.amazonaws.com/scribe.nypl.org/emigrant-s4/full/11b28740-02e7-0133-e036-58d385a7bbd0.left-bottom.jpg","thumbnail":"https://s3.amazonaws.com/scribe.nypl.org/emigrant-s4/thumb/11b28740-02e7-0133-e036-58d385a7bbd0.left-bottom.jpg"},"status":"retired","width":1371,"height":999,"meta_data":{"capture_uuid":"11b28740-02e7-0133-e036-58d385a7bbd0","page_uri":"http://digitalcollections.nypl.org/items/11b28740-02e7-0133-e036-58d385a7bbd0","book_uri":"http://digitalcollections.nypl.org/items/109c0900-02e7-0133-03cf-58d385a7bbd0","source_rotated":"0.839234","source_x":"0","source_y":"886.42","source_w":"1371.64","source_h":"999.58"},"assertions":[{"id":"580d6c3e6164390003cd3301","status":"awaiting_transcriptions","name":"Land \u0026 Building Dimensions","created_in_workflow":"transcribe","confidence":0.6666666666666666,"data":{"em_survey_land_dimensions":"20 x 60","em_survey_building_dimensions":"20 x 25"},"versions":[{"data":{"em_survey_land_dimensions":"20 x 60","em_survey_building_dimensions":"20 x 25"},"votes":2,"confidence":0.6666666666666666,"instances":[{"created":"2015-11-20T00:14:25Z","user_id":"563f8b7a3264340003774b00","duration":20.471},{"created":"2016-10-06T21:47:00Z","user_id":"57c49a363234370003600200","duration":9.854}]}],"region":{"x":219.64240556048998,"y":728.9774058577407,"width":407.67309393520617,"height":96.59196652719669,"label":"Dimension \u0026 Description","shape":"rectangle"},"task_key":"em_record_survey","instructions":{"mark":"Dimension \u0026 Description","transcribe":"Enter, as they appear, any land and building dimensions that were recorded. In the next screen, you'll enter the descriptive information."}},{"id":"580d6c3e6164390003ce3301","status":"awaiting_transcriptions","name":"Stories \u0026 Materials","created_in_workflow":"transcribe","confidence":0.6666666666666666,"data":{"em_record_stories":"2","em_record_material":"brick"},"versions":[{"data":{"em_record_stories":"2","em_record_material":"brick"},"votes":2,"confidence":0.6666666666666666,"instances":[{"created":"2015-11-20T00:14:32Z","user_id":"563f8b7a3264340003774b00","duration":7.27},{"created":"2016-10-06T21:47:04Z","user_id":"57c49a363234370003600200","duration":4.677}]}],"region":{"x":219.64240556048998,"y":728.9774058577407,"width":407.67309393520617,"height":96.59196652719669,"label":"Dimension \u0026 Description","shape":"rectangle"},"task_key":"em_record_survey_stories_materials","instructions":{"mark":"Dimension \u0026 Description","transcribe":"Enter, as they appear, the number of stories and the building materials."}},{"id":"580d6c3e6164390003cf3301","status":"awaiting_transcriptions","name":"Additional Info","created_in_workflow":"transcribe","confidence":0.6666666666666666,"data":{"value":""},"versions":[{"data":{"value":""},"votes":2,"confidence":0.6666666666666666,"instances":[{"created":"2015-11-20T00:14:34Z","user_id":"563f8b7a3264340003774b00","duration":2.142},{"created":"2016-10-06T21:47:05Z","user_id":"57c49a363234370003600200","duration":0.888}]}],"region":{"x":219.64240556048998,"y":728.9774058577407,"width":407.67309393520617,"height":96.59196652719669,"label":"Dimension \u0026 Description","shape":"rectangle"},"task_key":"em_record_survey_additional_info","instructions":{"mark":"Dimension \u0026 Description","transcribe":"Enter any additional information you find about the building's construction or significance."}},{"id":"580d6c3e6164390003d03301","status":"awaiting_transcriptions","name":"Valuation Date","created_in_workflow":"transcribe","confidence":0.3333333333333333,"data":{"value":""},"versions":[{"data":{"value":""},"votes":1,"confidence":0.3333333333333333,"instances":[{"created":"2015-11-20T00:13:05Z","user_id":"563f8b7a3264340003774b00","duration":3.975}]},{"data":{"value":"Dec 14/91"},"votes":1,"confidence":0.3333333333333333,"instances":[{"created":"2016-10-06T21:53:32Z","user_id":"57c49a363234370003600200","duration":11.391}]}],"region":{"x":763.7479538671868,"y":596.5576569037657,"width":330.6672473693311,"height":91.24167364016738,"label":"Valuation","shape":"rectangle"},"task_key":"em_record_valuation","instructions":{"mark":"Valuation","transcribe":"Enter the date of the valuation (if one is given). In the next screen, you'll enter the valuation's dollar amounts."}},{"id":"580d6c3e6164390003d13301","status":"awaiting_transcriptions","name":"Total Value","created_in_workflow":"transcribe","confidence":0.3333333333333333,"data":{"value":"$6,250 Contract"},"versions":[{"data":{"value":"$6,250 Contract"},"votes":1,"confidence":0.3333333333333333,"instances":[{"created":"2015-11-20T00:13:28Z","user_id":"563f8b7a3264340003774b00","duration":21.33}]},{"data":{"value":"6250."},"votes":1,"confidence":0.3333333333333333,"instances":[{"created":"2016-10-06T21:53:42Z","user_id":"57c49a363234370003600200","duration":6.573}]}],"region":{"x":763.7479538671868,"y":596.5576569037657,"width":330.6672473693311,"height":91.24167364016738,"label":"Valuation","shape":"rectangle"},"task_key":"em_record_valuation_total","instructions":{"mark":"Valuation","transcribe":"Enter the valuation ***total*** (if one is given)"}},{"id":"580d6c3e6164390003d23301","status":"awaiting_transcriptions","name":"Land \u0026 Building Value","created_in_workflow":"transcribe","confidence":0.3333333333333333,"data":{"em_valuation_ground":""},"versions":[{"data":{"em_valuation_ground":""},"votes":1,"confidence":0.3333333333333333,"instances":[{"created":"2015-11-20T00:13:07Z","user_id":"563f8b7a3264340003774b00","duration":1.675}]},{"data":{"em_valuation_ground":" ","em_valuation_building":" "},"votes":1,"confidence":0.3333333333333333,"instances":[{"created":"2016-10-06T21:53:35Z","user_id":"57c49a363234370003600200","duration":3.242}]}],"region":{"x":763.7479538671868,"y":596.5576569037657,"width":330.6672473693311,"height":91.24167364016738,"label":"Valuation","shape":"rectangle"},"task_key":"em_record_valuation_ground_building","instructions":{"mark":"Valuation","transcribe":"Sometimes valuations include itemized dollar values for \"ground\" and \"building\". Enter these amounts if you can find them. In the next screen, you'll enter the total valuation."}},{"id":"580d6c3e6164390003d33301","status":"awaiting_votes","name":"Record Number","created_in_workflow":"verify","confidence":0.6666666666666666,"data":{"value":"3807"},"versions":[{"data":{"value":"3807"},"votes":2,"confidence":0.6666666666666666,"instances":[{"created":"2016-08-28T20:45:43Z","user_id":"5750d4e061323000033d0000","duration":2.927},{"created":"2016-09-05T23:27:54Z","user_id":"57c49a363234370003600200","duration":7.399}]}],"region":{"x":708.9074575021758,"y":57.51564853556486,"width":176.84634293088598,"height":97.92953974895399,"label":"Record Number","shape":"rectangle"},"task_key":"em_transcribed_record_number","instructions":{"mark":"Record Number","transcribe":"Enter the record number","verify":"Choose the best transcription or enter your own!"}},{"id":"580d6c3e6164390003d43301","status":"awaiting_votes","name":"Mortgager","created_in_workflow":"verify","confidence":0.3333333333333333,"data":{"value":"Jno. T. Clarke"},"versions":[{"data":{"value":"Jno. T. Clarke"},"votes":1,"confidence":0.3333333333333333,"instances":[{"created":"2016-08-28T20:51:09Z","user_id":"5750d4e061323000033d0000","duration":8.172}]}],"region":{"x":159.16492076999316,"y":639.36,"width":243.72499703455784,"height":60.47748953974896,"label":"Mortgager Name","shape":"rectangle"},"task_key":"em_transcribed_mortgager","instructions":{"mark":"Mortgager Name","transcribe":"Enter the mortgager's name","verify":"Choose the best transcription or enter your own!"}},{"id":"580d6c3e6164390003d53301","status":"awaiting_votes","name":"Street Address","created_in_workflow":"verify","confidence":0.6666666666666666,"data":{"value":"42 Bedford St"},"versions":[{"data":{"value":"42 Bedford St"},"votes":2,"confidence":0.6666666666666666,"instances":[{"created":"2016-08-28T20:51:18Z","user_id":"5750d4e061323000033d0000","duration":9.733},{"created":"2016-09-05T23:35:45Z","user_id":"57c49a363234370003600200","duration":11.203}]}],"region":{"x":210.27939398597607,"y":679.4871966527194,"width":289.966662712744,"height":57.8023430962343,"label":"Street Address","shape":"rectangle"},"task_key":"em_transcribed_address","instructions":{"mark":"Street Address","transcribe":"Enter the street address","verify":"Choose the best transcription or enter your own!"}},{"id":"580d6c3e6164390003d63301","status":"complete","name":"Record Date","created_in_workflow":"verify","confidence":1.0,"data":{"value":"Dec 14/91"},"versions":[{"data":{"value":"Dec 14/91"},"votes":3,"confidence":1.0,"instances":[{"created":"2016-05-22T02:42:23Z","user_id":"563f8b7a3264340003774b00","duration":4.807},{"created":"2016-08-28T20:51:00Z","user_id":"5750d4e061323000033d0000","duration":3.514},{"created":"2016-09-05T23:28:04Z","user_id":"57c49a363234370003600200","duration":3.296}]}],"region":{"x":197.95454015012282,"y":599.2328033472804,"width":242.38742395248443,"height":63.15263598326361,"label":"Record Date","shape":"rectangle"},"task_key":"em_transcribed_date","instructions":{"mark":"Record Date","transcribe":"Enter the record date","verify":"Choose the best transcription or enter your own!"}},{"id":"580d6c3e6164390003d73301","status":"awaiting_votes","name":"Amount Loaned","created_in_workflow":"verify","confidence":0.6666666666666666,"data":{"value":"$3000"},"versions":[{"data":{"value":"$3000"},"votes":2,"confidence":0.6666666666666666,"instances":[{"created":"2016-08-28T20:51:23Z","user_id":"5750d4e061323000033d0000","duration":4.209},{"created":"2016-09-05T23:35:51Z","user_id":"57c49a363234370003600200","duration":6.557}]}],"region":{"x":822.601169478418,"y":691.5253556485357,"width":134.04400430453592,"height":48.43933054393305,"label":"Amount Loaned","shape":"rectangle"},"task_key":"em_transcribed_amount_loaned","instructions":{"mark":"Amount Loaned","transcribe":"Enter the Amount Loaned","verify":"Choose the best transcription or enter your own!"}}]}],"export_document":{"name":"Record","export_fields":[{"name":"Mortgager","value":"Jno. T. Clarke","original_value":{"value":"Jno. T. Clarke"},"assertion_ids":["580d6c3e6164390003d43301"]},{"name":"Street Address","value":"42 Bedford St","original_value":{"value":"42 Bedford St"},"assertion_ids":["580d6c3e6164390003d53301"]},{"name":"Record Date","value":"1891-12-14T00:00:00Z","original_value":{"value":"Dec 14/91"},"assertion_ids":["580d6c3e6164390003d63301"]},{"name":"Land \u0026 Building Dimensions","value":{"em_survey_land_dimensions":[20,60],"em_survey_building_dimensions":[20,25]},"original_value":{"em_survey_land_dimensions":"20 x 60","em_survey_building_dimensions":"20 x 25"},"assertion_ids":["580d6c3e6164390003cd3301"]},{"name":"Amount Loaned","value":3000.0,"original_value":{"value":"$3000"},"assertion_ids":["580d6c3e6164390003d73301"]},{"name":"Stories \u0026 Materials","value":{"em_record_stories":2,"em_record_material":"brick"},"original_value":{"em_record_stories":"2","em_record_material":"brick"},"assertion_ids":["580d6c3e6164390003ce3301"]},{"name":"Valuation","value":null,"original_value":null,"assertion_ids":null},{"name":"Record Number","value":3807,"original_value":{"value":"3807"},"assertion_ids":["580d6c3e6164390003d33301"]},{"name":"Additional Info","value":"","original_value":{"value":""},"assertion_ids":["580d6c3e6164390003cf3301"]}]}}