{"id":"56b10a537061755afbd7c800","meta_data":{"capture_uuid":"136b1fe0-02e7-0133-8f93-58d385a7bbd0","page_uri":"http://digitalcollections.nypl.org/items/136b1fe0-02e7-0133-8f93-58d385a7bbd0","book_uri":"http://digitalcollections.nypl.org/items/109c0900-02e7-0133-03cf-58d385a7bbd0","source_rotated":"0.615458","source_x":"0","source_y":"864.8","source_w":"1368.46","source_h":"975.2"},"type":"final_subject_set","search_terms_by_field":{"Land \u0026 Building Value":["$14000","6000"],"Total Value":["20000"],"Record Number":["3987"],"Mortgager":["Fred R. Horstmann"],"Street Address":["111-2nd Ave"],"Land \u0026 Building Dimensions":["21 x 98","3 story br. 21 x 50"],"Stories \u0026 Materials":["3","brick"],"Additional Info":[],"Record Date":["Jany 9/93"],"Amount Loaned":["$10000"]},"subjects":[{"id":"580da6b86164390003e50a03","type":"root","location":{"standard":"https://s3.amazonaws.com/scribe.nypl.org/emigrant-s4/full/136b1fe0-02e7-0133-8f93-58d385a7bbd0.left-bottom.jpg","thumbnail":"https://s3.amazonaws.com/scribe.nypl.org/emigrant-s4/thumb/136b1fe0-02e7-0133-8f93-58d385a7bbd0.left-bottom.jpg"},"status":"retired","width":1368,"height":975,"meta_data":{"capture_uuid":"136b1fe0-02e7-0133-8f93-58d385a7bbd0","page_uri":"http://digitalcollections.nypl.org/items/136b1fe0-02e7-0133-8f93-58d385a7bbd0","book_uri":"http://digitalcollections.nypl.org/items/109c0900-02e7-0133-03cf-58d385a7bbd0","source_rotated":"0.615458","source_x":"0","source_y":"864.8","source_w":"1368.46","source_h":"975.2"},"assertions":[{"id":"580da6b86164390003e60a03","status":"awaiting_votes","name":"Land \u0026 Building Value","created_in_workflow":"verify","confidence":0.3333333333333333,"data":{"em_valuation_ground":"$14000","em_valuation_building":"6000"},"versions":[{"data":{"em_valuation_ground":"$14000","em_valuation_building":"6000"},"votes":1,"confidence":0.3333333333333333,"instances":[{"created":"2016-09-23T17:37:22Z","user_id":"57c49a363234370003600200","duration":7.053}]}],"region":{"x":803.7528156948166,"y":588.6154179767972,"width":175.90806052183234,"height":93.36658354114707,"label":"Valuation","shape":"rectangle"},"task_key":"em_transcribed_valuation_itemized","instructions":{"mark":"Valuation","transcribe":"Sometimes valuations include itemized dollar values for \"ground\" and \"building\". Enter these amounts if you can find them. In the next screen, you'll enter the total valuation.","verify":"Choose the best transcription or enter your own!"}},{"id":"580da6b86164390003e70a03","status":"awaiting_transcriptions","name":"Total Value","created_in_workflow":"transcribe","confidence":0.3333333333333333,"data":{"value":"20000"},"versions":[{"data":{"value":"20000"},"votes":1,"confidence":0.3333333333333333,"instances":[{"created":"2016-02-08T11:43:53Z","user_id":"56b87ee96461320003320100","duration":4.779}]},{"data":{"value":"$20000"},"votes":1,"confidence":0.3333333333333333,"instances":[{"created":"2016-02-08T12:50:35Z","user_id":"56b88eac64613200034c0100","duration":30.827}]}],"region":{"x":803.7528156948166,"y":588.6154179767972,"width":175.90806052183234,"height":93.36658354114707,"label":"Valuation","shape":"rectangle"},"task_key":"em_record_valuation_total","instructions":{"mark":"Valuation","transcribe":"Enter the valuation ***total*** (if one is given)"}},{"id":"580da6b86164390003e80a03","status":"complete","name":"Record Number","created_in_workflow":"transcribe","confidence":1.0,"data":{"value":"3987"},"versions":[{"data":{"value":"3987"},"votes":3,"confidence":1.0,"instances":[{"created":"2016-02-08T11:37:50Z","user_id":"56b87e056461320003260100","duration":8.678},{"created":"2016-02-08T11:43:09Z","user_id":"56b87ee96461320003320100","duration":6.006},{"created":"2016-02-08T12:48:52Z","user_id":"56b88eac64613200034c0100","duration":7.378}]}],"region":{"x":759.099231100813,"y":56.831833459828694,"width":123.1356423652827,"height":75.77577794643827,"label":"Record Number","shape":"rectangle"},"task_key":"em_record_number","instructions":{"mark":"Record Number","transcribe":"Enter the record number"}},{"id":"580da6b86164390003e90a03","status":"awaiting_votes","name":"Mortgager","created_in_workflow":"verify","confidence":0.3333333333333333,"data":{"value":"Fred R. Horstmann"},"versions":[{"data":{"value":"Fred R. Horstmann"},"votes":1,"confidence":0.3333333333333333,"instances":[{"created":"2016-02-08T19:33:19Z","user_id":"56b8e87636623400031f0200","duration":18.412}]},{"data":{"value":"Fred Horstmann"},"votes":1,"confidence":0.3333333333333333,"instances":[{"created":"2016-02-08T22:59:15Z","user_id":"56980a2d3337650003270200","duration":75.975}]}],"region":{"x":193.48715957676737,"y":633.2690014095197,"width":263.8620907827485,"height":48.71300010842458,"label":"Mortgager Name","shape":"rectangle"},"task_key":"em_transcribed_mortgager","instructions":{"mark":"Mortgager Name","transcribe":"Enter the mortgager's name","verify":"Choose the best transcription or enter your own!"}},{"id":"580da6b86164390003ea0a03","status":"complete","name":"Street Address","created_in_workflow":"verify","confidence":1.0,"data":{"value":"111-2nd Ave"},"versions":[{"data":{"value":"111-2nd Ave"},"votes":3,"confidence":1.0,"instances":[{"created":"2016-02-08T22:59:24Z","user_id":"56980a2d3337650003270200","duration":5.802},{"created":"2016-02-09T04:11:55Z","user_id":"563f8b7a3264340003774b00","duration":18.867},{"created":"2016-02-12T19:58:12Z","user_id":"5668b33530333000032d0500","duration":5.564}]}],"region":{"x":236.78760524367996,"y":669.8037514908382,"width":240.85872902220123,"height":51.419277892225864,"label":"Street Address","shape":"rectangle"},"task_key":"em_transcribed_address","instructions":{"mark":"Street Address","transcribe":"Enter the street address","verify":"Choose the best transcription or enter your own!"}},{"id":"580da6b86164390003eb0a03","status":"awaiting_votes","name":"Land \u0026 Building Dimensions","created_in_workflow":"transcribe","confidence":0.25,"data":{"em_survey_land_dimensions":"21 x 98","em_survey_building_dimensions":"3 story br. 21 x 50"},"versions":[{"data":{"em_survey_land_dimensions":"21 x 98","em_survey_building_dimensions":"3 story br. 21 x 50"},"votes":1,"confidence":0.25,"instances":[{"created":"2016-02-08T11:41:54Z","user_id":"56b87e056461320003260100","duration":33.38}]},{"data":{"em_survey_land_dimensions":"21x98","em_survey_building_dimensions":"21x50"},"votes":1,"confidence":0.25,"instances":[{"created":"2016-02-08T11:46:32Z","user_id":"56b87ee96461320003320100","duration":112.538}]},{"data":{"em_survey_land_dimensions":"21x98","em_survey_building_dimensions":"3 Horn Br 21x50"},"votes":1,"confidence":0.25,"instances":[{"created":"2016-02-08T12:52:22Z","user_id":"56b88eac64613200034c0100","duration":51.802}]},{"data":{"em_survey_land_dimensions":"21 x 98","em_survey_building_dimensions":"21 x 50"},"votes":1,"confidence":0.25,"instances":[{"created":"2016-09-23T17:40:21Z","user_id":"57c49a363234370003600200","duration":10.752}]}],"region":{"x":225.9624938269518,"y":714.4573349235607,"width":377.5257606583941,"height":97.42600021684916,"label":"Dimension \u0026 Description","shape":"rectangle"},"task_key":"em_record_survey","instructions":{"mark":"Dimension \u0026 Description","transcribe":"Enter, as they appear, any land and building dimensions that were recorded. In the next screen, you'll enter the descriptive information."}},{"id":"580da6b86164390003ec0a03","status":"awaiting_votes","name":"Stories \u0026 Materials","created_in_workflow":"transcribe","confidence":0.5,"data":{"em_record_stories":"3","em_record_material":"brick"},"versions":[{"data":{"em_record_stories":"3","em_record_material":"brick"},"votes":2,"confidence":0.5,"instances":[{"created":"2016-02-08T11:42:11Z","user_id":"56b87e056461320003260100","duration":16.71},{"created":"2016-02-08T11:46:39Z","user_id":"56b87ee96461320003320100","duration":7.904}]},{"data":{"em_record_stories":"","em_record_material":""},"votes":1,"confidence":0.25,"instances":[{"created":"2016-02-08T12:52:32Z","user_id":"56b88eac64613200034c0100","duration":10.102}]},{"data":{"em_record_stories":"3","em_record_material":"br."},"votes":1,"confidence":0.25,"instances":[{"created":"2016-09-23T17:40:27Z","user_id":"57c49a363234370003600200","duration":5.784}]}],"region":{"x":225.9624938269518,"y":714.4573349235607,"width":377.5257606583941,"height":97.42600021684916,"label":"Dimension \u0026 Description","shape":"rectangle"},"task_key":"em_record_survey_stories_materials","instructions":{"mark":"Dimension \u0026 Description","transcribe":"Enter, as they appear, the number of stories and the building materials."}},{"id":"580da6b86164390003ed0a03","status":"awaiting_transcriptions","name":"Additional Info","created_in_workflow":"transcribe","confidence":0.3333333333333333,"data":{"value":""},"versions":[{"data":{"value":""},"votes":1,"confidence":0.3333333333333333,"instances":[{"created":"2016-02-08T12:52:35Z","user_id":"56b88eac64613200034c0100","duration":3.558}]}],"region":{"x":225.9624938269518,"y":714.4573349235607,"width":377.5257606583941,"height":97.42600021684916,"label":"Dimension \u0026 Description","shape":"rectangle"},"task_key":"em_record_survey_additional_info","instructions":{"mark":"Dimension \u0026 Description","transcribe":"Enter any additional information you find about the building's construction or significance."}},{"id":"580da6b86164390003ee0a03","status":"awaiting_votes","name":"Record Date","created_in_workflow":"verify","confidence":0.6666666666666666,"data":{"value":"Jany 9/93"},"versions":[{"data":{"value":"Jany 9/93"},"votes":2,"confidence":0.6666666666666666,"instances":[{"created":"2016-02-14T21:24:17Z","user_id":"56c0e58d3435350003420000","duration":16.423},{"created":"2016-09-23T21:50:11Z","user_id":"57c49a363234370003600200","duration":9.659}]},{"data":{"value":"Juany 9/93"},"votes":1,"confidence":0.3333333333333333,"instances":[{"created":"2016-02-08T22:57:08Z","user_id":"56980a2d3337650003270200","duration":13.22}]}],"region":{"x":243.55329987913504,"y":583.2028624091944,"width":170.49550481346827,"height":67.65694459503425,"label":"Record Date","shape":"rectangle"},"task_key":"em_transcribed_date","instructions":{"mark":"Record Date","transcribe":"Enter the record date","verify":"Choose the best transcription or enter your own!"}},{"id":"580da6b86164390003ef0a03","status":"complete","name":"Amount Loaned","created_in_workflow":"verify","confidence":1.0,"data":{"value":"$10000"},"versions":[{"data":{"value":"$10000"},"votes":3,"confidence":1.0,"instances":[{"created":"2016-02-08T22:59:18Z","user_id":"56980a2d3337650003270200","duration":3.209},{"created":"2016-02-09T04:11:37Z","user_id":"563f8b7a3264340003774b00","duration":7.226},{"created":"2016-02-12T19:58:06Z","user_id":"5668b33530333000032d0500","duration":5.452}]}],"region":{"x":852.4658170700933,"y":669.8037514908382,"width":132.6076148549197,"height":52.77241678412656,"label":"Amount Loaned","shape":"rectangle"},"task_key":"em_transcribed_amount_loaned","instructions":{"mark":"Amount Loaned","transcribe":"Enter the Amount Loaned","verify":"Choose the best transcription or enter your own!"}}]}],"export_document":{"name":"Record","export_fields":[{"name":"Mortgager","value":"Fred R. Horstmann","original_value":{"value":"Fred R. Horstmann"},"assertion_ids":["580da6b86164390003e90a03"]},{"name":"Street Address","value":"111-2nd Ave","original_value":{"value":"111-2nd Ave"},"assertion_ids":["580da6b86164390003ea0a03"]},{"name":"Record Date","value":"1893-01-09T00:00:00Z","original_value":{"value":"Jany 9/93"},"assertion_ids":["580da6b86164390003ee0a03"]},{"name":"Land \u0026 Building Dimensions","value":{"em_survey_land_dimensions":[21,98],"em_survey_building_dimensions":[3,50]},"original_value":{"em_survey_land_dimensions":"21 x 98","em_survey_building_dimensions":"3 story br. 21 x 50"},"assertion_ids":["580da6b86164390003eb0a03"]},{"name":"Amount Loaned","value":10000.0,"original_value":{"value":"$10000"},"assertion_ids":["580da6b86164390003ef0a03"]},{"name":"Stories \u0026 Materials","value":{"em_record_stories":3,"em_record_material":"brick"},"original_value":{"em_record_stories":"3","em_record_material":"brick"},"assertion_ids":["580da6b86164390003ec0a03"]},{"name":"Valuation","value":null,"original_value":null,"assertion_ids":null},{"name":"Record Number","value":3987,"original_value":{"value":"3987"},"assertion_ids":["580da6b86164390003e80a03"]},{"name":"Additional Info","value":"","original_value":{"value":""},"assertion_ids":["580da6b86164390003ed0a03"]}]}}