{"id":"56b10a2c7061755afbebc500","meta_data":{"capture_uuid":"12f6f2f0-02e7-0133-64aa-58d385a7bbd0","page_uri":"http://digitalcollections.nypl.org/items/12f6f2f0-02e7-0133-64aa-58d385a7bbd0","book_uri":"http://digitalcollections.nypl.org/items/109c0900-02e7-0133-03cf-58d385a7bbd0","source_rotated":"0.923143","source_x":"0","source_y":"0","source_w":"1371.67","source_h":"885.12"},"type":"final_subject_set","search_terms_by_field":{"Valuation Date":["July, 18/92"],"Land \u0026 Building Value":["8000","4000"],"Record Number":["3938"],"Mortgager":["Peter Murphy"],"Street Address":["598 11th Ave"],"Additional Info":["---"],"Land \u0026 Building Dimensions":["25x100","25x45"],"Stories \u0026 Materials":["3","brick"],"Record Date":["July 18 / 92"],"Amount Loaned":["$6,000"]},"subjects":[{"id":"580d833d61643900030c1a02","type":"root","location":{"standard":"https://s3.amazonaws.com/scribe.nypl.org/emigrant-s4/full/12f6f2f0-02e7-0133-64aa-58d385a7bbd0.left-top.jpg","thumbnail":"https://s3.amazonaws.com/scribe.nypl.org/emigrant-s4/thumb/12f6f2f0-02e7-0133-64aa-58d385a7bbd0.left-top.jpg"},"status":"retired","width":1371,"height":885,"meta_data":{"capture_uuid":"12f6f2f0-02e7-0133-64aa-58d385a7bbd0","page_uri":"http://digitalcollections.nypl.org/items/12f6f2f0-02e7-0133-64aa-58d385a7bbd0","book_uri":"http://digitalcollections.nypl.org/items/109c0900-02e7-0133-03cf-58d385a7bbd0","source_rotated":"0.923143","source_x":"0","source_y":"0","source_w":"1371.67","source_h":"885.12"},"assertions":[{"id":"580d833d61643900030d1a02","status":"awaiting_votes","name":"Land \u0026 Building Value","created_in_workflow":"transcribe","confidence":0.3333333333333333,"data":{"em_valuation_ground":"8000","em_valuation_building":"4000"},"versions":[{"data":{"em_valuation_ground":"8000","em_valuation_building":"4000"},"votes":1,"confidence":0.3333333333333333,"instances":[{"created":"2015-11-18T17:17:14Z","user_id":"564ca14965316600033c0700","duration":420.05}]},{"data":{"em_valuation_ground":"$8000","em_valuation_building":"$4000"},"votes":1,"confidence":0.3333333333333333,"instances":[{"created":"2015-11-18T17:41:30Z","user_id":"564cb05c3463650003290900","duration":24.1}]},{"data":{"em_valuation_ground":"$8000.","em_valuation_building":"4000."},"votes":1,"confidence":0.3333333333333333,"instances":[{"created":"2016-10-05T19:27:27Z","user_id":"57c49a363234370003600200","duration":12.688}]}],"region":{"x":691.3024293577657,"y":616.7153519683886,"width":313.3311853193459,"height":97.81238109176059,"label":"Valuation","shape":"rectangle"},"task_key":"em_record_valuation_ground_building","instructions":{"mark":"Valuation","transcribe":"Sometimes valuations include itemized dollar values for \"ground\" and \"building\". Enter these amounts if you can find them. In the next screen, you'll enter the total valuation."}},{"id":"580d833d61643900030e1a02","status":"awaiting_transcriptions","name":"Valuation Date","created_in_workflow":"transcribe","confidence":0.3333333333333333,"data":{"value":"July, 18/92"},"versions":[{"data":{"value":"July, 18/92"},"votes":1,"confidence":0.3333333333333333,"instances":[{"created":"2015-11-18T17:10:14Z","user_id":"564ca14965316600033c0700","duration":15.29}]},{"data":{"value":"July 18/92"},"votes":1,"confidence":0.3333333333333333,"instances":[{"created":"2016-10-05T19:27:15Z","user_id":"57c49a363234370003600200","duration":8.585}]}],"region":{"x":691.3024293577657,"y":616.7153519683886,"width":313.3311853193459,"height":97.81238109176059,"label":"Valuation","shape":"rectangle"},"task_key":"em_record_valuation","instructions":{"mark":"Valuation","transcribe":"Enter the date of the valuation (if one is given). In the next screen, you'll enter the valuation's dollar amounts."}},{"id":"580d833d61643900030f1a02","status":"complete","name":"Record Number","created_in_workflow":"transcribe","confidence":1.0,"data":{"value":"3938"},"versions":[{"data":{"value":"3938"},"votes":3,"confidence":1.0,"instances":[{"created":"2015-11-04T17:06:27Z","user_id":"563a384f3732630003d50300","duration":4.094},{"created":"2015-11-04T20:11:01Z","user_id":"563a65983732630003920a00","duration":4.56},{"created":"2015-11-04T22:49:02Z","user_id":"563a8a393732630003310b00","duration":13.945}]}],"region":{"x":693.7724861681372,"y":81.6217795174388,"width":188.61249276697947,"height":67.28281825086171,"label":"Record Number","shape":"rectangle"},"task_key":"em_record_number","instructions":{"mark":"Record Number","transcribe":"Enter the record number"}},{"id":"580d833d6164390003101a02","status":"complete","name":"Mortgager","created_in_workflow":"transcribe","confidence":1.0,"data":{"value":"Peter Murphy"},"versions":[{"data":{"value":"Peter Murphy"},"votes":3,"confidence":1.0,"instances":[{"created":"2015-11-04T17:07:22Z","user_id":"563a384f3732630003d50300","duration":4.576},{"created":"2015-11-04T22:51:17Z","user_id":"563a8a393732630003310b00","duration":15.077},{"created":"2015-11-04T23:26:02Z","user_id":"563a8f533732630003490c00","duration":9.353}]}],"region":{"x":156.61293074404946,"y":667.3131974060875,"width":277.9552524987066,"height":45.22287784074308,"label":"Mortgager Name","shape":"rectangle"},"task_key":"em_record_mortgager","instructions":{"mark":"Mortgager Name","transcribe":"Enter the mortgager's name"}},{"id":"580d833d6164390003111a02","status":"complete","name":"Street Address","created_in_workflow":"verify","confidence":1.0,"data":{"value":"598 11th Ave"},"versions":[{"data":{"value":"598 11th Ave"},"votes":7,"confidence":1.0,"instances":[{"created":"2015-11-05T14:37:28Z","user_id":"563b54cb3532620003040100","duration":6.88},{"created":"2015-11-05T17:51:47Z","user_id":"563b93763532620003de1000","duration":4.814},{"created":"2015-11-05T17:58:46Z","user_id":"563b92db3532620003b41000","duration":7.253},{"created":"2015-11-05T18:31:02Z","user_id":"563b750f35326200037a0500","duration":7.819},{"created":"2015-11-05T19:32:12Z","user_id":"563b85293532620003970c00","duration":6.342},{"created":"2015-11-05T20:23:07Z","user_id":"563bb7ee3532620003701f00","duration":10.627},{"created":"2015-11-12T00:43:03Z","user_id":"563f8b7a3264340003774b00","duration":6.309}]}],"region":{"x":206.24779726167566,"y":712.5360752468306,"width":322.0751338477076,"height":46.325874861249076,"label":"Street Address","shape":"rectangle"},"task_key":"em_transcribed_address","instructions":{"mark":"Street Address","transcribe":"Enter the street address","verify":"Choose the best transcription or enter your own!"}},{"id":"580d833d6164390003121a02","status":"awaiting_transcriptions","name":"Additional Info","created_in_workflow":"transcribe","confidence":0.3333333333333333,"data":{"value":"---"},"versions":[{"data":{"value":"---"},"votes":1,"confidence":0.3333333333333333,"instances":[{"created":"2015-11-07T04:40:40Z","user_id":"563d776d6532620003be4100","duration":5.038}]}],"region":{"x":138.96497820444907,"y":759.9649471285855,"width":512.8936206821372,"height":69.48881229187361,"label":"Dimension \u0026 Description","shape":"rectangle"},"task_key":"em_record_survey_additional_info","instructions":{"mark":"Dimension \u0026 Description","transcribe":"Enter any additional information you find about the building's construction or significance."}},{"id":"580d833d6164390003131a02","status":"contentious","name":"Land \u0026 Building Dimensions","created_in_workflow":"verify","confidence":0.5,"data":{"em_survey_land_dimensions":"25x100","em_survey_building_dimensions":"25x45"},"versions":[{"data":{"em_survey_land_dimensions":"25x100","em_survey_building_dimensions":"25x45"},"votes":13,"confidence":0.5,"instances":[{"created":"2015-11-06T01:56:44Z","user_id":"563c01553532620003973a00","duration":10.898},{"created":"2015-11-06T14:41:33Z","user_id":"563ca6986532620003f20400","duration":7.975},{"created":"2015-11-06T15:20:53Z","user_id":"563cb8ab6532620003060900","duration":12.487},{"created":"2015-11-06T17:51:07Z","user_id":"563ce5b16532620003451a00","duration":11.759},{"created":"2015-11-06T19:45:45Z","user_id":"563cd42165326200037d1500","duration":14.76},{"created":"2015-11-06T20:28:06Z","user_id":"563b85293532620003970c00","duration":10.118},{"created":"2015-11-06T20:39:47Z","user_id":"563d0c2865326200033c2800","duration":20.835},{"created":"2015-11-06T22:49:48Z","user_id":"563d288f6532620003182e00","duration":11.559},{"created":"2015-11-06T23:51:19Z","user_id":"563cbf4b65326200030e0d00","duration":14.137},{"created":"2015-11-07T10:10:25Z","user_id":"563dc7cb6630330003530100","duration":10.684},{"created":"2015-11-07T14:19:46Z","user_id":"563e06516630330003371000","duration":33.715},{"created":"2015-11-07T14:26:47Z","user_id":"563e02d16630330003b80f00","duration":8.759},{"created":"2015-11-07T17:45:01Z","user_id":"563e2a586630330003e21d00","duration":5.116}]},{"data":{"em_survey_land_dimensions":"25 x 100","em_survey_building_dimensions":"3 story brick 25 x 45"},"votes":8,"confidence":0.3076923076923077,"instances":[{"created":"2015-11-06T22:33:51Z","user_id":"563d28e36532620003492e00","duration":13.71},{"created":"2015-11-06T22:43:41Z","user_id":"563d2b5c65326200032a2f00","duration":3.74},{"created":"2015-11-07T01:18:05Z","user_id":"563ccc506532620003f31200","duration":9.144},{"created":"2015-11-07T05:57:11Z","user_id":"563d87476532620003ea4300","duration":4.917},{"created":"2015-11-07T13:13:04Z","user_id":"563b7e003532620003e80900","duration":50.639},{"created":"2015-11-07T17:02:44Z","user_id":"563e2d406630330003851f00","duration":11.496},{"created":"2015-11-07T17:49:54Z","user_id":"563e590c6630330003e73400","duration":12.444},{"created":"2016-02-02T02:43:55Z","user_id":"563d951b6532620003f14500","duration":31.449}]},{"data":{"em_survey_land_dimensions":"25 x 100","em_survey_building_dimensions":"25 x 45"},"votes":5,"confidence":0.19230769230769232,"instances":[{"created":"2015-11-07T04:42:47Z","user_id":"563d776d6532620003be4100","duration":5.127},{"created":"2015-11-07T11:29:15Z","user_id":"563dbc0d66303300031c0000","duration":7.423},{"created":"2015-11-07T17:49:15Z","user_id":"563e2a9c6630330003031e00","duration":23.257},{"created":"2015-11-07T17:51:25Z","user_id":"563e2b536630330003681e00","duration":16.179},{"created":"2015-11-18T01:27:47Z","user_id":"563f8b7a3264340003774b00","duration":11.573}]}],"region":{"x":138.96497820444907,"y":759.9649471285855,"width":512.8936206821372,"height":69.48881229187361,"label":"Dimension \u0026 Description","shape":"rectangle"},"task_key":"em_transcribed_survey","instructions":{"mark":"Dimension \u0026 Description","transcribe":"Enter, as they appear, any land and building dimensions that were recorded. In the next screen, you'll enter the descriptive information.","verify":"Choose the best transcription or enter your own!"}},{"id":"580d833d6164390003141a02","status":"contentious","name":"Stories \u0026 Materials","created_in_workflow":"verify","confidence":0.7333333333333333,"data":{"em_record_stories":"3","em_record_material":"brick"},"versions":[{"data":{"em_record_stories":"3","em_record_material":"brick"},"votes":22,"confidence":0.7333333333333333,"instances":[{"created":"2015-11-06T14:58:56Z","user_id":"563cb8ab6532620003060900","duration":25.391},{"created":"2015-11-06T22:50:55Z","user_id":"563d288f6532620003182e00","duration":7.032},{"created":"2015-11-07T00:02:32Z","user_id":"563cbf4b65326200030e0d00","duration":15.425},{"created":"2015-11-07T01:19:17Z","user_id":"563ccc506532620003f31200","duration":11.665},{"created":"2015-11-07T04:37:04Z","user_id":"563d776d6532620003be4100","duration":12.346},{"created":"2015-11-07T05:54:43Z","user_id":"563d87476532620003ea4300","duration":17.162},{"created":"2015-11-07T11:29:08Z","user_id":"563dbc0d66303300031c0000","duration":14.682},{"created":"2015-11-07T17:25:21Z","user_id":"563e2a586630330003e21d00","duration":7.737},{"created":"2015-11-07T18:25:55Z","user_id":"563e40e46630330003ad2b00","duration":12.86},{"created":"2015-11-07T19:02:44Z","user_id":"563bfc7535326200037f3900","duration":37.026},{"created":"2015-11-07T23:51:21Z","user_id":"563e881a6630330003794300","duration":14.141},{"created":"2015-11-08T00:29:39Z","user_id":"563e935f6630330003464900","duration":12.199},{"created":"2015-11-08T01:53:48Z","user_id":"563eaac96630330003745200","duration":27.674},{"created":"2015-11-08T02:44:12Z","user_id":"563eb6be66303300038c5500","duration":16.374},{"created":"2015-11-08T02:55:03Z","user_id":"563eafa76630330003285300","duration":27.109},{"created":"2015-11-08T03:38:00Z","user_id":"563e09116630330003dc1000","duration":18.047},{"created":"2015-11-08T04:26:08Z","user_id":"563ecfb46630330003836100","duration":11.585},{"created":"2015-11-08T04:49:44Z","user_id":"563ed2896630330003346200","duration":13.135},{"created":"2015-11-08T05:19:57Z","user_id":"563eaf056630330003055300","duration":16.323},{"created":"2015-11-08T05:31:15Z","user_id":"563edd7966303300033f6400","duration":25.902},{"created":"2015-11-08T05:42:13Z","user_id":"563edc6666303300030d6400","duration":10.585},{"created":"2015-11-28T21:58:54Z","user_id":"5647496e3562310003960400","duration":10.155}]},{"data":{"em_record_stories":"3 ","em_record_material":"brick"},"votes":6,"confidence":0.2,"instances":[{"created":"2015-11-07T15:18:42Z","user_id":"563e0c236630330003081200","duration":13.575},{"created":"2015-11-07T17:53:28Z","user_id":"563e2b536630330003681e00","duration":14.665},{"created":"2015-11-07T20:06:27Z","user_id":"563e57216630330003653400","duration":22.267},{"created":"2015-11-08T02:54:43Z","user_id":"563eb8756630330003755600","duration":60.006},{"created":"2015-11-08T03:04:06Z","user_id":"563eb9c56630330003515700","duration":16.447},{"created":"2015-11-08T05:25:34Z","user_id":"563eda536630330003de6300","duration":27.941}]},{"data":{"em_record_stories":"3 story","em_record_material":"brick"},"votes":1,"confidence":0.03333333333333333,"instances":[{"created":"2015-11-07T18:31:36Z","user_id":"563e415c6630330003182c00","duration":28.474}]},{"data":{"em_record_stories":"3","em_record_material":"Stone \u0026 Brick"},"votes":1,"confidence":0.03333333333333333,"instances":[{"created":"2015-11-08T03:21:29Z","user_id":"563e9a906630330003db4d00","duration":22.523}]}],"region":{"x":138.96497820444907,"y":759.9649471285855,"width":512.8936206821372,"height":69.48881229187361,"label":"Dimension \u0026 Description","shape":"rectangle"},"task_key":"em_transcribed_stories_materials","instructions":{"mark":"Dimension \u0026 Description","transcribe":"Enter, as they appear, the number of stories and the building materials.","verify":"Choose the best transcription or enter your own!"}},{"id":"580d833d6164390003151a02","status":"complete","name":"Record Date","created_in_workflow":"verify","confidence":1.0,"data":{"value":"July 18 / 92"},"versions":[{"data":{"value":"July 18 / 92"},"votes":21,"confidence":0.5833333333333334,"instances":[{"created":"2015-11-05T14:09:34Z","user_id":"563b54cb3532620003040100","duration":18.145},{"created":"2015-11-05T14:17:00Z","user_id":"563b60ab35326200039e0200","duration":14.322},{"created":"2015-11-05T16:01:28Z","user_id":"563b7c6d35326200034f0900","duration":18.214},{"created":"2015-11-06T16:59:24Z","user_id":"563cb8ab6532620003060900","duration":4.366},{"created":"2015-11-08T20:38:44Z","user_id":"563f831832643400038c3d00","duration":8.462},{"created":"2015-11-08T21:31:12Z","user_id":"563f7c4e3264340003313300","duration":11.592},{"created":"2015-11-08T22:01:55Z","user_id":"563fb44b3264340003697200","duration":9.903},{"created":"2015-11-09T03:25:13Z","user_id":"56400ce73264340003debc00","duration":7.351},{"created":"2015-11-09T03:26:47Z","user_id":"56400fc76639340003f90000","duration":17.218},{"created":"2015-11-09T11:03:00Z","user_id":"56407bbf3432660003470100","duration":11.818},{"created":"2015-11-09T12:58:11Z","user_id":"564095f534326600030b0400","duration":8.112},{"created":"2015-11-09T16:48:34Z","user_id":"563f51fd3264340003d30400","duration":7.423},{"created":"2015-11-09T17:02:27Z","user_id":"5640cfdb3432660003511c00","duration":16.121},{"created":"2015-11-09T19:12:11Z","user_id":"5640e71c3432660003973200","duration":7.856},{"created":"2015-11-09T19:52:52Z","user_id":"5640f7566161650003170400","duration":4.559},{"created":"2015-11-09T19:57:24Z","user_id":"563fb2f53264340003a07100","duration":27.658},{"created":"2015-11-09T21:09:32Z","user_id":"564100af6161650003fb0c00","duration":4.695},{"created":"2015-11-10T00:00:08Z","user_id":"564130fa61616500035a3400","duration":6.064},{"created":"2015-11-10T03:09:46Z","user_id":"563eaf056630330003055300","duration":13.512},{"created":"2015-11-10T03:13:06Z","user_id":"564160ad6161650003fd5c00","duration":21.044},{"created":"2016-03-20T20:36:40Z","user_id":"56ef05a036346600030f0000","duration":9.033}]},{"data":{"value":"1892 July 18"},"votes":9,"confidence":0.25,"instances":[{"created":"2015-11-09T09:57:40Z","user_id":"56404e946639340003cf2700","duration":6.414},{"created":"2015-11-09T20:54:26Z","user_id":"5641072d6161650003781300","duration":11.354},{"created":"2015-11-09T23:17:21Z","user_id":"5640f4706161650003b50100","duration":10.97},{"created":"2015-11-09T23:27:04Z","user_id":"564128a96161650003602d00","duration":44.15},{"created":"2015-11-10T00:48:05Z","user_id":"563f8b7a3264340003774b00","duration":14.865},{"created":"2015-11-10T01:54:38Z","user_id":"56414b5d61616500033d4700","duration":13.456},{"created":"2015-11-10T02:14:10Z","user_id":"564152816161650003354e00","duration":7.53},{"created":"2015-11-10T02:40:48Z","user_id":"563d87476532620003ea4300","duration":5.899},{"created":"2015-11-10T03:34:29Z","user_id":"564164996161650003ec6100","duration":7.594}]},{"data":{"value":"July 18 1892"},"votes":4,"confidence":0.1111111111111111,"instances":[{"created":"2015-11-05T16:11:30Z","user_id":"563b7bdb3532620003180900","duration":3.039},{"created":"2015-11-09T02:00:01Z","user_id":"563ff6a332643400035fa600","duration":4.776},{"created":"2015-11-09T21:53:37Z","user_id":"563f7fdf3264340003683800","duration":5.483},{"created":"2015-11-10T03:02:12Z","user_id":"56415a7f6161650003085700","duration":4.209}]},{"data":{"value":"July 1892"},"votes":2,"confidence":0.05555555555555555,"instances":[{"created":"2015-11-05T15:31:47Z","user_id":"563b85293532620003970c00","duration":7.453},{"created":"2015-11-10T02:14:26Z","user_id":"564152b66161650003674e00","duration":5.368}]}],"region":{"x":237.13171420597638,"y":629.8112987088859,"width":168.75854615992898,"height":38.60489571770745,"label":"Record Date","shape":"rectangle"},"task_key":"em_transcribed_date","instructions":{"mark":"Record Date","transcribe":"Enter the record date","verify":"Choose the best transcription or enter your own!"}},{"id":"580d833d6164390003161a02","status":"complete","name":"Amount Loaned","created_in_workflow":"verify","confidence":1.0,"data":{"value":"$6,000"},"versions":[{"data":{"value":"$6,000"},"votes":6,"confidence":0.75,"instances":[{"created":"2015-11-05T14:37:21Z","user_id":"563b54cb3532620003040100","duration":4.246},{"created":"2015-11-05T16:33:43Z","user_id":"563b85293532620003970c00","duration":1.447},{"created":"2015-11-05T17:58:38Z","user_id":"563b92db3532620003b41000","duration":3.287},{"created":"2015-11-05T18:30:54Z","user_id":"563b750f35326200037a0500","duration":7.538},{"created":"2015-11-05T20:22:56Z","user_id":"563bb7ee3532620003701f00","duration":9.652},{"created":"2015-11-12T00:42:57Z","user_id":"563f8b7a3264340003774b00","duration":3.776}]},{"data":{"value":"6000"},"votes":2,"confidence":0.25,"instances":[{"created":"2015-11-05T17:29:08Z","user_id":"563b8d073532620003ec0d00","duration":2.719},{"created":"2015-11-05T17:51:42Z","user_id":"563b93763532620003de1000","duration":3.287}]}],"region":{"x":806.2781836080899,"y":711.4330782263247,"width":174.2735313285541,"height":47.42887188175496,"label":"Amount Loaned","shape":"rectangle"},"task_key":"em_transcribed_amount_loaned","instructions":{"mark":"Amount Loaned","transcribe":"Enter the Amount Loaned","verify":"Choose the best transcription or enter your own!"}}]}],"export_document":{"name":"Record","export_fields":[{"name":"Mortgager","value":"Peter Murphy","original_value":{"value":"Peter Murphy"},"assertion_ids":["580d833d6164390003101a02"]},{"name":"Street Address","value":"598 11th Ave","original_value":{"value":"598 11th Ave"},"assertion_ids":["580d833d6164390003111a02"]},{"name":"Record Date","value":"1916-07-18T00:00:00Z","original_value":{"value":"July 18 / 92"},"assertion_ids":["580d833d6164390003151a02"]},{"name":"Land \u0026 Building Dimensions","value":{"em_survey_land_dimensions":[25,100],"em_survey_building_dimensions":[25,45]},"original_value":{"em_survey_land_dimensions":"25x100","em_survey_building_dimensions":"25x45"},"assertion_ids":["580d833d6164390003131a02"]},{"name":"Amount Loaned","value":6000.0,"original_value":{"value":"$6,000"},"assertion_ids":["580d833d6164390003161a02"]},{"name":"Stories \u0026 Materials","value":{"em_record_stories":3,"em_record_material":"brick"},"original_value":{"em_record_stories":"3","em_record_material":"brick"},"assertion_ids":["580d833d6164390003141a02"]},{"name":"Record Number","value":3938,"original_value":{"value":"3938"},"assertion_ids":["580d833d61643900030f1a02"]},{"name":"Additional Info","value":"---","original_value":{"value":"---"},"assertion_ids":["580d833d6164390003121a02"]}]}}