{"id":"56b109f67061755afbb7c100","meta_data":{"capture_uuid":"1232beb0-02e7-0133-20eb-58d385a7bbd0","page_uri":"http://digitalcollections.nypl.org/items/1232beb0-02e7-0133-20eb-58d385a7bbd0","book_uri":"http://digitalcollections.nypl.org/items/109c0900-02e7-0133-03cf-58d385a7bbd0","source_rotated":"0.391664","source_x":"0","source_y":"859.16","source_w":"1363.19","source_h":"968.84"},"type":"final_subject_set","search_terms_by_field":{"Street Address":["95 LaFayette St.","95 Lafeyette st"],"Land \u0026 Building Dimensions":["156 x 162.6","45 x 100  22 x 35  30 x 50  63 x 63","156 x 162.6","156 x 162.6"],"Additional Info":["Ch.  Rty  School  New School","ch, rty, school, new school","Ch,Rtu,School, New School"],"Stories \u0026 Materials":["Fr. Ch. \u0026 br. houses"],"Land \u0026 Building Value":["10000","43000"],"Total Value":["53000"],"Valuation Date":[],"Record Number":["3859"],"Mortgager":["St. Patrick's R.C. Church, Kings Co"],"Record Date":["Feby 29/92"],"Amount Loaned":["2500"]},"subjects":[{"id":"580d6c806164390003623601","type":"root","location":{"standard":"https://s3.amazonaws.com/scribe.nypl.org/emigrant-s4/full/1232beb0-02e7-0133-20eb-58d385a7bbd0.left-bottom.jpg","thumbnail":"https://s3.amazonaws.com/scribe.nypl.org/emigrant-s4/thumb/1232beb0-02e7-0133-20eb-58d385a7bbd0.left-bottom.jpg"},"status":"retired","width":1363,"height":968,"meta_data":{"capture_uuid":"1232beb0-02e7-0133-20eb-58d385a7bbd0","page_uri":"http://digitalcollections.nypl.org/items/1232beb0-02e7-0133-20eb-58d385a7bbd0","book_uri":"http://digitalcollections.nypl.org/items/109c0900-02e7-0133-03cf-58d385a7bbd0","source_rotated":"0.391664","source_x":"0","source_y":"859.16","source_w":"1363.19","source_h":"968.84"},"assertions":[{"id":"580d6c806164390003633601","status":"awaiting_transcriptions","name":"Street Address","created_in_workflow":"transcribe","confidence":0.3333333333333333,"data":{"value":"95 LaFayette St."},"versions":[{"data":{"value":"95 LaFayette St."},"votes":1,"confidence":0.3333333333333333,"instances":[{"created":"2016-01-04T19:38:09Z","user_id":"568ac34a3237350003b80500","duration":6.613}]}],"region":{"x":426.575131224608,"y":187.81032568045646,"width":407.3827158325633,"height":66.28599729898465,"label":"Street Address","shape":"rectangle"},"task_key":"em_record_street_address","instructions":{"mark":"Street Address","transcribe":"Enter the street address"}},{"id":"580d6c806164390003643601","status":"awaiting_transcriptions","name":"Street Address","created_in_workflow":"transcribe","confidence":0.3333333333333333,"data":{"value":""},"versions":[{"data":{"value":""},"votes":1,"confidence":0.3333333333333333,"instances":[{"created":"2016-01-04T19:38:02Z","user_id":"568ac34a3237350003b80500","duration":2.43}]}],"region":{"x":1002.4347668252145,"y":122.90528665853401,"width":82.85750152526714,"height":350.76340553455634,"label":"Street Address","shape":"rectangle"},"task_key":"em_record_street_address","instructions":{"mark":"Street Address","transcribe":"Enter the street address"}},{"id":"580d6c806164390003653601","status":"awaiting_transcriptions","name":"Land \u0026 Building Dimensions","created_in_workflow":"transcribe","confidence":0.3333333333333333,"data":{"em_survey_land_dimensions":"156 x 162.6","em_survey_building_dimensions":"45 x 100  22 x 35  30 x 50  63 x 63"},"versions":[{"data":{"em_survey_land_dimensions":"156 x 162.6","em_survey_building_dimensions":"45 x 100  22 x 35  30 x 50  63 x 63"},"votes":1,"confidence":0.3333333333333333,"instances":[{"created":"2016-01-13T17:52:54Z","user_id":"569688a630643300036e0800","duration":177.819}]},{"data":{"em_survey_land_dimensions":"156 x 162","em_survey_building_dimensions":"ch. 45 x 100 Rty. 22 x 35 school 30 x 50 New school 63 x 63"},"votes":1,"confidence":0.3333333333333333,"instances":[{"created":"2016-01-13T17:54:28Z","user_id":"568ac34a3237350003b80500","duration":44.971}]}],"region":{"x":108.47301225233407,"y":738.5681267985201,"width":734.7951372503699,"height":100.92821145267135,"label":"Dimension \u0026 Description","shape":"rectangle"},"task_key":"em_record_survey","instructions":{"mark":"Dimension \u0026 Description","transcribe":"Enter, as they appear, any land and building dimensions that were recorded. In the next screen, you'll enter the descriptive information."}},{"id":"580d6c806164390003663601","status":"awaiting_transcriptions","name":"Additional Info","created_in_workflow":"transcribe","confidence":0.3333333333333333,"data":{"value":"Ch.  Rty  School  New School"},"versions":[{"data":{"value":"Ch.  Rty  School  New School"},"votes":1,"confidence":0.3333333333333333,"instances":[{"created":"2016-01-13T17:54:18Z","user_id":"569688a630643300036e0800","duration":28.469}]},{"data":{"value":""},"votes":1,"confidence":0.3333333333333333,"instances":[{"created":"2016-01-13T17:54:44Z","user_id":"568ac34a3237350003b80500","duration":1.361}]}],"region":{"x":108.47301225233407,"y":738.5681267985201,"width":734.7951372503699,"height":100.92821145267135,"label":"Dimension \u0026 Description","shape":"rectangle"},"task_key":"em_record_survey_additional_info","instructions":{"mark":"Dimension \u0026 Description","transcribe":"Enter any additional information you find about the building's construction or significance."}},{"id":"580d6c806164390003673601","status":"awaiting_transcriptions","name":"Stories \u0026 Materials","created_in_workflow":"transcribe","confidence":0.3333333333333333,"data":{"em_record_stories":"","em_record_material":"Fr. Ch. \u0026 br. houses"},"versions":[{"data":{"em_record_stories":"","em_record_material":"Fr. Ch. \u0026 br. houses"},"votes":1,"confidence":0.3333333333333333,"instances":[{"created":"2016-01-13T17:53:50Z","user_id":"569688a630643300036e0800","duration":55.547}]},{"data":{"em_record_stories":"","em_record_material":"fr. ch.  \u0026 br. houses"},"votes":1,"confidence":0.3333333333333333,"instances":[{"created":"2016-01-13T17:54:43Z","user_id":"568ac34a3237350003b80500","duration":14.142}]}],"region":{"x":108.47301225233407,"y":738.5681267985201,"width":734.7951372503699,"height":100.92821145267135,"label":"Dimension \u0026 Description","shape":"rectangle"},"task_key":"em_record_survey_stories_materials","instructions":{"mark":"Dimension \u0026 Description","transcribe":"Enter, as they appear, the number of stories and the building materials."}},{"id":"580d6c806164390003683601","status":"awaiting_transcriptions","name":"Land \u0026 Building Dimensions","created_in_workflow":"transcribe","confidence":0.3333333333333333,"data":{"em_survey_land_dimensions":"156 x 162.6"},"versions":[{"data":{"em_survey_land_dimensions":"156 x 162.6"},"votes":1,"confidence":0.3333333333333333,"instances":[{"created":"2016-01-04T21:07:38Z","user_id":"568ae6fe32373500039f0700","duration":28.505}]}],"region":{"x":108.95470871108405,"y":754.0032192759503,"width":748.4794304449122,"height":107.71474561085,"label":"Dimension \u0026 Description","shape":"rectangle"},"task_key":"em_record_survey","instructions":{"mark":"Dimension \u0026 Description","transcribe":"Enter, as they appear, any land and building dimensions that were recorded. In the next screen, you'll enter the descriptive information."}},{"id":"580d6c806164390003693601","status":"awaiting_transcriptions","name":"Stories \u0026 Materials","created_in_workflow":"transcribe","confidence":0.3333333333333333,"data":{"em_record_stories":""},"versions":[{"data":{"em_record_stories":""},"votes":1,"confidence":0.3333333333333333,"instances":[{"created":"2016-01-04T21:07:40Z","user_id":"568ae6fe32373500039f0700","duration":2.133}]}],"region":{"x":108.95470871108405,"y":754.0032192759503,"width":748.4794304449122,"height":107.71474561085,"label":"Dimension \u0026 Description","shape":"rectangle"},"task_key":"em_record_survey_stories_materials","instructions":{"mark":"Dimension \u0026 Description","transcribe":"Enter, as they appear, the number of stories and the building materials."}},{"id":"580d6c8061643900036a3601","status":"awaiting_transcriptions","name":"Additional Info","created_in_workflow":"transcribe","confidence":0.3333333333333333,"data":{"value":"ch, rty, school, new school"},"versions":[{"data":{"value":"ch, rty, school, new school"},"votes":1,"confidence":0.3333333333333333,"instances":[{"created":"2016-01-04T21:07:56Z","user_id":"568ae6fe32373500039f0700","duration":15.709}]}],"region":{"x":108.95470871108405,"y":754.0032192759503,"width":748.4794304449122,"height":107.71474561085,"label":"Dimension \u0026 Description","shape":"rectangle"},"task_key":"em_record_survey_additional_info","instructions":{"mark":"Dimension \u0026 Description","transcribe":"Enter any additional information you find about the building's construction or significance."}},{"id":"580d6c8061643900036b3601","status":"awaiting_transcriptions","name":"Land \u0026 Building Dimensions","created_in_workflow":"transcribe","confidence":0.3333333333333333,"data":{"em_survey_land_dimensions":"156 x 162.6","em_survey_building_dimensions":""},"versions":[{"data":{"em_survey_land_dimensions":"156 x 162.6","em_survey_building_dimensions":""},"votes":1,"confidence":0.3333333333333333,"instances":[{"created":"2016-01-04T21:06:36Z","user_id":"568ae6fe32373500039f0700","duration":42.197}]}],"region":{"x":325.765171035533,"y":725.0030954576445,"width":207.1437538131678,"height":37.2858734806788,"label":"Dimension \u0026 Description","shape":"rectangle"},"task_key":"em_record_survey","instructions":{"mark":"Dimension \u0026 Description","transcribe":"Enter, as they appear, any land and building dimensions that were recorded. In the next screen, you'll enter the descriptive information."}},{"id":"580d6c8061643900036c3601","status":"awaiting_transcriptions","name":"Stories \u0026 Materials","created_in_workflow":"transcribe","confidence":0.3333333333333333,"data":{"em_record_stories":""},"versions":[{"data":{"em_record_stories":""},"votes":1,"confidence":0.3333333333333333,"instances":[{"created":"2016-01-04T21:06:43Z","user_id":"568ae6fe32373500039f0700","duration":6.883}]}],"region":{"x":325.765171035533,"y":725.0030954576445,"width":207.1437538131678,"height":37.2858734806788,"label":"Dimension \u0026 Description","shape":"rectangle"},"task_key":"em_record_survey_stories_materials","instructions":{"mark":"Dimension \u0026 Description","transcribe":"Enter, as they appear, the number of stories and the building materials."}},{"id":"580d6c8061643900036d3601","status":"awaiting_transcriptions","name":"Additional Info","created_in_workflow":"transcribe","confidence":0.3333333333333333,"data":{"value":"Ch,Rtu,School, New School"},"versions":[{"data":{"value":"Ch,Rtu,School, New School"},"votes":1,"confidence":0.3333333333333333,"instances":[{"created":"2016-01-04T21:07:10Z","user_id":"568ae6fe32373500039f0700","duration":26.921}]}],"region":{"x":325.765171035533,"y":725.0030954576445,"width":207.1437538131678,"height":37.2858734806788,"label":"Dimension \u0026 Description","shape":"rectangle"},"task_key":"em_record_survey_additional_info","instructions":{"mark":"Dimension \u0026 Description","transcribe":"Enter any additional information you find about the building's construction or significance."}},{"id":"580d6c8061643900036e3601","status":"awaiting_transcriptions","name":"Land \u0026 Building Dimensions","created_in_workflow":"transcribe","confidence":0.3333333333333333,"data":{"em_survey_land_dimensions":""},"versions":[{"data":{"em_survey_land_dimensions":""},"votes":1,"confidence":0.3333333333333333,"instances":[{"created":"2016-01-04T19:38:14Z","user_id":"568ac34a3237350003b80500","duration":0.773}]}],"region":{"x":669.6238023653915,"y":222.33428260701098,"width":150.52446110423534,"height":225.09619916113533,"label":"Dimension \u0026 Description","shape":"rectangle"},"task_key":"em_record_survey","instructions":{"mark":"Dimension \u0026 Description","transcribe":"Enter, as they appear, any land and building dimensions that were recorded. In the next screen, you'll enter the descriptive information."}},{"id":"580d6c8061643900036f3601","status":"awaiting_transcriptions","name":"Additional Info","created_in_workflow":"transcribe","confidence":0.3333333333333333,"data":{"value":""},"versions":[{"data":{"value":""},"votes":1,"confidence":0.3333333333333333,"instances":[{"created":"2016-01-04T19:38:15Z","user_id":"568ac34a3237350003b80500","duration":0.392}]}],"region":{"x":669.6238023653915,"y":222.33428260701098,"width":150.52446110423534,"height":225.09619916113533,"label":"Dimension \u0026 Description","shape":"rectangle"},"task_key":"em_record_survey_additional_info","instructions":{"mark":"Dimension \u0026 Description","transcribe":"Enter any additional information you find about the building's construction or significance."}},{"id":"580d6c806164390003703601","status":"awaiting_transcriptions","name":"Stories \u0026 Materials","created_in_workflow":"transcribe","confidence":0.3333333333333333,"data":{"em_record_stories":""},"versions":[{"data":{"em_record_stories":""},"votes":1,"confidence":0.3333333333333333,"instances":[{"created":"2016-01-04T19:38:14Z","user_id":"568ac34a3237350003b80500","duration":0.432}]}],"region":{"x":669.6238023653915,"y":222.33428260701098,"width":150.52446110423534,"height":225.09619916113533,"label":"Dimension \u0026 Description","shape":"rectangle"},"task_key":"em_record_survey_stories_materials","instructions":{"mark":"Dimension \u0026 Description","transcribe":"Enter, as they appear, the number of stories and the building materials."}},{"id":"580d6c806164390003713601","status":"awaiting_transcriptions","name":"Land \u0026 Building Dimensions","created_in_workflow":"transcribe","confidence":0.3333333333333333,"data":{"em_survey_land_dimensions":""},"versions":[{"data":{"em_survey_land_dimensions":""},"votes":1,"confidence":0.3333333333333333,"instances":[{"created":"2016-01-04T19:38:12Z","user_id":"568ac34a3237350003b80500","duration":3.069}]}],"region":{"x":832.5768886984168,"y":218.19140777582442,"width":172.6197948443065,"height":225.09619916113536,"label":"Dimension \u0026 Description","shape":"rectangle"},"task_key":"em_record_survey","instructions":{"mark":"Dimension \u0026 Description","transcribe":"Enter, as they appear, any land and building dimensions that were recorded. In the next screen, you'll enter the descriptive information."}},{"id":"580d6c806164390003723601","status":"awaiting_transcriptions","name":"Stories \u0026 Materials","created_in_workflow":"transcribe","confidence":0.3333333333333333,"data":{"em_record_stories":""},"versions":[{"data":{"em_record_stories":""},"votes":1,"confidence":0.3333333333333333,"instances":[{"created":"2016-01-04T19:38:13Z","user_id":"568ac34a3237350003b80500","duration":0.525}]}],"region":{"x":832.5768886984168,"y":218.19140777582442,"width":172.6197948443065,"height":225.09619916113536,"label":"Dimension \u0026 Description","shape":"rectangle"},"task_key":"em_record_survey_stories_materials","instructions":{"mark":"Dimension \u0026 Description","transcribe":"Enter, as they appear, the number of stories and the building materials."}},{"id":"580d6c806164390003733601","status":"awaiting_transcriptions","name":"Additional Info","created_in_workflow":"transcribe","confidence":0.3333333333333333,"data":{"value":""},"versions":[{"data":{"value":""},"votes":1,"confidence":0.3333333333333333,"instances":[{"created":"2016-01-04T19:38:13Z","user_id":"568ac34a3237350003b80500","duration":0.489}]}],"region":{"x":832.5768886984168,"y":218.19140777582442,"width":172.6197948443065,"height":225.09619916113536,"label":"Dimension \u0026 Description","shape":"rectangle"},"task_key":"em_record_survey_additional_info","instructions":{"mark":"Dimension \u0026 Description","transcribe":"Enter any additional information you find about the building's construction or significance."}},{"id":"580d6c806164390003743601","status":"awaiting_transcriptions","name":"Land \u0026 Building Value","created_in_workflow":"transcribe","confidence":0.6666666666666666,"data":{"em_valuation_ground":"10000","em_valuation_building":"43000"},"versions":[{"data":{"em_valuation_ground":"10000","em_valuation_building":"43000"},"votes":2,"confidence":0.6666666666666666,"instances":[{"created":"2016-01-04T21:04:49Z","user_id":"568ae6fe32373500039f0700","duration":9.04},{"created":"2016-01-04T21:56:54Z","user_id":"568ae6fe32373500039f0700","duration":10.987}]}],"region":{"x":885.0533063310861,"y":602.0978087991105,"width":299.667963849716,"height":77.33366351548204,"label":"Valuation","shape":"rectangle"},"task_key":"em_record_valuation_ground_building","instructions":{"mark":"Valuation","transcribe":"Sometimes valuations include itemized dollar values for \"ground\" and \"building\". Enter these amounts if you can find them. In the next screen, you'll enter the total valuation."}},{"id":"580d6c806164390003753601","status":"awaiting_transcriptions","name":"Total Value","created_in_workflow":"transcribe","confidence":0.6666666666666666,"data":{"value":"53000"},"versions":[{"data":{"value":"53000"},"votes":2,"confidence":0.6666666666666666,"instances":[{"created":"2016-01-04T21:04:52Z","user_id":"568ae6fe32373500039f0700","duration":2.813},{"created":"2016-01-04T21:56:58Z","user_id":"568ae6fe32373500039f0700","duration":3.102}]}],"region":{"x":885.0533063310861,"y":602.0978087991105,"width":299.667963849716,"height":77.33366351548204,"label":"Valuation","shape":"rectangle"},"task_key":"em_record_valuation_total","instructions":{"mark":"Valuation","transcribe":"Enter the valuation ***total*** (if one is given)"}},{"id":"580d6c806164390003763601","status":"awaiting_transcriptions","name":"Valuation Date","created_in_workflow":"transcribe","confidence":0.3333333333333333,"data":{"value":""},"versions":[{"data":{"value":""},"votes":1,"confidence":0.3333333333333333,"instances":[{"created":"2016-01-04T21:56:44Z","user_id":"568ae6fe32373500039f0700","duration":3.514}]}],"region":{"x":885.0533063310861,"y":602.0978087991105,"width":299.667963849716,"height":77.33366351548204,"label":"Valuation","shape":"rectangle"},"task_key":"em_record_valuation","instructions":{"mark":"Valuation","transcribe":"Enter the date of the valuation (if one is given). In the next screen, you'll enter the valuation's dollar amounts."}},{"id":"580d6c806164390003773601","status":"complete","name":"Record Number","created_in_workflow":"transcribe","confidence":1.0,"data":{"value":"3859"},"versions":[{"data":{"value":"3859"},"votes":3,"confidence":1.0,"instances":[{"created":"2016-01-04T19:37:56Z","user_id":"568ac34a3237350003b80500","duration":3.663},{"created":"2016-01-04T21:04:07Z","user_id":"568ae6fe32373500039f0700","duration":4.809},{"created":"2016-01-04T21:55:48Z","user_id":"568ae6fe32373500039f0700","duration":2.912}]}],"region":{"x":702.7668029754984,"y":81.47653834666863,"width":183.6674617143421,"height":60.7621641907359,"label":"Record Number","shape":"rectangle"},"task_key":"em_record_number","instructions":{"mark":"Record Number","transcribe":"Enter the record number"}},{"id":"580d6c806164390003783601","status":"awaiting_votes","name":"Mortgager","created_in_workflow":"verify","confidence":0.3333333333333333,"data":{"value":"St. Patrick's R.C. Church, Kings Co"},"versions":[{"data":{"value":"St. Patrick's R.C. Church, Kings Co"},"votes":1,"confidence":0.3333333333333333,"instances":[{"created":"2016-09-19T14:48:47Z","user_id":"57c49a363234370003600200","duration":6.872}]}],"region":{"x":208.38371054140458,"y":640.7646405568514,"width":479.1925504877948,"height":38.66683175774108,"label":"Mortgager Name","shape":"rectangle"},"task_key":"em_transcribed_mortgager","instructions":{"mark":"Mortgager Name","transcribe":"Enter the mortgager's name","verify":"Choose the best transcription or enter your own!"}},{"id":"580d6c806164390003793601","status":"awaiting_votes","name":"Street Address","created_in_workflow":"transcribe","confidence":0.25,"data":{"value":"95 Lafeyette st"},"versions":[{"data":{"value":"95 Lafeyette st"},"votes":1,"confidence":0.25,"instances":[{"created":"2016-01-04T21:05:42Z","user_id":"568ae6fe32373500039f0700","duration":36.107}]},{"data":{"value":"95 St Lafayette St \u0026 Hamilton Ave"},"votes":1,"confidence":0.25,"instances":[{"created":"2016-01-04T21:58:26Z","user_id":"568ae6fe32373500039f0700","duration":65.027}]},{"data":{"value":"95 St + Hamilton Av. Fr Hamilton"},"votes":1,"confidence":0.25,"instances":[{"created":"2016-01-04T22:04:53Z","user_id":"568ae7b462336600035c0500","duration":36.267}]},{"data":{"value":"95 St \u0026 Hamilton Av. Fr Hamilton"},"votes":1,"confidence":0.25,"instances":[{"created":"2016-09-19T14:49:38Z","user_id":"57c49a363234370003600200","duration":30.124}]}],"region":{"x":253.9553363803015,"y":673.9076392063438,"width":425.33517449637105,"height":55.23833108248722,"label":"Street Address","shape":"rectangle"},"task_key":"em_record_street_address","instructions":{"mark":"Street Address","transcribe":"Enter the street address"}},{"id":"580d6c8061643900037a3601","status":"awaiting_votes","name":"Record Date","created_in_workflow":"verify","confidence":0.3333333333333333,"data":{"value":"Feby 29/92"},"versions":[{"data":{"value":"Feby 29/92"},"votes":1,"confidence":0.3333333333333333,"instances":[{"created":"2016-09-19T14:53:19Z","user_id":"57c49a363234370003600200","duration":9.063}]}],"region":{"x":276.05067012037273,"y":596.5739756908617,"width":162.95308633302534,"height":46.95258142011414,"label":"Record Date","shape":"rectangle"},"task_key":"em_transcribed_date","instructions":{"mark":"Record Date","transcribe":"Enter the record date","verify":"Choose the best transcription or enter your own!"}},{"id":"580d6c8061643900037b3601","status":"awaiting_votes","name":"Amount Loaned","created_in_workflow":"transcribe","confidence":0.5,"data":{"value":"2500"},"versions":[{"data":{"value":"2500"},"votes":2,"confidence":0.5,"instances":[{"created":"2016-01-04T21:05:54Z","user_id":"568ae6fe32373500039f0700","duration":11.384},{"created":"2016-01-04T22:05:03Z","user_id":"568ae7b462336600035c0500","duration":10.359}]},{"data":{"value":"25000"},"votes":1,"confidence":0.25,"instances":[{"created":"2016-01-04T21:58:34Z","user_id":"568ae6fe32373500039f0700","duration":8.691}]},{"data":{"value":"$2500.; 28000."},"votes":1,"confidence":0.25,"instances":[{"created":"2016-09-19T14:52:11Z","user_id":"57c49a363234370003600200","duration":23.12}]}],"region":{"x":686.195302670445,"y":682.1933888687169,"width":323.1442559485417,"height":58.00024763661158,"label":"Amount Loaned","shape":"rectangle"},"task_key":"em_record_amount_loaned","instructions":{"mark":"Amount Loaned","transcribe":"Enter the Amount Loaned"}}]}],"export_document":{"name":"Record","export_fields":[{"name":"Mortgager","value":"St. Patrick's R.C. Church, Kings Co","original_value":{"value":"St. Patrick's R.C. Church, Kings Co"},"assertion_ids":["580d6c806164390003783601"]},{"name":"Street Address","value":"95 LaFayette St.","original_value":{"value":"95 LaFayette St."},"assertion_ids":["580d6c806164390003633601"]},{"name":"Record Date","value":"1892-02-29T00:00:00Z","original_value":{"value":"Feby 29/92"},"assertion_ids":["580d6c8061643900037a3601"]},{"name":"Land \u0026 Building Dimensions","value":{"em_survey_land_dimensions":[156,162.5],"em_survey_building_dimensions":[45,100,35,50,63]},"original_value":{"em_survey_land_dimensions":"156 x 162.6","em_survey_building_dimensions":"45 x 100  22 x 35  30 x 50  63 x 63"},"assertion_ids":["580d6c806164390003653601"]},{"name":"Amount Loaned","value":2500.0,"original_value":{"value":"2500"},"assertion_ids":["580d6c8061643900037b3601"]},{"name":"Stories \u0026 Materials","value":{"em_record_stories":null,"em_record_material":"Fr. Ch. \u0026 br. houses"},"original_value":{"em_record_stories":"","em_record_material":"Fr. Ch. \u0026 br. houses"},"assertion_ids":["580d6c806164390003673601"]},{"name":"Valuation","value":null,"original_value":null,"assertion_ids":null},{"name":"Record Number","value":3859,"original_value":{"value":"3859"},"assertion_ids":["580d6c806164390003773601"]},{"name":"Additional Info","value":"Ch.  Rty  School  New School","original_value":{"value":"Ch.  Rty  School  New School"},"assertion_ids":["580d6c806164390003663601"]},{"name":"Additional Info","value":"ch, rty, school, new school","original_value":{"value":"ch, rty, school, new school"},"assertion_ids":["580d6c8061643900036a3601"]},{"name":"Additional Info","value":"Ch,Rtu,School, New School","original_value":{"value":"Ch,Rtu,School, New School"},"assertion_ids":["580d6c8061643900036d3601"]},{"name":"Additional Info","value":"","original_value":{"value":""},"assertion_ids":["580d6c8061643900036f3601"]}]}}