{"id":"56b10a5c7061755afb96c900","meta_data":{"capture_uuid":"139b69c0-02e7-0133-6cb9-58d385a7bbd0","page_uri":"http://digitalcollections.nypl.org/items/139b69c0-02e7-0133-6cb9-58d385a7bbd0","book_uri":"http://digitalcollections.nypl.org/items/109c0900-02e7-0133-03cf-58d385a7bbd0","source_rotated":"0.391664","source_x":"0","source_y":"856.81","source_w":"1363.19","source_h":"966.19"},"type":"final_subject_set","search_terms_by_field":{"Record Number":["4007"],"Mortgager":["Maurice O'Brien"],"Street Address":["44 W 133 St"],"Additional Info":[],"Land \u0026 Building Dimensions":["18.9 x 99.11","18.9 x 65"],"Stories \u0026 Materials":["5","br."],"Record Date":["Mar. 20/93","1893 March 20"],"Valuation Date":["Mar. 20/93"],"Total Value":[],"Land \u0026 Building Value":["6000.","8000."],"Amount Loaned":["$6425.-"]},"subjects":[{"id":"580d92606164390003c5ad02","type":"root","location":{"standard":"https://s3.amazonaws.com/scribe.nypl.org/emigrant-s4/full/139b69c0-02e7-0133-6cb9-58d385a7bbd0.left-bottom.jpg","thumbnail":"https://s3.amazonaws.com/scribe.nypl.org/emigrant-s4/thumb/139b69c0-02e7-0133-6cb9-58d385a7bbd0.left-bottom.jpg"},"status":"retired","width":1363,"height":966,"meta_data":{"capture_uuid":"139b69c0-02e7-0133-6cb9-58d385a7bbd0","page_uri":"http://digitalcollections.nypl.org/items/139b69c0-02e7-0133-6cb9-58d385a7bbd0","book_uri":"http://digitalcollections.nypl.org/items/109c0900-02e7-0133-03cf-58d385a7bbd0","source_rotated":"0.391664","source_x":"0","source_y":"856.81","source_w":"1363.19","source_h":"966.19"},"assertions":[{"id":"580d92606164390003c6ad02","status":"complete","name":"Record Number","created_in_workflow":"transcribe","confidence":1.0,"data":{"value":"4007"},"versions":[{"data":{"value":"4007"},"votes":3,"confidence":1.0,"instances":[{"created":"2015-11-09T03:43:18Z","user_id":"563f7dc232643400032b3500","duration":2.761},{"created":"2015-11-09T04:15:00Z","user_id":"5640195c6639340003c70900","duration":5.702},{"created":"2015-11-09T04:17:36Z","user_id":"564016cc6639340003a70700","duration":5.158}]}],"region":{"x":700.0868517942403,"y":64.02137894174238,"width":159.02084312850013,"height":72.28220203099947,"label":"Record Number","shape":"rectangle"},"task_key":"em_record_number","instructions":{"mark":"Record Number","transcribe":"Enter the record number"}},{"id":"580d92606164390003c7ad02","status":"complete","name":"Mortgager","created_in_workflow":"verify","confidence":1.0,"data":{"value":"Maurice O'Brien"},"versions":[{"data":{"value":"Maurice O'Brien"},"votes":3,"confidence":0.75,"instances":[{"created":"2015-12-07T17:05:28Z","user_id":"5647496e3562310003960400","duration":8.976},{"created":"2015-12-27T23:52:42Z","user_id":"56748e5e3564620003fd0100","duration":7.424},{"created":"2016-01-18T14:28:36Z","user_id":"56980a2d3337650003270200","duration":14.006}]},{"data":{"value":"Maurice OBrien"},"votes":1,"confidence":0.25,"instances":[{"created":"2016-01-18T05:27:47Z","user_id":"569c5d413639390003dc0500","duration":8.719}]}],"region":{"x":94.98156560397352,"y":648.474612506681,"width":367.60662437497433,"height":43.36932121859968,"label":"Mortgager Name","shape":"rectangle"},"task_key":"em_transcribed_mortgager","instructions":{"mark":"Mortgager Name","transcribe":"Enter the mortgager's name","verify":"Choose the best transcription or enter your own!"}},{"id":"580d92606164390003c8ad02","status":"complete","name":"Street Address","created_in_workflow":"transcribe","confidence":1.0,"data":{"value":"44 W 133 St"},"versions":[{"data":{"value":"44 W 133 St"},"votes":3,"confidence":1.0,"instances":[{"created":"2015-11-09T03:44:03Z","user_id":"563f7dc232643400032b3500","duration":6.947},{"created":"2015-11-09T04:15:50Z","user_id":"5640195c6639340003c70900","duration":5.622},{"created":"2015-11-09T04:18:09Z","user_id":"563fe8023264340003129a00","duration":7.729}]}],"region":{"x":103.24238862363588,"y":689.7787279529664,"width":363.47621286514317,"height":35.10849812934259,"label":"Street Address","shape":"rectangle"},"task_key":"em_record_street_address","instructions":{"mark":"Street Address","transcribe":"Enter the street address"}},{"id":"580d92606164390003c9ad02","status":"awaiting_transcriptions","name":"Additional Info","created_in_workflow":"transcribe","confidence":0.3333333333333333,"data":{"value":""},"versions":[{"data":{"value":""},"votes":1,"confidence":0.3333333333333333,"instances":[{"created":"2015-11-09T03:44:16Z","user_id":"563f7dc232643400032b3500","duration":0.831}]}],"region":{"x":92.91635984905794,"y":718.6916087653661,"width":528.6926732583901,"height":107.39070016034202,"label":"Dimension \u0026 Description","shape":"rectangle"},"task_key":"em_record_survey_additional_info","instructions":{"mark":"Dimension \u0026 Description","transcribe":"Enter any additional information you find about the building's construction or significance."}},{"id":"580d92606164390003caad02","status":"complete","name":"Land \u0026 Building Dimensions","created_in_workflow":"verify","confidence":1.0,"data":{"em_survey_land_dimensions":"18.9 x 99.11","em_survey_building_dimensions":"18.9 x 65"},"versions":[{"data":{"em_survey_land_dimensions":"18.9 x 99.11","em_survey_building_dimensions":"18.9 x 65"},"votes":3,"confidence":0.75,"instances":[{"created":"2015-12-07T20:51:08Z","user_id":"5647496e3562310003960400","duration":31.718},{"created":"2015-12-28T00:09:56Z","user_id":"56748e5e3564620003fd0100","duration":10.934},{"created":"2016-01-30T23:24:15Z","user_id":"563f8b7a3264340003774b00","duration":12.132}]},{"data":{"em_survey_land_dimensions":"18.4 x 99.11","em_survey_building_dimensions":"18.9 x 65"},"votes":1,"confidence":0.25,"instances":[{"created":"2016-01-19T16:53:21Z","user_id":"56980a2d3337650003270200","duration":68.073}]}],"region":{"x":92.91635984905794,"y":718.6916087653661,"width":528.6926732583901,"height":107.39070016034202,"label":"Dimension \u0026 Description","shape":"rectangle"},"task_key":"em_transcribed_survey","instructions":{"mark":"Dimension \u0026 Description","transcribe":"Enter, as they appear, any land and building dimensions that were recorded. In the next screen, you'll enter the descriptive information.","verify":"Choose the best transcription or enter your own!"}},{"id":"580d92606164390003cbad02","status":"complete","name":"Stories \u0026 Materials","created_in_workflow":"verify","confidence":1.0,"data":{"em_record_stories":"5","em_record_material":"br."},"versions":[{"data":{"em_record_stories":"5","em_record_material":"br."},"votes":3,"confidence":1.0,"instances":[{"created":"2015-12-07T22:56:56Z","user_id":"5647496e3562310003960400","duration":6.682},{"created":"2015-12-28T20:47:10Z","user_id":"56748e5e3564620003fd0100","duration":11.812},{"created":"2016-01-19T20:08:38Z","user_id":"56980a2d3337650003270200","duration":16.004}]}],"region":{"x":92.91635984905794,"y":718.6916087653661,"width":528.6926732583901,"height":107.39070016034202,"label":"Dimension \u0026 Description","shape":"rectangle"},"task_key":"em_transcribed_stories_materials","instructions":{"mark":"Dimension \u0026 Description","transcribe":"Enter, as they appear, the number of stories and the building materials.","verify":"Choose the best transcription or enter your own!"}},{"id":"580d92606164390003ccad02","status":"complete","name":"Record Date","created_in_workflow":"verify","confidence":1.0,"data":{"value":"Mar. 20/93"},"versions":[{"data":{"value":"Mar. 20/93"},"votes":3,"confidence":1.0,"instances":[{"created":"2015-12-07T17:05:19Z","user_id":"5647496e3562310003960400","duration":4.883},{"created":"2015-12-27T23:52:35Z","user_id":"56748e5e3564620003fd0100","duration":4.138},{"created":"2016-01-18T14:28:01Z","user_id":"56980a2d3337650003270200","duration":11.947}]}],"region":{"x":84.6555368293956,"y":588.5836451095671,"width":359.34580135531195,"height":55.760555852485254,"label":"Record Date","shape":"rectangle"},"task_key":"em_transcribed_date","instructions":{"mark":"Record Date","transcribe":"Enter the record date","verify":"Choose the best transcription or enter your own!"}},{"id":"580d92606164390003cdad02","status":"complete","name":"Record Date","created_in_workflow":"transcribe","confidence":1.0,"data":{"value":"1893 March 20"},"versions":[{"data":{"value":"1893 March 20"},"votes":3,"confidence":1.0,"instances":[{"created":"2015-11-07T12:09:36Z","user_id":"563dbc0d66303300031c0000","duration":8.9},{"created":"2015-11-09T06:29:59Z","user_id":"56402bc466393400035c1b00","duration":17.75},{"created":"2015-11-09T07:56:06Z","user_id":"56404e946639340003cf2700","duration":10.151}]}],"region":{"x":555.4887380788834,"y":190.1069468932929,"width":184.0025941974202,"height":41.858410325128716,"label":"Record Date","shape":"rectangle"},"task_key":"em_record_date","instructions":{"mark":"Record Date","transcribe":"Enter the record date"}},{"id":"580d92606164390003cead02","status":"awaiting_votes","name":"Valuation Date","created_in_workflow":"verify","confidence":0.3333333333333333,"data":{"value":"Mar. 20/93"},"versions":[{"data":{"value":"Mar. 20/93"},"votes":1,"confidence":0.3333333333333333,"instances":[{"created":"2016-10-01T14:35:44Z","user_id":"57c49a363234370003600200","duration":5.378}]}],"region":{"x":704.2172633040714,"y":586.5184393372529,"width":258.15071936444826,"height":88.8038482095136,"label":"Valuation","shape":"rectangle"},"task_key":"em_transcribed_valuation_date","instructions":{"mark":"Valuation","transcribe":"Enter the date of the valuation (if one is given). In the next screen, you'll enter the valuation's dollar amounts.","verify":"Choose the best transcription or enter your own!"}},{"id":"580d92606164390003cfad02","status":"complete","name":"Land \u0026 Building Value","created_in_workflow":"verify","confidence":1.0,"data":{"em_valuation_ground":"6000.","em_valuation_building":"8000."},"versions":[{"data":{"em_valuation_ground":"6000.","em_valuation_building":"8000."},"votes":5,"confidence":0.625,"instances":[{"created":"2016-01-19T00:24:53Z","user_id":"56980a2d3337650003270200","duration":8.531},{"created":"2016-01-30T23:23:44Z","user_id":"563f8b7a3264340003774b00","duration":5.913},{"created":"2016-01-31T12:27:49Z","user_id":"56adf86433643700039e0300","duration":8.012},{"created":"2016-02-01T18:36:58Z","user_id":"56ae3e993234360003fa0100","duration":4.587},{"created":"2016-07-17T21:52:34Z","user_id":"5750d4e061323000033d0000","duration":8.987}]},{"data":{"em_valuation_ground":"6000","em_valuation_building":"8000"},"votes":3,"confidence":0.375,"instances":[{"created":"2015-12-07T20:50:07Z","user_id":"5647496e3562310003960400","duration":3.194},{"created":"2015-12-28T18:54:21Z","user_id":"56748e5e3564620003fd0100","duration":4.522},{"created":"2016-02-02T22:03:28Z","user_id":"563911d436393100030c0000","duration":31.643}]}],"region":{"x":704.2172633040714,"y":586.5184393372529,"width":258.15071936444826,"height":88.8038482095136,"label":"Valuation","shape":"rectangle"},"task_key":"em_transcribed_valuation_itemized","instructions":{"mark":"Valuation","transcribe":"Sometimes valuations include itemized dollar values for \"ground\" and \"building\". Enter these amounts if you can find them. In the next screen, you'll enter the total valuation.","verify":"Choose the best transcription or enter your own!"}},{"id":"580d92606164390003d0ad02","status":"complete","name":"Total Value","created_in_workflow":"verify","confidence":1.0,"data":{"value":""},"versions":[{"data":{"value":""},"votes":3,"confidence":1.0,"instances":[{"created":"2016-07-17T21:47:42Z","user_id":"5750d4e061323000033d0000","duration":10.07},{"created":"2016-08-23T05:41:20Z","user_id":"57bbdf473231300003030100","duration":4.518},{"created":"2016-10-02T20:41:30Z","user_id":"57c49a363234370003600200","duration":3.389}]}],"region":{"x":704.2172633040714,"y":586.5184393372529,"width":258.15071936444826,"height":88.8038482095136,"label":"Valuation","shape":"rectangle"},"task_key":"em_transcribed_valuation_total","instructions":{"mark":"Valuation","transcribe":"Enter the valuation ***total*** (if one is given)","verify":"Choose the best transcription or enter your own!"}},{"id":"580d92606164390003d1ad02","status":"awaiting_votes","name":"Amount Loaned","created_in_workflow":"verify","confidence":0.6666666666666666,"data":{"value":"$6425.-"},"versions":[{"data":{"value":"$6425.-"},"votes":2,"confidence":0.6666666666666666,"instances":[{"created":"2016-01-18T14:29:10Z","user_id":"56980a2d3337650003270200","duration":9.91},{"created":"2016-09-21T13:43:54Z","user_id":"57c49a363234370003600200","duration":5.671}]},{"data":{"value":"$6425"},"votes":1,"confidence":0.3333333333333333,"instances":[{"created":"2015-12-27T23:52:52Z","user_id":"56748e5e3564620003fd0100","duration":6.647}]}],"region":{"x":710.4128805688182,"y":685.6483164083378,"width":274.6723654037729,"height":41.30411544628544,"label":"Amount Loaned","shape":"rectangle"},"task_key":"em_transcribed_amount_loaned","instructions":{"mark":"Amount Loaned","transcribe":"Enter the Amount Loaned","verify":"Choose the best transcription or enter your own!"}}]}],"export_document":{"name":"Record","export_fields":[{"name":"Mortgager","value":"Maurice O'Brien","original_value":{"value":"Maurice O'Brien"},"assertion_ids":["580d92606164390003c7ad02"]},{"name":"Street Address","value":"44 W 133 St","original_value":{"value":"44 W 133 St"},"assertion_ids":["580d92606164390003c8ad02"]},{"name":"Record Date","value":"1893-03-20T00:00:00Z","original_value":{"value":"Mar. 20/93"},"assertion_ids":["580d92606164390003ccad02"]},{"name":"Land \u0026 Building Dimensions","value":{"em_survey_land_dimensions":[18.75,99.91666666666667],"em_survey_building_dimensions":[18.75,65]},"original_value":{"em_survey_land_dimensions":"18.9 x 99.11","em_survey_building_dimensions":"18.9 x 65"},"assertion_ids":["580d92606164390003caad02"]},{"name":"Amount Loaned","value":6425.0,"original_value":{"value":"$6425.-"},"assertion_ids":["580d92606164390003d1ad02"]},{"name":"Stories \u0026 Materials","value":{"em_record_stories":5,"em_record_material":"br."},"original_value":{"em_record_stories":"5","em_record_material":"br."},"assertion_ids":["580d92606164390003cbad02"]},{"name":"Valuation","value":null,"original_value":null,"assertion_ids":null},{"name":"Record Number","value":4007,"original_value":{"value":"4007"},"assertion_ids":["580d92606164390003c6ad02"]},{"name":"Additional Info","value":"","original_value":{"value":""},"assertion_ids":["580d92606164390003c9ad02"]}]}}