{"id":"56b10a4d7061755afb69c800","meta_data":{"capture_uuid":"1357a460-02e7-0133-085b-58d385a7bbd0","page_uri":"http://digitalcollections.nypl.org/items/1357a460-02e7-0133-085b-58d385a7bbd0","book_uri":"http://digitalcollections.nypl.org/items/109c0900-02e7-0133-03cf-58d385a7bbd0","source_rotated":"0.615458","source_x":"0","source_y":"862.4499999999999","source_w":"1367.43","source_h":"972.5500000000001"},"type":"final_subject_set","search_terms_by_field":{"Land \u0026 Building Dimensions":["20 x 100.8 1/2","20 x 79"],"Stories \u0026 Materials":["5","br."],"Additional Info":[],"Valuation Date":[],"Land \u0026 Building Value":["$6000","14000"],"Total Value":[],"Record Number":["3979"],"Mortgager":["Ellen Frawley"],"Street Address":["411 E 88"],"Record Date":["Dec 5/92"],"Amount Loaned":["$10000."]},"subjects":[{"id":"580da2a86164390003b2fe02","type":"root","location":{"standard":"https://s3.amazonaws.com/scribe.nypl.org/emigrant-s4/full/1357a460-02e7-0133-085b-58d385a7bbd0.left-bottom.jpg","thumbnail":"https://s3.amazonaws.com/scribe.nypl.org/emigrant-s4/thumb/1357a460-02e7-0133-085b-58d385a7bbd0.left-bottom.jpg"},"status":"retired","width":1367,"height":972,"meta_data":{"capture_uuid":"1357a460-02e7-0133-085b-58d385a7bbd0","page_uri":"http://digitalcollections.nypl.org/items/1357a460-02e7-0133-085b-58d385a7bbd0","book_uri":"http://digitalcollections.nypl.org/items/109c0900-02e7-0133-03cf-58d385a7bbd0","source_rotated":"0.615458","source_x":"0","source_y":"862.4499999999999","source_w":"1367.43","source_h":"972.5500000000001"},"assertions":[{"id":"580da2a86164390003b3fe02","status":"awaiting_transcriptions","name":"Land \u0026 Building Dimensions","created_in_workflow":"transcribe","confidence":0.3333333333333333,"data":{"em_survey_land_dimensions":"20 x 100.8 1/2","em_survey_building_dimensions":"20 x 79"},"versions":[{"data":{"em_survey_land_dimensions":"20 x 100.8 1/2","em_survey_building_dimensions":"20 x 79"},"votes":1,"confidence":0.3333333333333333,"instances":[{"created":"2015-12-17T03:10:50Z","user_id":"5647496e3562310003960400","duration":11.477}]}],"region":{"x":97.1917369717216,"y":720.7363038714391,"width":569.2680313600239,"height":98.45434623813003,"label":"Dimension \u0026 Description","shape":"rectangle"},"task_key":"em_record_survey","instructions":{"mark":"Dimension \u0026 Description","transcribe":"Enter, as they appear, any land and building dimensions that were recorded. In the next screen, you'll enter the descriptive information."}},{"id":"580da2a86164390003b4fe02","status":"awaiting_transcriptions","name":"Stories \u0026 Materials","created_in_workflow":"transcribe","confidence":0.3333333333333333,"data":{"em_record_stories":"5","em_record_material":"br."},"versions":[{"data":{"em_record_stories":"5","em_record_material":"br."},"votes":1,"confidence":0.3333333333333333,"instances":[{"created":"2015-12-17T03:10:54Z","user_id":"5647496e3562310003960400","duration":4.479}]}],"region":{"x":97.1917369717216,"y":720.7363038714391,"width":569.2680313600239,"height":98.45434623813003,"label":"Dimension \u0026 Description","shape":"rectangle"},"task_key":"em_record_survey_stories_materials","instructions":{"mark":"Dimension \u0026 Description","transcribe":"Enter, as they appear, the number of stories and the building materials."}},{"id":"580da2a86164390003b5fe02","status":"awaiting_transcriptions","name":"Additional Info","created_in_workflow":"transcribe","confidence":0.3333333333333333,"data":{"value":""},"versions":[{"data":{"value":""},"votes":1,"confidence":0.3333333333333333,"instances":[{"created":"2015-12-17T03:10:55Z","user_id":"5647496e3562310003960400","duration":0.968}]}],"region":{"x":97.1917369717216,"y":720.7363038714391,"width":569.2680313600239,"height":98.45434623813003,"label":"Dimension \u0026 Description","shape":"rectangle"},"task_key":"em_record_survey_additional_info","instructions":{"mark":"Dimension \u0026 Description","transcribe":"Enter any additional information you find about the building's construction or significance."}},{"id":"580da2a86164390003b6fe02","status":"awaiting_transcriptions","name":"Valuation Date","created_in_workflow":"transcribe","confidence":0.3333333333333333,"data":{"value":""},"versions":[{"data":{"value":""},"votes":1,"confidence":0.3333333333333333,"instances":[{"created":"2015-12-17T03:10:14Z","user_id":"5647496e3562310003960400","duration":2.134}]}],"region":{"x":701.8023512099732,"y":576.8414901387874,"width":373.62159042697806,"height":107.28999269539815,"label":"Valuation","shape":"rectangle"},"task_key":"em_record_valuation","instructions":{"mark":"Valuation","transcribe":"Enter the date of the valuation (if one is given). In the next screen, you'll enter the valuation's dollar amounts."}},{"id":"580da2a86164390003b7fe02","status":"awaiting_transcriptions","name":"Land \u0026 Building Value","created_in_workflow":"transcribe","confidence":0.3333333333333333,"data":{"em_valuation_ground":"$6000","em_valuation_building":"14000"},"versions":[{"data":{"em_valuation_ground":"$6000","em_valuation_building":"14000"},"votes":1,"confidence":0.3333333333333333,"instances":[{"created":"2015-12-17T03:10:20Z","user_id":"5647496e3562310003960400","duration":6.709}]}],"region":{"x":701.8023512099732,"y":576.8414901387874,"width":373.62159042697806,"height":107.28999269539815,"label":"Valuation","shape":"rectangle"},"task_key":"em_record_valuation_ground_building","instructions":{"mark":"Valuation","transcribe":"Sometimes valuations include itemized dollar values for \"ground\" and \"building\". Enter these amounts if you can find them. In the next screen, you'll enter the total valuation."}},{"id":"580da2a86164390003b8fe02","status":"awaiting_transcriptions","name":"Total Value","created_in_workflow":"transcribe","confidence":0.3333333333333333,"data":{"value":""},"versions":[{"data":{"value":""},"votes":1,"confidence":0.3333333333333333,"instances":[{"created":"2015-12-17T03:10:22Z","user_id":"5647496e3562310003960400","duration":1.304}]}],"region":{"x":701.8023512099732,"y":576.8414901387874,"width":373.62159042697806,"height":107.28999269539815,"label":"Valuation","shape":"rectangle"},"task_key":"em_record_valuation_total","instructions":{"mark":"Valuation","transcribe":"Enter the valuation ***total*** (if one is given)"}},{"id":"580da2a86164390003b9fe02","status":"complete","name":"Record Number","created_in_workflow":"transcribe","confidence":1.0,"data":{"value":"3979"},"versions":[{"data":{"value":"3979"},"votes":3,"confidence":1.0,"instances":[{"created":"2015-12-17T03:10:02Z","user_id":"5647496e3562310003960400","duration":5.302},{"created":"2015-12-17T04:22:50Z","user_id":"56722e0e6434380003c90300","duration":5.764},{"created":"2015-12-17T18:35:52Z","user_id":"5668b33530333000032d0500","duration":3.708}]}],"region":{"x":325.6562905774075,"y":66.89846603360117,"width":586.9393227991377,"height":79.52081811541272,"label":"Record Number","shape":"rectangle"},"task_key":"em_record_number","instructions":{"mark":"Record Number","transcribe":"Enter the record number"}},{"id":"580da2a86164390003bafe02","status":"complete","name":"Mortgager","created_in_workflow":"transcribe","confidence":1.0,"data":{"value":"Ellen Frawley"},"versions":[{"data":{"value":"Ellen Frawley"},"votes":3,"confidence":1.0,"instances":[{"created":"2015-12-17T03:10:38Z","user_id":"5647496e3562310003960400","duration":6.846},{"created":"2015-12-17T04:23:55Z","user_id":"56722e0e6434380003c90300","duration":4.128},{"created":"2015-12-17T18:36:36Z","user_id":"5668b33530333000032d0500","duration":3.775}]}],"region":{"x":103.50291248569083,"y":627.3308984660332,"width":398.8662924828549,"height":59.32505478451424,"label":"Mortgager Name","shape":"rectangle"},"task_key":"em_record_mortgager","instructions":{"mark":"Mortgager Name","transcribe":"Enter the mortgager's name"}},{"id":"580da2a86164390003bbfe02","status":"complete","name":"Street Address","created_in_workflow":"transcribe","confidence":1.0,"data":{"value":"411 E 88"},"versions":[{"data":{"value":"411 E 88"},"votes":3,"confidence":1.0,"instances":[{"created":"2016-01-23T22:46:55Z","user_id":"56a3e3a239353200033f0900","duration":9.223},{"created":"2016-01-24T23:12:15Z","user_id":"56a556736164350003cb0100","duration":7.841},{"created":"2016-01-24T23:24:00Z","user_id":"56a556146164350003c70100","duration":88.643}]}],"region":{"x":85.73564523504864,"y":674.7862736890648,"width":355.70285644530486,"height":54.05288061482088,"label":"Street Address","shape":"rectangle"},"task_key":"em_record_street_address","instructions":{"mark":"Street Address","transcribe":"Enter the street address"}},{"id":"580da2a86164390003bcfe02","status":"awaiting_votes","name":"Record Date","created_in_workflow":"verify","confidence":0.3333333333333333,"data":{"value":"Dec 5/92"},"versions":[{"data":{"value":"Dec 5/92"},"votes":1,"confidence":0.3333333333333333,"instances":[{"created":"2016-09-14T02:37:08Z","user_id":"57c49a363234370003600200","duration":10.019}]}],"region":{"x":103.50291248569083,"y":608.3973703433163,"width":349.6391234738949,"height":30.293644996347666,"label":"Record Date","shape":"rectangle"},"task_key":"em_transcribed_date","instructions":{"mark":"Record Date","transcribe":"Enter the record date","verify":"Choose the best transcription or enter your own!"}},{"id":"580da2a86164390003bdfe02","status":"awaiting_votes","name":"Amount Loaned","created_in_workflow":"verify","confidence":0.3333333333333333,"data":{"value":"$10000."},"versions":[{"data":{"value":"$10000."},"votes":1,"confidence":0.3333333333333333,"instances":[{"created":"2016-09-14T02:43:36Z","user_id":"57c49a363234370003600200","duration":6.901}]}],"region":{"x":685.3932948736532,"y":657.6245434623813,"width":393.81735207167947,"height":90.88093498904311,"label":"Amount Loaned","shape":"rectangle"},"task_key":"em_transcribed_amount_loaned","instructions":{"mark":"Amount Loaned","transcribe":"Enter the Amount Loaned","verify":"Choose the best transcription or enter your own!"}}]}],"export_document":{"name":"Record","export_fields":[{"name":"Mortgager","value":"Ellen Frawley","original_value":{"value":"Ellen Frawley"},"assertion_ids":["580da2a86164390003bafe02"]},{"name":"Street Address","value":"411 E 88","original_value":{"value":"411 E 88"},"assertion_ids":["580da2a86164390003bbfe02"]},{"name":"Record Date","value":"1892-12-05T00:00:00Z","original_value":{"value":"Dec 5/92"},"assertion_ids":["580da2a86164390003bcfe02"]},{"name":"Land \u0026 Building Dimensions","value":{"em_survey_land_dimensions":[20,100.70833333333333],"em_survey_building_dimensions":[20,79]},"original_value":{"em_survey_land_dimensions":"20 x 100.8 1/2","em_survey_building_dimensions":"20 x 79"},"assertion_ids":["580da2a86164390003b3fe02"]},{"name":"Amount Loaned","value":10000.0,"original_value":{"value":"$10000."},"assertion_ids":["580da2a86164390003bdfe02"]},{"name":"Stories \u0026 Materials","value":{"em_record_stories":5,"em_record_material":"br."},"original_value":{"em_record_stories":"5","em_record_material":"br."},"assertion_ids":["580da2a86164390003b4fe02"]},{"name":"Valuation","value":null,"original_value":null,"assertion_ids":null},{"name":"Record Number","value":3979,"original_value":{"value":"3979"},"assertion_ids":["580da2a86164390003b9fe02"]},{"name":"Additional Info","value":"","original_value":{"value":""},"assertion_ids":["580da2a86164390003b5fe02"]}]}}