{"id":"56b109e37061755afb40c000","meta_data":{"capture_uuid":"11ed1220-02e7-0133-7944-58d385a7bbd0","page_uri":"http://digitalcollections.nypl.org/items/11ed1220-02e7-0133-7944-58d385a7bbd0","book_uri":"http://digitalcollections.nypl.org/items/109c0900-02e7-0133-03cf-58d385a7bbd0","source_rotated":"0.503563","source_x":"1210.69","source_y":"870.91","source_w":"1365.31","source_h":"982.09"},"type":"final_subject_set","search_terms_by_field":{"Record Number":["3833"],"Mortgager":["Michael McGuire"],"Street Address":["213 E 45"],"Stories \u0026 Materials":["3","brick"],"Additional Info":[],"Land \u0026 Building Dimensions":["18 x 100","18 x 70"],"Record Date":["Jany 25/92"],"Valuation Date":[],"Land \u0026 Building Value":["$11,800","$11,800"],"Total Value":["$11,800"],"Amount Loaned":["$5,000"]},"subjects":[{"id":"580dab056164390003873803","type":"root","location":{"standard":"https://s3.amazonaws.com/scribe.nypl.org/emigrant-s4/full/11ed1220-02e7-0133-7944-58d385a7bbd0.right-bottom.jpg","thumbnail":"https://s3.amazonaws.com/scribe.nypl.org/emigrant-s4/thumb/11ed1220-02e7-0133-7944-58d385a7bbd0.right-bottom.jpg"},"status":"retired","width":1365,"height":982,"meta_data":{"capture_uuid":"11ed1220-02e7-0133-7944-58d385a7bbd0","page_uri":"http://digitalcollections.nypl.org/items/11ed1220-02e7-0133-7944-58d385a7bbd0","book_uri":"http://digitalcollections.nypl.org/items/109c0900-02e7-0133-03cf-58d385a7bbd0","source_rotated":"0.503563","source_x":"1210.69","source_y":"870.91","source_w":"1365.31","source_h":"982.09"},"assertions":[{"id":"580dab056164390003883803","status":"complete","name":"Record Number","created_in_workflow":"transcribe","confidence":1.0,"data":{"value":"3833"},"versions":[{"data":{"value":"3833"},"votes":3,"confidence":1.0,"instances":[{"created":"2015-11-10T01:04:34Z","user_id":"564138c461616500038e3700","duration":5.975},{"created":"2015-11-10T01:26:06Z","user_id":"5641425d6161650003763d00","duration":5.007},{"created":"2015-11-10T01:40:15Z","user_id":"564149836161650003224500","duration":13.159}]}],"region":{"x":811.4080510183416,"y":62.68818926398899,"width":135.97155560608974,"height":67.10285047976285,"label":"Record Number","shape":"rectangle"},"task_key":"em_record_number","instructions":{"mark":"Record Number","transcribe":"Enter the record number"}},{"id":"580dab056164390003893803","status":"complete","name":"Mortgager","created_in_workflow":"transcribe","confidence":1.0,"data":{"value":"Michael McGuire"},"versions":[{"data":{"value":"Michael McGuire"},"votes":3,"confidence":1.0,"instances":[{"created":"2015-11-10T01:06:53Z","user_id":"564138c461616500038e3700","duration":10.576},{"created":"2015-11-10T01:28:54Z","user_id":"5641425d6161650003763d00","duration":10.98},{"created":"2015-11-10T01:32:48Z","user_id":"564145706161650003bc3f00","duration":12.471}]}],"region":{"x":161.5699670827441,"y":648.9551987187592,"width":348.7582108078275,"height":42.38074767142916,"label":"Mortgager Name","shape":"rectangle"},"task_key":"em_record_mortgager","instructions":{"mark":"Mortgager Name","transcribe":"Enter the mortgager's name"}},{"id":"580dab0561643900038a3803","status":"complete","name":"Street Address","created_in_workflow":"verify","confidence":1.0,"data":{"value":"213 E 45"},"versions":[{"data":{"value":"213 E 45"},"votes":2,"confidence":0.6666666666666666,"instances":[{"created":"2016-01-04T16:21:44Z","user_id":"56748e5e3564620003fd0100","duration":3.487},{"created":"2016-02-06T22:29:51Z","user_id":"56980a2d3337650003270200","duration":11.771}]},{"data":{"value":"213 E. 45"},"votes":1,"confidence":0.3333333333333333,"instances":[{"created":"2016-03-01T00:21:54Z","user_id":"563f8b7a3264340003774b00","duration":5.17}]}],"region":{"x":269.28769295250345,"y":686.9212851744145,"width":200.4256046920932,"height":48.56127337351266,"label":"Street Address","shape":"rectangle"},"task_key":"em_transcribed_address","instructions":{"mark":"Street Address","transcribe":"Enter the street address","verify":"Choose the best transcription or enter your own!"}},{"id":"580dab0561643900038b3803","status":"complete","name":"Stories \u0026 Materials","created_in_workflow":"verify","confidence":1.0,"data":{"em_record_stories":"3","em_record_material":"brick"},"versions":[{"data":{"em_record_stories":"3","em_record_material":"brick"},"votes":3,"confidence":1.0,"instances":[{"created":"2016-03-07T22:10:52Z","user_id":"5668b33530333000032d0500","duration":6.379},{"created":"2016-03-07T23:26:25Z","user_id":"56dce40f65613300030d0000","duration":8.085},{"created":"2016-09-25T15:07:30Z","user_id":"57c49a363234370003600200","duration":5.94}]}],"region":{"x":135.08200170493444,"y":725.7703038732246,"width":573.9059165192098,"height":92.70788553125124,"label":"Dimension \u0026 Description","shape":"rectangle"},"task_key":"em_transcribed_stories_materials","instructions":{"mark":"Dimension \u0026 Description","transcribe":"Enter, as they appear, the number of stories and the building materials.","verify":"Choose the best transcription or enter your own!"}},{"id":"580dab0561643900038c3803","status":"awaiting_transcriptions","name":"Additional Info","created_in_workflow":"transcribe","confidence":0.3333333333333333,"data":{"value":""},"versions":[{"data":{"value":""},"votes":1,"confidence":0.3333333333333333,"instances":[{"created":"2015-11-10T01:36:48Z","user_id":"5640f7566161650003170400","duration":0.855}]},{"data":{"value":"House"},"votes":1,"confidence":0.3333333333333333,"instances":[{"created":"2015-11-10T02:02:20Z","user_id":"564149836161650003224500","duration":18.161}]}],"region":{"x":135.08200170493444,"y":725.7703038732246,"width":573.9059165192098,"height":92.70788553125124,"label":"Dimension \u0026 Description","shape":"rectangle"},"task_key":"em_record_survey_additional_info","instructions":{"mark":"Dimension \u0026 Description","transcribe":"Enter any additional information you find about the building's construction or significance."}},{"id":"580dab0561643900038d3803","status":"complete","name":"Land \u0026 Building Dimensions","created_in_workflow":"verify","confidence":1.0,"data":{"em_survey_land_dimensions":"18 x 100","em_survey_building_dimensions":"18 x 70"},"versions":[{"data":{"em_survey_land_dimensions":"18 x 100","em_survey_building_dimensions":"18 x 70"},"votes":3,"confidence":0.6,"instances":[{"created":"2016-03-10T10:46:14Z","user_id":"56e14f5662626300032b0000","duration":9.158},{"created":"2016-03-10T10:46:19Z","user_id":"56e14f5662626300032b0000","duration":2.551},{"created":"2016-03-10T10:46:19Z","user_id":"56e14f5662626300032b0000","duration":0.232}]},{"data":{"em_survey_land_dimensions":"18.9 x 100.5","em_survey_building_dimensions":"18.9 x 70"},"votes":2,"confidence":0.4,"instances":[{"created":"2016-03-07T22:12:42Z","user_id":"5668b33530333000032d0500","duration":7.896},{"created":"2016-03-09T02:51:16Z","user_id":"563f8b7a3264340003774b00","duration":7.382}]}],"region":{"x":135.08200170493444,"y":725.7703038732246,"width":573.9059165192098,"height":92.70788553125124,"label":"Dimension \u0026 Description","shape":"rectangle"},"task_key":"em_transcribed_survey","instructions":{"mark":"Dimension \u0026 Description","transcribe":"Enter, as they appear, any land and building dimensions that were recorded. In the next screen, you'll enter the descriptive information.","verify":"Choose the best transcription or enter your own!"}},{"id":"580dab0561643900038e3803","status":"complete","name":"Record Date","created_in_workflow":"verify","confidence":1.0,"data":{"value":"Jany 25/92"},"versions":[{"data":{"value":"Jany 25/92"},"votes":3,"confidence":1.0,"instances":[{"created":"2016-02-07T14:58:26Z","user_id":"56980a2d3337650003270200","duration":12.774},{"created":"2016-03-05T03:37:04Z","user_id":"563f8b7a3264340003774b00","duration":9.481},{"created":"2016-03-07T10:36:44Z","user_id":"56dd54356561330003360100","duration":10.663}]}],"region":{"x":298.42445486809413,"y":596.8621963726275,"width":173.93763931428356,"height":63.571121507143744,"label":"Record Date","shape":"rectangle"},"task_key":"em_transcribed_date","instructions":{"mark":"Record Date","transcribe":"Enter the record date","verify":"Choose the best transcription or enter your own!"}},{"id":"580dab0561643900038f3803","status":"awaiting_votes","name":"Land \u0026 Building Value","created_in_workflow":"transcribe","confidence":0.25,"data":{"em_valuation_ground":"$11,800","em_valuation_building":"$11,800"},"versions":[{"data":{"em_valuation_ground":"$11,800","em_valuation_building":"$11,800"},"votes":1,"confidence":0.25,"instances":[{"created":"2015-11-10T01:50:26Z","user_id":"564149836161650003224500","duration":22.776}]},{"data":{"em_valuation_ground":""},"votes":1,"confidence":0.25,"instances":[{"created":"2016-01-04T16:48:06Z","user_id":"56748e5e3564620003fd0100","duration":0.823}]},{"data":{"em_valuation_ground":"","em_valuation_building":""},"votes":1,"confidence":0.25,"instances":[{"created":"2016-07-17T02:38:38Z","user_id":"5750d4e061323000033d0000","duration":2.865}]},{"data":{"em_valuation_ground":"  ","em_valuation_building":" "},"votes":1,"confidence":0.25,"instances":[{"created":"2016-09-19T14:31:06Z","user_id":"57c49a363234370003600200","duration":7.8}]}],"region":{"x":774.324899489408,"y":606.5744510473301,"width":399.96827720492604,"height":101.53720796279902,"label":"Valuation","shape":"rectangle"},"task_key":"em_record_valuation_ground_building","instructions":{"mark":"Valuation","transcribe":"Sometimes valuations include itemized dollar values for \"ground\" and \"building\". Enter these amounts if you can find them. In the next screen, you'll enter the total valuation."}},{"id":"580dab056164390003903803","status":"complete","name":"Total Value","created_in_workflow":"verify","confidence":1.0,"data":{"value":"$11,800"},"versions":[{"data":{"value":"$11,800"},"votes":2,"confidence":0.6666666666666666,"instances":[{"created":"2016-02-07T14:58:37Z","user_id":"56980a2d3337650003270200","duration":11.15},{"created":"2016-03-07T10:36:58Z","user_id":"56dd54356561330003360100","duration":14.224}]},{"data":{"value":"$11,800 - Contract"},"votes":1,"confidence":0.3333333333333333,"instances":[{"created":"2016-03-05T03:37:12Z","user_id":"563f8b7a3264340003774b00","duration":7.906}]}],"region":{"x":774.324899489408,"y":606.5744510473301,"width":399.96827720492604,"height":101.53720796279902,"label":"Valuation","shape":"rectangle"},"task_key":"em_transcribed_valuation_total","instructions":{"mark":"Valuation","transcribe":"Enter the valuation ***total*** (if one is given)","verify":"Choose the best transcription or enter your own!"}},{"id":"580dab056164390003913803","status":"awaiting_votes","name":"Valuation Date","created_in_workflow":"transcribe","confidence":0.5,"data":{"value":""},"versions":[{"data":{"value":""},"votes":2,"confidence":0.5,"instances":[{"created":"2016-01-04T16:48:05Z","user_id":"56748e5e3564620003fd0100","duration":1.538},{"created":"2016-07-17T02:38:35Z","user_id":"5750d4e061323000033d0000","duration":3.717}]},{"data":{"value":"January 25 1892"},"votes":1,"confidence":0.25,"instances":[{"created":"2016-07-18T17:47:24Z","user_id":"56cd8f5e6661360003f60100","duration":12.952}]},{"data":{"value":"Jany 25/92"},"votes":1,"confidence":0.25,"instances":[{"created":"2016-09-19T14:30:58Z","user_id":"57c49a363234370003600200","duration":22.939}]}],"region":{"x":774.324899489408,"y":606.5744510473301,"width":399.96827720492604,"height":101.53720796279902,"label":"Valuation","shape":"rectangle"},"task_key":"em_record_valuation","instructions":{"mark":"Valuation","transcribe":"Enter the date of the valuation (if one is given). In the next screen, you'll enter the valuation's dollar amounts."}},{"id":"580dab056164390003923803","status":"complete","name":"Amount Loaned","created_in_workflow":"transcribe","confidence":1.0,"data":{"value":"$5,000"},"versions":[{"data":{"value":"$5,000"},"votes":3,"confidence":1.0,"instances":[{"created":"2015-11-10T01:07:07Z","user_id":"564138c461616500038e3700","duration":6.135},{"created":"2015-11-10T01:33:01Z","user_id":"564145706161650003bc3f00","duration":5.828},{"created":"2015-11-10T01:51:31Z","user_id":"564149836161650003224500","duration":9.681}]}],"region":{"x":846.7253381887544,"y":690.4530141470336,"width":185.4157576446678,"height":46.79540888720305,"label":"Amount Loaned","shape":"rectangle"},"task_key":"em_record_amount_loaned","instructions":{"mark":"Amount Loaned","transcribe":"Enter the Amount Loaned"}}]}],"export_document":{"name":"Record","export_fields":[{"name":"Mortgager","value":"Michael McGuire","original_value":{"value":"Michael McGuire"},"assertion_ids":["580dab056164390003893803"]},{"name":"Street Address","value":"213 E 45","original_value":{"value":"213 E 45"},"assertion_ids":["580dab0561643900038a3803"]},{"name":"Record Date","value":"1892-01-25T00:00:00Z","original_value":{"value":"Jany 25/92"},"assertion_ids":["580dab0561643900038e3803"]},{"name":"Land \u0026 Building Dimensions","value":{"em_survey_land_dimensions":[18,100],"em_survey_building_dimensions":[18,70]},"original_value":{"em_survey_land_dimensions":"18 x 100","em_survey_building_dimensions":"18 x 70"},"assertion_ids":["580dab0561643900038d3803"]},{"name":"Amount Loaned","value":5000.0,"original_value":{"value":"$5,000"},"assertion_ids":["580dab056164390003923803"]},{"name":"Stories \u0026 Materials","value":{"em_record_stories":3,"em_record_material":"brick"},"original_value":{"em_record_stories":"3","em_record_material":"brick"},"assertion_ids":["580dab0561643900038b3803"]},{"name":"Valuation","value":null,"original_value":null,"assertion_ids":null},{"name":"Record Number","value":3833,"original_value":{"value":"3833"},"assertion_ids":["580dab056164390003883803"]},{"name":"Additional Info","value":"","original_value":{"value":""},"assertion_ids":["580dab0561643900038c3803"]}]}}