{"id":"56b109f47061755afb9fc100","meta_data":{"capture_uuid":"1228f9b0-02e7-0133-7f42-58d385a7bbd0","page_uri":"http://digitalcollections.nypl.org/items/1228f9b0-02e7-0133-7f42-58d385a7bbd0","book_uri":"http://digitalcollections.nypl.org/items/109c0900-02e7-0133-03cf-58d385a7bbd0","source_rotated":"0.335714","source_x":"1207.87","source_y":"857.28","source_w":"1362.13","source_h":"966.72"},"type":"final_subject_set","search_terms_by_field":{"Land \u0026 Building Dimensions":["24 x 82"],"Stories \u0026 Materials":["4","br"],"Additional Info":[],"Valuation Date":[],"Land \u0026 Building Value":["8500","8500"],"Total Value":[],"Record Number":["3857"],"Mortgager":["James Stans"],"Street Address":["147 \u0026 149 E 85"],"Record Date":["Mar. 7/92"],"Amount Loaned":["$8500."]},"subjects":[{"id":"580d6c7c6164390003493601","type":"root","location":{"standard":"https://s3.amazonaws.com/scribe.nypl.org/emigrant-s4/full/1228f9b0-02e7-0133-7f42-58d385a7bbd0.right-bottom.jpg","thumbnail":"https://s3.amazonaws.com/scribe.nypl.org/emigrant-s4/thumb/1228f9b0-02e7-0133-7f42-58d385a7bbd0.right-bottom.jpg"},"status":"retired","width":1362,"height":966,"meta_data":{"capture_uuid":"1228f9b0-02e7-0133-7f42-58d385a7bbd0","page_uri":"http://digitalcollections.nypl.org/items/1228f9b0-02e7-0133-7f42-58d385a7bbd0","book_uri":"http://digitalcollections.nypl.org/items/109c0900-02e7-0133-03cf-58d385a7bbd0","source_rotated":"0.335714","source_x":"1207.87","source_y":"857.28","source_w":"1362.13","source_h":"966.72"},"assertions":[{"id":"580d6c7c61643900034a3601","status":"awaiting_transcriptions","name":"Land \u0026 Building Dimensions","created_in_workflow":"transcribe","confidence":0.3333333333333333,"data":{"em_survey_land_dimensions":"24 x 82"},"versions":[{"data":{"em_survey_land_dimensions":"24 x 82"},"votes":1,"confidence":0.3333333333333333,"instances":[{"created":"2016-01-05T15:02:41Z","user_id":"568ac34a3237350003b80500","duration":5.556}]}],"region":{"x":301.7653580152048,"y":714.0118977577303,"width":348.92276718903986,"height":96.99784271425767,"label":"Dimension \u0026 Description","shape":"rectangle"},"task_key":"em_record_survey","instructions":{"mark":"Dimension \u0026 Description","transcribe":"Enter, as they appear, any land and building dimensions that were recorded. In the next screen, you'll enter the descriptive information."}},{"id":"580d6c7c61643900034b3601","status":"awaiting_transcriptions","name":"Stories \u0026 Materials","created_in_workflow":"transcribe","confidence":0.3333333333333333,"data":{"em_record_stories":"4","em_record_material":"br"},"versions":[{"data":{"em_record_stories":"4","em_record_material":"br"},"votes":1,"confidence":0.3333333333333333,"instances":[{"created":"2016-01-05T15:02:45Z","user_id":"568ac34a3237350003b80500","duration":4.038}]}],"region":{"x":301.7653580152048,"y":714.0118977577303,"width":348.92276718903986,"height":96.99784271425767,"label":"Dimension \u0026 Description","shape":"rectangle"},"task_key":"em_record_survey_stories_materials","instructions":{"mark":"Dimension \u0026 Description","transcribe":"Enter, as they appear, the number of stories and the building materials."}},{"id":"580d6c7c61643900034c3601","status":"awaiting_transcriptions","name":"Additional Info","created_in_workflow":"transcribe","confidence":0.3333333333333333,"data":{"value":""},"versions":[{"data":{"value":""},"votes":1,"confidence":0.3333333333333333,"instances":[{"created":"2016-01-05T15:02:45Z","user_id":"568ac34a3237350003b80500","duration":0.871}]}],"region":{"x":301.7653580152048,"y":714.0118977577303,"width":348.92276718903986,"height":96.99784271425767,"label":"Dimension \u0026 Description","shape":"rectangle"},"task_key":"em_record_survey_additional_info","instructions":{"mark":"Dimension \u0026 Description","transcribe":"Enter any additional information you find about the building's construction or significance."}},{"id":"580d6c7c61643900034d3601","status":"awaiting_transcriptions","name":"Valuation Date","created_in_workflow":"transcribe","confidence":0.3333333333333333,"data":{"value":""},"versions":[{"data":{"value":""},"votes":1,"confidence":0.3333333333333333,"instances":[{"created":"2016-01-05T15:02:17Z","user_id":"568ac34a3237350003b80500","duration":2.15}]}],"region":{"x":893.1827124398707,"y":592.7645943649081,"width":123.94167792043118,"height":88.91468915473627,"label":"Valuation","shape":"rectangle"},"task_key":"em_record_valuation","instructions":{"mark":"Valuation","transcribe":"Enter the date of the valuation (if one is given). In the next screen, you'll enter the valuation's dollar amounts."}},{"id":"580d6c7c61643900034e3601","status":"awaiting_transcriptions","name":"Land \u0026 Building Value","created_in_workflow":"transcribe","confidence":0.3333333333333333,"data":{"em_valuation_ground":"8500","em_valuation_building":"8500"},"versions":[{"data":{"em_valuation_ground":"8500","em_valuation_building":"8500"},"votes":1,"confidence":0.3333333333333333,"instances":[{"created":"2016-01-05T15:02:22Z","user_id":"568ac34a3237350003b80500","duration":5.316}]}],"region":{"x":893.1827124398707,"y":592.7645943649081,"width":123.94167792043118,"height":88.91468915473627,"label":"Valuation","shape":"rectangle"},"task_key":"em_record_valuation_ground_building","instructions":{"mark":"Valuation","transcribe":"Sometimes valuations include itemized dollar values for \"ground\" and \"building\". Enter these amounts if you can find them. In the next screen, you'll enter the total valuation."}},{"id":"580d6c7c61643900034f3601","status":"awaiting_transcriptions","name":"Total Value","created_in_workflow":"transcribe","confidence":0.3333333333333333,"data":{"value":""},"versions":[{"data":{"value":""},"votes":1,"confidence":0.3333333333333333,"instances":[{"created":"2016-01-05T15:02:23Z","user_id":"568ac34a3237350003b80500","duration":0.872}]}],"region":{"x":893.1827124398707,"y":592.7645943649081,"width":123.94167792043118,"height":88.91468915473627,"label":"Valuation","shape":"rectangle"},"task_key":"em_record_valuation_total","instructions":{"mark":"Valuation","transcribe":"Enter the valuation ***total*** (if one is given)"}},{"id":"580d6c7c6164390003503601","status":"complete","name":"Record Number","created_in_workflow":"transcribe","confidence":1.0,"data":{"value":"3857"},"versions":[{"data":{"value":"3857"},"votes":3,"confidence":1.0,"instances":[{"created":"2016-01-05T17:53:08Z","user_id":"568bfed86136360003d70000","duration":6.767},{"created":"2016-01-05T22:55:51Z","user_id":"566eeeda3637340003010100","duration":3.495},{"created":"2016-01-05T23:12:20Z","user_id":"568c39f93761610003bb0600","duration":7.178}]}],"region":{"x":789.4489167890752,"y":67.35961299601229,"width":129.33044652566718,"height":71.40118977577302,"label":"Record Number","shape":"rectangle"},"task_key":"em_record_number","instructions":{"mark":"Record Number","transcribe":"Enter the record number"}},{"id":"580d6c7c6164390003513601","status":"awaiting_votes","name":"Mortgager","created_in_workflow":"transcribe","confidence":0.25,"data":{"value":"James Stans"},"versions":[{"data":{"value":"James Stans"},"votes":1,"confidence":0.25,"instances":[{"created":"2016-01-05T17:57:55Z","user_id":"568bfed86136360003d70000","duration":134.571}]},{"data":{"value":"Jauies Etaus"},"votes":1,"confidence":0.25,"instances":[{"created":"2016-01-05T23:14:04Z","user_id":"568c39f93761610003bb0600","duration":46.827}]},{"data":{"value":"James Haus"},"votes":1,"confidence":0.25,"instances":[{"created":"2016-01-05T23:48:16Z","user_id":"567ac7e161383400030e0500","duration":14.964}]},{"data":{"value":"James Staus"},"votes":1,"confidence":0.25,"instances":[{"created":"2016-09-19T17:34:09Z","user_id":"57c49a363234370003600200","duration":5.484}]}],"region":{"x":238.44732690368025,"y":629.1387853827548,"width":216.89793636075447,"height":57.929267176570534,"label":"Mortgager Name","shape":"rectangle"},"task_key":"em_record_mortgager","instructions":{"mark":"Mortgager Name","transcribe":"Enter the mortgager's name"}},{"id":"580d6c7c6164390003523601","status":"awaiting_votes","name":"Street Address","created_in_workflow":"verify","confidence":0.3333333333333333,"data":{"value":"147 \u0026 149 E 85"},"versions":[{"data":{"value":"147 \u0026 149 E 85"},"votes":1,"confidence":0.3333333333333333,"instances":[{"created":"2016-09-19T17:32:22Z","user_id":"57c49a363234370003600200","duration":7.224}]}],"region":{"x":269.432746383788,"y":672.2489377002026,"width":245.18897153824418,"height":56.5820749166503,"label":"Street Address","shape":"rectangle"},"task_key":"em_transcribed_address","instructions":{"mark":"Street Address","transcribe":"Enter the street address","verify":"Choose the best transcription or enter your own!"}},{"id":"580d6c7c6164390003533601","status":"awaiting_votes","name":"Record Date","created_in_workflow":"verify","confidence":0.3333333333333333,"data":{"value":"Mar. 7/92"},"versions":[{"data":{"value":"Mar. 7/92"},"votes":1,"confidence":0.3333333333333333,"instances":[{"created":"2016-09-19T17:33:44Z","user_id":"57c49a363234370003600200","duration":6.734}]}],"region":{"x":286.94624435080544,"y":590.0702098450677,"width":180.52374827541058,"height":57.929267176570534,"label":"Record Date","shape":"rectangle"},"task_key":"em_transcribed_date","instructions":{"mark":"Record Date","transcribe":"Enter the record date","verify":"Choose the best transcription or enter your own!"}},{"id":"580d6c7c6164390003543601","status":"awaiting_votes","name":"Amount Loaned","created_in_workflow":"verify","confidence":0.3333333333333333,"data":{"value":"$8500."},"versions":[{"data":{"value":"$8500."},"votes":1,"confidence":0.3333333333333333,"instances":[{"created":"2016-09-19T17:32:26Z","user_id":"57c49a363234370003600200","duration":4.295}]}],"region":{"x":901.2658653477249,"y":674.9433222200431,"width":118.55290931519494,"height":53.88769039680983,"label":"Amount Loaned","shape":"rectangle"},"task_key":"em_transcribed_amount_loaned","instructions":{"mark":"Amount Loaned","transcribe":"Enter the Amount Loaned","verify":"Choose the best transcription or enter your own!"}}]}],"export_document":{"name":"Record","export_fields":[{"name":"Mortgager","value":"James Stans","original_value":{"value":"James Stans"},"assertion_ids":["580d6c7c6164390003513601"]},{"name":"Street Address","value":"147 \u0026 149 E 85","original_value":{"value":"147 \u0026 149 E 85"},"assertion_ids":["580d6c7c6164390003523601"]},{"name":"Record Date","value":"1892-03-07T00:00:00Z","original_value":{"value":"Mar. 7/92"},"assertion_ids":["580d6c7c6164390003533601"]},{"name":"Land \u0026 Building Dimensions","value":{"em_survey_land_dimensions":[24,82]},"original_value":{"em_survey_land_dimensions":"24 x 82"},"assertion_ids":["580d6c7c61643900034a3601"]},{"name":"Amount Loaned","value":8500.0,"original_value":{"value":"$8500."},"assertion_ids":["580d6c7c6164390003543601"]},{"name":"Stories \u0026 Materials","value":{"em_record_stories":4,"em_record_material":"br"},"original_value":{"em_record_stories":"4","em_record_material":"br"},"assertion_ids":["580d6c7c61643900034b3601"]},{"name":"Valuation","value":null,"original_value":null,"assertion_ids":null},{"name":"Record Number","value":3857,"original_value":{"value":"3857"},"assertion_ids":["580d6c7c6164390003503601"]},{"name":"Additional Info","value":"","original_value":{"value":""},"assertion_ids":["580d6c7c61643900034c3601"]}]}}