{"id":"56b10adc7061755afb58d300","meta_data":{"capture_uuid":"157ca360-02e7-0133-271b-58d385a7bbd0","page_uri":"http://digitalcollections.nypl.org/items/157ca360-02e7-0133-271b-58d385a7bbd0","book_uri":"http://digitalcollections.nypl.org/items/109c0900-02e7-0133-03cf-58d385a7bbd0","source_rotated":"0.979081","source_x":"0","source_y":"0","source_w":"1372.73","source_h":"884.64"},"type":"final_subject_set","search_terms_by_field":{"Street Address":["181 Vernon Ave. Bklyn","181 Vernon Ave, Brooklyn"],"Record Number":["4182"],"Mortgager":["John Opp"],"Additional Info":[],"Land \u0026 Building Dimensions":["18.9 X 100","18.9 X 43"],"Stories \u0026 Materials":["2","br."],"Record Date":["1894 September 10"],"Valuation Date":["Sept 10/94"],"Total Value":[],"Land \u0026 Building Value":["$1500.","$4500."],"Amount Loaned":["$3000"]},"subjects":[{"id":"580d883e6164390003564c02","type":"root","location":{"standard":"https://s3.amazonaws.com/scribe.nypl.org/emigrant-s4/full/157ca360-02e7-0133-271b-58d385a7bbd0.left-top.jpg","thumbnail":"https://s3.amazonaws.com/scribe.nypl.org/emigrant-s4/thumb/157ca360-02e7-0133-271b-58d385a7bbd0.left-top.jpg"},"status":"retired","width":1372,"height":884,"meta_data":{"capture_uuid":"157ca360-02e7-0133-271b-58d385a7bbd0","page_uri":"http://digitalcollections.nypl.org/items/157ca360-02e7-0133-271b-58d385a7bbd0","book_uri":"http://digitalcollections.nypl.org/items/109c0900-02e7-0133-03cf-58d385a7bbd0","source_rotated":"0.979081","source_x":"0","source_y":"0","source_w":"1372.73","source_h":"884.64"},"assertions":[{"id":"580d883e6164390003574c02","status":"complete","name":"Street Address","created_in_workflow":"verify","confidence":1.0,"data":{"value":"181 Vernon Ave. Bklyn"},"versions":[{"data":{"value":"181 Vernon Ave. Bklyn"},"votes":3,"confidence":1.0,"instances":[{"created":"2015-11-29T23:51:17Z","user_id":"5647496e3562310003960400","duration":15.626},{"created":"2015-12-10T01:59:41Z","user_id":"563f8b7a3264340003774b00","duration":16.908},{"created":"2015-12-14T00:46:03Z","user_id":"5668bbbe3064310003db0500","duration":15.594}]}],"region":{"x":235.24766124200187,"y":697.8485482836742,"width":400.27214002370465,"height":64.0791748738468,"label":"Street Address","shape":"rectangle"},"task_key":"em_transcribed_address","instructions":{"mark":"Street Address","transcribe":"Enter the street address","verify":"Choose the best transcription or enter your own!"}},{"id":"580d883e6164390003584c02","status":"complete","name":"Record Number","created_in_workflow":"transcribe","confidence":1.0,"data":{"value":"4182"},"versions":[{"data":{"value":"4182"},"votes":3,"confidence":1.0,"instances":[{"created":"2015-11-08T16:11:00Z","user_id":"563f71353264340003a02200","duration":5.449},{"created":"2015-11-08T16:14:42Z","user_id":"563f6f403264340003f01f00","duration":7.103},{"created":"2015-11-08T16:17:34Z","user_id":"563f74763264340003d32600","duration":7.746}]}],"region":{"x":763.6771092557523,"y":98.31325460097044,"width":150.1020525088893,"height":57.05679954520606,"label":"Record Number","shape":"rectangle"},"task_key":"em_record_number","instructions":{"mark":"Record Number","transcribe":"Enter the record number"}},{"id":"580d883e6164390003594c02","status":"complete","name":"Mortgager","created_in_workflow":"transcribe","confidence":1.0,"data":{"value":"John Opp"},"versions":[{"data":{"value":"John Opp"},"votes":4,"confidence":1.0,"instances":[{"created":"2015-11-08T16:23:46Z","user_id":"563f799b32643400032f2f00","duration":13.211},{"created":"2015-11-08T16:25:17Z","user_id":"563f576b3264340003320700","duration":4.194},{"created":"2015-11-08T16:26:28Z","user_id":"563f6d4b3264340003c11d00","duration":7.048},{"created":"2015-11-08T16:27:28Z","user_id":"563f77833264340003092c00","duration":25.936}]}],"region":{"x":204.52501891562102,"y":663.6144685565505,"width":226.46976343446445,"height":63.20137795776668,"label":"Mortgager Name","shape":"rectangle"},"task_key":"em_record_mortgager","instructions":{"mark":"Mortgager Name","transcribe":"Enter the mortgager's name"}},{"id":"580d883e61643900035a4c02","status":"complete","name":"Street Address","created_in_workflow":"verify","confidence":1.0,"data":{"value":"181 Vernon Ave, Brooklyn"},"versions":[{"data":{"value":"181 Vernon Ave, Brooklyn"},"votes":4,"confidence":0.8,"instances":[{"created":"2016-04-14T21:41:19Z","user_id":"571001973930330003320100","duration":8.557},{"created":"2016-04-18T20:15:10Z","user_id":"570c096d3938340003b20200","duration":13.4},{"created":"2016-04-18T20:15:26Z","user_id":"57153f3f6636380003ce0000","duration":5.71},{"created":"2016-04-18T23:26:30Z","user_id":"57156c626636380003910200","duration":11.981}]},{"data":{"value":"181 Vernon Ave., Brooklyn"},"votes":1,"confidence":0.2,"instances":[{"created":"2016-04-18T13:11:13Z","user_id":"570ba61d3938340003390000","duration":199.778}]}],"region":{"x":253.6622096551226,"y":700.3327027771631,"width":369.4645227585481,"height":56.247193451394196,"label":"Street Address","shape":"rectangle"},"task_key":"em_transcribed_address","instructions":{"mark":"Street Address","transcribe":"Enter the street address","verify":"Choose the best transcription or enter your own!"}},{"id":"580d883e61643900035b4c02","status":"complete","name":"Additional Info","created_in_workflow":"transcribe","confidence":1.0,"data":{"value":""},"versions":[{"data":{"value":""},"votes":3,"confidence":1.0,"instances":[{"created":"2015-11-08T16:14:46Z","user_id":"563f6baf3264340003021c00","duration":11.444},{"created":"2015-11-08T16:26:27Z","user_id":"563f576b3264340003320700","duration":10.078},{"created":"2015-11-30T00:12:26Z","user_id":"5647496e3562310003960400","duration":1.148}]}],"region":{"x":97.43466566366494,"y":737.3494095072783,"width":558.2743005593775,"height":113.23580217433198,"label":"Dimension \u0026 Description","shape":"rectangle"},"task_key":"em_record_survey_additional_info","instructions":{"mark":"Dimension \u0026 Description","transcribe":"Enter any additional information you find about the building's construction or significance."}},{"id":"580d883e61643900035c4c02","status":"complete","name":"Land \u0026 Building Dimensions","created_in_workflow":"verify","confidence":1.0,"data":{"em_survey_land_dimensions":"18.9 X 100","em_survey_building_dimensions":"18.9 X 43"},"versions":[{"data":{"em_survey_land_dimensions":"18.9 X 100","em_survey_building_dimensions":"18.9 X 43"},"votes":3,"confidence":1.0,"instances":[{"created":"2015-11-30T00:04:24Z","user_id":"5647496e3562310003960400","duration":17.368},{"created":"2015-12-08T03:06:25Z","user_id":"563f8b7a3264340003774b00","duration":9.214},{"created":"2015-12-13T21:08:11Z","user_id":"5668bbbe3064310003db0500","duration":22.888}]}],"region":{"x":97.43466566366494,"y":737.3494095072783,"width":558.2743005593775,"height":113.23580217433198,"label":"Dimension \u0026 Description","shape":"rectangle"},"task_key":"em_transcribed_survey","instructions":{"mark":"Dimension \u0026 Description","transcribe":"Enter, as they appear, any land and building dimensions that were recorded. In the next screen, you'll enter the descriptive information.","verify":"Choose the best transcription or enter your own!"}},{"id":"580d883e61643900035d4c02","status":"complete","name":"Stories \u0026 Materials","created_in_workflow":"verify","confidence":1.0,"data":{"em_record_stories":"2","em_record_material":"br."},"versions":[{"data":{"em_record_stories":"2","em_record_material":"br."},"votes":3,"confidence":1.0,"instances":[{"created":"2015-12-10T02:29:50Z","user_id":"563f8b7a3264340003774b00","duration":7.974},{"created":"2015-12-14T00:51:20Z","user_id":"5668bbbe3064310003db0500","duration":12.159},{"created":"2015-12-19T03:17:34Z","user_id":"56748e5e3564620003fd0100","duration":7.818}]}],"region":{"x":97.43466566366494,"y":737.3494095072783,"width":558.2743005593775,"height":113.23580217433198,"label":"Dimension \u0026 Description","shape":"rectangle"},"task_key":"em_transcribed_stories_materials","instructions":{"mark":"Dimension \u0026 Description","transcribe":"Enter, as they appear, the number of stories and the building materials.","verify":"Choose the best transcription or enter your own!"}},{"id":"580d883e61643900035e4c02","status":"complete","name":"Record Date","created_in_workflow":"verify","confidence":1.0,"data":{"value":"1894 September 10"},"versions":[{"data":{"value":"1894 September 10"},"votes":3,"confidence":0.5,"instances":[{"created":"2015-11-14T04:20:33Z","user_id":"563f8b7a3264340003774b00","duration":5.618},{"created":"2015-11-17T03:49:09Z","user_id":"564618af6363350003da0c00","duration":5.747},{"created":"2015-11-20T13:39:31Z","user_id":"564f1fd864353600034f0100","duration":8.199}]},{"data":{"value":"Sept 10/94"},"votes":3,"confidence":0.5,"instances":[{"created":"2015-11-17T04:04:34Z","user_id":"5647496e3562310003960400","duration":7.633},{"created":"2015-11-19T21:34:55Z","user_id":"564dee2139646600036e0200","duration":12.515},{"created":"2015-11-20T16:34:01Z","user_id":"564c68d234636500036e0100","duration":4.483}]}],"region":{"x":247.5367181725542,"y":623.2358104168662,"width":249.29229773406163,"height":54.42340879696576,"label":"Record Date","shape":"rectangle"},"task_key":"em_transcribed_date","instructions":{"mark":"Record Date","transcribe":"Enter the record date","verify":"Choose the best transcription or enter your own!"}},{"id":"580d883e61643900035f4c02","status":"awaiting_votes","name":"Valuation Date","created_in_workflow":"verify","confidence":0.3333333333333333,"data":{"value":"Sept 10/94"},"versions":[{"data":{"value":"Sept 10/94"},"votes":1,"confidence":0.3333333333333333,"instances":[{"created":"2016-09-30T16:51:20Z","user_id":"57c49a363234370003600200","duration":4.258}]}],"region":{"x":694.331716576207,"y":614.4578412560653,"width":380.9607648471223,"height":87.77969160800933,"label":"Valuation","shape":"rectangle"},"task_key":"em_transcribed_valuation_date","instructions":{"mark":"Valuation","transcribe":"Enter the date of the valuation (if one is given). In the next screen, you'll enter the valuation's dollar amounts.","verify":"Choose the best transcription or enter your own!"}},{"id":"580d883e6164390003604c02","status":"complete","name":"Total Value","created_in_workflow":"transcribe","confidence":1.0,"data":{"value":""},"versions":[{"data":{"value":""},"votes":3,"confidence":1.0,"instances":[{"created":"2015-11-08T16:04:06Z","user_id":"563f7fdf3264340003683800","duration":1.161},{"created":"2016-06-19T02:53:14Z","user_id":"5750d4e061323000033d0000","duration":3.1},{"created":"2016-06-23T00:57:30Z","user_id":"576b333f3837340003480000","duration":1.115}]}],"region":{"x":694.331716576207,"y":614.4578412560653,"width":380.9607648471223,"height":87.77969160800933,"label":"Valuation","shape":"rectangle"},"task_key":"em_record_valuation_total","instructions":{"mark":"Valuation","transcribe":"Enter the valuation ***total*** (if one is given)"}},{"id":"580d883e6164390003614c02","status":"complete","name":"Land \u0026 Building Value","created_in_workflow":"verify","confidence":1.0,"data":{"em_valuation_ground":"$1500.","em_valuation_building":"$4500."},"versions":[{"data":{"em_valuation_ground":"$1500.","em_valuation_building":"$4500."},"votes":6,"confidence":0.6,"instances":[{"created":"2016-07-15T22:10:10Z","user_id":"5789580d36353900035a0000","duration":225.948},{"created":"2016-07-18T20:57:24Z","user_id":"5794e6a83066310003040000","duration":8.493},{"created":"2016-07-19T02:54:52Z","user_id":"578d8d8e33646600030e0200","duration":22.067},{"created":"2016-07-19T17:08:32Z","user_id":"578e5a2f3536630003920000","duration":6.094},{"created":"2016-07-20T14:57:13Z","user_id":"577d266b3631640003490000","duration":12.49},{"created":"2016-07-24T17:32:53Z","user_id":"5794e6a83066310003040000","duration":11.733}]},{"data":{"em_valuation_ground":"$1500","em_valuation_building":"$4500"},"votes":4,"confidence":0.4,"instances":[{"created":"2015-11-29T23:20:30Z","user_id":"5647496e3562310003960400","duration":6.786},{"created":"2015-12-08T02:52:51Z","user_id":"563f8b7a3264340003774b00","duration":9.412},{"created":"2015-12-13T04:27:10Z","user_id":"5668bbbe3064310003db0500","duration":7.112},{"created":"2016-07-19T21:54:41Z","user_id":"578e9cec35366300033e0100","duration":13.49}]}],"region":{"x":694.331716576207,"y":614.4578412560653,"width":380.9607648471223,"height":87.77969160800933,"label":"Valuation","shape":"rectangle"},"task_key":"em_transcribed_valuation_itemized","instructions":{"mark":"Valuation","transcribe":"Sometimes valuations include itemized dollar values for \"ground\" and \"building\". Enter these amounts if you can find them. In the next screen, you'll enter the total valuation.","verify":"Choose the best transcription or enter your own!"}},{"id":"580d883e6164390003624c02","status":"complete","name":"Amount Loaned","created_in_workflow":"verify","confidence":1.0,"data":{"value":"$3000"},"versions":[{"data":{"value":"$3000"},"votes":3,"confidence":1.0,"instances":[{"created":"2015-12-07T01:53:47Z","user_id":"563f8b7a3264340003774b00","duration":6.37},{"created":"2015-12-13T04:23:29Z","user_id":"5668bbbe3064310003db0500","duration":5.259},{"created":"2015-12-19T00:23:25Z","user_id":"56748e5e3564620003fd0100","duration":2.304}]}],"region":{"x":853.2116668926336,"y":703.9931266962348,"width":156.24658097416534,"height":52.66781496480564,"label":"Amount Loaned","shape":"rectangle"},"task_key":"em_transcribed_amount_loaned","instructions":{"mark":"Amount Loaned","transcribe":"Enter the Amount Loaned","verify":"Choose the best transcription or enter your own!"}}]}],"export_document":{"name":"Record","export_fields":[{"name":"Mortgager","value":"John Opp","original_value":{"value":"John Opp"},"assertion_ids":["580d883e6164390003594c02"]},{"name":"Street Address","value":"181 Vernon Ave. Bklyn","original_value":{"value":"181 Vernon Ave. Bklyn"},"assertion_ids":["580d883e6164390003574c02"]},{"name":"Record Date","value":"1894-09-10T00:00:00Z","original_value":{"value":"1894 September 10"},"assertion_ids":["580d883e61643900035e4c02"]},{"name":"Land \u0026 Building Dimensions","value":{"em_survey_land_dimensions":[18.9],"em_survey_building_dimensions":[18.9]},"original_value":{"em_survey_land_dimensions":"18.9 X 100","em_survey_building_dimensions":"18.9 X 43"},"assertion_ids":["580d883e61643900035c4c02"]},{"name":"Amount Loaned","value":3000.0,"original_value":{"value":"$3000"},"assertion_ids":["580d883e6164390003624c02"]},{"name":"Stories \u0026 Materials","value":{"em_record_stories":2,"em_record_material":"br."},"original_value":{"em_record_stories":"2","em_record_material":"br."},"assertion_ids":["580d883e61643900035d4c02"]},{"name":"Valuation","value":null,"original_value":null,"assertion_ids":null},{"name":"Record Number","value":4182,"original_value":{"value":"4182"},"assertion_ids":["580d883e6164390003584c02"]},{"name":"Additional Info","value":"","original_value":{"value":""},"assertion_ids":["580d883e61643900035b4c02"]}]}}