{"id":"56b10ac57061755afb9ad100","meta_data":{"capture_uuid":"152fc180-02e7-0133-05c7-58d385a7bbd0","page_uri":"http://digitalcollections.nypl.org/items/152fc180-02e7-0133-05c7-58d385a7bbd0","book_uri":"http://digitalcollections.nypl.org/items/109c0900-02e7-0133-03cf-58d385a7bbd0","source_rotated":"0.895174","source_x":"1216.33","source_y":"0","source_w":"1371.67","source_h":"902.0899999999999"},"type":"final_subject_set","search_terms_by_field":{"Record Number":["4152"],"Mortgager":["Wm Fernschild"],"Street Address":["1774/1780 Bathgate Ave"],"Land \u0026 Building Dimensions":["18 x 35"],"Stories \u0026 Materials":["frame","4"],"Additional Info":["4 houses"],"Record Date":["June 4/94"],"Land \u0026 Building Value":["$8000.","12000."],"Valuation Date":["June 4, 1894"],"Total Value":[],"Amount Loaned":["$10000."]},"subjects":[{"id":"580d6d9d6164390003264201","type":"root","location":{"standard":"https://s3.amazonaws.com/scribe.nypl.org/emigrant-s4/full/152fc180-02e7-0133-05c7-58d385a7bbd0.right-top.jpg","thumbnail":"https://s3.amazonaws.com/scribe.nypl.org/emigrant-s4/thumb/152fc180-02e7-0133-05c7-58d385a7bbd0.right-top.jpg"},"status":"retired","width":1371,"height":902,"meta_data":{"capture_uuid":"152fc180-02e7-0133-05c7-58d385a7bbd0","page_uri":"http://digitalcollections.nypl.org/items/152fc180-02e7-0133-05c7-58d385a7bbd0","book_uri":"http://digitalcollections.nypl.org/items/109c0900-02e7-0133-03cf-58d385a7bbd0","source_rotated":"0.895174","source_x":"1216.33","source_y":"0","source_w":"1371.67","source_h":"902.0899999999999"},"assertions":[{"id":"580d6d9d6164390003274201","status":"awaiting_transcriptions","name":"Land \u0026 Building Dimensions","created_in_workflow":"transcribe","confidence":0.3333333333333333,"data":{"em_survey_building_dimensions":"18 x 35"},"versions":[{"data":{"em_survey_building_dimensions":"18 x 35"},"votes":1,"confidence":0.3333333333333333,"instances":[{"created":"2015-12-15T19:38:15Z","user_id":"56704e743066300003ab0900","duration":28.615}]}],"region":{"x":316.17442124059795,"y":750.9657169333743,"width":408.154558097196,"height":83.72488597661015,"label":"Dimension \u0026 Description","shape":"rectangle"},"task_key":"em_record_survey","instructions":{"mark":"Dimension \u0026 Description","transcribe":"Enter, as they appear, any land and building dimensions that were recorded. In the next screen, you'll enter the descriptive information."}},{"id":"580d6d9d6164390003284201","status":"awaiting_transcriptions","name":"Stories \u0026 Materials","created_in_workflow":"transcribe","confidence":0.3333333333333333,"data":{"em_record_material":"frame"},"versions":[{"data":{"em_record_material":"frame"},"votes":1,"confidence":0.3333333333333333,"instances":[{"created":"2015-12-15T19:38:25Z","user_id":"56704e743066300003ab0900","duration":9.145}]}],"region":{"x":316.17442124059795,"y":750.9657169333743,"width":408.154558097196,"height":83.72488597661015,"label":"Dimension \u0026 Description","shape":"rectangle"},"task_key":"em_record_survey_stories_materials","instructions":{"mark":"Dimension \u0026 Description","transcribe":"Enter, as they appear, the number of stories and the building materials."}},{"id":"580d6d9d6164390003294201","status":"awaiting_transcriptions","name":"Additional Info","created_in_workflow":"transcribe","confidence":0.3333333333333333,"data":{"value":"4 houses"},"versions":[{"data":{"value":"4 houses"},"votes":1,"confidence":0.3333333333333333,"instances":[{"created":"2015-12-15T19:38:37Z","user_id":"56704e743066300003ab0900","duration":12.183}]}],"region":{"x":316.17442124059795,"y":750.9657169333743,"width":408.154558097196,"height":83.72488597661015,"label":"Dimension \u0026 Description","shape":"rectangle"},"task_key":"em_record_survey_additional_info","instructions":{"mark":"Dimension \u0026 Description","transcribe":"Enter any additional information you find about the building's construction or significance."}},{"id":"580d6d9d61643900032a4201","status":"awaiting_transcriptions","name":"Stories \u0026 Materials","created_in_workflow":"transcribe","confidence":0.3333333333333333,"data":{"em_record_stories":"4"},"versions":[{"data":{"em_record_stories":"4"},"votes":1,"confidence":0.3333333333333333,"instances":[{"created":"2015-12-15T23:08:00Z","user_id":"5670988f3938300003720300","duration":27.159}]}],"region":{"x":376.64176318092325,"y":230.94115091626304,"width":225.58969877736763,"height":255.82604048408677,"label":"Dimension \u0026 Description","shape":"rectangle"},"task_key":"em_record_survey_stories_materials","instructions":{"mark":"Dimension \u0026 Description","transcribe":"Enter, as they appear, the number of stories and the building materials."}},{"id":"580d6d9d61643900032b4201","status":"awaiting_transcriptions","name":"Land \u0026 Building Value","created_in_workflow":"transcribe","confidence":0.3333333333333333,"data":{"em_valuation_ground":"$8000.","em_valuation_building":"12000."},"versions":[{"data":{"em_valuation_ground":"$8000.","em_valuation_building":"12000."},"votes":1,"confidence":0.3333333333333333,"instances":[{"created":"2015-12-15T19:37:06Z","user_id":"56704e743066300003ab0900","duration":19.831}]},{"data":{"em_valuation_ground":"$8,000","em_valuation_building":"$12,000"},"votes":1,"confidence":0.3333333333333333,"instances":[{"created":"2015-12-15T23:08:49Z","user_id":"5670988f3938300003720300","duration":9.434}]}],"region":{"x":858.0548317058211,"y":612.5870859442547,"width":206.984362795729,"height":88.37626853086635,"label":"Valuation","shape":"rectangle"},"task_key":"em_record_valuation_ground_building","instructions":{"mark":"Valuation","transcribe":"Sometimes valuations include itemized dollar values for \"ground\" and \"building\". Enter these amounts if you can find them. In the next screen, you'll enter the total valuation."}},{"id":"580d6d9d61643900032c4201","status":"awaiting_transcriptions","name":"Valuation Date","created_in_workflow":"transcribe","confidence":0.3333333333333333,"data":{"value":"June 4, 1894"},"versions":[{"data":{"value":"June 4, 1894"},"votes":1,"confidence":0.3333333333333333,"instances":[{"created":"2015-12-15T23:08:39Z","user_id":"5670988f3938300003720300","duration":11.998}]}],"region":{"x":858.0548317058211,"y":612.5870859442547,"width":206.984362795729,"height":88.37626853086635,"label":"Valuation","shape":"rectangle"},"task_key":"em_record_valuation","instructions":{"mark":"Valuation","transcribe":"Enter the date of the valuation (if one is given). In the next screen, you'll enter the valuation's dollar amounts."}},{"id":"580d6d9d61643900032d4201","status":"awaiting_transcriptions","name":"Total Value","created_in_workflow":"transcribe","confidence":0.3333333333333333,"data":{"value":""},"versions":[{"data":{"value":""},"votes":1,"confidence":0.3333333333333333,"instances":[{"created":"2015-12-15T23:09:03Z","user_id":"5670988f3938300003720300","duration":13.886}]}],"region":{"x":858.0548317058211,"y":612.5870859442547,"width":206.984362795729,"height":88.37626853086635,"label":"Valuation","shape":"rectangle"},"task_key":"em_record_valuation_total","instructions":{"mark":"Valuation","transcribe":"Enter the valuation ***total*** (if one is given)"}},{"id":"580d6d9d61643900032e4201","status":"complete","name":"Record Number","created_in_workflow":"transcribe","confidence":1.0,"data":{"value":"4152"},"versions":[{"data":{"value":"4152"},"votes":3,"confidence":1.0,"instances":[{"created":"2015-12-15T22:54:06Z","user_id":"56708d173635620003b00700","duration":8.842},{"created":"2015-12-15T23:07:08Z","user_id":"5670988f3938300003720300","duration":6.285},{"created":"2015-12-15T23:26:39Z","user_id":"5670a0323938300003820400","duration":3.58}]}],"region":{"x":806.890157756315,"y":96.51618800081455,"width":130.23735187146997,"height":48.83951681968928,"label":"Record Number","shape":"rectangle"},"task_key":"em_record_number","instructions":{"mark":"Record Number","transcribe":"Enter the record number"}},{"id":"580d6d9d61643900032f4201","status":"awaiting_votes","name":"Mortgager","created_in_workflow":"verify","confidence":0.3333333333333333,"data":{"value":"Wm Fernschild"},"versions":[{"data":{"value":"Wm Fernschild"},"votes":1,"confidence":0.3333333333333333,"instances":[{"created":"2016-09-13T23:36:47Z","user_id":"57c49a363234370003600200","duration":14.092}]}],"region":{"x":246.4044113094533,"y":653.2866832939957,"width":246.52070175671096,"height":48.83951681968938,"label":"Mortgager Name","shape":"rectangle"},"task_key":"em_transcribed_mortgager","instructions":{"mark":"Mortgager Name","transcribe":"Enter the mortgager's name","verify":"Choose the best transcription or enter your own!"}},{"id":"580d6d9d6164390003304201","status":"complete","name":"Street Address","created_in_workflow":"transcribe","confidence":1.0,"data":{"value":"1774/1780 Bathgate Ave"},"versions":[{"data":{"value":"1774/1780 Bathgate Ave"},"votes":3,"confidence":1.0,"instances":[{"created":"2015-12-15T23:09:51Z","user_id":"5670988f3938300003720300","duration":18.925},{"created":"2015-12-15T23:28:05Z","user_id":"5670a0323938300003820400","duration":13.499},{"created":"2015-12-16T02:02:41Z","user_id":"5670c42639383000031d0600","duration":18.044}]}],"region":{"x":288.26641726814006,"y":702.1262001136851,"width":320.94204568326523,"height":48.839516819689266,"label":"Street Address","shape":"rectangle"},"task_key":"em_record_street_address","instructions":{"mark":"Street Address","transcribe":"Enter the street address"}},{"id":"580d6d9d6164390003314201","status":"awaiting_votes","name":"Record Date","created_in_workflow":"verify","confidence":0.3333333333333333,"data":{"value":"June 4/94"},"versions":[{"data":{"value":"June 4/94"},"votes":1,"confidence":0.3333333333333333,"instances":[{"created":"2016-09-13T23:36:14Z","user_id":"57c49a363234370003600200","duration":5.294}]}],"region":{"x":306.87175324977864,"y":602.354040776168,"width":191.8675273106477,"height":59.30512756676558,"label":"Record Date","shape":"rectangle"},"task_key":"em_transcribed_date","instructions":{"mark":"Record Date","transcribe":"Enter the record date","verify":"Choose the best transcription or enter your own!"}},{"id":"580d6d9d6164390003324201","status":"awaiting_votes","name":"Amount Loaned","created_in_workflow":"verify","confidence":0.3333333333333333,"data":{"value":"$10000."},"versions":[{"data":{"value":"$10000."},"votes":1,"confidence":0.3333333333333333,"instances":[{"created":"2016-09-13T23:31:49Z","user_id":"57c49a363234370003600200","duration":28.915}]}],"region":{"x":924.3363411404085,"y":699.800508836557,"width":103.49218139786456,"height":41.86244298830502,"label":"Amount Loaned","shape":"rectangle"},"task_key":"em_transcribed_amount_loaned","instructions":{"mark":"Amount Loaned","transcribe":"Enter the Amount Loaned","verify":"Choose the best transcription or enter your own!"}}]}],"export_document":{"name":"Record","export_fields":[{"name":"Mortgager","value":"Wm Fernschild","original_value":{"value":"Wm Fernschild"},"assertion_ids":["580d6d9d61643900032f4201"]},{"name":"Street Address","value":"1774/1780 Bathgate Ave","original_value":{"value":"1774/1780 Bathgate Ave"},"assertion_ids":["580d6d9d6164390003304201"]},{"name":"Record Date","value":"1894-06-04T00:00:00Z","original_value":{"value":"June 4/94"},"assertion_ids":["580d6d9d6164390003314201"]},{"name":"Land \u0026 Building Dimensions","value":{"em_survey_building_dimensions":[18,35]},"original_value":{"em_survey_building_dimensions":"18 x 35"},"assertion_ids":["580d6d9d6164390003274201"]},{"name":"Amount Loaned","value":10000.0,"original_value":{"value":"$10000."},"assertion_ids":["580d6d9d6164390003324201"]},{"name":"Stories \u0026 Materials","value":{"em_record_material":"frame"},"original_value":{"em_record_material":"frame"},"assertion_ids":["580d6d9d6164390003284201"]},{"name":"Valuation","value":null,"original_value":null,"assertion_ids":null},{"name":"Record Number","value":4152,"original_value":{"value":"4152"},"assertion_ids":["580d6d9d61643900032e4201"]},{"name":"Additional Info","value":"4 houses","original_value":{"value":"4 houses"},"assertion_ids":["580d6d9d6164390003294201"]}]}}