{"id":"56b109a27061755afb4abb00","meta_data":{"capture_uuid":"11145c00-02e7-0133-1d34-58d385a7bbd0","page_uri":"http://digitalcollections.nypl.org/items/11145c00-02e7-0133-1d34-58d385a7bbd0","book_uri":"http://digitalcollections.nypl.org/items/109c0900-02e7-0133-03cf-58d385a7bbd0","source_rotated":"0.0559529","source_x":"0","source_y":"843.18","source_w":"1358.92","source_h":"950.82"},"type":"final_subject_set","search_terms_by_field":{"Valuation Date":["July 20/91"],"Land \u0026 Building Value":["$12,000","$16,000"],"Total Value":[],"Record Number":["3743"],"Mortgager":["W. Engel \u0026 Nanette Weber"],"Street Address":["240 W 35"],"Additional Info":["5 story brick"],"Land \u0026 Building Dimensions":["25' x 98' 9\"","25 x 88"],"Stories \u0026 Materials":["5","Brick"],"Record Date":["1891 July 20"],"Amount Loaned":["$14000"]},"subjects":[{"id":"580d833b6164390003f31902","type":"root","location":{"standard":"https://s3.amazonaws.com/scribe.nypl.org/emigrant-s4/full/11145c00-02e7-0133-1d34-58d385a7bbd0.left-bottom.jpg","thumbnail":"https://s3.amazonaws.com/scribe.nypl.org/emigrant-s4/thumb/11145c00-02e7-0133-1d34-58d385a7bbd0.left-bottom.jpg"},"status":"retired","width":1358,"height":950,"meta_data":{"capture_uuid":"11145c00-02e7-0133-1d34-58d385a7bbd0","page_uri":"http://digitalcollections.nypl.org/items/11145c00-02e7-0133-1d34-58d385a7bbd0","book_uri":"http://digitalcollections.nypl.org/items/109c0900-02e7-0133-03cf-58d385a7bbd0","source_rotated":"0.0559529","source_x":"0","source_y":"843.18","source_w":"1358.92","source_h":"950.82"},"assertions":[{"id":"580d833b6164390003f41902","status":"complete","name":"Record Number","created_in_workflow":"transcribe","confidence":1.0,"data":{"value":"3743"},"versions":[{"data":{"value":"3743"},"votes":3,"confidence":1.0,"instances":[{"created":"2015-11-05T23:38:44Z","user_id":"563be2643532620003ef3300","duration":8.801},{"created":"2015-11-05T23:57:11Z","user_id":"563be9b23532620003cb3400","duration":7.146},{"created":"2015-11-06T00:38:19Z","user_id":"563bf5cc3532620003a23700","duration":7.671}]}],"region":{"x":728.2885492056048,"y":76.50759848998162,"width":132.41699786580395,"height":61.79459878036975,"label":"Record Number","shape":"rectangle"},"task_key":"em_record_number","instructions":{"mark":"Record Number","transcribe":"Enter the record number"}},{"id":"580d833b6164390003f51902","status":"complete","name":"Mortgager","created_in_workflow":"verify","confidence":1.0,"data":{"value":"W. Engel \u0026 Nanette Weber"},"versions":[{"data":{"value":"W. Engel \u0026 Nanette Weber"},"votes":4,"confidence":0.8,"instances":[{"created":"2015-11-06T01:15:56Z","user_id":"563bff4c3532620003583a00","duration":15.427},{"created":"2015-11-06T01:17:07Z","user_id":"563bfdd53532620003fa3900","duration":95.282},{"created":"2015-11-06T01:52:00Z","user_id":"563c01553532620003973a00","duration":12.248},{"created":"2015-11-16T04:16:36Z","user_id":"5649188c3863370003020e00","duration":43.107}]},{"data":{"value":"W Engel \u0026 Manette Weber"},"votes":1,"confidence":0.2,"instances":[{"created":"2015-11-06T01:20:56Z","user_id":"563aa55e3236380003100400","duration":12.01}]}],"region":{"x":176.55105809808836,"y":644.429387280999,"width":341.3415944985169,"height":45.61029909979675,"label":"Mortgager Name","shape":"rectangle"},"task_key":"em_transcribed_mortgager","instructions":{"mark":"Mortgager Name","transcribe":"Enter the mortgager's name","verify":"Choose the best transcription or enter your own!"}},{"id":"580d833b6164390003f61902","status":"complete","name":"Street Address","created_in_workflow":"verify","confidence":1.0,"data":{"value":"240 W 35"},"versions":[{"data":{"value":"240 W 35"},"votes":6,"confidence":0.8571428571428571,"instances":[{"created":"2015-11-06T01:16:18Z","user_id":"563bff4c3532620003583a00","duration":6.558},{"created":"2015-11-06T01:17:30Z","user_id":"563bfdd53532620003fa3900","duration":4.951},{"created":"2015-11-06T01:21:04Z","user_id":"563aa55e3236380003100400","duration":7.957},{"created":"2015-11-06T01:52:18Z","user_id":"563c01553532620003973a00","duration":7.734},{"created":"2015-11-06T03:30:35Z","user_id":"563c1ddb3532620003a34300","duration":8.702},{"created":"2015-11-06T03:34:29Z","user_id":"563c13af3532620003014000","duration":9.09}]},{"data":{"value":"240 W. 35"},"votes":1,"confidence":0.14285714285714285,"instances":[{"created":"2015-11-13T03:10:56Z","user_id":"563f8b7a3264340003774b00","duration":8.41}]}],"region":{"x":220.6900573866897,"y":685.6257864679121,"width":200.0967967749926,"height":41.196399186913254,"label":"Street Address","shape":"rectangle"},"task_key":"em_transcribed_address","instructions":{"mark":"Street Address","transcribe":"Enter the street address","verify":"Choose the best transcription or enter your own!"}},{"id":"580d833b6164390003f71902","status":"awaiting_transcriptions","name":"Additional Info","created_in_workflow":"transcribe","confidence":0.3333333333333333,"data":{"value":"5 story brick"},"versions":[{"data":{"value":"5 story brick"},"votes":1,"confidence":0.3333333333333333,"instances":[{"created":"2015-11-06T01:09:42Z","user_id":"563bfcf83532620003a13900","duration":27.427}]}],"region":{"x":298.9559563670184,"y":720.93698577098,"width":266.01829547076176,"height":95.92149840286514,"label":"Dimension \u0026 Description","shape":"rectangle"},"task_key":"em_record_survey_additional_info","instructions":{"mark":"Dimension \u0026 Description","transcribe":"Enter any additional information you find about the building's construction or significance."}},{"id":"580d833b6164390003f81902","status":"complete","name":"Land \u0026 Building Dimensions","created_in_workflow":"verify","confidence":1.0,"data":{"em_survey_land_dimensions":"25' x 98' 9\"","em_survey_building_dimensions":"25 x 88"},"versions":[{"data":{"em_survey_land_dimensions":"25' x 98' 9\"","em_survey_building_dimensions":"25 x 88"},"votes":3,"confidence":0.75,"instances":[{"created":"2015-11-13T01:24:43Z","user_id":"563f8b7a3264340003774b00","duration":11.676},{"created":"2015-11-15T17:05:27Z","user_id":"5647496e3562310003960400","duration":24.943},{"created":"2015-11-16T18:54:18Z","user_id":"564618af6363350003da0c00","duration":19.811}]},{"data":{"em_survey_land_dimensions":"25 x 98.9","em_survey_building_dimensions":"25 x 88"},"votes":1,"confidence":0.25,"instances":[{"created":"2015-11-16T04:09:59Z","user_id":"5649188c3863370003020e00","duration":7.334}]}],"region":{"x":298.9559563670184,"y":720.93698577098,"width":266.01829547076176,"height":95.92149840286514,"label":"Dimension \u0026 Description","shape":"rectangle"},"task_key":"em_transcribed_survey","instructions":{"mark":"Dimension \u0026 Description","transcribe":"Enter, as they appear, any land and building dimensions that were recorded. In the next screen, you'll enter the descriptive information.","verify":"Choose the best transcription or enter your own!"}},{"id":"580d833b6164390003f91902","status":"complete","name":"Stories \u0026 Materials","created_in_workflow":"verify","confidence":1.0,"data":{"em_record_stories":"5","em_record_material":"Brick"},"versions":[{"data":{"em_record_stories":"5","em_record_material":"brick"},"votes":2,"confidence":0.6666666666666666,"instances":[{"created":"2015-11-15T05:18:04Z","user_id":"5647496e3562310003960400","duration":6.474},{"created":"2016-04-30T01:26:47Z","user_id":"572403c66231350003630100","duration":9.203}]},{"data":{"em_record_stories":"5","em_record_material":"Brick"},"votes":1,"confidence":0.3333333333333333,"instances":[{"created":"2015-11-12T03:47:51Z","user_id":"563f8b7a3264340003774b00","duration":7.591}]}],"region":{"x":298.9559563670184,"y":720.93698577098,"width":266.01829547076176,"height":95.92149840286514,"label":"Dimension \u0026 Description","shape":"rectangle"},"task_key":"em_transcribed_stories_materials","instructions":{"mark":"Dimension \u0026 Description","transcribe":"Enter, as they appear, the number of stories and the building materials.","verify":"Choose the best transcription or enter your own!"}},{"id":"580d833b6164390003fa1902","status":"complete","name":"Record Date","created_in_workflow":"verify","confidence":1.0,"data":{"value":"1891 July 20"},"versions":[{"data":{"value":"1891 July 20"},"votes":3,"confidence":1.0,"instances":[{"created":"2015-11-12T03:21:31Z","user_id":"563f8b7a3264340003774b00","duration":5.823},{"created":"2015-11-14T02:14:50Z","user_id":"564618af6363350003da0c00","duration":4.702},{"created":"2015-11-15T00:49:37Z","user_id":"563bfc7535326200037f3900","duration":6.518}]}],"region":{"x":229.51785724440995,"y":589.9912883554351,"width":128.00309793694382,"height":61.794598780369824,"label":"Record Date","shape":"rectangle"},"task_key":"em_transcribed_date","instructions":{"mark":"Record Date","transcribe":"Enter the record date","verify":"Choose the best transcription or enter your own!"}},{"id":"580d833b6164390003fb1902","status":"awaiting_votes","name":"Valuation Date","created_in_workflow":"verify","confidence":0.6666666666666666,"data":{"value":"July 20/91"},"versions":[{"data":{"value":"July 20/91"},"votes":2,"confidence":0.6666666666666666,"instances":[{"created":"2016-06-06T18:12:44Z","user_id":"5755bac237616500038f0000","duration":3.846},{"created":"2016-09-29T03:43:17Z","user_id":"57c49a363234370003600200","duration":5.497}]}],"region":{"x":828.3369475931011,"y":598.8190881812022,"width":148.60129760495772,"height":88.27799825767113,"label":"Valuation","shape":"rectangle"},"task_key":"em_transcribed_valuation_date","instructions":{"mark":"Valuation","transcribe":"Enter the date of the valuation (if one is given). In the next screen, you'll enter the valuation's dollar amounts.","verify":"Choose the best transcription or enter your own!"}},{"id":"580d833b6164390003fc1902","status":"complete","name":"Total Value","created_in_workflow":"transcribe","confidence":1.0,"data":{"value":""},"versions":[{"data":{"value":""},"votes":3,"confidence":1.0,"instances":[{"created":"2015-11-06T00:41:10Z","user_id":"563aa55e3236380003100400","duration":5.71},{"created":"2016-06-06T18:23:19Z","user_id":"5755bac237616500038f0000","duration":1.028},{"created":"2016-06-09T19:52:51Z","user_id":"5750d4e061323000033d0000","duration":5.148}]}],"region":{"x":828.3369475931011,"y":598.8190881812022,"width":148.60129760495772,"height":88.27799825767113,"label":"Valuation","shape":"rectangle"},"task_key":"em_record_valuation_total","instructions":{"mark":"Valuation","transcribe":"Enter the valuation ***total*** (if one is given)"}},{"id":"580d833b6164390003fd1902","status":"contentious","name":"Land \u0026 Building Value","created_in_workflow":"verify","confidence":0.391304347826087,"data":{"em_valuation_ground":"$12,000","em_valuation_building":"$16,000"},"versions":[{"data":{"em_valuation_ground":"$12,000","em_valuation_building":"$16,000"},"votes":9,"confidence":0.391304347826087,"instances":[{"created":"2015-11-12T04:05:39Z","user_id":"563f8b7a3264340003774b00","duration":6.809},{"created":"2015-11-16T22:02:35Z","user_id":"564618af6363350003da0c00","duration":8.774},{"created":"2015-11-17T17:03:13Z","user_id":"564b504e38633200039b0400","duration":5.463},{"created":"2015-11-18T13:38:53Z","user_id":"563bfc7535326200037f3900","duration":12.404},{"created":"2015-11-18T18:28:26Z","user_id":"564cbcf665316600032c0b00","duration":13.67},{"created":"2015-11-18T18:43:19Z","user_id":"564cf0e16531660003991000","duration":22.65},{"created":"2015-11-19T03:07:42Z","user_id":"564d464d34636500033f1900","duration":9.942},{"created":"2015-11-19T12:45:33Z","user_id":"564dc43b3964660003140100","duration":15.896},{"created":"2016-06-06T18:12:48Z","user_id":"5755bac237616500038f0000","duration":3.919}]},{"data":{"em_valuation_ground":"$12000","em_valuation_building":"$16000"},"votes":9,"confidence":0.391304347826087,"instances":[{"created":"2015-11-15T16:39:34Z","user_id":"5647496e3562310003960400","duration":13.894},{"created":"2015-11-16T03:55:19Z","user_id":"5649188c3863370003020e00","duration":17.168},{"created":"2015-11-17T20:42:48Z","user_id":"564b8f8e3863320003990a00","duration":15.579},{"created":"2015-11-18T14:26:27Z","user_id":"564c68d234636500036e0100","duration":24.061},{"created":"2015-11-18T18:50:00Z","user_id":"563cbf4b65326200030e0d00","duration":9.414},{"created":"2015-11-19T13:10:10Z","user_id":"564dc7843964660003170100","duration":14.649},{"created":"2015-11-19T14:43:27Z","user_id":"564df62f3964660003470300","duration":12.816},{"created":"2015-11-19T15:46:21Z","user_id":"564dee2139646600036e0200","duration":171.774},{"created":"2016-06-10T16:35:00Z","user_id":"575adece6264620003de0600","duration":13.803}]},{"data":{"em_valuation_ground":"$12 000.","em_valuation_building":"$16000."},"votes":5,"confidence":0.21739130434782608,"instances":[{"created":"2015-11-16T21:34:35Z","user_id":"564a394a6532380003720a00","duration":8.212},{"created":"2015-11-17T18:04:12Z","user_id":"564b672f31643600030b0600","duration":11.259},{"created":"2015-11-18T15:31:27Z","user_id":"564c950a3463650003870600","duration":7.495},{"created":"2015-11-18T16:21:16Z","user_id":"564c9ceb6531660003bf0600","duration":21.615},{"created":"2015-11-18T16:33:04Z","user_id":"564ca72134636500034f0800","duration":15.695}]}],"region":{"x":828.3369475931011,"y":598.8190881812022,"width":148.60129760495772,"height":88.27799825767113,"label":"Valuation","shape":"rectangle"},"task_key":"em_transcribed_valuation_itemized","instructions":{"mark":"Valuation","transcribe":"Sometimes valuations include itemized dollar values for \"ground\" and \"building\". Enter these amounts if you can find them. In the next screen, you'll enter the total valuation.","verify":"Choose the best transcription or enter your own!"}},{"id":"580d833b6164390003fe1902","status":"complete","name":"Amount Loaned","created_in_workflow":"verify","confidence":1.0,"data":{"value":"$14000"},"versions":[{"data":{"value":"$14000"},"votes":3,"confidence":0.75,"instances":[{"created":"2015-11-14T20:03:53Z","user_id":"563cbf4b65326200030e0d00","duration":4.381},{"created":"2015-11-15T05:08:47Z","user_id":"5647496e3562310003960400","duration":9.047},{"created":"2015-11-16T03:38:18Z","user_id":"5649188c3863370003020e00","duration":15.153}]},{"data":{"value":"$14,000"},"votes":1,"confidence":0.25,"instances":[{"created":"2015-11-12T03:38:04Z","user_id":"563f8b7a3264340003774b00","duration":6.593}]}],"region":{"x":841.5786473796815,"y":688.5683864098345,"width":92.69189850606278,"height":47.08159907075799,"label":"Amount Loaned","shape":"rectangle"},"task_key":"em_transcribed_amount_loaned","instructions":{"mark":"Amount Loaned","transcribe":"Enter the Amount Loaned","verify":"Choose the best transcription or enter your own!"}}]}],"export_document":{"name":"Record","export_fields":[{"name":"Mortgager","value":"W. Engel \u0026 Nanette Weber","original_value":{"value":"W. Engel \u0026 Nanette Weber"},"assertion_ids":["580d833b6164390003f51902"]},{"name":"Street Address","value":"240 W 35","original_value":{"value":"240 W 35"},"assertion_ids":["580d833b6164390003f61902"]},{"name":"Record Date","value":"1891-07-20T00:00:00Z","original_value":{"value":"1891 July 20"},"assertion_ids":["580d833b6164390003fa1902"]},{"name":"Land \u0026 Building Dimensions","value":{"em_survey_land_dimensions":[25,98],"em_survey_building_dimensions":[25,88]},"original_value":{"em_survey_land_dimensions":"25' x 98' 9\"","em_survey_building_dimensions":"25 x 88"},"assertion_ids":["580d833b6164390003f81902"]},{"name":"Amount Loaned","value":14000.0,"original_value":{"value":"$14000"},"assertion_ids":["580d833b6164390003fe1902"]},{"name":"Stories \u0026 Materials","value":{"em_record_stories":5,"em_record_material":"Brick"},"original_value":{"em_record_stories":"5","em_record_material":"Brick"},"assertion_ids":["580d833b6164390003f91902"]},{"name":"Valuation","value":null,"original_value":null,"assertion_ids":null},{"name":"Record Number","value":3743,"original_value":{"value":"3743"},"assertion_ids":["580d833b6164390003f41902"]},{"name":"Additional Info","value":"5 story brick","original_value":{"value":"5 story brick"},"assertion_ids":["580d833b6164390003f71902"]}]}}