{"id":"56b10afd7061755afbdbd500","meta_data":{"capture_uuid":"15dd9080-02e7-0133-6d74-58d385a7bbd0","page_uri":"http://digitalcollections.nypl.org/items/15dd9080-02e7-0133-6d74-58d385a7bbd0","book_uri":"http://digitalcollections.nypl.org/items/109c0900-02e7-0133-03cf-58d385a7bbd0","source_rotated":"0.895174","source_x":"1216.33","source_y":"873.2599999999999","source_w":"1371.67","source_h":"984.7400000000001"},"type":"final_subject_set","search_terms_by_field":{"Mortgager":["Daniel F. Martin"],"Record Number":["4225"],"Street Address":["245 East 33rd St"],"Stories \u0026 Materials":["3","Br","3","br."],"Additional Info":[],"Land \u0026 Building Dimensions":["18.4 x 98.9","18.4 x 50","18.4 x 98.9","18.4 x 50"],"Record Date":["Dec 10th 94"],"Valuation Date":[],"Total Value":[],"Land \u0026 Building Value":["$8500","$5500"],"Amount Loaned":["7000 1500"]},"subjects":[{"id":"580d7d3d616439000369dd01","type":"root","location":{"standard":"https://s3.amazonaws.com/scribe.nypl.org/emigrant-s4/full/15dd9080-02e7-0133-6d74-58d385a7bbd0.right-bottom.jpg","thumbnail":"https://s3.amazonaws.com/scribe.nypl.org/emigrant-s4/thumb/15dd9080-02e7-0133-6d74-58d385a7bbd0.right-bottom.jpg"},"status":"retired","width":1371,"height":984,"meta_data":{"capture_uuid":"15dd9080-02e7-0133-6d74-58d385a7bbd0","page_uri":"http://digitalcollections.nypl.org/items/15dd9080-02e7-0133-6d74-58d385a7bbd0","book_uri":"http://digitalcollections.nypl.org/items/109c0900-02e7-0133-03cf-58d385a7bbd0","source_rotated":"0.895174","source_x":"1216.33","source_y":"873.2599999999999","source_w":"1371.67","source_h":"984.7400000000001"},"assertions":[{"id":"580d7d3d61643900036add01","status":"active","name":null,"created_in_workflow":"mark","confidence":1.0,"data":{"belongsToUser":"true","toolName":"rectangleTool","userCreated":"true","subToolIndex":"0","color":"red","isTranscribable":"true","x":"1107.9255986280848","y":"686.1873856026185","width":"143.74675970458588","height":"40.68304657723024","_key":"0.6993242889176425","status":"mark","isUncommitted":"true"},"versions":null,"region":{"x":1107.9255986280848,"y":686.1873856026185,"width":143.74675970458588,"height":40.68304657723024,"label":"Record Date","shape":"rectangle"},"task_key":"mark_primary","instructions":{"mark":""}},{"id":"580d7d3d61643900036bdd01","status":"active","name":null,"created_in_workflow":"mark","confidence":1.0,"data":{"belongsToUser":"true","toolName":"rectangleTool","userCreated":"true","subToolIndex":"4","color":"teal","isTranscribable":"true","x":"908.5786771509705","y":"659.0653545511316","width":"111.20032354505702","height":"51.53185899782511","_key":"0.24195538777131342","status":"mark","isUncommitted":"true"},"versions":null,"region":{"x":908.5786771509705,"y":659.0653545511316,"width":111.20032354505702,"height":51.53185899782511,"label":"Amount Loaned","shape":"rectangle"},"task_key":"mark_primary","instructions":{"mark":""}},{"id":"580d7d3d61643900036cdd01","status":"active","name":null,"created_in_workflow":"mark","confidence":1.0,"data":{"belongsToUser":"true","toolName":"rectangleTool","userCreated":"true","subToolIndex":"4","color":"teal","isTranscribable":"true","x":"916.7152861908528","y":"692.96789336549","width":"193.92251545052613","height":"37.97084347208164","_key":"0.3795737849331646","status":"mark","isUncommitted":"true"},"versions":null,"region":{"x":916.7152861908528,"y":692.96789336549,"width":193.92251545052613,"height":37.97084347208164,"label":"Amount Loaned","shape":"rectangle"},"task_key":"mark_primary","instructions":{"mark":""}},{"id":"580d7d3d61643900036ddd01","status":"complete","name":"Record Number","created_in_workflow":"transcribe","confidence":1.0,"data":{"value":"4225"},"versions":[{"data":{"value":"4225"},"votes":3,"confidence":1.0,"instances":[{"created":"2015-11-07T22:59:16Z","user_id":"563e09116630330003dc1000","duration":4.309},{"created":"2015-11-07T23:32:35Z","user_id":"563e861c66303300030d4300","duration":7.127},{"created":"2015-11-07T23:35:27Z","user_id":"563e47fd6630330003282f00","duration":4.465}]}],"region":{"x":808.7408829174665,"y":55.26036717177796,"width":125.43378119001922,"height":44.73458294858217,"label":"Record Number","shape":"rectangle"},"task_key":"em_record_number","instructions":{"mark":"Record Number","transcribe":"Enter the record number"}},{"id":"580d7d3d61643900036edd01","status":"complete","name":"Mortgager","created_in_workflow":"verify","confidence":1.0,"data":{"value":"Daniel F. Martin"},"versions":[{"data":{"value":"Daniel F. Martin"},"votes":4,"confidence":1.0,"instances":[{"created":"2016-06-19T01:31:34Z","user_id":"5750d4e061323000033d0000","duration":13.253},{"created":"2016-06-24T10:03:34Z","user_id":"576cfba83738390003fc0100","duration":7.578},{"created":"2016-06-29T16:16:03Z","user_id":"5773ef5a3639320003000000","duration":32.079},{"created":"2016-06-30T20:04:22Z","user_id":"5775716f65623600039a0000","duration":5.397}]}],"region":{"x":246.4817658349328,"y":629.7927560212155,"width":340.33781190019187,"height":43.85743426331578,"label":"Mortgager Name","shape":"rectangle"},"task_key":"em_transcribed_mortgager","instructions":{"mark":"Mortgager Name","transcribe":"Enter the mortgager's name","verify":"Choose the best transcription or enter your own!"}},{"id":"580d7d3d61643900036fdd01","status":"complete","name":"Street Address","created_in_workflow":"verify","confidence":1.0,"data":{"value":"245 East 33rd St"},"versions":[{"data":{"value":"245 East 33rd St"},"votes":3,"confidence":0.75,"instances":[{"created":"2015-11-24T20:51:48Z","user_id":"5647496e3562310003960400","duration":26.263},{"created":"2015-11-25T02:58:26Z","user_id":"5649188c3863370003020e00","duration":7.549},{"created":"2015-11-26T22:12:58Z","user_id":"5647496e3562310003960400","duration":7.592}]},{"data":{"value":"245 East 33rd St."},"votes":1,"confidence":0.25,"instances":[{"created":"2015-11-18T01:31:29Z","user_id":"563f8b7a3264340003774b00","duration":10.344}]}],"region":{"x":270.16506717850285,"y":671.0187442287323,"width":331.56621880998074,"height":37.717393466451654,"label":"Street Address","shape":"rectangle"},"task_key":"em_transcribed_address","instructions":{"mark":"Street Address","transcribe":"Enter the street address","verify":"Choose the best transcription or enter your own!"}},{"id":"580d7d3d616439000370dd01","status":"awaiting_votes","name":"Stories \u0026 Materials","created_in_workflow":"verify","confidence":0.6666666666666666,"data":{"em_record_stories":"3","em_record_material":"Br"},"versions":[{"data":{"em_record_stories":"3","em_record_material":"Br"},"votes":2,"confidence":0.6666666666666666,"instances":[{"created":"2015-11-18T02:45:49Z","user_id":"563f8b7a3264340003774b00","duration":6.229},{"created":"2016-06-12T17:09:41Z","user_id":"5750d4e061323000033d0000","duration":8.702}]}],"region":{"x":333.320537428023,"y":714.8761784920482,"width":265.7792706333973,"height":41.22598820751682,"label":"Dimension \u0026 Description","shape":"rectangle"},"task_key":"em_transcribed_stories_materials","instructions":{"mark":"Dimension \u0026 Description","transcribe":"Enter, as they appear, the number of stories and the building materials.","verify":"Choose the best transcription or enter your own!"}},{"id":"580d7d3d616439000371dd01","status":"awaiting_transcriptions","name":"Additional Info","created_in_workflow":"transcribe","confidence":0.3333333333333333,"data":{"value":""},"versions":[{"data":{"value":""},"votes":1,"confidence":0.3333333333333333,"instances":[{"created":"2015-11-07T23:03:53Z","user_id":"563e09116630330003dc1000","duration":0.807}]}],"region":{"x":333.320537428023,"y":714.8761784920482,"width":265.7792706333973,"height":41.22598820751682,"label":"Dimension \u0026 Description","shape":"rectangle"},"task_key":"em_record_survey_additional_info","instructions":{"mark":"Dimension \u0026 Description","transcribe":"Enter any additional information you find about the building's construction or significance."}},{"id":"580d7d3d616439000372dd01","status":"complete","name":"Land \u0026 Building Dimensions","created_in_workflow":"verify","confidence":1.0,"data":{"em_survey_land_dimensions":"18.4 x 98.9","em_survey_building_dimensions":"18.4 x 50"},"versions":[{"data":{"em_survey_land_dimensions":"18.4 x 98.9","em_survey_building_dimensions":"18.4 x 50"},"votes":3,"confidence":1.0,"instances":[{"created":"2015-11-25T17:27:48Z","user_id":"5647496e3562310003960400","duration":15.086},{"created":"2015-11-27T00:50:04Z","user_id":"5647496e3562310003960400","duration":17.548},{"created":"2015-12-06T18:26:24Z","user_id":"5647496e3562310003960400","duration":18.416}]}],"region":{"x":333.320537428023,"y":714.8761784920482,"width":265.7792706333973,"height":41.22598820751682,"label":"Dimension \u0026 Description","shape":"rectangle"},"task_key":"em_transcribed_survey","instructions":{"mark":"Dimension \u0026 Description","transcribe":"Enter, as they appear, any land and building dimensions that were recorded. In the next screen, you'll enter the descriptive information.","verify":"Choose the best transcription or enter your own!"}},{"id":"580d7d3d616439000373dd01","status":"awaiting_transcriptions","name":"Additional Info","created_in_workflow":"transcribe","confidence":0.6666666666666666,"data":{"value":""},"versions":[{"data":{"value":""},"votes":2,"confidence":0.6666666666666666,"instances":[{"created":"2015-11-07T23:04:06Z","user_id":"563e09116630330003dc1000","duration":2.12},{"created":"2015-11-08T02:18:49Z","user_id":"563e932b66303300031e4900","duration":2.208}]}],"region":{"x":357.8809980806142,"y":755.2250180142987,"width":330.6890595009596,"height":39.471690836984294,"label":"Dimension \u0026 Description","shape":"rectangle"},"task_key":"em_record_survey_additional_info","instructions":{"mark":"Dimension \u0026 Description","transcribe":"Enter any additional information you find about the building's construction or significance."}},{"id":"580d7d3d616439000374dd01","status":"complete","name":"Land \u0026 Building Dimensions","created_in_workflow":"verify","confidence":1.0,"data":{"em_survey_land_dimensions":"18.4 x 98.9","em_survey_building_dimensions":"18.4 x 50"},"versions":[{"data":{"em_survey_land_dimensions":"18.4 x 98.9","em_survey_building_dimensions":"18.4 x 50"},"votes":3,"confidence":1.0,"instances":[{"created":"2015-11-25T17:17:49Z","user_id":"5647496e3562310003960400","duration":12.113},{"created":"2015-11-27T00:48:39Z","user_id":"5647496e3562310003960400","duration":21.901},{"created":"2015-12-06T18:24:37Z","user_id":"5647496e3562310003960400","duration":16.661}]}],"region":{"x":357.8809980806142,"y":755.2250180142987,"width":330.6890595009596,"height":39.471690836984294,"label":"Dimension \u0026 Description","shape":"rectangle"},"task_key":"em_transcribed_survey","instructions":{"mark":"Dimension \u0026 Description","transcribe":"Enter, as they appear, any land and building dimensions that were recorded. In the next screen, you'll enter the descriptive information.","verify":"Choose the best transcription or enter your own!"}},{"id":"580d7d3d616439000375dd01","status":"complete","name":"Stories \u0026 Materials","created_in_workflow":"verify","confidence":1.0,"data":{"em_record_stories":"3","em_record_material":"br."},"versions":[{"data":{"em_record_stories":"3","em_record_material":"br."},"votes":3,"confidence":1.0,"instances":[{"created":"2015-11-25T17:33:54Z","user_id":"5647496e3562310003960400","duration":11.171},{"created":"2015-11-26T23:25:45Z","user_id":"5647496e3562310003960400","duration":9.0},{"created":"2015-12-06T19:14:10Z","user_id":"5647496e3562310003960400","duration":5.038}]}],"region":{"x":357.8809980806142,"y":755.2250180142987,"width":330.6890595009596,"height":39.471690836984294,"label":"Dimension \u0026 Description","shape":"rectangle"},"task_key":"em_transcribed_stories_materials","instructions":{"mark":"Dimension \u0026 Description","transcribe":"Enter, as they appear, the number of stories and the building materials.","verify":"Choose the best transcription or enter your own!"}},{"id":"580d7d3d616439000376dd01","status":"awaiting_votes","name":"Record Date","created_in_workflow":"verify","confidence":0.6666666666666666,"data":{"value":"Dec 10th 94"},"versions":[{"data":{"value":"Dec 10th 94"},"votes":2,"confidence":0.6666666666666666,"instances":[{"created":"2015-11-26T23:11:58Z","user_id":"5647496e3562310003960400","duration":8.481},{"created":"2016-09-12T19:44:56Z","user_id":"57c49a363234370003600200","duration":12.232}]},{"data":{"value":"1894 December 10"},"votes":1,"confidence":0.3333333333333333,"instances":[{"created":"2015-12-04T22:08:54Z","user_id":"563bfc7535326200037f3900","duration":8.796}]}],"region":{"x":297.35700575815736,"y":579.7952809610354,"width":204.37811900191934,"height":49.997475060180136,"label":"Record Date","shape":"rectangle"},"task_key":"em_transcribed_date","instructions":{"mark":"Record Date","transcribe":"Enter the record date","verify":"Choose the best transcription or enter your own!"}},{"id":"580d7d3d616439000377dd01","status":"complete","name":"Valuation Date","created_in_workflow":"transcribe","confidence":1.0,"data":{"value":""},"versions":[{"data":{"value":""},"votes":3,"confidence":1.0,"instances":[{"created":"2015-11-07T23:39:39Z","user_id":"563e09116630330003dc1000","duration":6.301},{"created":"2015-11-08T00:12:13Z","user_id":"563e932b66303300031e4900","duration":9.58},{"created":"2015-11-25T17:23:22Z","user_id":"5647496e3562310003960400","duration":0.868}]}],"region":{"x":770.1458733205374,"y":584.181024387367,"width":352.61804222648755,"height":78.94338167396847,"label":"Valuation","shape":"rectangle"},"task_key":"em_record_valuation","instructions":{"mark":"Valuation","transcribe":"Enter the date of the valuation (if one is given). In the next screen, you'll enter the valuation's dollar amounts."}},{"id":"580d7d3d616439000378dd01","status":"complete","name":"Total Value","created_in_workflow":"transcribe","confidence":1.0,"data":{"value":""},"versions":[{"data":{"value":""},"votes":3,"confidence":1.0,"instances":[{"created":"2015-11-07T23:39:46Z","user_id":"563e09116630330003dc1000","duration":1.321},{"created":"2015-11-08T00:12:28Z","user_id":"563e932b66303300031e4900","duration":5.575},{"created":"2015-11-25T17:23:33Z","user_id":"5647496e3562310003960400","duration":0.815}]}],"region":{"x":770.1458733205374,"y":584.181024387367,"width":352.61804222648755,"height":78.94338167396847,"label":"Valuation","shape":"rectangle"},"task_key":"em_record_valuation_total","instructions":{"mark":"Valuation","transcribe":"Enter the valuation ***total*** (if one is given)"}},{"id":"580d7d3d616439000379dd01","status":"complete","name":"Land \u0026 Building Value","created_in_workflow":"verify","confidence":1.0,"data":{"em_valuation_ground":"$8500","em_valuation_building":"$5500"},"versions":[{"data":{"em_valuation_ground":"$8500","em_valuation_building":"$5500"},"votes":6,"confidence":0.75,"instances":[{"created":"2015-11-26T23:22:29Z","user_id":"5647496e3562310003960400","duration":5.294},{"created":"2015-12-06T05:59:14Z","user_id":"565e4fed3862380003f10900","duration":6.621},{"created":"2015-12-06T18:25:26Z","user_id":"5647496e3562310003960400","duration":12.003},{"created":"2015-12-07T13:49:11Z","user_id":"566587f23539360003900300","duration":9.418},{"created":"2015-12-09T23:29:51Z","user_id":"5649188c3863370003020e00","duration":8.661},{"created":"2015-12-10T04:35:58Z","user_id":"5668bbbe3064310003db0500","duration":10.601}]},{"data":{"em_valuation_ground":"$8,500","em_valuation_building":"$5,500"},"votes":2,"confidence":0.25,"instances":[{"created":"2015-11-19T00:52:00Z","user_id":"563f8b7a3264340003774b00","duration":5.082},{"created":"2015-12-04T22:13:32Z","user_id":"563bfc7535326200037f3900","duration":6.775}]}],"region":{"x":770.1458733205374,"y":584.181024387367,"width":352.61804222648755,"height":78.94338167396847,"label":"Valuation","shape":"rectangle"},"task_key":"em_transcribed_valuation_itemized","instructions":{"mark":"Valuation","transcribe":"Sometimes valuations include itemized dollar values for \"ground\" and \"building\". Enter these amounts if you can find them. In the next screen, you'll enter the total valuation.","verify":"Choose the best transcription or enter your own!"}},{"id":"580d7d3d61643900037add01","status":"awaiting_votes","name":"Amount Loaned","created_in_workflow":"verify","confidence":0.3333333333333333,"data":{"value":"7000 1500"},"versions":[{"data":{"value":"7000 1500"},"votes":1,"confidence":0.3333333333333333,"instances":[{"created":"2016-09-05T20:03:49Z","user_id":"57c49a363234370003600200","duration":14.865}]}],"region":{"x":905.2284069097888,"y":669.2644468581997,"width":358.75815738963536,"height":57.891813227576904,"label":"Amount Loaned","shape":"rectangle"},"task_key":"em_transcribed_amount_loaned","instructions":{"mark":"Amount Loaned","transcribe":"Enter the Amount Loaned","verify":"Choose the best transcription or enter your own!"}}]}],"export_document":{"name":"Record","export_fields":[{"name":"Mortgager","value":"Daniel F. Martin","original_value":{"value":"Daniel F. Martin"},"assertion_ids":["580d7d3d61643900036edd01"]},{"name":"Street Address","value":"245 East 33rd St","original_value":{"value":"245 East 33rd St"},"assertion_ids":["580d7d3d61643900036fdd01"]},{"name":"Record Date","value":"1894-12-10T00:00:00Z","original_value":{"value":"Dec 10th 94"},"assertion_ids":["580d7d3d616439000376dd01"]},{"name":"Land \u0026 Building Dimensions","value":{"em_survey_land_dimensions":[18.333333333333332,98.75],"em_survey_building_dimensions":[18.333333333333332,50]},"original_value":{"em_survey_land_dimensions":"18.4 x 98.9","em_survey_building_dimensions":"18.4 x 50"},"assertion_ids":["580d7d3d616439000372dd01"]},{"name":"Amount Loaned","value":7000.0,"original_value":{"value":"7000 1500"},"assertion_ids":["580d7d3d61643900037add01"]},{"name":"Stories \u0026 Materials","value":{"em_record_stories":3,"em_record_material":"br."},"original_value":{"em_record_stories":"3","em_record_material":"br."},"assertion_ids":["580d7d3d616439000375dd01"]},{"name":"Valuation","value":null,"original_value":null,"assertion_ids":null},{"name":"Record Number","value":4225,"original_value":{"value":"4225"},"assertion_ids":["580d7d3d61643900036ddd01"]},{"name":"Additional Info","value":"","original_value":{"value":""},"assertion_ids":["580d7d3d616439000373dd01"]}]}}