{"id":"56b10ae97061755afb57d400","meta_data":{"capture_uuid":"15a395b0-02e7-0133-4554-58d385a7bbd0","page_uri":"http://digitalcollections.nypl.org/items/15a395b0-02e7-0133-4554-58d385a7bbd0","book_uri":"http://digitalcollections.nypl.org/items/109c0900-02e7-0133-03cf-58d385a7bbd0","source_rotated":"1.06298","source_x":"1219.15","source_y":"0","source_w":"1374.85","source_h":"918.26"},"type":"final_subject_set","search_terms_by_field":{"Record Number":["4200"]},"subjects":[{"id":"580d6dc66164390003b24301","type":"root","location":{"standard":"https://s3.amazonaws.com/scribe.nypl.org/emigrant-s4/full/15a395b0-02e7-0133-4554-58d385a7bbd0.right-top.jpg","thumbnail":"https://s3.amazonaws.com/scribe.nypl.org/emigrant-s4/thumb/15a395b0-02e7-0133-4554-58d385a7bbd0.right-top.jpg"},"status":"retired","width":1374,"height":918,"meta_data":{"capture_uuid":"15a395b0-02e7-0133-4554-58d385a7bbd0","page_uri":"http://digitalcollections.nypl.org/items/15a395b0-02e7-0133-4554-58d385a7bbd0","book_uri":"http://digitalcollections.nypl.org/items/109c0900-02e7-0133-03cf-58d385a7bbd0","source_rotated":"1.06298","source_x":"1219.15","source_y":"0","source_w":"1374.85","source_h":"918.26"},"assertions":[{"id":"580d6dc66164390003b34301","status":"complete","name":"Record Number","created_in_workflow":"transcribe","confidence":1.0,"data":{"value":"4200"},"versions":[{"data":{"value":"4200"},"votes":3,"confidence":1.0,"instances":[{"created":"2015-11-04T18:42:41Z","user_id":"563a4eba3732630003b30900","duration":2.967},{"created":"2015-11-05T18:15:51Z","user_id":"563b96833532620003e21100","duration":3.876},{"created":"2015-11-05T18:18:12Z","user_id":"563b750f35326200037a0500","duration":7.967}]}],"region":{"x":750.5604427709198,"y":92.85358419567262,"width":203.393551803435,"height":55.26999059266228,"label":"Record Number","shape":"rectangle"},"task_key":"em_record_number","instructions":{"mark":"Record Number","transcribe":"Enter the record number"}}]}],"export_document":null}