{"id":"56b10a297061755afbb0c500","meta_data":{"capture_uuid":"12e39030-02e7-0133-db0c-58d385a7bbd0","page_uri":"http://digitalcollections.nypl.org/items/12e39030-02e7-0133-db0c-58d385a7bbd0","book_uri":"http://digitalcollections.nypl.org/items/109c0900-02e7-0133-03cf-58d385a7bbd0","source_rotated":"0.363689","source_x":"1208.81","source_y":"854.46","source_w":"1363.19","source_h":"963.54"},"type":"final_subject_set","search_terms_by_field":{"Stories \u0026 Materials":["3 - 2 story","brick","2","brick"],"Land \u0026 Building Dimensions":["38.8 x 69.7 1/2 x 43.1","74 x 40","see diagram","74 x 40"],"Additional Info":["3"],"Valuation Date":[],"Land \u0026 Building Value":["$18000","10000"],"Total Value":[],"Record Number":["3933"],"Mortgager":["St. Joseph's Home for the Aged"],"Street Address":["80/84  7th Ave"],"Record Date":["May 23/92"],"Amount Loaned":["$12000"]},"subjects":[{"id":"580d982261643900034fd602","type":"root","location":{"standard":"https://s3.amazonaws.com/scribe.nypl.org/emigrant-s4/full/12e39030-02e7-0133-db0c-58d385a7bbd0.right-bottom.jpg","thumbnail":"https://s3.amazonaws.com/scribe.nypl.org/emigrant-s4/thumb/12e39030-02e7-0133-db0c-58d385a7bbd0.right-bottom.jpg"},"status":"retired","width":1363,"height":963,"meta_data":{"capture_uuid":"12e39030-02e7-0133-db0c-58d385a7bbd0","page_uri":"http://digitalcollections.nypl.org/items/12e39030-02e7-0133-db0c-58d385a7bbd0","book_uri":"http://digitalcollections.nypl.org/items/109c0900-02e7-0133-03cf-58d385a7bbd0","source_rotated":"0.363689","source_x":"1208.81","source_y":"854.46","source_w":"1363.19","source_h":"963.54"},"assertions":[{"id":"580d9822616439000350d602","status":"awaiting_transcriptions","name":"Stories \u0026 Materials","created_in_workflow":"transcribe","confidence":0.3333333333333333,"data":{"em_record_stories":"3 - 2 story","em_record_material":"brick"},"versions":[{"data":{"em_record_stories":"3 - 2 story","em_record_material":"brick"},"votes":1,"confidence":0.3333333333333333,"instances":[{"created":"2015-11-18T04:59:15Z","user_id":"5647496e3562310003960400","duration":22.054}]}],"region":{"x":893.8437750507849,"y":327.8900884329678,"width":158.71276625489395,"height":117.72649451715603,"label":"Dimension \u0026 Description","shape":"rectangle"},"task_key":"em_record_survey_stories_materials","instructions":{"mark":"Dimension \u0026 Description","transcribe":"Enter, as they appear, the number of stories and the building materials."}},{"id":"580d9822616439000351d602","status":"awaiting_transcriptions","name":"Land \u0026 Building Dimensions","created_in_workflow":"transcribe","confidence":0.3333333333333333,"data":{"em_survey_land_dimensions":"38.8 x 69.7 1/2 x 43.1","em_survey_building_dimensions":"74 x 40"},"versions":[{"data":{"em_survey_land_dimensions":"38.8 x 69.7 1/2 x 43.1","em_survey_building_dimensions":"74 x 40"},"votes":1,"confidence":0.3333333333333333,"instances":[{"created":"2015-11-18T04:58:53Z","user_id":"5647496e3562310003960400","duration":44.039}]}],"region":{"x":893.8437750507849,"y":327.8900884329678,"width":158.71276625489395,"height":117.72649451715603,"label":"Dimension \u0026 Description","shape":"rectangle"},"task_key":"em_record_survey","instructions":{"mark":"Dimension \u0026 Description","transcribe":"Enter, as they appear, any land and building dimensions that were recorded. In the next screen, you'll enter the descriptive information."}},{"id":"580d9822616439000352d602","status":"awaiting_transcriptions","name":"Additional Info","created_in_workflow":"transcribe","confidence":0.3333333333333333,"data":{"value":""},"versions":[{"data":{"value":""},"votes":1,"confidence":0.3333333333333333,"instances":[{"created":"2015-11-18T04:59:18Z","user_id":"5647496e3562310003960400","duration":2.903}]}],"region":{"x":893.8437750507849,"y":327.8900884329678,"width":158.71276625489395,"height":117.72649451715603,"label":"Dimension \u0026 Description","shape":"rectangle"},"task_key":"em_record_survey_additional_info","instructions":{"mark":"Dimension \u0026 Description","transcribe":"Enter any additional information you find about the building's construction or significance."}},{"id":"580d9822616439000353d602","status":"awaiting_transcriptions","name":"Valuation Date","created_in_workflow":"transcribe","confidence":0.3333333333333333,"data":{"value":""},"versions":[{"data":{"value":""},"votes":1,"confidence":0.3333333333333333,"instances":[{"created":"2015-11-18T03:34:19Z","user_id":"564618af6363350003da0c00","duration":2.966}]},{"data":{"value":"May 23/92"},"votes":1,"confidence":0.3333333333333333,"instances":[{"created":"2016-10-04T12:53:11Z","user_id":"57c49a363234370003600200","duration":13.61}]}],"region":{"x":776.1172726089679,"y":599.0970498761939,"width":267.718787034354,"height":82.84457021577639,"label":"Valuation","shape":"rectangle"},"task_key":"em_record_valuation","instructions":{"mark":"Valuation","transcribe":"Enter the date of the valuation (if one is given). In the next screen, you'll enter the valuation's dollar amounts."}},{"id":"580d9822616439000354d602","status":"awaiting_transcriptions","name":"Land \u0026 Building Value","created_in_workflow":"transcribe","confidence":0.3333333333333333,"data":{"em_valuation_ground":"$18000","em_valuation_building":"10000"},"versions":[{"data":{"em_valuation_ground":"$18000","em_valuation_building":"10000"},"votes":1,"confidence":0.3333333333333333,"instances":[{"created":"2015-11-18T03:34:30Z","user_id":"564618af6363350003da0c00","duration":11.337}]},{"data":{"em_valuation_ground":"$18000.","em_valuation_building":"10000."},"votes":1,"confidence":0.3333333333333333,"instances":[{"created":"2016-10-04T12:53:30Z","user_id":"57c49a363234370003600200","duration":19.257}]}],"region":{"x":776.1172726089679,"y":599.0970498761939,"width":267.718787034354,"height":82.84457021577639,"label":"Valuation","shape":"rectangle"},"task_key":"em_record_valuation_ground_building","instructions":{"mark":"Valuation","transcribe":"Sometimes valuations include itemized dollar values for \"ground\" and \"building\". Enter these amounts if you can find them. In the next screen, you'll enter the total valuation."}},{"id":"580d9822616439000355d602","status":"awaiting_transcriptions","name":"Total Value","created_in_workflow":"transcribe","confidence":0.6666666666666666,"data":{"value":""},"versions":[{"data":{"value":""},"votes":2,"confidence":0.6666666666666666,"instances":[{"created":"2015-11-18T03:34:33Z","user_id":"564618af6363350003da0c00","duration":2.386},{"created":"2016-10-04T12:53:32Z","user_id":"57c49a363234370003600200","duration":1.761}]}],"region":{"x":776.1172726089679,"y":599.0970498761939,"width":267.718787034354,"height":82.84457021577639,"label":"Valuation","shape":"rectangle"},"task_key":"em_record_valuation_total","instructions":{"mark":"Valuation","transcribe":"Enter the valuation ***total*** (if one is given)"}},{"id":"580d9822616439000356d602","status":"complete","name":"Record Number","created_in_workflow":"transcribe","confidence":1.0,"data":{"value":"3933"},"versions":[{"data":{"value":"3933"},"votes":3,"confidence":1.0,"instances":[{"created":"2015-11-18T04:00:15Z","user_id":"564bf69c3164360003e51700","duration":6.636},{"created":"2015-11-18T04:35:18Z","user_id":"564bf7d93863320003091900","duration":10.632},{"created":"2015-11-18T04:56:06Z","user_id":"564c03cc3863320003c41b00","duration":8.579}]}],"region":{"x":819.719680920752,"y":67.14770428015564,"width":121.21469510675968,"height":53.19493455960382,"label":"Record Number","shape":"rectangle"},"task_key":"em_record_number","instructions":{"mark":"Record Number","transcribe":"Enter the record number"}},{"id":"580d9822616439000357d602","status":"awaiting_votes","name":"Mortgager","created_in_workflow":"transcribe","confidence":0.3333333333333333,"data":{"value":"St. Joseph's Home for the Aged"},"versions":[{"data":{"value":"St. Joseph's Home for the Aged"},"votes":1,"confidence":0.3333333333333333,"instances":[{"created":"2015-11-18T04:00:56Z","user_id":"564bf69c3164360003e51700","duration":23.621}]},{"data":{"value":"St Joseph's Home for the Aged."},"votes":1,"confidence":0.3333333333333333,"instances":[{"created":"2015-11-18T04:19:43Z","user_id":"5647496e3562310003960400","duration":28.175}]},{"data":{"value":"St Joseph's Home for the Aged"},"votes":1,"confidence":0.3333333333333333,"instances":[{"created":"2016-10-04T12:51:46Z","user_id":"57c49a363234370003600200","duration":23.38}]}],"region":{"x":238.93560220778832,"y":633.1069260700389,"width":422.94336062430546,"height":56.68312698974182,"label":"Mortgager Name","shape":"rectangle"},"task_key":"em_record_mortgager","instructions":{"mark":"Mortgager Name","transcribe":"Enter the mortgager's name"}},{"id":"580d9822616439000358d602","status":"complete","name":"Street Address","created_in_workflow":"verify","confidence":1.0,"data":{"value":"80/84  7th Ave"},"versions":[{"data":{"value":"80/84  7th Ave"},"votes":3,"confidence":1.0,"instances":[{"created":"2016-05-05T23:22:33Z","user_id":"563f8b7a3264340003774b00","duration":14.44},{"created":"2016-05-26T14:57:32Z","user_id":"574709e36433340003600000","duration":10.333},{"created":"2016-09-28T16:18:05Z","user_id":"57c49a363234370003600200","duration":6.793}]}],"region":{"x":288.64234768322217,"y":683.6857163070392,"width":262.48649803694,"height":43.602405376724505,"label":"Street Address","shape":"rectangle"},"task_key":"em_transcribed_address","instructions":{"mark":"Street Address","transcribe":"Enter the street address","verify":"Choose the best transcription or enter your own!"}},{"id":"580d9822616439000359d602","status":"awaiting_votes","name":"Land \u0026 Building Dimensions","created_in_workflow":"transcribe","confidence":0.6666666666666666,"data":{"em_survey_land_dimensions":"see diagram","em_survey_building_dimensions":"74 x 40"},"versions":[{"data":{"em_survey_land_dimensions":"see diagram","em_survey_building_dimensions":"74 x 40"},"votes":2,"confidence":0.6666666666666666,"instances":[{"created":"2015-11-18T03:36:01Z","user_id":"564618af6363350003da0c00","duration":11.983},{"created":"2016-10-04T12:42:15Z","user_id":"57c49a363234370003600200","duration":48.35}]},{"data":{"em_survey_land_dimensions":"38.8 x 69.7 1/2 x 43.1","em_survey_building_dimensions":"74 x 40"},"votes":1,"confidence":0.3333333333333333,"instances":[{"created":"2015-11-18T04:21:10Z","user_id":"5647496e3562310003960400","duration":56.922}]}],"region":{"x":136.03391859197797,"y":729.9042660063672,"width":562.4710672220144,"height":74.99613724796609,"label":"Dimension \u0026 Description","shape":"rectangle"},"task_key":"em_record_survey","instructions":{"mark":"Dimension \u0026 Description","transcribe":"Enter, as they appear, any land and building dimensions that were recorded. In the next screen, you'll enter the descriptive information."}},{"id":"580d982261643900035ad602","status":"awaiting_votes","name":"Stories \u0026 Materials","created_in_workflow":"transcribe","confidence":0.6666666666666666,"data":{"em_record_stories":"2","em_record_material":"brick"},"versions":[{"data":{"em_record_stories":"2","em_record_material":"brick"},"votes":2,"confidence":0.6666666666666666,"instances":[{"created":"2015-11-18T03:36:09Z","user_id":"564618af6363350003da0c00","duration":7.83},{"created":"2016-10-04T12:42:27Z","user_id":"57c49a363234370003600200","duration":12.087}]},{"data":{"em_record_stories":"3 - 2 story","em_record_material":"brick"},"votes":1,"confidence":0.3333333333333333,"instances":[{"created":"2015-11-18T04:21:27Z","user_id":"5647496e3562310003960400","duration":17.492}]}],"region":{"x":136.03391859197797,"y":729.9042660063672,"width":562.4710672220144,"height":74.99613724796609,"label":"Dimension \u0026 Description","shape":"rectangle"},"task_key":"em_record_survey_stories_materials","instructions":{"mark":"Dimension \u0026 Description","transcribe":"Enter, as they appear, the number of stories and the building materials."}},{"id":"580d982261643900035bd602","status":"awaiting_transcriptions","name":"Additional Info","created_in_workflow":"transcribe","confidence":0.3333333333333333,"data":{"value":"3"},"versions":[{"data":{"value":"3"},"votes":1,"confidence":0.3333333333333333,"instances":[{"created":"2016-10-04T12:42:38Z","user_id":"57c49a363234370003600200","duration":11.353}]}],"region":{"x":136.03391859197797,"y":729.9042660063672,"width":562.4710672220144,"height":74.99613724796609,"label":"Dimension \u0026 Description","shape":"rectangle"},"task_key":"em_record_survey_additional_info","instructions":{"mark":"Dimension \u0026 Description","transcribe":"Enter any additional information you find about the building's construction or significance."}},{"id":"580d982261643900035cd602","status":"complete","name":"Record Date","created_in_workflow":"verify","confidence":1.0,"data":{"value":"May 23/92"},"versions":[{"data":{"value":"May 23/92"},"votes":3,"confidence":1.0,"instances":[{"created":"2015-12-16T07:13:29Z","user_id":"5647496e3562310003960400","duration":5.522},{"created":"2016-01-02T12:08:09Z","user_id":"56748e5e3564620003fd0100","duration":2.97},{"created":"2016-01-29T23:16:17Z","user_id":"56980a2d3337650003270200","duration":8.101}]}],"region":{"x":314.8037926702926,"y":603.4572904138663,"width":180.513970410786,"height":37.498068623983045,"label":"Record Date","shape":"rectangle"},"task_key":"em_transcribed_date","instructions":{"mark":"Record Date","transcribe":"Enter the record date","verify":"Choose the best transcription or enter your own!"}},{"id":"580d982261643900035dd602","status":"complete","name":"Amount Loaned","created_in_workflow":"verify","confidence":1.0,"data":{"value":"$12000"},"versions":[{"data":{"value":"$12000"},"votes":3,"confidence":1.0,"instances":[{"created":"2016-05-05T00:43:08Z","user_id":"563f8b7a3264340003774b00","duration":5.078},{"created":"2016-05-26T15:13:40Z","user_id":"574709e36433340003600000","duration":4.416},{"created":"2016-05-27T16:44:22Z","user_id":"5748762f6533620003840000","duration":7.096}]}],"region":{"x":907.7965457105557,"y":680.1975238769013,"width":132.55132126782348,"height":41.858309161655484,"label":"Amount Loaned","shape":"rectangle"},"task_key":"em_transcribed_amount_loaned","instructions":{"mark":"Amount Loaned","transcribe":"Enter the Amount Loaned","verify":"Choose the best transcription or enter your own!"}}]}],"export_document":{"name":"Record","export_fields":[{"name":"Mortgager","value":"St. Joseph's Home for the Aged","original_value":{"value":"St. Joseph's Home for the Aged"},"assertion_ids":["580d9822616439000357d602"]},{"name":"Street Address","value":"80/84  7th Ave","original_value":{"value":"80/84  7th Ave"},"assertion_ids":["580d9822616439000358d602"]},{"name":"Record Date","value":"1892-05-23T00:00:00Z","original_value":{"value":"May 23/92"},"assertion_ids":["580d982261643900035cd602"]},{"name":"Land \u0026 Building Dimensions","value":{"em_survey_land_dimensions":[0],"em_survey_building_dimensions":[74,40]},"original_value":{"em_survey_land_dimensions":"see diagram","em_survey_building_dimensions":"74 x 40"},"assertion_ids":["580d9822616439000359d602"]},{"name":"Amount Loaned","value":12000.0,"original_value":{"value":"$12000"},"assertion_ids":["580d982261643900035dd602"]},{"name":"Stories \u0026 Materials","value":{"em_record_stories":2,"em_record_material":"brick"},"original_value":{"em_record_stories":"2","em_record_material":"brick"},"assertion_ids":["580d982261643900035ad602"]},{"name":"Valuation","value":null,"original_value":null,"assertion_ids":null},{"name":"Record Number","value":3933,"original_value":{"value":"3933"},"assertion_ids":["580d9822616439000356d602"]},{"name":"Additional Info","value":"","original_value":{"value":""},"assertion_ids":["580d9822616439000352d602"]},{"name":"Additional Info","value":"3","original_value":{"value":"3"},"assertion_ids":["580d982261643900035bd602"]}]}}