{"id":"56b10ab27061755afb23d000","meta_data":{"capture_uuid":"14eca310-02e7-0133-a94a-58d385a7bbd0","page_uri":"http://digitalcollections.nypl.org/items/14eca310-02e7-0133-a94a-58d385a7bbd0","book_uri":"http://digitalcollections.nypl.org/items/109c0900-02e7-0133-03cf-58d385a7bbd0","source_rotated":"0.867204","source_x":"1215.39","source_y":"862.92","source_w":"1370.61","source_h":"973.08"},"type":"final_subject_set","search_terms_by_field":{"Stories \u0026 Materials":["4","br"],"Land \u0026 Building Dimensions":["23 x 100","23 x 46"],"Additional Info":[],"Valuation Date":[],"Land \u0026 Building Value":["$12000","8000"],"Total Value":[],"Record Number":["4125"],"Mortgager":["Mary O'Sullivan"],"Street Address":["163 - 10th Ave"],"Record Date":["April 9/94"],"Amount Loaned":["$10000"]},"subjects":[{"id":"580d6d7d6164390003e34001","type":"root","location":{"standard":"https://s3.amazonaws.com/scribe.nypl.org/emigrant-s4/full/14eca310-02e7-0133-a94a-58d385a7bbd0.right-bottom.jpg","thumbnail":"https://s3.amazonaws.com/scribe.nypl.org/emigrant-s4/thumb/14eca310-02e7-0133-a94a-58d385a7bbd0.right-bottom.jpg"},"status":"retired","width":1370,"height":973,"meta_data":{"capture_uuid":"14eca310-02e7-0133-a94a-58d385a7bbd0","page_uri":"http://digitalcollections.nypl.org/items/14eca310-02e7-0133-a94a-58d385a7bbd0","book_uri":"http://digitalcollections.nypl.org/items/109c0900-02e7-0133-03cf-58d385a7bbd0","source_rotated":"0.867204","source_x":"1215.39","source_y":"862.92","source_w":"1370.61","source_h":"973.08"},"assertions":[{"id":"580d6d7d6164390003e44001","status":"awaiting_transcriptions","name":"Stories \u0026 Materials","created_in_workflow":"transcribe","confidence":0.3333333333333333,"data":{"em_record_stories":"4","em_record_material":"br"},"versions":[{"data":{"em_record_stories":"4","em_record_material":"br"},"votes":1,"confidence":0.3333333333333333,"instances":[{"created":"2015-12-12T06:03:27Z","user_id":"566bb72f3832340003260d00","duration":5.907}]}],"region":{"x":135.77679163374955,"y":707.4049233586987,"width":529.5353454210225,"height":85.5403266249482,"label":"Dimension \u0026 Description","shape":"rectangle"},"task_key":"em_record_survey_stories_materials","instructions":{"mark":"Dimension \u0026 Description","transcribe":"Enter, as they appear, the number of stories and the building materials."}},{"id":"580d6d7d6164390003e54001","status":"awaiting_transcriptions","name":"Land \u0026 Building Dimensions","created_in_workflow":"transcribe","confidence":0.3333333333333333,"data":{"em_survey_land_dimensions":"23 x 100","em_survey_building_dimensions":"23 x 46"},"versions":[{"data":{"em_survey_land_dimensions":"23 x 100","em_survey_building_dimensions":"23 x 46"},"votes":1,"confidence":0.3333333333333333,"instances":[{"created":"2015-12-12T06:03:21Z","user_id":"566bb72f3832340003260d00","duration":12.879}]}],"region":{"x":135.77679163374955,"y":707.4049233586987,"width":529.5353454210225,"height":85.5403266249482,"label":"Dimension \u0026 Description","shape":"rectangle"},"task_key":"em_record_survey","instructions":{"mark":"Dimension \u0026 Description","transcribe":"Enter, as they appear, any land and building dimensions that were recorded. In the next screen, you'll enter the descriptive information."}},{"id":"580d6d7d6164390003e64001","status":"awaiting_transcriptions","name":"Additional Info","created_in_workflow":"transcribe","confidence":0.3333333333333333,"data":{"value":""},"versions":[{"data":{"value":""},"votes":1,"confidence":0.3333333333333333,"instances":[{"created":"2015-12-12T06:03:30Z","user_id":"566bb72f3832340003260d00","duration":2.685}]}],"region":{"x":135.77679163374955,"y":707.4049233586987,"width":529.5353454210225,"height":85.5403266249482,"label":"Dimension \u0026 Description","shape":"rectangle"},"task_key":"em_record_survey_additional_info","instructions":{"mark":"Dimension \u0026 Description","transcribe":"Enter any additional information you find about the building's construction or significance."}},{"id":"580d6d7d6164390003e74001","status":"awaiting_transcriptions","name":"Valuation Date","created_in_workflow":"transcribe","confidence":0.3333333333333333,"data":{"value":""},"versions":[{"data":{"value":""},"votes":1,"confidence":0.3333333333333333,"instances":[{"created":"2015-12-11T23:05:26Z","user_id":"5647496e3562310003960400","duration":1.767}]}],"region":{"x":754.9258108952528,"y":572.9844100909228,"width":308.2167266937746,"height":95.04480736105359,"label":"Valuation","shape":"rectangle"},"task_key":"em_record_valuation","instructions":{"mark":"Valuation","transcribe":"Enter the date of the valuation (if one is given). In the next screen, you'll enter the valuation's dollar amounts."}},{"id":"580d6d7d6164390003e84001","status":"awaiting_transcriptions","name":"Land \u0026 Building Value","created_in_workflow":"transcribe","confidence":0.3333333333333333,"data":{"em_valuation_ground":"$12000","em_valuation_building":"8000"},"versions":[{"data":{"em_valuation_ground":"$12000","em_valuation_building":"8000"},"votes":1,"confidence":0.3333333333333333,"instances":[{"created":"2015-12-11T23:05:37Z","user_id":"5647496e3562310003960400","duration":10.973}]}],"region":{"x":754.9258108952528,"y":572.9844100909228,"width":308.2167266937746,"height":95.04480736105359,"label":"Valuation","shape":"rectangle"},"task_key":"em_record_valuation_ground_building","instructions":{"mark":"Valuation","transcribe":"Sometimes valuations include itemized dollar values for \"ground\" and \"building\". Enter these amounts if you can find them. In the next screen, you'll enter the total valuation."}},{"id":"580d6d7d6164390003e94001","status":"awaiting_transcriptions","name":"Total Value","created_in_workflow":"transcribe","confidence":0.3333333333333333,"data":{"value":""},"versions":[{"data":{"value":""},"votes":1,"confidence":0.3333333333333333,"instances":[{"created":"2015-12-11T23:05:38Z","user_id":"5647496e3562310003960400","duration":0.76}]}],"region":{"x":754.9258108952528,"y":572.9844100909228,"width":308.2167266937746,"height":95.04480736105359,"label":"Valuation","shape":"rectangle"},"task_key":"em_record_valuation_total","instructions":{"mark":"Valuation","transcribe":"Enter the valuation ***total*** (if one is given)"}},{"id":"580d6d7d6164390003ea4001","status":"complete","name":"Record Number","created_in_workflow":"transcribe","confidence":1.0,"data":{"value":"4125"},"versions":[{"data":{"value":"4125"},"votes":3,"confidence":1.0,"instances":[{"created":"2015-12-11T23:04:23Z","user_id":"5647496e3562310003960400","duration":6.591},{"created":"2015-12-12T00:26:55Z","user_id":"566b4de73930640003d00300","duration":3.978},{"created":"2015-12-12T06:02:17Z","user_id":"566bb72f3832340003260d00","duration":3.36}]}],"region":{"x":385.608852037514,"y":50.23796960512832,"width":547.1865236017233,"height":76.03584588884286,"label":"Record Number","shape":"rectangle"},"task_key":"em_record_number","instructions":{"mark":"Record Number","transcribe":"Enter the record number"}},{"id":"580d6d7d6164390003eb4001","status":"complete","name":"Mortgager","created_in_workflow":"transcribe","confidence":1.0,"data":{"value":"Mary O'Sullivan"},"versions":[{"data":{"value":"Mary O'Sullivan"},"votes":3,"confidence":1.0,"instances":[{"created":"2015-12-11T23:05:58Z","user_id":"5647496e3562310003960400","duration":9.101},{"created":"2015-12-12T06:02:58Z","user_id":"566bb72f3832340003260d00","duration":6.613},{"created":"2015-12-12T14:48:54Z","user_id":"566c333f3930640003bb0a00","duration":28.454}]}],"region":{"x":135.77679163374955,"y":620.5068137714497,"width":362.52804417285387,"height":52.953535529729834,"label":"Mortgager Name","shape":"rectangle"},"task_key":"em_record_mortgager","instructions":{"mark":"Mortgager Name","transcribe":"Enter the mortgager's name"}},{"id":"580d6d7d6164390003ec4001","status":"awaiting_votes","name":"Street Address","created_in_workflow":"verify","confidence":0.3333333333333333,"data":{"value":"163 - 10th Ave"},"versions":[{"data":{"value":"163 - 10th Ave"},"votes":1,"confidence":0.3333333333333333,"instances":[{"created":"2016-09-13T17:18:19Z","user_id":"57c49a363234370003600200","duration":5.951}]}],"region":{"x":141.20792338165748,"y":651.7358219043674,"width":391.0414858493705,"height":57.02688441663213,"label":"Street Address","shape":"rectangle"},"task_key":"em_transcribed_address","instructions":{"mark":"Street Address","transcribe":"Enter the street address","verify":"Choose the best transcription or enter your own!"}},{"id":"580d6d7d6164390003ed4001","status":"awaiting_votes","name":"Record Date","created_in_workflow":"verify","confidence":0.3333333333333333,"data":{"value":"April 9/94"},"versions":[{"data":{"value":"April 9/94"},"votes":1,"confidence":0.3333333333333333,"instances":[{"created":"2016-09-13T17:17:57Z","user_id":"57c49a363234370003600200","duration":4.648}]}],"region":{"x":128.98787694886465,"y":575.6999760155245,"width":380.17922235355456,"height":58.38466737893293,"label":"Record Date","shape":"rectangle"},"task_key":"em_transcribed_date","instructions":{"mark":"Record Date","transcribe":"Enter the record date","verify":"Choose the best transcription or enter your own!"}},{"id":"580d6d7d6164390003ee4001","status":"awaiting_votes","name":"Amount Loaned","created_in_workflow":"verify","confidence":0.3333333333333333,"data":{"value":"$10000"},"versions":[{"data":{"value":"$10000"},"votes":1,"confidence":0.3333333333333333,"instances":[{"created":"2016-09-13T17:18:30Z","user_id":"57c49a363234370003600200","duration":3.595}]}],"region":{"x":760.3569426431607,"y":655.8091707912697,"width":272.9143703323732,"height":69.24693107733901,"label":"Amount Loaned","shape":"rectangle"},"task_key":"em_transcribed_amount_loaned","instructions":{"mark":"Amount Loaned","transcribe":"Enter the Amount Loaned","verify":"Choose the best transcription or enter your own!"}}]}],"export_document":{"name":"Record","export_fields":[{"name":"Mortgager","value":"Mary O'Sullivan","original_value":{"value":"Mary O'Sullivan"},"assertion_ids":["580d6d7d6164390003eb4001"]},{"name":"Street Address","value":"163 - 10th Ave","original_value":{"value":"163 - 10th Ave"},"assertion_ids":["580d6d7d6164390003ec4001"]},{"name":"Record Date","value":"1894-04-09T00:00:00Z","original_value":{"value":"April 9/94"},"assertion_ids":["580d6d7d6164390003ed4001"]},{"name":"Land \u0026 Building Dimensions","value":{"em_survey_land_dimensions":[23,100],"em_survey_building_dimensions":[23,46]},"original_value":{"em_survey_land_dimensions":"23 x 100","em_survey_building_dimensions":"23 x 46"},"assertion_ids":["580d6d7d6164390003e54001"]},{"name":"Amount Loaned","value":10000.0,"original_value":{"value":"$10000"},"assertion_ids":["580d6d7d6164390003ee4001"]},{"name":"Stories \u0026 Materials","value":{"em_record_stories":4,"em_record_material":"br"},"original_value":{"em_record_stories":"4","em_record_material":"br"},"assertion_ids":["580d6d7d6164390003e44001"]},{"name":"Valuation","value":null,"original_value":null,"assertion_ids":null},{"name":"Record Number","value":4125,"original_value":{"value":"4125"},"assertion_ids":["580d6d7d6164390003ea4001"]},{"name":"Additional Info","value":"","original_value":{"value":""},"assertion_ids":["580d6d7d6164390003e64001"]}]}}