{"id":"56b10ae97061755afb5ad400","meta_data":{"capture_uuid":"15a395b0-02e7-0133-4554-58d385a7bbd0","page_uri":"http://digitalcollections.nypl.org/items/15a395b0-02e7-0133-4554-58d385a7bbd0","book_uri":"http://digitalcollections.nypl.org/items/109c0900-02e7-0133-03cf-58d385a7bbd0","source_rotated":"1.06298","source_x":"1219.15","source_y":"880.78","source_w":"1374.85","source_h":"993.22"},"type":"final_subject_set","search_terms_by_field":{"Record Number":["4201","4201","4201","4201","4201"],"Mortgager":["Rt. Rev. Charles E. McDonnell","Rt. Rev. Chas. E. McDonnell","Rt. Rev. Chas. E. McDonnell"],"Street Address":["Cedarhurst, L. I.","Cedarhurst L.I. Ch. of St. Joachim"],"Land \u0026 Building Dimensions":["See diagram","Frame","see diagram","see diagram"],"Stories \u0026 Materials":["Frame","frame"],"Additional Info":["church","church","church"],"Valuation Date":[],"Land \u0026 Building Value":["$2000","$10000","$2000","$10000"],"Total Value":[],"Amount Loaned":["$6,000","$6000.","$6000"],"Record Date":["Sept 24/94","Sept 24/94"]},"subjects":[{"id":"580d6dcc6164390003b64301","type":"root","location":{"standard":"https://s3.amazonaws.com/scribe.nypl.org/emigrant-s4/full/15a395b0-02e7-0133-4554-58d385a7bbd0.right-bottom.jpg","thumbnail":"https://s3.amazonaws.com/scribe.nypl.org/emigrant-s4/thumb/15a395b0-02e7-0133-4554-58d385a7bbd0.right-bottom.jpg"},"status":"retired","width":1374,"height":993,"meta_data":{"capture_uuid":"15a395b0-02e7-0133-4554-58d385a7bbd0","page_uri":"http://digitalcollections.nypl.org/items/15a395b0-02e7-0133-4554-58d385a7bbd0","book_uri":"http://digitalcollections.nypl.org/items/109c0900-02e7-0133-03cf-58d385a7bbd0","source_rotated":"1.06298","source_x":"1219.15","source_y":"880.78","source_w":"1374.85","source_h":"993.22"},"assertions":[{"id":"580d6dcc6164390003b74301","status":"awaiting_transcriptions","name":"Record Number","created_in_workflow":"transcribe","confidence":0.6666666666666666,"data":{"value":"4201"},"versions":[{"data":{"value":"4201"},"votes":2,"confidence":0.6666666666666666,"instances":[{"created":"2015-12-17T04:11:44Z","user_id":"56722e0e6434380003c90300","duration":3.38},{"created":"2015-12-17T18:55:59Z","user_id":"5673050f64343800031a0800","duration":5.582}]}],"region":{"x":392.20591265440737,"y":57.30338429478831,"width":595.9551783334039,"height":50.936341595367374,"label":"Record Number","shape":"rectangle"},"task_key":"em_record_number","instructions":{"mark":"Record Number","transcribe":"Enter the record number"}},{"id":"580d6dcc6164390003b84301","status":"awaiting_transcriptions","name":"Record Number","created_in_workflow":"transcribe","confidence":0.6666666666666666,"data":{"value":"4201"},"versions":[{"data":{"value":"4201"},"votes":2,"confidence":0.6666666666666666,"instances":[{"created":"2015-12-17T02:48:28Z","user_id":"5647496e3562310003960400","duration":5.607},{"created":"2015-12-17T16:55:25Z","user_id":"566eeeda3637340003010100","duration":2.543}]}],"region":{"x":396.02613815654456,"y":59.56929889594646,"width":570.4870083191558,"height":16.83521349710462,"label":"Record Number","shape":"rectangle"},"task_key":"em_record_number","instructions":{"mark":"Record Number","transcribe":"Enter the record number"}},{"id":"580d6dcc6164390003b94301","status":"awaiting_transcriptions","name":"Record Number","created_in_workflow":"transcribe","confidence":0.3333333333333333,"data":{"value":"4201"},"versions":[{"data":{"value":"4201"},"votes":1,"confidence":0.3333333333333333,"instances":[{"created":"2015-12-17T04:11:50Z","user_id":"56722e0e6434380003c90300","duration":3.73}]}],"region":{"x":1017.4494865041964,"y":70.03746969363016,"width":15.0,"height":15.0,"label":"Record Number","shape":"rectangle"},"task_key":"em_record_number","instructions":{"mark":"Record Number","transcribe":"Enter the record number"}},{"id":"580d6dcc6164390003ba4301","status":"awaiting_transcriptions","name":"Mortgager","created_in_workflow":"transcribe","confidence":0.3333333333333333,"data":{"value":"Rt. Rev. Charles E. McDonnell"},"versions":[{"data":{"value":"Rt. Rev. Charles E. McDonnell"},"votes":1,"confidence":0.3333333333333333,"instances":[{"created":"2015-12-17T04:13:36Z","user_id":"56722e0e6434380003c90300","duration":13.863}]}],"region":{"x":719.4718973374945,"y":807.341014286573,"width":15.0,"height":15.0,"label":"Mortgager Name","shape":"rectangle"},"task_key":"em_record_mortgager","instructions":{"mark":"Mortgager Name","transcribe":"Enter the mortgager's name"}},{"id":"580d6dcc6164390003bb4301","status":"awaiting_transcriptions","name":"Street Address","created_in_workflow":"transcribe","confidence":0.3333333333333333,"data":{"value":"Cedarhurst, L. I."},"versions":[{"data":{"value":"Cedarhurst, L. I."},"votes":1,"confidence":0.3333333333333333,"instances":[{"created":"2015-12-17T04:12:21Z","user_id":"56722e0e6434380003c90300","duration":31.103}]},{"data":{"value":"corner of Central Ave and Locust Ave."},"votes":1,"confidence":0.3333333333333333,"instances":[{"created":"2015-12-17T21:11:40Z","user_id":"567323b86239370003280200","duration":140.039}]}],"region":{"x":650.7078382990248,"y":166.81651872482817,"width":547.5656553063327,"height":294.1573727132467,"label":"Street Address","shape":"rectangle"},"task_key":"em_record_street_address","instructions":{"mark":"Street Address","transcribe":"Enter the street address"}},{"id":"580d6dcc6164390003bc4301","status":"awaiting_transcriptions","name":"Land \u0026 Building Dimensions","created_in_workflow":"transcribe","confidence":0.3333333333333333,"data":{"em_survey_land_dimensions":"See diagram","em_survey_building_dimensions":"Frame"},"versions":[{"data":{"em_survey_land_dimensions":"See diagram","em_survey_building_dimensions":"Frame"},"votes":1,"confidence":0.3333333333333333,"instances":[{"created":"2016-01-30T04:56:44Z","user_id":"563f8b7a3264340003774b00","duration":27.323}]}],"region":{"x":279.9638783512709,"y":709.4252598263547,"width":347.9173970419702,"height":89.69744664471148,"label":"Dimension \u0026 Description","shape":"rectangle"},"task_key":"em_record_survey","instructions":{"mark":"Dimension \u0026 Description","transcribe":"Enter, as they appear, any land and building dimensions that were recorded. In the next screen, you'll enter the descriptive information."}},{"id":"580d6dcc6164390003bd4301","status":"awaiting_transcriptions","name":"Stories \u0026 Materials","created_in_workflow":"transcribe","confidence":0.3333333333333333,"data":{"em_record_stories":""},"versions":[{"data":{"em_record_stories":""},"votes":1,"confidence":0.3333333333333333,"instances":[{"created":"2016-01-30T04:56:57Z","user_id":"563f8b7a3264340003774b00","duration":12.872}]}],"region":{"x":279.9638783512709,"y":709.4252598263547,"width":347.9173970419702,"height":89.69744664471148,"label":"Dimension \u0026 Description","shape":"rectangle"},"task_key":"em_record_survey_stories_materials","instructions":{"mark":"Dimension \u0026 Description","transcribe":"Enter, as they appear, the number of stories and the building materials."}},{"id":"580d6dcc6164390003be4301","status":"awaiting_transcriptions","name":"Additional Info","created_in_workflow":"transcribe","confidence":0.3333333333333333,"data":{"value":"church"},"versions":[{"data":{"value":"church"},"votes":1,"confidence":0.3333333333333333,"instances":[{"created":"2016-01-30T04:57:03Z","user_id":"563f8b7a3264340003774b00","duration":6.432}]}],"region":{"x":279.9638783512709,"y":709.4252598263547,"width":347.9173970419702,"height":89.69744664471148,"label":"Dimension \u0026 Description","shape":"rectangle"},"task_key":"em_record_survey_additional_info","instructions":{"mark":"Dimension \u0026 Description","transcribe":"Enter any additional information you find about the building's construction or significance."}},{"id":"580d6dcc6164390003bf4301","status":"awaiting_transcriptions","name":"Land \u0026 Building Dimensions","created_in_workflow":"transcribe","confidence":0.3333333333333333,"data":{"em_survey_land_dimensions":"see diagram","em_survey_building_dimensions":""},"versions":[{"data":{"em_survey_land_dimensions":"see diagram","em_survey_building_dimensions":""},"votes":1,"confidence":0.3333333333333333,"instances":[{"created":"2015-12-17T04:12:53Z","user_id":"56722e0e6434380003c90300","duration":10.899}]}],"region":{"x":383.29205314942055,"y":769.1387580900475,"width":261.04874264604234,"height":33.10862203698878,"label":"Dimension \u0026 Description","shape":"rectangle"},"task_key":"em_record_survey","instructions":{"mark":"Dimension \u0026 Description","transcribe":"Enter, as they appear, any land and building dimensions that were recorded. In the next screen, you'll enter the descriptive information."}},{"id":"580d6dcc6164390003c04301","status":"awaiting_transcriptions","name":"Stories \u0026 Materials","created_in_workflow":"transcribe","confidence":0.3333333333333333,"data":{"em_record_stories":"","em_record_material":"Frame"},"versions":[{"data":{"em_record_stories":"","em_record_material":"Frame"},"votes":1,"confidence":0.3333333333333333,"instances":[{"created":"2015-12-17T04:13:00Z","user_id":"56722e0e6434380003c90300","duration":6.992}]}],"region":{"x":383.29205314942055,"y":769.1387580900475,"width":261.04874264604234,"height":33.10862203698878,"label":"Dimension \u0026 Description","shape":"rectangle"},"task_key":"em_record_survey_stories_materials","instructions":{"mark":"Dimension \u0026 Description","transcribe":"Enter, as they appear, the number of stories and the building materials."}},{"id":"580d6dcc6164390003c14301","status":"awaiting_transcriptions","name":"Additional Info","created_in_workflow":"transcribe","confidence":0.3333333333333333,"data":{"value":"church"},"versions":[{"data":{"value":"church"},"votes":1,"confidence":0.3333333333333333,"instances":[{"created":"2015-12-17T04:13:02Z","user_id":"56722e0e6434380003c90300","duration":1.824}]}],"region":{"x":383.29205314942055,"y":769.1387580900475,"width":261.04874264604234,"height":33.10862203698878,"label":"Dimension \u0026 Description","shape":"rectangle"},"task_key":"em_record_survey_additional_info","instructions":{"mark":"Dimension \u0026 Description","transcribe":"Enter any additional information you find about the building's construction or significance."}},{"id":"580d6dcc6164390003c24301","status":"awaiting_transcriptions","name":"Land \u0026 Building Dimensions","created_in_workflow":"transcribe","confidence":0.3333333333333333,"data":{"em_survey_land_dimensions":"see diagram","em_survey_building_dimensions":""},"versions":[{"data":{"em_survey_land_dimensions":"see diagram","em_survey_building_dimensions":""},"votes":1,"confidence":0.3333333333333333,"instances":[{"created":"2015-12-17T04:13:17Z","user_id":"56722e0e6434380003c90300","duration":15.154}]}],"region":{"x":700.3707698268086,"y":804.7941972068046,"width":15.0,"height":15.0,"label":"Dimension \u0026 Description","shape":"rectangle"},"task_key":"em_record_survey","instructions":{"mark":"Dimension \u0026 Description","transcribe":"Enter, as they appear, any land and building dimensions that were recorded. In the next screen, you'll enter the descriptive information."}},{"id":"580d6dcc6164390003c34301","status":"awaiting_transcriptions","name":"Stories \u0026 Materials","created_in_workflow":"transcribe","confidence":0.3333333333333333,"data":{"em_record_stories":"","em_record_material":"frame"},"versions":[{"data":{"em_record_stories":"","em_record_material":"frame"},"votes":1,"confidence":0.3333333333333333,"instances":[{"created":"2015-12-17T04:13:20Z","user_id":"56722e0e6434380003c90300","duration":3.59}]}],"region":{"x":700.3707698268086,"y":804.7941972068046,"width":15.0,"height":15.0,"label":"Dimension \u0026 Description","shape":"rectangle"},"task_key":"em_record_survey_stories_materials","instructions":{"mark":"Dimension \u0026 Description","transcribe":"Enter, as they appear, the number of stories and the building materials."}},{"id":"580d6dcc6164390003c44301","status":"awaiting_transcriptions","name":"Additional Info","created_in_workflow":"transcribe","confidence":0.3333333333333333,"data":{"value":"church"},"versions":[{"data":{"value":"church"},"votes":1,"confidence":0.3333333333333333,"instances":[{"created":"2015-12-17T04:13:22Z","user_id":"56722e0e6434380003c90300","duration":1.945}]}],"region":{"x":700.3707698268086,"y":804.7941972068046,"width":15.0,"height":15.0,"label":"Dimension \u0026 Description","shape":"rectangle"},"task_key":"em_record_survey_additional_info","instructions":{"mark":"Dimension \u0026 Description","transcribe":"Enter any additional information you find about the building's construction or significance."}},{"id":"580d6dcc6164390003c54301","status":"awaiting_transcriptions","name":"Valuation Date","created_in_workflow":"transcribe","confidence":0.3333333333333333,"data":{"value":""},"versions":[{"data":{"value":""},"votes":1,"confidence":0.3333333333333333,"instances":[{"created":"2016-01-30T04:54:11Z","user_id":"563f8b7a3264340003774b00","duration":2.27}]}],"region":{"x":849.406805541058,"y":578.9562465249561,"width":203.85784982927953,"height":93.77460331038026,"label":"Valuation","shape":"rectangle"},"task_key":"em_record_valuation","instructions":{"mark":"Valuation","transcribe":"Enter the date of the valuation (if one is given). In the next screen, you'll enter the valuation's dollar amounts."}},{"id":"580d6dcc6164390003c64301","status":"awaiting_transcriptions","name":"Land \u0026 Building Value","created_in_workflow":"transcribe","confidence":0.3333333333333333,"data":{"em_valuation_ground":"$2000","em_valuation_building":"$10000"},"versions":[{"data":{"em_valuation_ground":"$2000","em_valuation_building":"$10000"},"votes":1,"confidence":0.3333333333333333,"instances":[{"created":"2016-01-30T04:54:36Z","user_id":"563f8b7a3264340003774b00","duration":25.104}]}],"region":{"x":849.406805541058,"y":578.9562465249561,"width":203.85784982927953,"height":93.77460331038026,"label":"Valuation","shape":"rectangle"},"task_key":"em_record_valuation_ground_building","instructions":{"mark":"Valuation","transcribe":"Sometimes valuations include itemized dollar values for \"ground\" and \"building\". Enter these amounts if you can find them. In the next screen, you'll enter the total valuation."}},{"id":"580d6dcc6164390003c74301","status":"awaiting_transcriptions","name":"Total Value","created_in_workflow":"transcribe","confidence":0.3333333333333333,"data":{"value":""},"versions":[{"data":{"value":""},"votes":1,"confidence":0.3333333333333333,"instances":[{"created":"2016-01-30T04:54:39Z","user_id":"563f8b7a3264340003774b00","duration":2.927}]}],"region":{"x":849.406805541058,"y":578.9562465249561,"width":203.85784982927953,"height":93.77460331038026,"label":"Valuation","shape":"rectangle"},"task_key":"em_record_valuation_total","instructions":{"mark":"Valuation","transcribe":"Enter the valuation ***total*** (if one is given)"}},{"id":"580d6dcc6164390003c84301","status":"awaiting_transcriptions","name":"Valuation Date","created_in_workflow":"transcribe","confidence":0.3333333333333333,"data":{"value":""},"versions":[{"data":{"value":""},"votes":1,"confidence":0.3333333333333333,"instances":[{"created":"2015-12-17T02:49:53Z","user_id":"5647496e3562310003960400","duration":2.196}]}],"region":{"x":914.3033979464919,"y":580.6742941871881,"width":161.72287959047503,"height":85.3183721722404,"label":"Valuation","shape":"rectangle"},"task_key":"em_record_valuation","instructions":{"mark":"Valuation","transcribe":"Enter the date of the valuation (if one is given). In the next screen, you'll enter the valuation's dollar amounts."}},{"id":"580d6dcc6164390003c94301","status":"awaiting_transcriptions","name":"Land \u0026 Building Value","created_in_workflow":"transcribe","confidence":0.3333333333333333,"data":{"em_valuation_ground":"$2000","em_valuation_building":"$10000"},"versions":[{"data":{"em_valuation_ground":"$2000","em_valuation_building":"$10000"},"votes":1,"confidence":0.3333333333333333,"instances":[{"created":"2015-12-17T02:50:01Z","user_id":"5647496e3562310003960400","duration":8.238}]}],"region":{"x":914.3033979464919,"y":580.6742941871881,"width":161.72287959047503,"height":85.3183721722404,"label":"Valuation","shape":"rectangle"},"task_key":"em_record_valuation_ground_building","instructions":{"mark":"Valuation","transcribe":"Sometimes valuations include itemized dollar values for \"ground\" and \"building\". Enter these amounts if you can find them. In the next screen, you'll enter the total valuation."}},{"id":"580d6dcc6164390003ca4301","status":"awaiting_transcriptions","name":"Total Value","created_in_workflow":"transcribe","confidence":0.3333333333333333,"data":{"value":""},"versions":[{"data":{"value":""},"votes":1,"confidence":0.3333333333333333,"instances":[{"created":"2015-12-17T02:50:02Z","user_id":"5647496e3562310003960400","duration":1.488}]}],"region":{"x":914.3033979464919,"y":580.6742941871881,"width":161.72287959047503,"height":85.3183721722404,"label":"Valuation","shape":"rectangle"},"task_key":"em_record_valuation_total","instructions":{"mark":"Valuation","transcribe":"Enter the valuation ***total*** (if one is given)"}},{"id":"580d6dcc6164390003cb4301","status":"awaiting_transcriptions","name":"Amount Loaned","created_in_workflow":"transcribe","confidence":0.3333333333333333,"data":{"value":"$6,000"},"versions":[{"data":{"value":"$6,000"},"votes":1,"confidence":0.3333333333333333,"instances":[{"created":"2015-12-17T04:12:42Z","user_id":"56722e0e6434380003c90300","duration":5.62}]}],"region":{"x":1156.2510130818482,"y":691.4608371571122,"width":15.0,"height":15.0,"label":"Amount Loaned","shape":"rectangle"},"task_key":"em_record_amount_loaned","instructions":{"mark":"Amount Loaned","transcribe":"Enter the Amount Loaned"}},{"id":"580d6dcc6164390003cc4301","status":"complete","name":"Record Number","created_in_workflow":"transcribe","confidence":1.0,"data":{"value":"4201"},"versions":[{"data":{"value":"4201"},"votes":3,"confidence":1.0,"instances":[{"created":"2015-12-17T04:11:47Z","user_id":"56722e0e6434380003c90300","duration":3.019},{"created":"2015-12-17T18:56:07Z","user_id":"5673050f64343800031a0800","duration":7.914},{"created":"2015-12-17T21:09:01Z","user_id":"567323b86239370003280200","duration":6.689}]}],"region":{"x":397.299546657257,"y":68.76406115374597,"width":569.2135998184434,"height":53.483158675135755,"label":"Record Number","shape":"rectangle"},"task_key":"em_record_number","instructions":{"mark":"Record Number","transcribe":"Enter the record number"}},{"id":"580d6dcc6164390003cd4301","status":"complete","name":"Record Number","created_in_workflow":"transcribe","confidence":1.0,"data":{"value":"4201"},"versions":[{"data":{"value":"4201"},"votes":3,"confidence":1.0,"instances":[{"created":"2016-01-30T04:53:13Z","user_id":"563f8b7a3264340003774b00","duration":9.74},{"created":"2016-01-30T17:16:38Z","user_id":"56ace5f93763620003220200","duration":7.699},{"created":"2016-01-30T19:55:11Z","user_id":"56ad14c06164300003eb0100","duration":2.628}]}],"region":{"x":812.7123925717877,"y":38.05346221290792,"width":130.46902389073887,"height":76.10692442581583,"label":"Record Number","shape":"rectangle"},"task_key":"em_record_number","instructions":{"mark":"Record Number","transcribe":"Enter the record number"}},{"id":"580d6dcc6164390003ce4301","status":"awaiting_votes","name":"Mortgager","created_in_workflow":"verify","confidence":0.3333333333333333,"data":{"value":"Rt. Rev. Chas. E. McDonnell"},"versions":[{"data":{"value":"Rt. Rev. Chas. E. McDonnell"},"votes":1,"confidence":0.3333333333333333,"instances":[{"created":"2016-09-14T02:33:35Z","user_id":"57c49a363234370003600200","duration":14.05}]}],"region":{"x":151.5317060197635,"y":646.8915382611658,"width":529.737936296359,"height":21.647945178031136,"label":"Mortgager Name","shape":"rectangle"},"task_key":"em_transcribed_mortgager","instructions":{"mark":"Mortgager Name","transcribe":"Enter the mortgager's name","verify":"Choose the best transcription or enter your own!"}},{"id":"580d6dcc6164390003cf4301","status":"awaiting_votes","name":"Mortgager","created_in_workflow":"verify","confidence":0.3333333333333333,"data":{"value":"Rt. Rev. Chas. E. McDonnell"},"versions":[{"data":{"value":"Rt. Rev. Chas. E. McDonnell"},"votes":1,"confidence":0.3333333333333333,"instances":[{"created":"2016-09-22T19:49:56Z","user_id":"57c49a363234370003600200","duration":7.506}]}],"region":{"x":243.26946538200062,"y":621.0868654035328,"width":445.76916496002434,"height":53.00303665369313,"label":"Mortgager Name","shape":"rectangle"},"task_key":"em_transcribed_mortgager","instructions":{"mark":"Mortgager Name","transcribe":"Enter the mortgager's name","verify":"Choose the best transcription or enter your own!"}},{"id":"580d6dcc6164390003d04301","status":"awaiting_votes","name":"Street Address","created_in_workflow":"verify","confidence":0.3333333333333333,"data":{"value":"Cedarhurst L.I. Ch. of St. Joachim"},"versions":[{"data":{"value":"Cedarhurst L.I. Ch. of St. Joachim"},"votes":1,"confidence":0.3333333333333333,"instances":[{"created":"2016-09-22T19:50:08Z","user_id":"57c49a363234370003600200","duration":11.898}]}],"region":{"x":288.1181923444421,"y":661.8584320602198,"width":498.7722059156369,"height":57.08019331936191,"label":"Street Address","shape":"rectangle"},"task_key":"em_transcribed_address","instructions":{"mark":"Street Address","transcribe":"Enter the street address","verify":"Choose the best transcription or enter your own!"}},{"id":"580d6dcc6164390003d14301","status":"complete","name":"Record Date","created_in_workflow":"transcribe","confidence":1.0,"data":{"value":"Sept 24/94"},"versions":[{"data":{"value":"Sept 24/94"},"votes":3,"confidence":1.0,"instances":[{"created":"2015-12-17T02:49:08Z","user_id":"5647496e3562310003960400","duration":7.183},{"created":"2015-12-17T16:58:49Z","user_id":"566eeeda3637340003010100","duration":3.638},{"created":"2015-12-17T18:17:07Z","user_id":"5668b33530333000032d0500","duration":3.732}]}],"region":{"x":146.4380720169139,"y":601.0488308253351,"width":485.1686387714249,"height":31.835213497104633,"label":"Record Date","shape":"rectangle"},"task_key":"em_record_date","instructions":{"mark":"Record Date","transcribe":"Enter the record date"}},{"id":"580d6dcc6164390003d24301","status":"complete","name":"Record Date","created_in_workflow":"transcribe","confidence":1.0,"data":{"value":"Sept 24/94"},"versions":[{"data":{"value":"Sept 24/94"},"votes":3,"confidence":1.0,"instances":[{"created":"2016-01-30T04:54:09Z","user_id":"563f8b7a3264340003774b00","duration":15.634},{"created":"2016-01-30T17:17:27Z","user_id":"56ace5f93763620003220200","duration":11.713},{"created":"2016-01-30T20:09:32Z","user_id":"56ad18506164300003fa0100","duration":8.163}]}],"region":{"x":303.06776799858926,"y":569.4428809717291,"width":222.8845824800121,"height":69.31166331636803,"label":"Record Date","shape":"rectangle"},"task_key":"em_record_date","instructions":{"mark":"Record Date","transcribe":"Enter the record date"}},{"id":"580d6dcc6164390003d34301","status":"awaiting_votes","name":"Amount Loaned","created_in_workflow":"verify","confidence":0.3333333333333333,"data":{"value":"$6000."},"versions":[{"data":{"value":"$6000."},"votes":1,"confidence":0.3333333333333333,"instances":[{"created":"2016-09-22T19:50:11Z","user_id":"57c49a363234370003600200","duration":3.495}]}],"region":{"x":916.0003698186226,"y":660.4993798383302,"width":115.51944823659164,"height":58.439245541251466,"label":"Amount Loaned","shape":"rectangle"},"task_key":"em_transcribed_amount_loaned","instructions":{"mark":"Amount Loaned","transcribe":"Enter the Amount Loaned","verify":"Choose the best transcription or enter your own!"}},{"id":"580d6dcc6164390003d44301","status":"awaiting_votes","name":"Amount Loaned","created_in_workflow":"verify","confidence":0.3333333333333333,"data":{"value":"$6000"},"versions":[{"data":{"value":"$6000"},"votes":1,"confidence":0.3333333333333333,"instances":[{"created":"2016-09-14T02:38:21Z","user_id":"57c49a363234370003600200","duration":3.684}]}],"region":{"x":925.7640744529036,"y":669.8128919790811,"width":184.64423260329806,"height":40.74907327629387,"label":"Amount Loaned","shape":"rectangle"},"task_key":"em_transcribed_amount_loaned","instructions":{"mark":"Amount Loaned","transcribe":"Enter the Amount Loaned","verify":"Choose the best transcription or enter your own!"}}]}],"export_document":{"name":"Record","export_fields":[{"name":"Mortgager","value":"Rt. Rev. Charles E. McDonnell","original_value":{"value":"Rt. Rev. Charles E. McDonnell"},"assertion_ids":["580d6dcc6164390003ba4301"]},{"name":"Street Address","value":"Cedarhurst, L. I.","original_value":{"value":"Cedarhurst, L. I."},"assertion_ids":["580d6dcc6164390003bb4301"]},{"name":"Record Date","value":"1894-09-24T00:00:00Z","original_value":{"value":"Sept 24/94"},"assertion_ids":["580d6dcc6164390003d14301"]},{"name":"Land \u0026 Building Dimensions","value":{"em_survey_land_dimensions":[0],"em_survey_building_dimensions":[0]},"original_value":{"em_survey_land_dimensions":"See diagram","em_survey_building_dimensions":"Frame"},"assertion_ids":["580d6dcc6164390003bc4301"]},{"name":"Amount Loaned","value":6000.0,"original_value":{"value":"$6,000"},"assertion_ids":["580d6dcc6164390003cb4301"]},{"name":"Stories \u0026 Materials","value":{"em_record_stories":null},"original_value":{"em_record_stories":""},"assertion_ids":["580d6dcc6164390003bd4301"]},{"name":"Valuation","value":null,"original_value":null,"assertion_ids":null},{"name":"Record Number","value":4201,"original_value":{"value":"4201"},"assertion_ids":["580d6dcc6164390003cd4301"]},{"name":"Additional Info","value":"church","original_value":{"value":"church"},"assertion_ids":["580d6dcc6164390003be4301"]}]}}