{"id":"56b109e47061755afb59c000","meta_data":{"capture_uuid":"11f6df70-02e7-0133-9bd8-58d385a7bbd0","page_uri":"http://digitalcollections.nypl.org/items/11f6df70-02e7-0133-9bd8-58d385a7bbd0","book_uri":"http://digitalcollections.nypl.org/items/109c0900-02e7-0133-03cf-58d385a7bbd0","source_rotated":"0.783292","source_x":"0","source_y":"868.56","source_w":"1369.55","source_h":"979.44"},"type":"final_subject_set","search_terms_by_field":{"Record Number":["3835"],"Mortgager":["Michael Waters"],"Street Address":["68 Mott St"],"Land \u0026 Building Dimensions":["25 x 94","25 x 70"],"Stories \u0026 Materials":["5","Brick"],"Additional Info":[],"Record Date":["Jany 25/92"],"Valuation Date":[],"Land \u0026 Building Value":["12000","12000"],"Total Value":[],"Amount Loaned":["$12000."]},"subjects":[{"id":"580d6c606164390003313501","type":"root","location":{"standard":"https://s3.amazonaws.com/scribe.nypl.org/emigrant-s4/full/11f6df70-02e7-0133-9bd8-58d385a7bbd0.left-bottom.jpg","thumbnail":"https://s3.amazonaws.com/scribe.nypl.org/emigrant-s4/thumb/11f6df70-02e7-0133-9bd8-58d385a7bbd0.left-bottom.jpg"},"status":"retired","width":1369,"height":979,"meta_data":{"capture_uuid":"11f6df70-02e7-0133-9bd8-58d385a7bbd0","page_uri":"http://digitalcollections.nypl.org/items/11f6df70-02e7-0133-9bd8-58d385a7bbd0","book_uri":"http://digitalcollections.nypl.org/items/109c0900-02e7-0133-03cf-58d385a7bbd0","source_rotated":"0.783292","source_x":"0","source_y":"868.56","source_w":"1369.55","source_h":"979.44"},"assertions":[{"id":"580d6c606164390003323501","status":"awaiting_transcriptions","name":"Land \u0026 Building Dimensions","created_in_workflow":"transcribe","confidence":0.3333333333333333,"data":{"em_survey_land_dimensions":"25 x 94","em_survey_building_dimensions":"25 x 70"},"versions":[{"data":{"em_survey_land_dimensions":"25 x 94","em_survey_building_dimensions":"25 x 70"},"votes":1,"confidence":0.3333333333333333,"instances":[{"created":"2016-01-06T20:11:56Z","user_id":"568d70473130650003fe0500","duration":12.518}]}],"region":{"x":266.94814957408846,"y":719.9169755374352,"width":336.7353575312703,"height":98.69829503335802,"label":"Dimension \u0026 Description","shape":"rectangle"},"task_key":"em_record_survey","instructions":{"mark":"Dimension \u0026 Description","transcribe":"Enter, as they appear, any land and building dimensions that were recorded. In the next screen, you'll enter the descriptive information."}},{"id":"580d6c606164390003333501","status":"awaiting_transcriptions","name":"Stories \u0026 Materials","created_in_workflow":"transcribe","confidence":0.3333333333333333,"data":{"em_record_stories":"5","em_record_material":"Brick"},"versions":[{"data":{"em_record_stories":"5","em_record_material":"Brick"},"votes":1,"confidence":0.3333333333333333,"instances":[{"created":"2016-01-06T20:12:00Z","user_id":"568d70473130650003fe0500","duration":4.41}]}],"region":{"x":266.94814957408846,"y":719.9169755374352,"width":336.7353575312703,"height":98.69829503335802,"label":"Dimension \u0026 Description","shape":"rectangle"},"task_key":"em_record_survey_stories_materials","instructions":{"mark":"Dimension \u0026 Description","transcribe":"Enter, as they appear, the number of stories and the building materials."}},{"id":"580d6c606164390003343501","status":"awaiting_transcriptions","name":"Additional Info","created_in_workflow":"transcribe","confidence":0.3333333333333333,"data":{"value":""},"versions":[{"data":{"value":""},"votes":1,"confidence":0.3333333333333333,"instances":[{"created":"2016-01-06T20:12:01Z","user_id":"568d70473130650003fe0500","duration":0.534}]}],"region":{"x":266.94814957408846,"y":719.9169755374352,"width":336.7353575312703,"height":98.69829503335802,"label":"Dimension \u0026 Description","shape":"rectangle"},"task_key":"em_record_survey_additional_info","instructions":{"mark":"Dimension \u0026 Description","transcribe":"Enter any additional information you find about the building's construction or significance."}},{"id":"580d6c606164390003353501","status":"awaiting_transcriptions","name":"Valuation Date","created_in_workflow":"transcribe","confidence":0.3333333333333333,"data":{"value":""},"versions":[{"data":{"value":""},"votes":1,"confidence":0.3333333333333333,"instances":[{"created":"2016-01-04T19:29:14Z","user_id":"568ac34a3237350003b80500","duration":1.719}]}],"region":{"x":695.6240520043336,"y":591.8051772201868,"width":323.3391115926328,"height":83.06037575020173,"label":"Valuation","shape":"rectangle"},"task_key":"em_record_valuation","instructions":{"mark":"Valuation","transcribe":"Enter the date of the valuation (if one is given). In the next screen, you'll enter the valuation's dollar amounts."}},{"id":"580d6c606164390003363501","status":"awaiting_transcriptions","name":"Land \u0026 Building Value","created_in_workflow":"transcribe","confidence":0.3333333333333333,"data":{"em_valuation_ground":"12000","em_valuation_building":"12000"},"versions":[{"data":{"em_valuation_ground":"12000","em_valuation_building":"12000"},"votes":1,"confidence":0.3333333333333333,"instances":[{"created":"2016-01-04T19:29:18Z","user_id":"568ac34a3237350003b80500","duration":3.974}]}],"region":{"x":695.6240520043336,"y":591.8051772201868,"width":323.3391115926328,"height":83.06037575020173,"label":"Valuation","shape":"rectangle"},"task_key":"em_record_valuation_ground_building","instructions":{"mark":"Valuation","transcribe":"Sometimes valuations include itemized dollar values for \"ground\" and \"building\". Enter these amounts if you can find them. In the next screen, you'll enter the total valuation."}},{"id":"580d6c606164390003373501","status":"awaiting_transcriptions","name":"Total Value","created_in_workflow":"transcribe","confidence":0.3333333333333333,"data":{"value":""},"versions":[{"data":{"value":""},"votes":1,"confidence":0.3333333333333333,"instances":[{"created":"2016-01-04T19:29:19Z","user_id":"568ac34a3237350003b80500","duration":0.464}]}],"region":{"x":695.6240520043336,"y":591.8051772201868,"width":323.3391115926328,"height":83.06037575020173,"label":"Valuation","shape":"rectangle"},"task_key":"em_record_valuation_total","instructions":{"mark":"Valuation","transcribe":"Enter the valuation ***total*** (if one is given)"}},{"id":"580d6c606164390003383501","status":"complete","name":"Record Number","created_in_workflow":"transcribe","confidence":1.0,"data":{"value":"3835"},"versions":[{"data":{"value":"3835"},"votes":3,"confidence":1.0,"instances":[{"created":"2016-01-04T18:13:07Z","user_id":"568aafbc3237350003b90400","duration":7.755},{"created":"2016-01-04T20:40:47Z","user_id":"568ae6fe32373500039f0700","duration":4.25},{"created":"2016-01-04T21:46:58Z","user_id":"568ae6fe32373500039f0700","duration":3.829}]}],"region":{"x":753.4691224268689,"y":74.16104977696577,"width":112.72372697724802,"height":53.39595583941535,"label":"Record Number","shape":"rectangle"},"task_key":"em_record_number","instructions":{"mark":"Record Number","transcribe":"Enter the record number"}},{"id":"580d6c606164390003393501","status":"complete","name":"Mortgager","created_in_workflow":"transcribe","confidence":1.0,"data":{"value":"Michael Waters"},"versions":[{"data":{"value":"Michael Waters"},"votes":3,"confidence":1.0,"instances":[{"created":"2016-01-04T18:14:11Z","user_id":"568aafbc3237350003b90400","duration":6.633},{"created":"2016-01-04T20:42:38Z","user_id":"568ae6fe32373500039f0700","duration":6.755},{"created":"2016-01-04T21:49:12Z","user_id":"568ae6fe32373500039f0700","duration":6.002}]}],"region":{"x":192.8169014084507,"y":633.3353650952877,"width":259.56121343445284,"height":45.979850861718774,"label":"Mortgager Name","shape":"rectangle"},"task_key":"em_record_mortgager","instructions":{"mark":"Mortgager Name","transcribe":"Enter the mortgager's name"}},{"id":"580d6c6061643900033a3501","status":"awaiting_votes","name":"Street Address","created_in_workflow":"verify","confidence":0.3333333333333333,"data":{"value":"68 Mott St"},"versions":[{"data":{"value":"68 Mott St"},"votes":1,"confidence":0.3333333333333333,"instances":[{"created":"2016-09-19T14:26:10Z","user_id":"57c49a363234370003600200","duration":5.02}]}],"region":{"x":188.36728060671723,"y":676.3487739659278,"width":332.23835319609964,"height":34.11408289740427,"label":"Street Address","shape":"rectangle"},"task_key":"em_transcribed_address","instructions":{"mark":"Street Address","transcribe":"Enter the street address","verify":"Choose the best transcription or enter your own!"}},{"id":"580d6c6061643900033b3501","status":"awaiting_votes","name":"Record Date","created_in_workflow":"verify","confidence":0.3333333333333333,"data":{"value":"Jany 25/92"},"versions":[{"data":{"value":"Jany 25/92"},"votes":1,"confidence":0.3333333333333333,"instances":[{"created":"2016-09-19T14:33:00Z","user_id":"57c49a363234370003600200","duration":6.163}]}],"region":{"x":243.2459371614301,"y":594.7716192112655,"width":213.5817984832069,"height":43.01340887064009,"label":"Record Date","shape":"rectangle"},"task_key":"em_transcribed_date","instructions":{"mark":"Record Date","transcribe":"Enter the record date","verify":"Choose the best transcription or enter your own!"}},{"id":"580d6c6061643900033c3501","status":"awaiting_votes","name":"Amount Loaned","created_in_workflow":"verify","confidence":0.3333333333333333,"data":{"value":"$12000."},"versions":[{"data":{"value":"$12000."},"votes":1,"confidence":0.3333333333333333,"instances":[{"created":"2016-09-19T14:33:12Z","user_id":"57c49a363234370003600200","duration":5.467}]}],"region":{"x":826.1462621885157,"y":671.8991109793099,"width":154.25352112676046,"height":48.946292852797356,"label":"Amount Loaned","shape":"rectangle"},"task_key":"em_transcribed_amount_loaned","instructions":{"mark":"Amount Loaned","transcribe":"Enter the Amount Loaned","verify":"Choose the best transcription or enter your own!"}}]}],"export_document":{"name":"Record","export_fields":[{"name":"Mortgager","value":"Michael Waters","original_value":{"value":"Michael Waters"},"assertion_ids":["580d6c606164390003393501"]},{"name":"Street Address","value":"68 Mott St","original_value":{"value":"68 Mott St"},"assertion_ids":["580d6c6061643900033a3501"]},{"name":"Record Date","value":"1892-01-25T00:00:00Z","original_value":{"value":"Jany 25/92"},"assertion_ids":["580d6c6061643900033b3501"]},{"name":"Land \u0026 Building Dimensions","value":{"em_survey_land_dimensions":[25,94],"em_survey_building_dimensions":[25,70]},"original_value":{"em_survey_land_dimensions":"25 x 94","em_survey_building_dimensions":"25 x 70"},"assertion_ids":["580d6c606164390003323501"]},{"name":"Amount Loaned","value":12000.0,"original_value":{"value":"$12000."},"assertion_ids":["580d6c6061643900033c3501"]},{"name":"Stories \u0026 Materials","value":{"em_record_stories":5,"em_record_material":"Brick"},"original_value":{"em_record_stories":"5","em_record_material":"Brick"},"assertion_ids":["580d6c606164390003333501"]},{"name":"Valuation","value":null,"original_value":null,"assertion_ids":null},{"name":"Record Number","value":3835,"original_value":{"value":"3835"},"assertion_ids":["580d6c606164390003383501"]},{"name":"Additional Info","value":"","original_value":{"value":""},"assertion_ids":["580d6c606164390003343501"]}]}}