{"id":"56b109b97061755afbf9bc00","meta_data":{"capture_uuid":"115a6fa0-02e7-0133-b609-58d385a7bbd0","page_uri":"http://digitalcollections.nypl.org/items/115a6fa0-02e7-0133-b609-58d385a7bbd0","book_uri":"http://digitalcollections.nypl.org/items/109c0900-02e7-0133-03cf-58d385a7bbd0","source_rotated":"-0.223811","source_x":"0","source_y":"849.29","source_w":"1361.04","source_h":"957.71"},"type":"final_subject_set","search_terms_by_field":{"Record Number":["3771"],"Mortgager":["Samuel Howe"],"Street Address":["574 2 Ave"],"Amount Loaned":["$8000"]},"subjects":[{"id":"580d84fa6164390003da2b02","type":"root","location":{"standard":"https://s3.amazonaws.com/scribe.nypl.org/emigrant-s4/full/115a6fa0-02e7-0133-b609-58d385a7bbd0.left-bottom.jpg","thumbnail":"https://s3.amazonaws.com/scribe.nypl.org/emigrant-s4/thumb/115a6fa0-02e7-0133-b609-58d385a7bbd0.left-bottom.jpg"},"status":"retired","width":1361,"height":957,"meta_data":{"capture_uuid":"115a6fa0-02e7-0133-b609-58d385a7bbd0","page_uri":"http://digitalcollections.nypl.org/items/115a6fa0-02e7-0133-b609-58d385a7bbd0","book_uri":"http://digitalcollections.nypl.org/items/109c0900-02e7-0133-03cf-58d385a7bbd0","source_rotated":"-0.223811","source_x":"0","source_y":"849.29","source_w":"1361.04","source_h":"957.71"},"assertions":[{"id":"580d84fa6164390003db2b02","status":"complete","name":"Record Number","created_in_workflow":"transcribe","confidence":1.0,"data":{"value":"3771"},"versions":[{"data":{"value":"3771"},"votes":4,"confidence":1.0,"instances":[{"created":"2015-11-07T09:30:14Z","user_id":"563dbc0d66303300031c0000","duration":4.07},{"created":"2015-11-07T11:20:35Z","user_id":"563e15116630330003071700","duration":8.304},{"created":"2015-11-07T12:39:37Z","user_id":"563deb7666303300036b0b00","duration":9.0},{"created":"2015-11-07T12:40:30Z","user_id":"563df13e6630330003b00d00","duration":63.027}]}],"region":{"x":324.6922500311775,"y":77.67496713450552,"width":558.8565738733953,"height":55.365020884542446,"label":"Record Number","shape":"rectangle"},"task_key":"em_record_number","instructions":{"mark":"Record Number","transcribe":"Enter the record number"}},{"id":"580d84fa6164390003dc2b02","status":"complete","name":"Mortgager","created_in_workflow":"verify","confidence":1.0,"data":{"value":"Samuel Howe"},"versions":[{"data":{"value":"Samuel Howe"},"votes":3,"confidence":0.75,"instances":[{"created":"2015-11-16T23:21:03Z","user_id":"563f8b7a3264340003774b00","duration":11.852},{"created":"2015-11-19T00:39:10Z","user_id":"5647496e3562310003960400","duration":16.2},{"created":"2015-11-26T03:07:40Z","user_id":"5647496e3562310003960400","duration":9.72}]},{"data":{"value":"Samuel Horre"},"votes":1,"confidence":0.25,"instances":[{"created":"2015-11-22T04:34:22Z","user_id":"5649188c3863370003020e00","duration":8.931}]}],"region":{"x":69.59855865353157,"y":634.6806317911144,"width":446.4139599108803,"height":48.65410926217362,"label":"Mortgager Name","shape":"rectangle"},"task_key":"em_transcribed_mortgager","instructions":{"mark":"Mortgager Name","transcribe":"Enter the mortgager's name","verify":"Choose the best transcription or enter your own!"}},{"id":"580d84fa6164390003dd2b02","status":"complete","name":"Street Address","created_in_workflow":"verify","confidence":1.0,"data":{"value":"574 2 Ave"},"versions":[{"data":{"value":"574 2 Ave"},"votes":3,"confidence":0.75,"instances":[{"created":"2015-11-19T00:28:58Z","user_id":"5647496e3562310003960400","duration":6.728},{"created":"2015-11-22T04:17:08Z","user_id":"5649188c3863370003020e00","duration":10.886},{"created":"2015-11-26T02:47:23Z","user_id":"5647496e3562310003960400","duration":10.556}]},{"data":{"value":"574 2nd Avenue"},"votes":1,"confidence":0.25,"instances":[{"created":"2015-11-16T23:15:22Z","user_id":"563f8b7a3264340003774b00","duration":8.915}]}],"region":{"x":72.95505459271112,"y":674.9461015253272,"width":446.4139599108803,"height":50.3318371677658,"label":"Street Address","shape":"rectangle"},"task_key":"em_transcribed_address","instructions":{"mark":"Street Address","transcribe":"Enter the street address","verify":"Choose the best transcription or enter your own!"}},{"id":"580d84fa6164390003de2b02","status":"retired","name":null,"created_in_workflow":"mark","confidence":1.0,"data":{"belongsToUser":"true","toolName":"rectangleTool","userCreated":"true","subToolIndex":"5","color":"sienna","isTranscribable":"true","x":"692.2285553713383","y":"597.7706178680861","width":"367.53630534016076","height":"88.91957899638635","_key":"0.41663590233603775","status":"mark","isUncommitted":"true"},"versions":null,"region":{"x":692.2285553713383,"y":597.7706178680861,"width":367.53630534016077,"height":88.91957899638635,"label":"Valuation","shape":"rectangle"},"task_key":"mark_primary","instructions":{"mark":""}},{"id":"580d84fa6164390003df2b02","status":"complete","name":"Amount Loaned","created_in_workflow":"verify","confidence":1.0,"data":{"value":"$8000"},"versions":[{"data":{"value":"$8000"},"votes":3,"confidence":0.75,"instances":[{"created":"2015-11-19T00:29:02Z","user_id":"5647496e3562310003960400","duration":4.565},{"created":"2015-11-22T04:17:11Z","user_id":"5649188c3863370003020e00","duration":3.162},{"created":"2015-11-26T02:47:27Z","user_id":"5647496e3562310003960400","duration":4.076}]},{"data":{"value":"$8,000"},"votes":1,"confidence":0.25,"instances":[{"created":"2015-11-16T23:15:26Z","user_id":"563f8b7a3264340003774b00","duration":4.097}]}],"region":{"x":698.9415472496975,"y":688.3679247700646,"width":283.62390686067204,"height":31.876830206251725,"label":"Amount Loaned","shape":"rectangle"},"task_key":"em_transcribed_amount_loaned","instructions":{"mark":"Amount Loaned","transcribe":"Enter the Amount Loaned","verify":"Choose the best transcription or enter your own!"}}]}],"export_document":{"name":"Record","export_fields":[{"name":"Mortgager","value":"Samuel Howe","original_value":{"value":"Samuel Howe"},"assertion_ids":["580d84fa6164390003dc2b02"]},{"name":"Street Address","value":"574 2 Ave","original_value":{"value":"574 2 Ave"},"assertion_ids":["580d84fa6164390003dd2b02"]},{"name":"Amount Loaned","value":8000.0,"original_value":{"value":"$8000"},"assertion_ids":["580d84fa6164390003df2b02"]},{"name":"Record Number","value":3771,"original_value":{"value":"3771"},"assertion_ids":["580d84fa6164390003db2b02"]}]}}