{"id":"56b109d67061755afb39bf00","meta_data":{"capture_uuid":"11c5cfb0-02e7-0133-b453-58d385a7bbd0","page_uri":"http://digitalcollections.nypl.org/items/11c5cfb0-02e7-0133-b453-58d385a7bbd0","book_uri":"http://digitalcollections.nypl.org/items/109c0900-02e7-0133-03cf-58d385a7bbd0","source_rotated":"0.839234","source_x":"0","source_y":"0","source_w":"1370.61","source_h":"899.04"},"type":"final_subject_set","search_terms_by_field":{"Record Number":["3814"],"Mortgager":["Elise Wahl"],"Street Address":["145 W 32 St"],"Land \u0026 Building Dimensions":["25 x 65   25 x 25"],"Stories \u0026 Materials":["4","brick"],"Additional Info":["4 houses - one 25 x 65 and 3  25 x 25 each"],"Record Date":["Dec 14/91"],"Valuation Date":[],"Land \u0026 Building Value":[],"Total Value":["41000"],"Amount Loaned":["$15000."]},"subjects":[{"id":"580d6c4e6164390003573401","type":"root","location":{"standard":"https://s3.amazonaws.com/scribe.nypl.org/emigrant-s4/full/11c5cfb0-02e7-0133-b453-58d385a7bbd0.left-top.jpg","thumbnail":"https://s3.amazonaws.com/scribe.nypl.org/emigrant-s4/thumb/11c5cfb0-02e7-0133-b453-58d385a7bbd0.left-top.jpg"},"status":"retired","width":1370,"height":899,"meta_data":{"capture_uuid":"11c5cfb0-02e7-0133-b453-58d385a7bbd0","page_uri":"http://digitalcollections.nypl.org/items/11c5cfb0-02e7-0133-b453-58d385a7bbd0","book_uri":"http://digitalcollections.nypl.org/items/109c0900-02e7-0133-03cf-58d385a7bbd0","source_rotated":"0.839234","source_x":"0","source_y":"0","source_w":"1370.61","source_h":"899.04"},"assertions":[{"id":"580d6c4e6164390003583401","status":"awaiting_transcriptions","name":"Land \u0026 Building Dimensions","created_in_workflow":"transcribe","confidence":0.3333333333333333,"data":{"em_survey_land_dimensions":"","em_survey_building_dimensions":"25 x 65   25 x 25"},"versions":[{"data":{"em_survey_land_dimensions":"","em_survey_building_dimensions":"25 x 65   25 x 25"},"votes":1,"confidence":0.3333333333333333,"instances":[{"created":"2016-01-08T20:50:08Z","user_id":"569019ac6635330003890300","duration":48.532}]}],"region":{"x":215.91394201874584,"y":786.881010059757,"width":466.693851944793,"height":115.17008795737422,"label":"Dimension \u0026 Description","shape":"rectangle"},"task_key":"em_record_survey","instructions":{"mark":"Dimension \u0026 Description","transcribe":"Enter, as they appear, any land and building dimensions that were recorded. In the next screen, you'll enter the descriptive information."}},{"id":"580d6c4e6164390003593401","status":"awaiting_transcriptions","name":"Stories \u0026 Materials","created_in_workflow":"transcribe","confidence":0.3333333333333333,"data":{"em_record_stories":"4","em_record_material":"brick"},"versions":[{"data":{"em_record_stories":"4","em_record_material":"brick"},"votes":1,"confidence":0.3333333333333333,"instances":[{"created":"2016-01-08T20:50:28Z","user_id":"569019ac6635330003890300","duration":20.106}]}],"region":{"x":215.91394201874584,"y":786.881010059757,"width":466.693851944793,"height":115.17008795737422,"label":"Dimension \u0026 Description","shape":"rectangle"},"task_key":"em_record_survey_stories_materials","instructions":{"mark":"Dimension \u0026 Description","transcribe":"Enter, as they appear, the number of stories and the building materials."}},{"id":"580d6c4e61643900035a3401","status":"awaiting_transcriptions","name":"Additional Info","created_in_workflow":"transcribe","confidence":0.3333333333333333,"data":{"value":"4 houses - one 25 x 65 and 3  25 x 25 each"},"versions":[{"data":{"value":"4 houses - one 25 x 65 and 3  25 x 25 each"},"votes":1,"confidence":0.3333333333333333,"instances":[{"created":"2016-01-08T20:51:35Z","user_id":"569019ac6635330003890300","duration":67.216}]}],"region":{"x":215.91394201874584,"y":786.881010059757,"width":466.693851944793,"height":115.17008795737422,"label":"Dimension \u0026 Description","shape":"rectangle"},"task_key":"em_record_survey_additional_info","instructions":{"mark":"Dimension \u0026 Description","transcribe":"Enter any additional information you find about the building's construction or significance."}},{"id":"580d6c4e61643900035b3401","status":"awaiting_transcriptions","name":"Valuation Date","created_in_workflow":"transcribe","confidence":0.3333333333333333,"data":{"value":""},"versions":[{"data":{"value":""},"votes":1,"confidence":0.3333333333333333,"instances":[{"created":"2016-01-08T20:48:19Z","user_id":"569019ac6635330003890300","duration":6.022}]}],"region":{"x":787.4635028719454,"y":657.0997915406265,"width":312.84818067754077,"height":97.12104432226329,"label":"Valuation","shape":"rectangle"},"task_key":"em_record_valuation","instructions":{"mark":"Valuation","transcribe":"Enter the date of the valuation (if one is given). In the next screen, you'll enter the valuation's dollar amounts."}},{"id":"580d6c4e61643900035c3401","status":"awaiting_transcriptions","name":"Land \u0026 Building Value","created_in_workflow":"transcribe","confidence":0.3333333333333333,"data":{"em_valuation_ground":""},"versions":[{"data":{"em_valuation_ground":""},"votes":1,"confidence":0.3333333333333333,"instances":[{"created":"2016-01-08T20:48:20Z","user_id":"569019ac6635330003890300","duration":1.305}]}],"region":{"x":787.4635028719454,"y":657.0997915406265,"width":312.84818067754077,"height":97.12104432226329,"label":"Valuation","shape":"rectangle"},"task_key":"em_record_valuation_ground_building","instructions":{"mark":"Valuation","transcribe":"Sometimes valuations include itemized dollar values for \"ground\" and \"building\". Enter these amounts if you can find them. In the next screen, you'll enter the total valuation."}},{"id":"580d6c4e61643900035d3401","status":"awaiting_transcriptions","name":"Total Value","created_in_workflow":"transcribe","confidence":0.3333333333333333,"data":{"value":"41000"},"versions":[{"data":{"value":"41000"},"votes":1,"confidence":0.3333333333333333,"instances":[{"created":"2016-01-08T20:48:27Z","user_id":"569019ac6635330003890300","duration":6.361}]}],"region":{"x":787.4635028719454,"y":657.0997915406265,"width":312.84818067754077,"height":97.12104432226329,"label":"Valuation","shape":"rectangle"},"task_key":"em_record_valuation_total","instructions":{"mark":"Valuation","transcribe":"Enter the valuation ***total*** (if one is given)"}},{"id":"580d6c4e61643900035e3401","status":"complete","name":"Record Number","created_in_workflow":"transcribe","confidence":1.0,"data":{"value":"3814"},"versions":[{"data":{"value":"3814"},"votes":3,"confidence":1.0,"instances":[{"created":"2016-01-08T20:47:27Z","user_id":"569019ac6635330003890300","duration":7.285},{"created":"2016-01-09T00:40:53Z","user_id":"5690509d6635330003c80600","duration":25.0},{"created":"2016-01-09T01:25:25Z","user_id":"56905fb366353300031a0700","duration":5.857}]}],"region":{"x":680.0293748920207,"y":122.90539237242166,"width":183.06775407779173,"height":56.72556571034846,"label":"Record Number","shape":"rectangle"},"task_key":"em_record_number","instructions":{"mark":"Record Number","transcribe":"Enter the record number"}},{"id":"580d6c4e61643900035f3401","status":"awaiting_votes","name":"Mortgager","created_in_workflow":"verify","confidence":0.3333333333333333,"data":{"value":"Elise Wahl"},"versions":[{"data":{"value":"Elise Wahl"},"votes":1,"confidence":0.3333333333333333,"instances":[{"created":"2016-09-19T22:22:38Z","user_id":"57c49a363234370003600200","duration":3.46}]}],"region":{"x":189.27027827972452,"y":691.0205277442449,"width":205.41405269761609,"height":51.56869610031674,"label":"Mortgager Name","shape":"rectangle"},"task_key":"em_transcribed_mortgager","instructions":{"mark":"Mortgager Name","transcribe":"Enter the mortgager's name","verify":"Choose the best transcription or enter your own!"}},{"id":"580d6c4e6164390003603401","status":"awaiting_votes","name":"Street Address","created_in_workflow":"verify","confidence":0.3333333333333333,"data":{"value":"145 W 32 St"},"versions":[{"data":{"value":"145 W 32 St"},"votes":1,"confidence":0.3333333333333333,"instances":[{"created":"2016-09-19T22:24:33Z","user_id":"57c49a363234370003600200","duration":4.284}]}],"region":{"x":215.91394201874584,"y":736.5728759661914,"width":252.685069008783,"height":40.39547861191477,"label":"Street Address","shape":"rectangle"},"task_key":"em_transcribed_address","instructions":{"mark":"Street Address","transcribe":"Enter the street address","verify":"Choose the best transcription or enter your own!"}},{"id":"580d6c4e6164390003613401","status":"awaiting_votes","name":"Record Date","created_in_workflow":"verify","confidence":0.3333333333333333,"data":{"value":"Dec 14/91"},"versions":[{"data":{"value":"Dec 14/91"},"votes":1,"confidence":0.3333333333333333,"instances":[{"created":"2016-09-19T22:22:34Z","user_id":"57c49a363234370003600200","duration":4.102}]}],"region":{"x":233.10340249553383,"y":649.7655708639915,"width":182.2082810539523,"height":48.99026129530088,"label":"Record Date","shape":"rectangle"},"task_key":"em_transcribed_date","instructions":{"mark":"Record Date","transcribe":"Enter the record date","verify":"Choose the best transcription or enter your own!"}},{"id":"580d6c4e6164390003623401","status":"awaiting_votes","name":"Amount Loaned","created_in_workflow":"verify","confidence":0.3333333333333333,"data":{"value":"$15000."},"versions":[{"data":{"value":"$15000."},"votes":1,"confidence":0.3333333333333333,"instances":[{"created":"2016-09-19T22:16:14Z","user_id":"57c49a363234370003600200","duration":4.142}]}],"region":{"x":698.9377814164874,"y":737.0312704961175,"width":264.7176913425345,"height":48.99026129530091,"label":"Amount Loaned","shape":"rectangle"},"task_key":"em_transcribed_amount_loaned","instructions":{"mark":"Amount Loaned","transcribe":"Enter the Amount Loaned","verify":"Choose the best transcription or enter your own!"}}]}],"export_document":{"name":"Record","export_fields":[{"name":"Mortgager","value":"Elise Wahl","original_value":{"value":"Elise Wahl"},"assertion_ids":["580d6c4e61643900035f3401"]},{"name":"Street Address","value":"145 W 32 St","original_value":{"value":"145 W 32 St"},"assertion_ids":["580d6c4e6164390003603401"]},{"name":"Record Date","value":"1891-12-14T00:00:00Z","original_value":{"value":"Dec 14/91"},"assertion_ids":["580d6c4e6164390003613401"]},{"name":"Land \u0026 Building Dimensions","value":{"em_survey_land_dimensions":[],"em_survey_building_dimensions":[25,65,25]},"original_value":{"em_survey_land_dimensions":"","em_survey_building_dimensions":"25 x 65   25 x 25"},"assertion_ids":["580d6c4e6164390003583401"]},{"name":"Amount Loaned","value":15000.0,"original_value":{"value":"$15000."},"assertion_ids":["580d6c4e6164390003623401"]},{"name":"Stories \u0026 Materials","value":{"em_record_stories":4,"em_record_material":"brick"},"original_value":{"em_record_stories":"4","em_record_material":"brick"},"assertion_ids":["580d6c4e6164390003593401"]},{"name":"Valuation","value":null,"original_value":null,"assertion_ids":null},{"name":"Record Number","value":3814,"original_value":{"value":"3814"},"assertion_ids":["580d6c4e61643900035e3401"]},{"name":"Additional Info","value":"4 houses - one 25 x 65 and 3  25 x 25 each","original_value":{"value":"4 houses - one 25 x 65 and 3  25 x 25 each"},"assertion_ids":["580d6c4e61643900035a3401"]}]}}