{"id":"56b10a8d7061755afb55cd00","meta_data":{"capture_uuid":"147be020-02e7-0133-26da-58d385a7bbd0","page_uri":"http://digitalcollections.nypl.org/items/147be020-02e7-0133-26da-58d385a7bbd0","book_uri":"http://digitalcollections.nypl.org/items/109c0900-02e7-0133-03cf-58d385a7bbd0","source_rotated":"1.00705","source_x":"0","source_y":"868.56","source_w":"1374.82","source_h":"979.44"},"type":"final_subject_set","search_terms_by_field":{"Land \u0026 Building Dimensions":["125 x 99.1"],"Stories \u0026 Materials":["2","Frame"],"Land \u0026 Building Value":["15,000","12,000"],"Total Value":["40,000"],"Record Number":["4075"],"Mortgager":["Edwin A. Dobbins"],"Street Address":["S.s. 140 St. 200 ft. W of Boulevard"],"Record Date":["Oct. 9/93"],"Amount Loaned":["$10000."]},"subjects":[{"id":"580d6d576164390003023f01","type":"root","location":{"standard":"https://s3.amazonaws.com/scribe.nypl.org/emigrant-s4/full/147be020-02e7-0133-26da-58d385a7bbd0.left-bottom.jpg","thumbnail":"https://s3.amazonaws.com/scribe.nypl.org/emigrant-s4/thumb/147be020-02e7-0133-26da-58d385a7bbd0.left-bottom.jpg"},"status":"retired","width":1374,"height":979,"meta_data":{"capture_uuid":"147be020-02e7-0133-26da-58d385a7bbd0","page_uri":"http://digitalcollections.nypl.org/items/147be020-02e7-0133-26da-58d385a7bbd0","book_uri":"http://digitalcollections.nypl.org/items/109c0900-02e7-0133-03cf-58d385a7bbd0","source_rotated":"1.00705","source_x":"0","source_y":"868.56","source_w":"1374.82","source_h":"979.44"},"assertions":[{"id":"580d6d576164390003033f01","status":"awaiting_transcriptions","name":"Land \u0026 Building Dimensions","created_in_workflow":"transcribe","confidence":0.3333333333333333,"data":{"em_survey_land_dimensions":"125 x 99.1","em_survey_building_dimensions":""},"versions":[{"data":{"em_survey_land_dimensions":"125 x 99.1","em_survey_building_dimensions":""},"votes":1,"confidence":0.3333333333333333,"instances":[{"created":"2016-02-01T00:42:25Z","user_id":"56aea7873234360003750500","duration":6.257}]}],"region":{"x":202.49035732371468,"y":701.2818532818533,"width":245.99228879305556,"height":89.69884169884165,"label":"Dimension \u0026 Description","shape":"rectangle"},"task_key":"em_record_survey","instructions":{"mark":"Dimension \u0026 Description","transcribe":"Enter, as they appear, any land and building dimensions that were recorded. In the next screen, you'll enter the descriptive information."}},{"id":"580d6d576164390003043f01","status":"awaiting_transcriptions","name":"Stories \u0026 Materials","created_in_workflow":"transcribe","confidence":0.3333333333333333,"data":{"em_record_stories":"2","em_record_material":"Frame"},"versions":[{"data":{"em_record_stories":"2","em_record_material":"Frame"},"votes":1,"confidence":0.3333333333333333,"instances":[{"created":"2016-02-01T00:42:28Z","user_id":"56aea7873234360003750500","duration":3.188}]}],"region":{"x":202.49035732371468,"y":701.2818532818533,"width":245.99228879305556,"height":89.69884169884165,"label":"Dimension \u0026 Description","shape":"rectangle"},"task_key":"em_record_survey_stories_materials","instructions":{"mark":"Dimension \u0026 Description","transcribe":"Enter, as they appear, the number of stories and the building materials."}},{"id":"580d6d576164390003053f01","status":"awaiting_transcriptions","name":"Land \u0026 Building Value","created_in_workflow":"transcribe","confidence":0.3333333333333333,"data":{"em_valuation_ground":"15,000","em_valuation_building":"12,000"},"versions":[{"data":{"em_valuation_ground":"15,000","em_valuation_building":"12,000"},"votes":1,"confidence":0.3333333333333333,"instances":[{"created":"2016-02-01T00:41:51Z","user_id":"56aea7873234360003750500","duration":10.128}]}],"region":{"x":773.3011931971033,"y":572.1698841698841,"width":357.43630913024083,"height":100.57142857142867,"label":"Valuation","shape":"rectangle"},"task_key":"em_record_valuation_ground_building","instructions":{"mark":"Valuation","transcribe":"Sometimes valuations include itemized dollar values for \"ground\" and \"building\". Enter these amounts if you can find them. In the next screen, you'll enter the total valuation."}},{"id":"580d6d576164390003063f01","status":"awaiting_transcriptions","name":"Total Value","created_in_workflow":"transcribe","confidence":0.3333333333333333,"data":{"value":"40,000"},"versions":[{"data":{"value":"40,000"},"votes":1,"confidence":0.3333333333333333,"instances":[{"created":"2016-02-01T00:41:53Z","user_id":"56aea7873234360003750500","duration":2.193}]}],"region":{"x":773.3011931971033,"y":572.1698841698841,"width":357.43630913024083,"height":100.57142857142867,"label":"Valuation","shape":"rectangle"},"task_key":"em_record_valuation_total","instructions":{"mark":"Valuation","transcribe":"Enter the valuation ***total*** (if one is given)"}},{"id":"580d6d576164390003073f01","status":"complete","name":"Record Number","created_in_workflow":"transcribe","confidence":1.0,"data":{"value":"4075"},"versions":[{"data":{"value":"4075"},"votes":3,"confidence":1.0,"instances":[{"created":"2016-02-01T00:40:58Z","user_id":"56aea7873234360003750500","duration":2.552},{"created":"2016-02-01T03:58:18Z","user_id":"5668bbbe3064310003db0500","duration":5.007},{"created":"2016-02-01T11:19:45Z","user_id":"56af3f513263610003aa0300","duration":13.453}]}],"region":{"x":735.2471374722107,"y":46.20849420849421,"width":119.59846084966239,"height":77.46718146718146,"label":"Record Number","shape":"rectangle"},"task_key":"em_record_number","instructions":{"mark":"Record Number","transcribe":"Enter the record number"}},{"id":"580d6d576164390003083f01","status":"awaiting_votes","name":"Mortgager","created_in_workflow":"verify","confidence":0.3333333333333333,"data":{"value":"Edwin A. Dobbins"},"versions":[{"data":{"value":"Edwin A. Dobbins"},"votes":1,"confidence":0.3333333333333333,"instances":[{"created":"2016-09-22T20:17:19Z","user_id":"57c49a363234370003600200","duration":6.006}]}],"region":{"x":173.94981553004524,"y":612.9420849420849,"width":275.89190400547113,"height":54.362934362934425,"label":"Mortgager Name","shape":"rectangle"},"task_key":"em_transcribed_mortgager","instructions":{"mark":"Mortgager Name","transcribe":"Enter the mortgager's name","verify":"Choose the best transcription or enter your own!"}},{"id":"580d6d576164390003093f01","status":"awaiting_votes","name":"Street Address","created_in_workflow":"verify","confidence":0.3333333333333333,"data":{"value":"S.s. 140 St. 200 ft. W of Boulevard"},"versions":[{"data":{"value":"S.s. 140 St. 200 ft. W of Boulevard"},"votes":1,"confidence":0.3333333333333333,"instances":[{"created":"2016-09-22T20:17:27Z","user_id":"57c49a363234370003600200","duration":8.798}]}],"region":{"x":212.00387125493782,"y":653.7142857142857,"width":433.5444205800261,"height":58.44015444015438,"label":"Street Address","shape":"rectangle"},"task_key":"em_transcribed_address","instructions":{"mark":"Street Address","transcribe":"Enter the street address","verify":"Choose the best transcription or enter your own!"}},{"id":"580d6d5761643900030a3f01","status":"awaiting_votes","name":"Record Date","created_in_workflow":"verify","confidence":0.3333333333333333,"data":{"value":"Oct. 9/93"},"versions":[{"data":{"value":"Oct. 9/93"},"votes":1,"confidence":0.3333333333333333,"instances":[{"created":"2016-09-22T20:17:13Z","user_id":"57c49a363234370003600200","duration":5.847}]}],"region":{"x":225.59460544239946,"y":569.4517374517375,"width":179.39769127449355,"height":62.51737451737449,"label":"Record Date","shape":"rectangle"},"task_key":"em_transcribed_date","instructions":{"mark":"Record Date","transcribe":"Enter the record date","verify":"Choose the best transcription or enter your own!"}},{"id":"580d6d5761643900030b3f01","status":"awaiting_votes","name":"Amount Loaned","created_in_workflow":"verify","confidence":0.3333333333333333,"data":{"value":"$10000."},"versions":[{"data":{"value":"$10000."},"votes":1,"confidence":0.3333333333333333,"instances":[{"created":"2016-09-22T20:17:38Z","user_id":"57c49a363234370003600200","duration":4.587}]}],"region":{"x":835.8185704594268,"y":660.5096525096525,"width":112.80309375593151,"height":55.722007722007675,"label":"Amount Loaned","shape":"rectangle"},"task_key":"em_transcribed_amount_loaned","instructions":{"mark":"Amount Loaned","transcribe":"Enter the Amount Loaned","verify":"Choose the best transcription or enter your own!"}}]}],"export_document":{"name":"Record","export_fields":[{"name":"Mortgager","value":"Edwin A. Dobbins","original_value":{"value":"Edwin A. Dobbins"},"assertion_ids":["580d6d576164390003083f01"]},{"name":"Street Address","value":"S.s. 140 St. 200 ft. W of Boulevard","original_value":{"value":"S.s. 140 St. 200 ft. W of Boulevard"},"assertion_ids":["580d6d576164390003093f01"]},{"name":"Record Date","value":"1893-10-09T00:00:00Z","original_value":{"value":"Oct. 9/93"},"assertion_ids":["580d6d5761643900030a3f01"]},{"name":"Land \u0026 Building Dimensions","value":{"em_survey_land_dimensions":[125,99.08333333333333],"em_survey_building_dimensions":[]},"original_value":{"em_survey_land_dimensions":"125 x 99.1","em_survey_building_dimensions":""},"assertion_ids":["580d6d576164390003033f01"]},{"name":"Amount Loaned","value":10000.0,"original_value":{"value":"$10000."},"assertion_ids":["580d6d5761643900030b3f01"]},{"name":"Stories \u0026 Materials","value":{"em_record_stories":2,"em_record_material":"Frame"},"original_value":{"em_record_stories":"2","em_record_material":"Frame"},"assertion_ids":["580d6d576164390003043f01"]},{"name":"Valuation","value":null,"original_value":null,"assertion_ids":null},{"name":"Record Number","value":4075,"original_value":{"value":"4075"},"assertion_ids":["580d6d576164390003073f01"]}]}}