{"id":"56b109fb7061755afb21c200","meta_data":{"capture_uuid":"12465c30-02e7-0133-5f76-58d385a7bbd0","page_uri":"http://digitalcollections.nypl.org/items/12465c30-02e7-0133-5f76-58d385a7bbd0","book_uri":"http://digitalcollections.nypl.org/items/109c0900-02e7-0133-03cf-58d385a7bbd0","source_rotated":"0.895174","source_x":"0","source_y":"866.21","source_w":"1372.7","source_h":"976.79"},"type":"final_subject_set","search_terms_by_field":{"Land \u0026 Building Dimensions":["28 x 100","28 x 50"],"Stories \u0026 Materials":["4"],"Additional Info":[],"Land \u0026 Building Value":["22000","8000"],"Valuation Date":["March 14, 1892"],"Total Value":["$30,000"],"Record Number":["3867"],"Mortgager":["Robert Q. Reilly"],"Street Address":["2152 Third Ave"],"Record Date":["Mar. 14/92"],"Amount Loaned":["$15000"]},"subjects":[{"id":"580d972c616439000345cd02","type":"root","location":{"standard":"https://s3.amazonaws.com/scribe.nypl.org/emigrant-s4/full/12465c30-02e7-0133-5f76-58d385a7bbd0.left-bottom.jpg","thumbnail":"https://s3.amazonaws.com/scribe.nypl.org/emigrant-s4/thumb/12465c30-02e7-0133-5f76-58d385a7bbd0.left-bottom.jpg"},"status":"retired","width":1372,"height":976,"meta_data":{"capture_uuid":"12465c30-02e7-0133-5f76-58d385a7bbd0","page_uri":"http://digitalcollections.nypl.org/items/12465c30-02e7-0133-5f76-58d385a7bbd0","book_uri":"http://digitalcollections.nypl.org/items/109c0900-02e7-0133-03cf-58d385a7bbd0","source_rotated":"0.895174","source_x":"0","source_y":"866.21","source_w":"1372.7","source_h":"976.79"},"assertions":[{"id":"580d972c616439000346cd02","status":"awaiting_transcriptions","name":"Land \u0026 Building Dimensions","created_in_workflow":"transcribe","confidence":0.3333333333333333,"data":{"em_survey_land_dimensions":"28 x 100","em_survey_building_dimensions":"28 x 50"},"versions":[{"data":{"em_survey_land_dimensions":"28 x 100","em_survey_building_dimensions":"28 x 50"},"votes":1,"confidence":0.3333333333333333,"instances":[{"created":"2015-12-03T18:41:05Z","user_id":"56608b163961390003e40100","duration":11.261}]}],"region":{"x":282.8266024031026,"y":713.8820558591113,"width":312.7483193090245,"height":91.10494808106762,"label":"Dimension \u0026 Description","shape":"rectangle"},"task_key":"em_record_survey","instructions":{"mark":"Dimension \u0026 Description","transcribe":"Enter, as they appear, any land and building dimensions that were recorded. In the next screen, you'll enter the descriptive information."}},{"id":"580d972c616439000347cd02","status":"awaiting_transcriptions","name":"Stories \u0026 Materials","created_in_workflow":"transcribe","confidence":0.3333333333333333,"data":{"em_record_stories":"4"},"versions":[{"data":{"em_record_stories":"4"},"votes":1,"confidence":0.3333333333333333,"instances":[{"created":"2015-12-03T18:41:08Z","user_id":"56608b163961390003e40100","duration":2.064}]}],"region":{"x":282.8266024031026,"y":713.8820558591113,"width":312.7483193090245,"height":91.10494808106762,"label":"Dimension \u0026 Description","shape":"rectangle"},"task_key":"em_record_survey_stories_materials","instructions":{"mark":"Dimension \u0026 Description","transcribe":"Enter, as they appear, the number of stories and the building materials."}},{"id":"580d972c616439000348cd02","status":"awaiting_transcriptions","name":"Additional Info","created_in_workflow":"transcribe","confidence":0.3333333333333333,"data":{"value":""},"versions":[{"data":{"value":""},"votes":1,"confidence":0.3333333333333333,"instances":[{"created":"2015-12-03T18:41:13Z","user_id":"56608b163961390003e40100","duration":5.556}]}],"region":{"x":282.8266024031026,"y":713.8820558591113,"width":312.7483193090245,"height":91.10494808106762,"label":"Dimension \u0026 Description","shape":"rectangle"},"task_key":"em_record_survey_additional_info","instructions":{"mark":"Dimension \u0026 Description","transcribe":"Enter any additional information you find about the building's construction or significance."}},{"id":"580d972c616439000349cd02","status":"awaiting_transcriptions","name":"Land \u0026 Building Value","created_in_workflow":"transcribe","confidence":0.3333333333333333,"data":{"em_valuation_ground":"22000","em_valuation_building":"8000"},"versions":[{"data":{"em_valuation_ground":"22000","em_valuation_building":"8000"},"votes":1,"confidence":0.3333333333333333,"instances":[{"created":"2015-12-03T18:16:27Z","user_id":"564e49d539646600031a0b00","duration":5.283}]},{"data":{"em_valuation_ground":"$22,000","em_valuation_building":"$8,000"},"votes":1,"confidence":0.3333333333333333,"instances":[{"created":"2015-12-03T18:37:32Z","user_id":"56608b163961390003e40100","duration":8.172}]}],"region":{"x":836.2551500499417,"y":581.9838474432374,"width":131.89820423032768,"height":87.02562204758692,"label":"Valuation","shape":"rectangle"},"task_key":"em_record_valuation_ground_building","instructions":{"mark":"Valuation","transcribe":"Sometimes valuations include itemized dollar values for \"ground\" and \"building\". Enter these amounts if you can find them. In the next screen, you'll enter the total valuation."}},{"id":"580d972c61643900034acd02","status":"awaiting_transcriptions","name":"Valuation Date","created_in_workflow":"transcribe","confidence":0.3333333333333333,"data":{"value":"March 14, 1892"},"versions":[{"data":{"value":"March 14, 1892"},"votes":1,"confidence":0.3333333333333333,"instances":[{"created":"2015-12-03T18:37:24Z","user_id":"56608b163961390003e40100","duration":26.468}]}],"region":{"x":836.2551500499417,"y":581.9838474432374,"width":131.89820423032768,"height":87.02562204758692,"label":"Valuation","shape":"rectangle"},"task_key":"em_record_valuation","instructions":{"mark":"Valuation","transcribe":"Enter the date of the valuation (if one is given). In the next screen, you'll enter the valuation's dollar amounts."}},{"id":"580d972c61643900034bcd02","status":"awaiting_transcriptions","name":"Total Value","created_in_workflow":"transcribe","confidence":0.3333333333333333,"data":{"value":"$30,000"},"versions":[{"data":{"value":"$30,000"},"votes":1,"confidence":0.3333333333333333,"instances":[{"created":"2015-12-03T18:37:59Z","user_id":"56608b163961390003e40100","duration":27.213}]}],"region":{"x":836.2551500499417,"y":581.9838474432374,"width":131.89820423032768,"height":87.02562204758692,"label":"Valuation","shape":"rectangle"},"task_key":"em_record_valuation_total","instructions":{"mark":"Valuation","transcribe":"Enter the valuation ***total*** (if one is given)"}},{"id":"580d972c61643900034ccd02","status":"complete","name":"Record Number","created_in_workflow":"verify","confidence":1.0,"data":{"value":"3867"},"versions":[{"data":{"value":"3867"},"votes":3,"confidence":1.0,"instances":[{"created":"2015-11-30T00:18:27Z","user_id":"5647496e3562310003960400","duration":5.881},{"created":"2015-12-10T02:03:49Z","user_id":"563f8b7a3264340003774b00","duration":7.029},{"created":"2015-12-14T00:57:40Z","user_id":"5668bbbe3064310003db0500","duration":8.372}]}],"region":{"x":735.5961927268717,"y":39.50139827709777,"width":148.34969385238344,"height":102.70363552045421,"label":"Record Number","shape":"rectangle"},"task_key":"em_transcribed_record_number","instructions":{"mark":"Record Number","transcribe":"Enter the record number","verify":"Choose the best transcription or enter your own!"}},{"id":"580d972c61643900034dcd02","status":"awaiting_votes","name":"Mortgager","created_in_workflow":"verify","confidence":0.3333333333333333,"data":{"value":"Robert Q. Reilly"},"versions":[{"data":{"value":"Robert Q. Reilly"},"votes":1,"confidence":0.3333333333333333,"instances":[{"created":"2016-09-12T15:47:09Z","user_id":"57c49a363234370003600200","duration":7.494}]}],"region":{"x":183.56300540502087,"y":622.7771077780438,"width":235.24112713244017,"height":51.67146309075474,"label":"Mortgager Name","shape":"rectangle"},"task_key":"em_transcribed_mortgager","instructions":{"mark":"Mortgager Name","transcribe":"Enter the mortgager's name","verify":"Choose the best transcription or enter your own!"}},{"id":"580d972c61643900034ecd02","status":"awaiting_votes","name":"Street Address","created_in_workflow":"transcribe","confidence":0.25,"data":{"value":"2152 Third Ave"},"versions":[{"data":{"value":"2152 Third Ave"},"votes":1,"confidence":0.25,"instances":[{"created":"2015-12-03T16:21:07Z","user_id":"5660695a3961390003e50000","duration":8.142}]},{"data":{"value":"2152 Third Avenue"},"votes":1,"confidence":0.25,"instances":[{"created":"2015-12-03T18:40:23Z","user_id":"56608b163961390003e40100","duration":8.105}]},{"data":{"value":"2152 3rd Avenue"},"votes":1,"confidence":0.25,"instances":[{"created":"2015-12-03T20:55:10Z","user_id":"5660a5ca3736640003c90200","duration":13.678}]},{"data":{"value":"2152 3d Ave"},"votes":1,"confidence":0.25,"instances":[{"created":"2016-09-12T15:47:28Z","user_id":"57c49a363234370003600200","duration":12.568}]}],"region":{"x":228.4355903493592,"y":666.2899188018373,"width":236.60090243378374,"height":47.592137057274044,"label":"Street Address","shape":"rectangle"},"task_key":"em_record_street_address","instructions":{"mark":"Street Address","transcribe":"Enter the street address"}},{"id":"580d972c61643900034fcd02","status":"complete","name":"Record Date","created_in_workflow":"verify","confidence":1.0,"data":{"value":"Mar. 14/92"},"versions":[{"data":{"value":"Mar. 14/92"},"votes":3,"confidence":1.0,"instances":[{"created":"2015-11-30T02:40:53Z","user_id":"5647496e3562310003960400","duration":4.476},{"created":"2015-12-10T16:09:14Z","user_id":"563f8b7a3264340003774b00","duration":5.486},{"created":"2015-12-14T04:41:31Z","user_id":"5668bbbe3064310003db0500","duration":4.359}]}],"region":{"x":253.67913991646643,"y":574.9647971444231,"width":172.05053251519018,"height":56.17976643853904,"label":"Record Date","shape":"rectangle"},"task_key":"em_transcribed_date","instructions":{"mark":"Record Date","transcribe":"Enter the record date","verify":"Choose the best transcription or enter your own!"}},{"id":"580d972c616439000350cd02","status":"awaiting_votes","name":"Amount Loaned","created_in_workflow":"verify","confidence":0.3333333333333333,"data":{"value":"$15000"},"versions":[{"data":{"value":"$15000"},"votes":1,"confidence":0.3333333333333333,"instances":[{"created":"2016-09-12T15:56:02Z","user_id":"57c49a363234370003600200","duration":3.557}]}],"region":{"x":851.2126783647211,"y":673.088795524305,"width":129.17865362764053,"height":44.87258636828699,"label":"Amount Loaned","shape":"rectangle"},"task_key":"em_transcribed_amount_loaned","instructions":{"mark":"Amount Loaned","transcribe":"Enter the Amount Loaned","verify":"Choose the best transcription or enter your own!"}}]}],"export_document":{"name":"Record","export_fields":[{"name":"Mortgager","value":"Robert Q. Reilly","original_value":{"value":"Robert Q. Reilly"},"assertion_ids":["580d972c61643900034dcd02"]},{"name":"Street Address","value":"2152 Third Ave","original_value":{"value":"2152 Third Ave"},"assertion_ids":["580d972c61643900034ecd02"]},{"name":"Record Date","value":"1892-03-14T00:00:00Z","original_value":{"value":"Mar. 14/92"},"assertion_ids":["580d972c61643900034fcd02"]},{"name":"Land \u0026 Building Dimensions","value":{"em_survey_land_dimensions":[28,100],"em_survey_building_dimensions":[28,50]},"original_value":{"em_survey_land_dimensions":"28 x 100","em_survey_building_dimensions":"28 x 50"},"assertion_ids":["580d972c616439000346cd02"]},{"name":"Amount Loaned","value":15000.0,"original_value":{"value":"$15000"},"assertion_ids":["580d972c616439000350cd02"]},{"name":"Stories \u0026 Materials","value":{"em_record_stories":4},"original_value":{"em_record_stories":"4"},"assertion_ids":["580d972c616439000347cd02"]},{"name":"Valuation","value":null,"original_value":null,"assertion_ids":null},{"name":"Record Number","value":3867,"original_value":{"value":"3867"},"assertion_ids":["580d972c61643900034ccd02"]},{"name":"Additional Info","value":"","original_value":{"value":""},"assertion_ids":["580d972c616439000348cd02"]}]}}