{"id":"56b10a1a7061755afb7dc400","meta_data":{"capture_uuid":"12b2e180-02e7-0133-6d20-58d385a7bbd0","page_uri":"http://digitalcollections.nypl.org/items/12b2e180-02e7-0133-6d20-58d385a7bbd0","book_uri":"http://digitalcollections.nypl.org/items/109c0900-02e7-0133-03cf-58d385a7bbd0","source_rotated":"0.447614","source_x":"0","source_y":"0","source_w":"1364.25","source_h":"873.6"},"type":"final_subject_set","search_terms_by_field":{"Stories \u0026 Materials":["3","br."],"Land \u0026 Building Dimensions":["16 3 x 100 11","3 story br. 16 3 x 50"],"Additional Info":[],"Record Number":["3910"],"Mortgager":["Samuel Bauer"],"Street Address":["127 E 121 St"],"Record Date":["May 31/92"],"Land \u0026 Building Value":["6000.","6000."],"Amount Loaned":["$6000"]},"subjects":[{"id":"580db1486164390003046703","type":"root","location":{"standard":"https://s3.amazonaws.com/scribe.nypl.org/emigrant-s4/full/12b2e180-02e7-0133-6d20-58d385a7bbd0.left-top.jpg","thumbnail":"https://s3.amazonaws.com/scribe.nypl.org/emigrant-s4/thumb/12b2e180-02e7-0133-6d20-58d385a7bbd0.left-top.jpg"},"status":"retired","width":1364,"height":873,"meta_data":{"capture_uuid":"12b2e180-02e7-0133-6d20-58d385a7bbd0","page_uri":"http://digitalcollections.nypl.org/items/12b2e180-02e7-0133-6d20-58d385a7bbd0","book_uri":"http://digitalcollections.nypl.org/items/109c0900-02e7-0133-03cf-58d385a7bbd0","source_rotated":"0.447614","source_x":"0","source_y":"0","source_w":"1364.25","source_h":"873.6"},"assertions":[{"id":"580db1486164390003056703","status":"awaiting_transcriptions","name":"Stories \u0026 Materials","created_in_workflow":"transcribe","confidence":0.6666666666666666,"data":{"em_record_stories":"3","em_record_material":"br."},"versions":[{"data":{"em_record_stories":"3","em_record_material":"br."},"votes":2,"confidence":0.6666666666666666,"instances":[{"created":"2015-11-11T03:12:49Z","user_id":"56429abe3564380003bf0500","duration":27.132},{"created":"2015-11-23T04:06:57Z","user_id":"56528a006639320003af0500","duration":4.468}]}],"region":{"x":285.23176989555714,"y":754.3328332930074,"width":283.8887268052048,"height":85.16661021050095,"label":"Dimension \u0026 Description","shape":"rectangle"},"task_key":"em_record_survey_stories_materials","instructions":{"mark":"Dimension \u0026 Description","transcribe":"Enter, as they appear, the number of stories and the building materials."}},{"id":"580db1486164390003066703","status":"awaiting_transcriptions","name":"Land \u0026 Building Dimensions","created_in_workflow":"transcribe","confidence":0.3333333333333333,"data":{"em_survey_land_dimensions":"16 3 x 100 11","em_survey_building_dimensions":"3 story br. 16 3 x 50"},"versions":[{"data":{"em_survey_land_dimensions":"16 3 x 100 11","em_survey_building_dimensions":"3 story br. 16 3 x 50"},"votes":1,"confidence":0.3333333333333333,"instances":[{"created":"2015-11-11T03:12:22Z","user_id":"56429abe3564380003bf0500","duration":1422.719}]},{"data":{"em_survey_land_dimensions":"16.3 x 100","em_survey_building_dimensions":"16.3 x 50"},"votes":1,"confidence":0.3333333333333333,"instances":[{"created":"2015-11-23T04:06:52Z","user_id":"56528a006639320003af0500","duration":13.321}]}],"region":{"x":285.23176989555714,"y":754.3328332930074,"width":283.8887268052048,"height":85.16661021050095,"label":"Dimension \u0026 Description","shape":"rectangle"},"task_key":"em_record_survey","instructions":{"mark":"Dimension \u0026 Description","transcribe":"Enter, as they appear, any land and building dimensions that were recorded. In the next screen, you'll enter the descriptive information."}},{"id":"580db1486164390003076703","status":"awaiting_transcriptions","name":"Additional Info","created_in_workflow":"transcribe","confidence":0.3333333333333333,"data":{"value":""},"versions":[{"data":{"value":""},"votes":1,"confidence":0.3333333333333333,"instances":[{"created":"2015-11-23T04:07:02Z","user_id":"56528a006639320003af0500","duration":4.563}]}],"region":{"x":285.23176989555714,"y":754.3328332930074,"width":283.8887268052048,"height":85.16661021050095,"label":"Dimension \u0026 Description","shape":"rectangle"},"task_key":"em_record_survey_additional_info","instructions":{"mark":"Dimension \u0026 Description","transcribe":"Enter any additional information you find about the building's construction or significance."}},{"id":"580db1486164390003086703","status":"complete","name":"Record Number","created_in_workflow":"transcribe","confidence":1.0,"data":{"value":"3910"},"versions":[{"data":{"value":"3910"},"votes":3,"confidence":1.0,"instances":[{"created":"2015-11-11T02:45:03Z","user_id":"56429abe3564380003bf0500","duration":9.195},{"created":"2015-11-23T02:51:24Z","user_id":"565234ee6639320003160400","duration":388.832},{"created":"2015-11-23T04:02:45Z","user_id":"56528d5d6639320003c90500","duration":6.443}]}],"region":{"x":734.0463284637857,"y":98.6851197677232,"width":131.12955476240404,"height":62.185143963222856,"label":"Record Number","shape":"rectangle"},"task_key":"em_record_number","instructions":{"mark":"Record Number","transcribe":"Enter the record number"}},{"id":"580db1486164390003096703","status":"complete","name":"Mortgager","created_in_workflow":"transcribe","confidence":1.0,"data":{"value":"Samuel Bauer"},"versions":[{"data":{"value":"Samuel Bauer"},"votes":3,"confidence":1.0,"instances":[{"created":"2015-11-11T02:48:19Z","user_id":"56429abe3564380003bf0500","duration":11.314},{"created":"2015-11-23T04:24:16Z","user_id":"565273146639320003c80400","duration":7.314},{"created":"2015-11-23T07:34:49Z","user_id":"5652c10e3632310003870600","duration":9.896}]}],"region":{"x":171.67627917347525,"y":666.4625211710621,"width":262.2591095248082,"height":43.259230583111616,"label":"Mortgager Name","shape":"rectangle"},"task_key":"em_record_mortgager","instructions":{"mark":"Mortgager Name","transcribe":"Enter the mortgager's name"}},{"id":"580db14861643900030a6703","status":"complete","name":"Street Address","created_in_workflow":"verify","confidence":1.0,"data":{"value":"127 E 121 St"},"versions":[{"data":{"value":"127 E 121 St"},"votes":4,"confidence":1.0,"instances":[{"created":"2016-04-02T02:05:30Z","user_id":"563f8b7a3264340003774b00","duration":8.719},{"created":"2016-04-11T18:14:21Z","user_id":"570be8853938340003f00000","duration":18.348},{"created":"2016-04-11T18:14:29Z","user_id":"570be8ba3938340003f60000","duration":3.897},{"created":"2016-04-11T18:14:53Z","user_id":"570be8693938340003ef0000","duration":11.753}]}],"region":{"x":220.3429180543675,"y":705.666198887007,"width":270.37021600495694,"height":45.96293249455596,"label":"Street Address","shape":"rectangle"},"task_key":"em_transcribed_address","instructions":{"mark":"Street Address","transcribe":"Enter the street address","verify":"Choose the best transcription or enter your own!"}},{"id":"580db14861643900030b6703","status":"complete","name":"Record Date","created_in_workflow":"transcribe","confidence":1.0,"data":{"value":"May 31/92"},"versions":[{"data":{"value":"May 31/92"},"votes":3,"confidence":1.0,"instances":[{"created":"2015-11-10T14:28:56Z","user_id":"563eaf056630330003055300","duration":13.252},{"created":"2015-11-11T02:45:21Z","user_id":"56429abe3564380003bf0500","duration":18.769},{"created":"2015-11-23T04:06:39Z","user_id":"56528a006639320003af0500","duration":8.555}]}],"region":{"x":221.6947691343923,"y":612.3884829421727,"width":173.03693824317241,"height":56.77774014033389,"label":"Record Date","shape":"rectangle"},"task_key":"em_record_date","instructions":{"mark":"Record Date","transcribe":"Enter the record date"}},{"id":"580db14861643900030c6703","status":"awaiting_votes","name":"Land \u0026 Building Value","created_in_workflow":"verify","confidence":0.6666666666666666,"data":{"em_valuation_ground":"6000.","em_valuation_building":"6000."},"versions":[{"data":{"em_valuation_ground":"6000.","em_valuation_building":"6000."},"votes":2,"confidence":0.6666666666666666,"instances":[{"created":"2016-05-30T20:07:13Z","user_id":"563f8b7a3264340003774b00","duration":4.448},{"created":"2016-09-06T23:51:56Z","user_id":"57c49a363234370003600200","duration":9.628}]}],"region":{"x":843.5462659457932,"y":617.7958867650617,"width":140.5925123225777,"height":90.57401403338974,"label":"Valuation","shape":"rectangle"},"task_key":"em_transcribed_valuation_itemized","instructions":{"mark":"Valuation","transcribe":"Sometimes valuations include itemized dollar values for \"ground\" and \"building\". Enter these amounts if you can find them. In the next screen, you'll enter the total valuation.","verify":"Choose the best transcription or enter your own!"}},{"id":"580db14861643900030d6703","status":"complete","name":"Amount Loaned","created_in_workflow":"verify","confidence":1.0,"data":{"value":"$6000"},"versions":[{"data":{"value":"$6000"},"votes":4,"confidence":1.0,"instances":[{"created":"2016-04-02T02:05:32Z","user_id":"563f8b7a3264340003774b00","duration":2.675},{"created":"2016-04-11T18:14:23Z","user_id":"570be8853938340003f00000","duration":2.475},{"created":"2016-04-11T18:14:32Z","user_id":"570be8ba3938340003f60000","duration":2.433},{"created":"2016-04-11T18:14:58Z","user_id":"570be8693938340003ef0000","duration":4.572}]}],"region":{"x":843.5462659457932,"y":711.0736027098959,"width":151.40732096277588,"height":40.55552867166705,"label":"Amount Loaned","shape":"rectangle"},"task_key":"em_transcribed_amount_loaned","instructions":{"mark":"Amount Loaned","transcribe":"Enter the Amount Loaned","verify":"Choose the best transcription or enter your own!"}}]}],"export_document":{"name":"Record","export_fields":[{"name":"Mortgager","value":"Samuel Bauer","original_value":{"value":"Samuel Bauer"},"assertion_ids":["580db1486164390003096703"]},{"name":"Street Address","value":"127 E 121 St","original_value":{"value":"127 E 121 St"},"assertion_ids":["580db14861643900030a6703"]},{"name":"Record Date","value":"1892-05-31T00:00:00Z","original_value":{"value":"May 31/92"},"assertion_ids":["580db14861643900030b6703"]},{"name":"Land \u0026 Building Dimensions","value":{"em_survey_land_dimensions":[16,100],"em_survey_building_dimensions":[3,50]},"original_value":{"em_survey_land_dimensions":"16 3 x 100 11","em_survey_building_dimensions":"3 story br. 16 3 x 50"},"assertion_ids":["580db1486164390003066703"]},{"name":"Amount Loaned","value":6000.0,"original_value":{"value":"$6000"},"assertion_ids":["580db14861643900030d6703"]},{"name":"Stories \u0026 Materials","value":{"em_record_stories":3,"em_record_material":"br."},"original_value":{"em_record_stories":"3","em_record_material":"br."},"assertion_ids":["580db1486164390003056703"]},{"name":"Record Number","value":3910,"original_value":{"value":"3910"},"assertion_ids":["580db1486164390003086703"]},{"name":"Additional Info","value":"","original_value":{"value":""},"assertion_ids":["580db1486164390003076703"]}]}}