{"id":"56b10ada7061755afb33d300","meta_data":{"capture_uuid":"1572fa20-02e7-0133-a3cb-58d385a7bbd0","page_uri":"http://digitalcollections.nypl.org/items/1572fa20-02e7-0133-a3cb-58d385a7bbd0","book_uri":"http://digitalcollections.nypl.org/items/109c0900-02e7-0133-03cf-58d385a7bbd0","source_rotated":"0.783292","source_x":"0","source_y":"861.5099999999999","source_w":"1369.55","source_h":"971.4900000000001"},"type":"final_subject_set","search_terms_by_field":{"Record Number":["4179","4179"],"Land \u0026 Building Dimensions":["30 x 100'5","30 x 89"],"Stories \u0026 Materials":["5","br"],"Additional Info":[],"Total Value":[],"Valuation Date":[],"Land \u0026 Building Value":["$6,000","$18,000"],"Mortgager":["Fred K. Carell \u0026 Harvey Long"],"Street Address":["249 West 68th St."],"Amount Loaned":["12000"]},"subjects":[{"id":"580d95ca61643900036bc302","type":"root","location":{"standard":"https://s3.amazonaws.com/scribe.nypl.org/emigrant-s4/full/1572fa20-02e7-0133-a3cb-58d385a7bbd0.left-bottom.jpg","thumbnail":"https://s3.amazonaws.com/scribe.nypl.org/emigrant-s4/thumb/1572fa20-02e7-0133-a3cb-58d385a7bbd0.left-bottom.jpg"},"status":"retired","width":1369,"height":971,"meta_data":{"capture_uuid":"1572fa20-02e7-0133-a3cb-58d385a7bbd0","page_uri":"http://digitalcollections.nypl.org/items/1572fa20-02e7-0133-a3cb-58d385a7bbd0","book_uri":"http://digitalcollections.nypl.org/items/109c0900-02e7-0133-03cf-58d385a7bbd0","source_rotated":"0.783292","source_x":"0","source_y":"861.5099999999999","source_w":"1369.55","source_h":"971.4900000000001"},"assertions":[{"id":"580d95ca61643900036cc302","status":"awaiting_transcriptions","name":"Land \u0026 Building Dimensions","created_in_workflow":"transcribe","confidence":0.3333333333333333,"data":{"em_survey_land_dimensions":"30 x 100'5","em_survey_building_dimensions":"30 x 89"},"versions":[{"data":{"em_survey_land_dimensions":"30 x 100'5","em_survey_building_dimensions":"30 x 89"},"votes":1,"confidence":0.3333333333333333,"instances":[{"created":"2015-11-21T00:18:03Z","user_id":"563f8b7a3264340003774b00","duration":37.119}]},{"data":{"em_survey_land_dimensions":"30 x 100.5","em_survey_building_dimensions":"30 x 89"},"votes":1,"confidence":0.3333333333333333,"instances":[{"created":"2016-10-07T20:32:30Z","user_id":"57c49a363234370003600200","duration":26.92}]}],"region":{"x":313.3953279425675,"y":714.0986547085203,"width":297.2553011026294,"height":80.11838565022413,"label":"Dimension \u0026 Description","shape":"rectangle"},"task_key":"em_record_survey","instructions":{"mark":"Dimension \u0026 Description","transcribe":"Enter, as they appear, any land and building dimensions that were recorded. In the next screen, you'll enter the descriptive information."}},{"id":"580d95ca61643900036dc302","status":"awaiting_transcriptions","name":"Additional Info","created_in_workflow":"transcribe","confidence":0.6666666666666666,"data":{"value":""},"versions":[{"data":{"value":""},"votes":2,"confidence":0.6666666666666666,"instances":[{"created":"2015-11-21T00:18:16Z","user_id":"563f8b7a3264340003774b00","duration":2.039},{"created":"2016-10-07T20:32:36Z","user_id":"57c49a363234370003600200","duration":1.664}]}],"region":{"x":313.3953279425675,"y":714.0986547085203,"width":297.2553011026294,"height":80.11838565022413,"label":"Dimension \u0026 Description","shape":"rectangle"},"task_key":"em_record_survey_additional_info","instructions":{"mark":"Dimension \u0026 Description","transcribe":"Enter any additional information you find about the building's construction or significance."}},{"id":"580d95ca61643900036ec302","status":"awaiting_transcriptions","name":"Stories \u0026 Materials","created_in_workflow":"transcribe","confidence":0.3333333333333333,"data":{"em_record_stories":"5","em_record_material":"br"},"versions":[{"data":{"em_record_stories":"5","em_record_material":"br"},"votes":1,"confidence":0.3333333333333333,"instances":[{"created":"2015-11-21T00:18:14Z","user_id":"563f8b7a3264340003774b00","duration":10.594}]},{"data":{"em_record_stories":"5","em_record_material":"Br."},"votes":1,"confidence":0.3333333333333333,"instances":[{"created":"2016-10-07T20:32:34Z","user_id":"57c49a363234370003600200","duration":4.751}]}],"region":{"x":313.3953279425675,"y":714.0986547085203,"width":297.2553011026294,"height":80.11838565022413,"label":"Dimension \u0026 Description","shape":"rectangle"},"task_key":"em_record_survey_stories_materials","instructions":{"mark":"Dimension \u0026 Description","transcribe":"Enter, as they appear, the number of stories and the building materials."}},{"id":"580d95ca61643900036fc302","status":"awaiting_transcriptions","name":"Total Value","created_in_workflow":"transcribe","confidence":0.6666666666666666,"data":{"value":""},"versions":[{"data":{"value":""},"votes":2,"confidence":0.6666666666666666,"instances":[{"created":"2015-11-21T00:16:27Z","user_id":"563f8b7a3264340003774b00","duration":1.887},{"created":"2016-10-07T20:30:43Z","user_id":"57c49a363234370003600200","duration":0.815}]}],"region":{"x":854.4928682309476,"y":585.2125560538117,"width":166.04495335029685,"height":82.44065769805673,"label":"Valuation","shape":"rectangle"},"task_key":"em_record_valuation_total","instructions":{"mark":"Valuation","transcribe":"Enter the valuation ***total*** (if one is given)"}},{"id":"580d95ca616439000370c302","status":"awaiting_transcriptions","name":"Valuation Date","created_in_workflow":"transcribe","confidence":0.3333333333333333,"data":{"value":""},"versions":[{"data":{"value":""},"votes":1,"confidence":0.3333333333333333,"instances":[{"created":"2015-11-21T00:16:06Z","user_id":"563f8b7a3264340003774b00","duration":4.616}]}],"region":{"x":854.4928682309476,"y":585.2125560538117,"width":166.04495335029685,"height":82.44065769805673,"label":"Valuation","shape":"rectangle"},"task_key":"em_record_valuation","instructions":{"mark":"Valuation","transcribe":"Enter the date of the valuation (if one is given). In the next screen, you'll enter the valuation's dollar amounts."}},{"id":"580d95ca616439000371c302","status":"awaiting_transcriptions","name":"Land \u0026 Building Value","created_in_workflow":"transcribe","confidence":0.3333333333333333,"data":{"em_valuation_ground":"$6,000","em_valuation_building":"$18,000"},"versions":[{"data":{"em_valuation_ground":"$6,000","em_valuation_building":"$18,000"},"votes":1,"confidence":0.3333333333333333,"instances":[{"created":"2015-11-21T00:16:25Z","user_id":"563f8b7a3264340003774b00","duration":19.516}]},{"data":{"em_valuation_ground":"6000","em_valuation_building":"18000"},"votes":1,"confidence":0.3333333333333333,"instances":[{"created":"2016-10-07T20:30:42Z","user_id":"57c49a363234370003600200","duration":7.262}]}],"region":{"x":854.4928682309476,"y":585.2125560538117,"width":166.04495335029685,"height":82.44065769805673,"label":"Valuation","shape":"rectangle"},"task_key":"em_record_valuation_ground_building","instructions":{"mark":"Valuation","transcribe":"Sometimes valuations include itemized dollar values for \"ground\" and \"building\". Enter these amounts if you can find them. In the next screen, you'll enter the total valuation."}},{"id":"580d95ca616439000372c302","status":"complete","name":"Record Number","created_in_workflow":"transcribe","confidence":1.0,"data":{"value":"4179"},"versions":[{"data":{"value":"4179"},"votes":3,"confidence":1.0,"instances":[{"created":"2015-12-03T02:29:42Z","user_id":"565fa45365316400032b0600","duration":4.888},{"created":"2015-12-03T03:38:53Z","user_id":"565fb2f06531640003650700","duration":6.333},{"created":"2015-12-03T12:26:13Z","user_id":"564e49d539646600031a0b00","duration":2.791}]}],"region":{"x":758.4454406839219,"y":56.98545915025545,"width":131.60927959893934,"height":73.26701890747128,"label":"Record Number","shape":"rectangle"},"task_key":"em_record_number","instructions":{"mark":"Record Number","transcribe":"Enter the record number"}},{"id":"580d95ca616439000373c302","status":"complete","name":"Record Number","created_in_workflow":"transcribe","confidence":1.0,"data":{"value":"4179"},"versions":[{"data":{"value":"4179"},"votes":3,"confidence":1.0,"instances":[{"created":"2015-11-21T00:30:36Z","user_id":"564fa9a96138360003120a00","duration":7.803},{"created":"2015-11-21T01:19:06Z","user_id":"564fbef16138360003ad0b00","duration":17.446},{"created":"2016-10-07T22:55:11Z","user_id":"57c49a363234370003600200","duration":19.885}]}],"region":{"x":769.7286612759009,"y":53.412257100149475,"width":128.88804071246818,"height":78.95724962630791,"label":"Record Number","shape":"rectangle"},"task_key":"em_record_number","instructions":{"mark":"Record Number","transcribe":"Enter the record number"}},{"id":"580d95ca616439000374c302","status":"awaiting_votes","name":"Mortgager","created_in_workflow":"transcribe","confidence":0.16666666666666666,"data":{"value":"Fred K. Carell \u0026 Harvey Long"},"versions":[{"data":{"value":"Fred K. Carell \u0026 Harvey Long"},"votes":1,"confidence":0.16666666666666666,"instances":[{"created":"2015-11-21T01:42:59Z","user_id":"564fc49e6138360003860c00","duration":93.507}]},{"data":{"value":"Fredk Carell \u0026 Henry Laug"},"votes":1,"confidence":0.16666666666666666,"instances":[{"created":"2015-11-21T02:03:52Z","user_id":"563bfc7535326200037f3900","duration":38.892}]},{"data":{"value":"Fred Carell and Henry Lang"},"votes":1,"confidence":0.16666666666666666,"instances":[{"created":"2015-11-21T02:21:26Z","user_id":"564fd4db64353600037e0e00","duration":50.226}]},{"data":{"value":"Fred K. Carell \u0026 Henry Laug"},"votes":1,"confidence":0.16666666666666666,"instances":[{"created":"2016-03-11T21:26:08Z","user_id":"56e32af665666400031f0100","duration":40.919}]},{"data":{"value":"Fred'k. Carell \u0026 Henry Lang"},"votes":1,"confidence":0.16666666666666666,"instances":[{"created":"2016-03-14T01:31:34Z","user_id":"563f8b7a3264340003774b00","duration":62.446}]},{"data":{"value":"Fred'k Carell \u0026 Henry Laug"},"votes":1,"confidence":0.16666666666666666,"instances":[{"created":"2016-09-25T16:32:18Z","user_id":"57c49a363234370003600200","duration":30.222}]}],"region":{"x":218.18073930813156,"y":618.8855007473841,"width":449.36641221374043,"height":42.9620328849029,"label":"Mortgager Name","shape":"rectangle"},"task_key":"em_record_mortgager","instructions":{"mark":"Mortgager Name","transcribe":"Enter the mortgager's name"}},{"id":"580d95ca616439000375c302","status":"awaiting_votes","name":"Street Address","created_in_workflow":"verify","confidence":0.6666666666666666,"data":{"value":"249 West 68th St."},"versions":[{"data":{"value":"249 West 68th St."},"votes":2,"confidence":0.6666666666666666,"instances":[{"created":"2016-05-23T01:17:11Z","user_id":"563f8b7a3264340003774b00","duration":7.95},{"created":"2016-09-06T13:22:04Z","user_id":"57c49a363234370003600200","duration":7.409}]}],"region":{"x":241.4038097067745,"y":661.8475336322872,"width":365.763358778626,"height":46.44544095665173,"label":"Street Address","shape":"rectangle"},"task_key":"em_transcribed_address","instructions":{"mark":"Street Address","transcribe":"Enter the street address","verify":"Choose the best transcription or enter your own!"}},{"id":"580d95ca616439000376c302","status":"awaiting_votes","name":"Amount Loaned","created_in_workflow":"verify","confidence":0.3333333333333333,"data":{"value":"12000"},"versions":[{"data":{"value":"12000"},"votes":1,"confidence":0.3333333333333333,"instances":[{"created":"2016-09-06T02:54:08Z","user_id":"57c49a363234370003600200","duration":5.636}]}],"region":{"x":869.5878639900654,"y":669.975485799701,"width":114.95419847328242,"height":41.80089686098654,"label":"Amount Loaned","shape":"rectangle"},"task_key":"em_transcribed_amount_loaned","instructions":{"mark":"Amount Loaned","transcribe":"Enter the Amount Loaned","verify":"Choose the best transcription or enter your own!"}}]}],"export_document":{"name":"Record","export_fields":[{"name":"Mortgager","value":"Fred K. Carell \u0026 Harvey Long","original_value":{"value":"Fred K. Carell \u0026 Harvey Long"},"assertion_ids":["580d95ca616439000374c302"]},{"name":"Street Address","value":"249 West 68th St.","original_value":{"value":"249 West 68th St."},"assertion_ids":["580d95ca616439000375c302"]},{"name":"Land \u0026 Building Dimensions","value":{"em_survey_land_dimensions":[30,100],"em_survey_building_dimensions":[30,89]},"original_value":{"em_survey_land_dimensions":"30 x 100'5","em_survey_building_dimensions":"30 x 89"},"assertion_ids":["580d95ca61643900036cc302"]},{"name":"Amount Loaned","value":12000.0,"original_value":{"value":"12000"},"assertion_ids":["580d95ca616439000376c302"]},{"name":"Stories \u0026 Materials","value":{"em_record_stories":5,"em_record_material":"br"},"original_value":{"em_record_stories":"5","em_record_material":"br"},"assertion_ids":["580d95ca61643900036ec302"]},{"name":"Valuation","value":null,"original_value":null,"assertion_ids":null},{"name":"Record Number","value":4179,"original_value":{"value":"4179"},"assertion_ids":["580d95ca616439000372c302"]},{"name":"Additional Info","value":"","original_value":{"value":""},"assertion_ids":["580d95ca61643900036dc302"]}]}}