{"id":"56b10ab67061755afb6bd000","meta_data":{"capture_uuid":"14fffec0-02e7-0133-9478-58d385a7bbd0","page_uri":"http://digitalcollections.nypl.org/items/14fffec0-02e7-0133-9478-58d385a7bbd0","book_uri":"http://digitalcollections.nypl.org/items/109c0900-02e7-0133-03cf-58d385a7bbd0","source_rotated":"0.895174","source_x":"0","source_y":"0","source_w":"1371.67","source_h":"883.68"},"type":"final_subject_set","search_terms_by_field":{"Valuation Date":[],"Total Value":[],"Land \u0026 Building Value":["13000","12000"],"Record Number":["4130"],"Mortgager":["Lawrence O'Connor"],"Street Address":["109 Washington St"],"Land \u0026 Building Dimensions":["25.2 x 93.8","25 x 72"],"Additional Info":[],"Stories \u0026 Materials":["5","br."],"Record Date":["April 23/94"],"Amount Loaned":["$8000"]},"subjects":[{"id":"580d98a0616439000352d902","type":"root","location":{"standard":"https://s3.amazonaws.com/scribe.nypl.org/emigrant-s4/full/14fffec0-02e7-0133-9478-58d385a7bbd0.left-top.jpg","thumbnail":"https://s3.amazonaws.com/scribe.nypl.org/emigrant-s4/thumb/14fffec0-02e7-0133-9478-58d385a7bbd0.left-top.jpg"},"status":"retired","width":1371,"height":883,"meta_data":{"capture_uuid":"14fffec0-02e7-0133-9478-58d385a7bbd0","page_uri":"http://digitalcollections.nypl.org/items/14fffec0-02e7-0133-9478-58d385a7bbd0","book_uri":"http://digitalcollections.nypl.org/items/109c0900-02e7-0133-03cf-58d385a7bbd0","source_rotated":"0.895174","source_x":"0","source_y":"0","source_w":"1371.67","source_h":"883.68"},"assertions":[{"id":"580d98a0616439000353d902","status":"awaiting_votes","name":"Valuation Date","created_in_workflow":"verify","confidence":0.3333333333333333,"data":{"value":""},"versions":[{"data":{"value":""},"votes":1,"confidence":0.3333333333333333,"instances":[{"created":"2016-10-13T22:41:36Z","user_id":"5750d4e061323000033d0000","duration":2.042}]}],"region":{"x":669.5137532603732,"y":627.6959946818499,"width":331.1079198533031,"height":75.56699197429248,"label":"Valuation","shape":"rectangle"},"task_key":"em_transcribed_valuation_date","instructions":{"mark":"Valuation","transcribe":"Enter the date of the valuation (if one is given). In the next screen, you'll enter the valuation's dollar amounts.","verify":"Choose the best transcription or enter your own!"}},{"id":"580d98a0616439000354d902","status":"awaiting_transcriptions","name":"Total Value","created_in_workflow":"transcribe","confidence":0.6666666666666666,"data":{"value":""},"versions":[{"data":{"value":""},"votes":2,"confidence":0.6666666666666666,"instances":[{"created":"2015-11-11T06:11:33Z","user_id":"5642db573564380003651800","duration":0.641},{"created":"2016-10-04T20:58:12Z","user_id":"57c49a363234370003600200","duration":0.621}]}],"region":{"x":669.5137532603732,"y":627.6959946818499,"width":331.1079198533031,"height":75.56699197429248,"label":"Valuation","shape":"rectangle"},"task_key":"em_record_valuation_total","instructions":{"mark":"Valuation","transcribe":"Enter the valuation ***total*** (if one is given)"}},{"id":"580d98a0616439000355d902","status":"complete","name":"Land \u0026 Building Value","created_in_workflow":"verify","confidence":1.0,"data":{"em_valuation_ground":"13000","em_valuation_building":"12000"},"versions":[{"data":{"em_valuation_ground":"13000","em_valuation_building":"12000"},"votes":2,"confidence":0.5,"instances":[{"created":"2016-04-10T02:12:20Z","user_id":"563f8b7a3264340003774b00","duration":4.352},{"created":"2016-04-13T00:30:45Z","user_id":"570d8d443232320003440100","duration":4.64}]},{"data":{"em_valuation_ground":"$13,000","em_valuation_building":"$12,000"},"votes":1,"confidence":0.25,"instances":[{"created":"2016-04-13T21:01:25Z","user_id":"570eb2793563390003fd0000","duration":4.705}]},{"data":{"em_valuation_ground":"13000.","em_valuation_building":"12000."},"votes":1,"confidence":0.25,"instances":[{"created":"2016-10-13T22:41:41Z","user_id":"5750d4e061323000033d0000","duration":4.586}]}],"region":{"x":669.5137532603732,"y":627.6959946818499,"width":331.1079198533031,"height":75.56699197429248,"label":"Valuation","shape":"rectangle"},"task_key":"em_transcribed_valuation_itemized","instructions":{"mark":"Valuation","transcribe":"Sometimes valuations include itemized dollar values for \"ground\" and \"building\". Enter these amounts if you can find them. In the next screen, you'll enter the total valuation.","verify":"Choose the best transcription or enter your own!"}},{"id":"580d98a0616439000356d902","status":"complete","name":"Record Number","created_in_workflow":"transcribe","confidence":1.0,"data":{"value":"4130"},"versions":[{"data":{"value":"4130"},"votes":3,"confidence":1.0,"instances":[{"created":"2015-11-09T18:08:55Z","user_id":"5640d7723432660003982300","duration":4.482},{"created":"2015-11-11T06:11:19Z","user_id":"5642db573564380003651800","duration":3.853},{"created":"2015-11-18T13:36:00Z","user_id":"564c68d234636500036e0100","duration":7.613}]}],"region":{"x":734.5224931735881,"y":70.0204348523326,"width":166.3080390239793,"height":98.22756870246089,"label":"Record Number","shape":"rectangle"},"task_key":"em_record_number","instructions":{"mark":"Record Number","transcribe":"Enter the record number"}},{"id":"580d98a0616439000357d902","status":"complete","name":"Mortgager","created_in_workflow":"transcribe","confidence":1.0,"data":{"value":"Lawrence O'Connor"},"versions":[{"data":{"value":"Lawrence O'Connor"},"votes":3,"confidence":1.0,"instances":[{"created":"2015-11-09T18:10:15Z","user_id":"5640d7723432660003982300","duration":14.096},{"created":"2015-11-11T06:11:38Z","user_id":"5642db573564380003651800","duration":4.36},{"created":"2015-11-18T13:38:43Z","user_id":"564c68d234636500036e0100","duration":13.127}]}],"region":{"x":169.06568423947664,"y":660.941050680158,"width":323.55133512572286,"height":55.921468548282405,"label":"Mortgager Name","shape":"rectangle"},"task_key":"em_record_mortgager","instructions":{"mark":"Mortgager Name","transcribe":"Enter the mortgager's name"}},{"id":"580d98a0616439000358d902","status":"complete","name":"Street Address","created_in_workflow":"verify","confidence":1.0,"data":{"value":"109 Washington St"},"versions":[{"data":{"value":"109 Washington St"},"votes":3,"confidence":1.0,"instances":[{"created":"2015-12-12T15:27:07Z","user_id":"5647496e3562310003960400","duration":6.614},{"created":"2016-01-02T17:12:30Z","user_id":"56748e5e3564620003fd0100","duration":102.881},{"created":"2016-01-30T15:23:43Z","user_id":"56980a2d3337650003270200","duration":16.932}]}],"region":{"x":215.92909610681795,"y":698.7245466673043,"width":322.0431769310675,"height":61.96745940199446,"label":"Street Address","shape":"rectangle"},"task_key":"em_transcribed_address","instructions":{"mark":"Street Address","transcribe":"Enter the street address","verify":"Choose the best transcription or enter your own!"}},{"id":"580d98a0616439000359d902","status":"complete","name":"Land \u0026 Building Dimensions","created_in_workflow":"transcribe","confidence":1.0,"data":{"em_survey_land_dimensions":"25.2 x 93.8","em_survey_building_dimensions":"25 x 72"},"versions":[{"data":{"em_survey_land_dimensions":"25.2 x 93.8","em_survey_building_dimensions":"25 x 72"},"votes":3,"confidence":1.0,"instances":[{"created":"2015-11-09T18:11:39Z","user_id":"5640d7723432660003982300","duration":20.322},{"created":"2015-11-11T06:11:57Z","user_id":"5642db573564380003651800","duration":8.198},{"created":"2015-11-18T13:40:04Z","user_id":"564c68d234636500036e0100","duration":23.677}]}],"region":{"x":218.96125469753107,"y":748.6000243618746,"width":405.197196443057,"height":83.12053369287844,"label":"Dimension \u0026 Description","shape":"rectangle"},"task_key":"em_record_survey","instructions":{"mark":"Dimension \u0026 Description","transcribe":"Enter, as they appear, any land and building dimensions that were recorded. In the next screen, you'll enter the descriptive information."}},{"id":"580d98a061643900035ad902","status":"awaiting_transcriptions","name":"Additional Info","created_in_workflow":"transcribe","confidence":0.3333333333333333,"data":{"value":""},"versions":[{"data":{"value":""},"votes":1,"confidence":0.3333333333333333,"instances":[{"created":"2015-11-11T06:12:00Z","user_id":"5642db573564380003651800","duration":0.985}]}],"region":{"x":218.96125469753107,"y":748.6000243618746,"width":405.197196443057,"height":83.12053369287844,"label":"Dimension \u0026 Description","shape":"rectangle"},"task_key":"em_record_survey_additional_info","instructions":{"mark":"Dimension \u0026 Description","transcribe":"Enter any additional information you find about the building's construction or significance."}},{"id":"580d98a061643900035bd902","status":"complete","name":"Stories \u0026 Materials","created_in_workflow":"verify","confidence":1.0,"data":{"em_record_stories":"5","em_record_material":"br."},"versions":[{"data":{"em_record_stories":"5","em_record_material":"br."},"votes":3,"confidence":1.0,"instances":[{"created":"2016-05-08T02:08:52Z","user_id":"563f8b7a3264340003774b00","duration":9.253},{"created":"2016-05-31T14:10:46Z","user_id":"574d8fef3262620003a90000","duration":9.611},{"created":"2016-05-31T18:14:10Z","user_id":"574dd97d3262620003430200","duration":18.06}]}],"region":{"x":218.96125469753107,"y":748.6000243618746,"width":405.197196443057,"height":83.12053369287844,"label":"Dimension \u0026 Description","shape":"rectangle"},"task_key":"em_transcribed_stories_materials","instructions":{"mark":"Dimension \u0026 Description","transcribe":"Enter, as they appear, the number of stories and the building materials.","verify":"Choose the best transcription or enter your own!"}},{"id":"580d98a061643900035cd902","status":"complete","name":"Record Date","created_in_workflow":"transcribe","confidence":1.0,"data":{"value":"April 23/94"},"versions":[{"data":{"value":"April 23/94"},"votes":3,"confidence":1.0,"instances":[{"created":"2015-11-09T18:09:21Z","user_id":"5640d7723432660003982300","duration":25.779},{"created":"2015-11-11T06:11:28Z","user_id":"5642db573564380003651800","duration":8.706},{"created":"2015-11-18T15:42:46Z","user_id":"564c68d234636500036e0100","duration":13.349}]}],"region":{"x":243.15498505278012,"y":618.6190662765841,"width":225.2682797336208,"height":58.952406099836026,"label":"Record Date","shape":"rectangle"},"task_key":"em_record_date","instructions":{"mark":"Record Date","transcribe":"Enter the record date"}},{"id":"580d98a061643900035dd902","status":"complete","name":"Amount Loaned","created_in_workflow":"verify","confidence":1.0,"data":{"value":"$8000"},"versions":[{"data":{"value":"$8000"},"votes":3,"confidence":1.0,"instances":[{"created":"2016-01-02T17:12:32Z","user_id":"56748e5e3564620003fd0100","duration":2.328},{"created":"2016-01-30T15:35:45Z","user_id":"56980a2d3337650003270200","duration":4.212},{"created":"2016-02-13T23:04:51Z","user_id":"563f8b7a3264340003774b00","duration":4.7}]}],"region":{"x":819.2004646345365,"y":707.8014266449804,"width":160.25961249105433,"height":46.84458857060622,"label":"Amount Loaned","shape":"rectangle"},"task_key":"em_transcribed_amount_loaned","instructions":{"mark":"Amount Loaned","transcribe":"Enter the Amount Loaned","verify":"Choose the best transcription or enter your own!"}}]}],"export_document":{"name":"Record","export_fields":[{"name":"Mortgager","value":"Lawrence O'Connor","original_value":{"value":"Lawrence O'Connor"},"assertion_ids":["580d98a0616439000357d902"]},{"name":"Street Address","value":"109 Washington St","original_value":{"value":"109 Washington St"},"assertion_ids":["580d98a0616439000358d902"]},{"name":"Record Date","value":"1894-04-23T00:00:00Z","original_value":{"value":"April 23/94"},"assertion_ids":["580d98a061643900035cd902"]},{"name":"Land \u0026 Building Dimensions","value":{"em_survey_land_dimensions":[25.166666666666668,93.66666666666667],"em_survey_building_dimensions":[25,72]},"original_value":{"em_survey_land_dimensions":"25.2 x 93.8","em_survey_building_dimensions":"25 x 72"},"assertion_ids":["580d98a0616439000359d902"]},{"name":"Amount Loaned","value":8000.0,"original_value":{"value":"$8000"},"assertion_ids":["580d98a061643900035dd902"]},{"name":"Stories \u0026 Materials","value":{"em_record_stories":5,"em_record_material":"br."},"original_value":{"em_record_stories":"5","em_record_material":"br."},"assertion_ids":["580d98a061643900035bd902"]},{"name":"Valuation","value":null,"original_value":null,"assertion_ids":null},{"name":"Record Number","value":4130,"original_value":{"value":"4130"},"assertion_ids":["580d98a0616439000356d902"]},{"name":"Additional Info","value":"","original_value":{"value":""},"assertion_ids":["580d98a061643900035ad902"]}]}}