{"id":"56b10ad97061755afb1ad300","meta_data":{"capture_uuid":"15695d00-02e7-0133-1b1a-58d385a7bbd0","page_uri":"http://digitalcollections.nypl.org/items/15695d00-02e7-0133-1b1a-58d385a7bbd0","book_uri":"http://digitalcollections.nypl.org/items/109c0900-02e7-0133-03cf-58d385a7bbd0","source_rotated":"0.923143","source_x":"1216.33","source_y":"864.3299999999999","source_w":"1371.67","source_h":"974.6700000000001"},"type":"final_subject_set","search_terms_by_field":{"Record Number":["4177"],"Mortgager":["Mary E. Stamler"],"Street Address":["514 \u0026 516 W. 47th St."],"Land \u0026 Building Dimensions":["30' 4\" x 100' 4\""],"Stories \u0026 Materials":["frame"],"Additional Info":["house"],"Record Date":["July 16/94"],"Land \u0026 Building Value":["$8,000"],"Total Value":["$8,000"],"Amount Loaned":["$4000"]},"subjects":[{"id":"580d83776164390003681c02","type":"root","location":{"standard":"https://s3.amazonaws.com/scribe.nypl.org/emigrant-s4/full/15695d00-02e7-0133-1b1a-58d385a7bbd0.right-bottom.jpg","thumbnail":"https://s3.amazonaws.com/scribe.nypl.org/emigrant-s4/thumb/15695d00-02e7-0133-1b1a-58d385a7bbd0.right-bottom.jpg"},"status":"retired","width":1371,"height":974,"meta_data":{"capture_uuid":"15695d00-02e7-0133-1b1a-58d385a7bbd0","page_uri":"http://digitalcollections.nypl.org/items/15695d00-02e7-0133-1b1a-58d385a7bbd0","book_uri":"http://digitalcollections.nypl.org/items/109c0900-02e7-0133-03cf-58d385a7bbd0","source_rotated":"0.923143","source_x":"1216.33","source_y":"864.3299999999999","source_w":"1371.67","source_h":"974.6700000000001"},"assertions":[{"id":"580d83776164390003691c02","status":"awaiting_transcriptions","name":"Land \u0026 Building Dimensions","created_in_workflow":"transcribe","confidence":0.3333333333333333,"data":{"em_survey_land_dimensions":"30' 4\" x 100' 4\""},"versions":[{"data":{"em_survey_land_dimensions":"30' 4\" x 100' 4\""},"votes":1,"confidence":0.3333333333333333,"instances":[{"created":"2015-11-12T16:23:45Z","user_id":"5644bc3061353000032c1100","duration":33.622}]}],"region":{"x":91.80575934162137,"y":701.8104082142727,"width":552.8746840350975,"height":106.08761984634361,"label":"Dimension \u0026 Description","shape":"rectangle"},"task_key":"em_record_survey","instructions":{"mark":"Dimension \u0026 Description","transcribe":"Enter, as they appear, any land and building dimensions that were recorded. In the next screen, you'll enter the descriptive information."}},{"id":"580d837761643900036a1c02","status":"awaiting_transcriptions","name":"Stories \u0026 Materials","created_in_workflow":"transcribe","confidence":0.3333333333333333,"data":{"em_record_stories":"","em_record_material":"frame"},"versions":[{"data":{"em_record_stories":"","em_record_material":"frame"},"votes":1,"confidence":0.3333333333333333,"instances":[{"created":"2015-11-12T16:23:56Z","user_id":"5644bc3061353000032c1100","duration":10.8}]}],"region":{"x":91.80575934162137,"y":701.8104082142727,"width":552.8746840350975,"height":106.08761984634361,"label":"Dimension \u0026 Description","shape":"rectangle"},"task_key":"em_record_survey_stories_materials","instructions":{"mark":"Dimension \u0026 Description","transcribe":"Enter, as they appear, the number of stories and the building materials."}},{"id":"580d837761643900036b1c02","status":"awaiting_transcriptions","name":"Additional Info","created_in_workflow":"transcribe","confidence":0.3333333333333333,"data":{"value":"house"},"versions":[{"data":{"value":"house"},"votes":1,"confidence":0.3333333333333333,"instances":[{"created":"2015-11-12T16:23:59Z","user_id":"5644bc3061353000032c1100","duration":3.12}]}],"region":{"x":91.80575934162137,"y":701.8104082142727,"width":552.8746840350975,"height":106.08761984634361,"label":"Dimension \u0026 Description","shape":"rectangle"},"task_key":"em_record_survey_additional_info","instructions":{"mark":"Dimension \u0026 Description","transcribe":"Enter any additional information you find about the building's construction or significance."}},{"id":"580d837761643900036c1c02","status":"awaiting_transcriptions","name":"Land \u0026 Building Value","created_in_workflow":"transcribe","confidence":0.3333333333333333,"data":{"em_valuation_ground":"$8,000"},"versions":[{"data":{"em_valuation_ground":"$8,000"},"votes":1,"confidence":0.3333333333333333,"instances":[{"created":"2015-12-02T16:20:20Z","user_id":"565f1a213539650003350300","duration":10.292}]}],"region":{"x":736.4862027183403,"y":577.3614695483697,"width":475.34982059106164,"height":104.04747331083695,"label":"Valuation","shape":"rectangle"},"task_key":"em_record_valuation_ground_building","instructions":{"mark":"Valuation","transcribe":"Sometimes valuations include itemized dollar values for \"ground\" and \"building\". Enter these amounts if you can find them. In the next screen, you'll enter the total valuation."}},{"id":"580d837761643900036d1c02","status":"complete","name":"Total Value","created_in_workflow":"verify","confidence":1.0,"data":{"value":"$8,000"},"versions":[{"data":{"value":"$8000"},"votes":2,"confidence":0.6666666666666666,"instances":[{"created":"2016-04-16T00:01:12Z","user_id":"563f8b7a3264340003774b00","duration":58.197},{"created":"2016-04-21T03:04:30Z","user_id":"5718422d3133620003be0000","duration":5.135}]},{"data":{"value":"$8,000"},"votes":1,"confidence":0.3333333333333333,"instances":[{"created":"2016-04-19T02:56:19Z","user_id":"5715967266363800034f0300","duration":3.191}]}],"region":{"x":736.4862027183403,"y":577.3614695483697,"width":475.34982059106164,"height":104.04747331083695,"label":"Valuation","shape":"rectangle"},"task_key":"em_transcribed_valuation_total","instructions":{"mark":"Valuation","transcribe":"Enter the valuation ***total*** (if one is given)","verify":"Choose the best transcription or enter your own!"}},{"id":"580d837761643900036e1c02","status":"complete","name":"Record Number","created_in_workflow":"transcribe","confidence":1.0,"data":{"value":"4177"},"versions":[{"data":{"value":"4177"},"votes":3,"confidence":1.0,"instances":[{"created":"2015-11-12T16:22:33Z","user_id":"5644bc3061353000032c1100","duration":4.674},{"created":"2015-12-02T01:13:56Z","user_id":"563bfc7535326200037f3900","duration":6.247},{"created":"2015-12-02T03:15:38Z","user_id":"565e4fed3862380003f10900","duration":3.432}]}],"region":{"x":740.566458689079,"y":57.12410299418499,"width":238.69497428821558,"height":61.2043960651982,"label":"Record Number","shape":"rectangle"},"task_key":"em_record_number","instructions":{"mark":"Record Number","transcribe":"Enter the record number"}},{"id":"580d837761643900036f1c02","status":"complete","name":"Mortgager","created_in_workflow":"transcribe","confidence":1.0,"data":{"value":"Mary E. Stamler"},"versions":[{"data":{"value":"Mary E. Stamler"},"votes":3,"confidence":1.0,"instances":[{"created":"2015-11-12T16:22:59Z","user_id":"5644bc3061353000032c1100","duration":7.073},{"created":"2015-12-02T01:14:31Z","user_id":"563bfc7535326200037f3900","duration":7.153},{"created":"2015-12-02T03:16:25Z","user_id":"565e4fed3862380003f10900","duration":7.569}]}],"region":{"x":106.08665523920692,"y":622.244693329515,"width":565.1154519473138,"height":48.96351685215859,"label":"Mortgager Name","shape":"rectangle"},"task_key":"em_record_mortgager","instructions":{"mark":"Mortgager Name","transcribe":"Enter the mortgager's name"}},{"id":"580d83776164390003701c02","status":"complete","name":"Street Address","created_in_workflow":"verify","confidence":1.0,"data":{"value":"514 \u0026 516 W. 47th St."},"versions":[{"data":{"value":"514 \u0026 516 W. 47th St."},"votes":3,"confidence":1.0,"instances":[{"created":"2016-04-16T00:01:40Z","user_id":"563f8b7a3264340003774b00","duration":21.101},{"created":"2016-04-19T02:56:30Z","user_id":"5715967266363800034f0300","duration":3.295},{"created":"2016-04-21T13:06:53Z","user_id":"5718d03e3865380003340000","duration":21.548}]}],"region":{"x":116.28729516605374,"y":663.0476240396472,"width":526.353020225296,"height":42.84307724563871,"label":"Street Address","shape":"rectangle"},"task_key":"em_transcribed_address","instructions":{"mark":"Street Address","transcribe":"Enter the street address","verify":"Choose the best transcription or enter your own!"}},{"id":"580d83776164390003711c02","status":"complete","name":"Record Date","created_in_workflow":"verify","confidence":1.0,"data":{"value":"July 16/94"},"versions":[{"data":{"value":"July 16/94"},"votes":3,"confidence":1.0,"instances":[{"created":"2016-04-16T00:01:19Z","user_id":"563f8b7a3264340003774b00","duration":6.821},{"created":"2016-04-19T02:56:27Z","user_id":"5715967266363800034f0300","duration":2.056},{"created":"2016-04-21T13:03:45Z","user_id":"5718cf6a38653800032f0000","duration":34.788}]}],"region":{"x":122.40767912216182,"y":581.4417626193829,"width":520.2326362691879,"height":61.20439606519824,"label":"Record Date","shape":"rectangle"},"task_key":"em_transcribed_date","instructions":{"mark":"Record Date","transcribe":"Enter the record date","verify":"Choose the best transcription or enter your own!"}},{"id":"580d83776164390003721c02","status":"complete","name":"Amount Loaned","created_in_workflow":"verify","confidence":1.0,"data":{"value":"$4000"},"versions":[{"data":{"value":"$4000"},"votes":3,"confidence":1.0,"instances":[{"created":"2016-04-16T00:01:44Z","user_id":"563f8b7a3264340003774b00","duration":3.689},{"created":"2016-04-19T02:56:32Z","user_id":"5715967266363800034f0300","duration":2.12},{"created":"2016-04-21T13:06:57Z","user_id":"5718d03e3865380003340000","duration":4.38}]}],"region":{"x":754.8473545866646,"y":665.0877705751539,"width":448.8281567812601,"height":59.164249529691574,"label":"Amount Loaned","shape":"rectangle"},"task_key":"em_transcribed_amount_loaned","instructions":{"mark":"Amount Loaned","transcribe":"Enter the Amount Loaned","verify":"Choose the best transcription or enter your own!"}}]}],"export_document":{"name":"Record","export_fields":[{"name":"Mortgager","value":"Mary E. Stamler","original_value":{"value":"Mary E. Stamler"},"assertion_ids":["580d837761643900036f1c02"]},{"name":"Street Address","value":"514 \u0026 516 W. 47th St.","original_value":{"value":"514 \u0026 516 W. 47th St."},"assertion_ids":["580d83776164390003701c02"]},{"name":"Record Date","value":"1894-07-16T00:00:00Z","original_value":{"value":"July 16/94"},"assertion_ids":["580d83776164390003711c02"]},{"name":"Land \u0026 Building Dimensions","value":{"em_survey_land_dimensions":[30,100]},"original_value":{"em_survey_land_dimensions":"30' 4\" x 100' 4\""},"assertion_ids":["580d83776164390003691c02"]},{"name":"Amount Loaned","value":4000.0,"original_value":{"value":"$4000"},"assertion_ids":["580d83776164390003721c02"]},{"name":"Stories \u0026 Materials","value":{"em_record_stories":null,"em_record_material":"frame"},"original_value":{"em_record_stories":"","em_record_material":"frame"},"assertion_ids":["580d837761643900036a1c02"]},{"name":"Valuation","value":null,"original_value":null,"assertion_ids":null},{"name":"Record Number","value":4177,"original_value":{"value":"4177"},"assertion_ids":["580d837761643900036e1c02"]},{"name":"Additional Info","value":"house","original_value":{"value":"house"},"assertion_ids":["580d837761643900036b1c02"]}]}}