{"id":"56b10a757061755afb7fcb00","meta_data":{"capture_uuid":"13e93050-02e7-0133-b8bc-58d385a7bbd0","page_uri":"http://digitalcollections.nypl.org/items/13e93050-02e7-0133-b8bc-58d385a7bbd0","book_uri":"http://digitalcollections.nypl.org/items/109c0900-02e7-0133-03cf-58d385a7bbd0","source_rotated":"0.811263","source_x":"1215.39","source_y":"0","source_w":"1370.61","source_h":"906.99"},"type":"final_subject_set","search_terms_by_field":{"Land \u0026 Building Dimensions":["20 x 83","20 x 50"],"Stories \u0026 Materials":["4","br."],"Additional Info":[],"Land \u0026 Building Value":["$8500","6500"],"Valuation Date":["\"1893 May 22\""],"Record Number":["4040"],"Mortgager":["Jno. F. Werner"],"Street Address":["731 2d Ave"],"Record Date":["May 22/93"],"Amount Loaned":["$7500.-"]},"subjects":[{"id":"580d6d366164390003603d01","type":"root","location":{"standard":"https://s3.amazonaws.com/scribe.nypl.org/emigrant-s4/full/13e93050-02e7-0133-b8bc-58d385a7bbd0.right-top.jpg","thumbnail":"https://s3.amazonaws.com/scribe.nypl.org/emigrant-s4/thumb/13e93050-02e7-0133-b8bc-58d385a7bbd0.right-top.jpg"},"status":"retired","width":1370,"height":906,"meta_data":{"capture_uuid":"13e93050-02e7-0133-b8bc-58d385a7bbd0","page_uri":"http://digitalcollections.nypl.org/items/13e93050-02e7-0133-b8bc-58d385a7bbd0","book_uri":"http://digitalcollections.nypl.org/items/109c0900-02e7-0133-03cf-58d385a7bbd0","source_rotated":"0.811263","source_x":"1215.39","source_y":"0","source_w":"1370.61","source_h":"906.99"},"assertions":[{"id":"580d6d366164390003613d01","status":"awaiting_transcriptions","name":"Land \u0026 Building Dimensions","created_in_workflow":"transcribe","confidence":0.3333333333333333,"data":{"em_survey_land_dimensions":"20 x 83","em_survey_building_dimensions":"20 x 50"},"versions":[{"data":{"em_survey_land_dimensions":"20 x 83","em_survey_building_dimensions":"20 x 50"},"votes":1,"confidence":0.3333333333333333,"instances":[{"created":"2015-12-22T16:25:46Z","user_id":"567978bf6232380003090000","duration":10.045}]}],"region":{"x":357.91800643086816,"y":763.1830646604412,"width":286.3344051446946,"height":80.39302124128744,"label":"Dimension \u0026 Description","shape":"rectangle"},"task_key":"em_record_survey","instructions":{"mark":"Dimension \u0026 Description","transcribe":"Enter, as they appear, any land and building dimensions that were recorded. In the next screen, you'll enter the descriptive information."}},{"id":"580d6d366164390003623d01","status":"awaiting_transcriptions","name":"Stories \u0026 Materials","created_in_workflow":"transcribe","confidence":0.3333333333333333,"data":{"em_record_stories":"4","em_record_material":"br."},"versions":[{"data":{"em_record_stories":"4","em_record_material":"br."},"votes":1,"confidence":0.3333333333333333,"instances":[{"created":"2015-12-22T16:25:52Z","user_id":"567978bf6232380003090000","duration":5.103}]}],"region":{"x":357.91800643086816,"y":763.1830646604412,"width":286.3344051446946,"height":80.39302124128744,"label":"Dimension \u0026 Description","shape":"rectangle"},"task_key":"em_record_survey_stories_materials","instructions":{"mark":"Dimension \u0026 Description","transcribe":"Enter, as they appear, the number of stories and the building materials."}},{"id":"580d6d366164390003633d01","status":"awaiting_transcriptions","name":"Additional Info","created_in_workflow":"transcribe","confidence":0.3333333333333333,"data":{"value":""},"versions":[{"data":{"value":""},"votes":1,"confidence":0.3333333333333333,"instances":[{"created":"2015-12-22T16:25:52Z","user_id":"567978bf6232380003090000","duration":0.895}]}],"region":{"x":357.91800643086816,"y":763.1830646604412,"width":286.3344051446946,"height":80.39302124128744,"label":"Dimension \u0026 Description","shape":"rectangle"},"task_key":"em_record_survey_additional_info","instructions":{"mark":"Dimension \u0026 Description","transcribe":"Enter any additional information you find about the building's construction or significance."}},{"id":"580d6d366164390003643d01","status":"awaiting_votes","name":"Land \u0026 Building Value","created_in_workflow":"verify","confidence":0.3333333333333333,"data":{"em_valuation_ground":"$8500","em_valuation_building":"6500"},"versions":[{"data":{"em_valuation_ground":"$8500","em_valuation_building":"6500"},"votes":1,"confidence":0.3333333333333333,"instances":[{"created":"2016-09-14T19:47:01Z","user_id":"57c49a363234370003600200","duration":6.447}]}],"region":{"x":854.5980707395498,"y":631.0301530309276,"width":156.38263665594855,"height":84.79811829560458,"label":"Valuation","shape":"rectangle"},"task_key":"em_transcribed_valuation_itemized","instructions":{"mark":"Valuation","transcribe":"Sometimes valuations include itemized dollar values for \"ground\" and \"building\". Enter these amounts if you can find them. In the next screen, you'll enter the total valuation.","verify":"Choose the best transcription or enter your own!"}},{"id":"580d6d366164390003653d01","status":"awaiting_transcriptions","name":"Valuation Date","created_in_workflow":"transcribe","confidence":0.3333333333333333,"data":{"value":"\"1893 May 22\""},"versions":[{"data":{"value":"\"1893 May 22\""},"votes":1,"confidence":0.3333333333333333,"instances":[{"created":"2015-12-22T19:33:22Z","user_id":"5679a40c3431300003eb0600","duration":94.763}]}],"region":{"x":854.5980707395498,"y":631.0301530309276,"width":156.38263665594855,"height":84.79811829560458,"label":"Valuation","shape":"rectangle"},"task_key":"em_record_valuation","instructions":{"mark":"Valuation","transcribe":"Enter the date of the valuation (if one is given). In the next screen, you'll enter the valuation's dollar amounts."}},{"id":"580d6d366164390003663d01","status":"complete","name":"Record Number","created_in_workflow":"transcribe","confidence":1.0,"data":{"value":"4040"},"versions":[{"data":{"value":"4040"},"votes":3,"confidence":1.0,"instances":[{"created":"2015-12-22T06:07:39Z","user_id":"5678e4f93431300003bb0400","duration":5.494},{"created":"2015-12-22T07:38:08Z","user_id":"5678f88a6166300003130700","duration":5.769},{"created":"2015-12-22T16:09:27Z","user_id":"5679710b61663000038d0700","duration":4.864}]}],"region":{"x":814.951768488746,"y":94.7095866678181,"width":117.83762057877811,"height":64.97518155117753,"label":"Record Number","shape":"rectangle"},"task_key":"em_record_number","instructions":{"mark":"Record Number","transcribe":"Enter the record number"}},{"id":"580d6d366164390003673d01","status":"awaiting_votes","name":"Mortgager","created_in_workflow":"verify","confidence":0.3333333333333333,"data":{"value":"Jno. F. Werner"},"versions":[{"data":{"value":"Jno. F. Werner"},"votes":1,"confidence":0.3333333333333333,"instances":[{"created":"2016-09-14T19:47:12Z","user_id":"57c49a363234370003600200","duration":11.482}]}],"region":{"x":238.9790996784566,"y":668.4734779926231,"width":219.15594855305469,"height":46.253519070329844,"label":"Mortgager Name","shape":"rectangle"},"task_key":"em_transcribed_mortgager","instructions":{"mark":"Mortgager Name","transcribe":"Enter the mortgager's name","verify":"Choose the best transcription or enter your own!"}},{"id":"580d6d366164390003683d01","status":"awaiting_votes","name":"Street Address","created_in_workflow":"verify","confidence":0.3333333333333333,"data":{"value":"731 2d Ave"},"versions":[{"data":{"value":"731 2d Ave"},"votes":1,"confidence":0.3333333333333333,"instances":[{"created":"2016-09-14T19:48:12Z","user_id":"57c49a363234370003600200","duration":9.386}]}],"region":{"x":274.2202572347267,"y":720.2333683808494,"width":203.7379421221865,"height":47.354793333909015,"label":"Street Address","shape":"rectangle"},"task_key":"em_transcribed_address","instructions":{"mark":"Street Address","transcribe":"Enter the street address","verify":"Choose the best transcription or enter your own!"}},{"id":"580d6d366164390003693d01","status":"awaiting_votes","name":"Record Date","created_in_workflow":"verify","confidence":0.3333333333333333,"data":{"value":"May 22/93"},"versions":[{"data":{"value":"May 22/93"},"votes":1,"confidence":0.3333333333333333,"instances":[{"created":"2016-09-14T19:34:20Z","user_id":"57c49a363234370003600200","duration":3.649}]}],"region":{"x":296.2459807073955,"y":632.1314272945069,"width":161.88906752411577,"height":51.759890388226154,"label":"Record Date","shape":"rectangle"},"task_key":"em_transcribed_date","instructions":{"mark":"Record Date","transcribe":"Enter the record date","verify":"Choose the best transcription or enter your own!"}},{"id":"580d6d3661643900036a3d01","status":"awaiting_votes","name":"Amount Loaned","created_in_workflow":"verify","confidence":0.3333333333333333,"data":{"value":"$7500.-"},"versions":[{"data":{"value":"$7500.-"},"votes":1,"confidence":0.3333333333333333,"instances":[{"created":"2016-09-14T19:47:19Z","user_id":"57c49a363234370003600200","duration":3.125}]}],"region":{"x":918.4726688102894,"y":713.6257227993736,"width":128.85048231511246,"height":61.671358760439716,"label":"Amount Loaned","shape":"rectangle"},"task_key":"em_transcribed_amount_loaned","instructions":{"mark":"Amount Loaned","transcribe":"Enter the Amount Loaned","verify":"Choose the best transcription or enter your own!"}}]}],"export_document":{"name":"Record","export_fields":[{"name":"Mortgager","value":"Jno. F. Werner","original_value":{"value":"Jno. F. Werner"},"assertion_ids":["580d6d366164390003673d01"]},{"name":"Street Address","value":"731 2d Ave","original_value":{"value":"731 2d Ave"},"assertion_ids":["580d6d366164390003683d01"]},{"name":"Record Date","value":"1893-05-22T00:00:00Z","original_value":{"value":"May 22/93"},"assertion_ids":["580d6d366164390003693d01"]},{"name":"Land \u0026 Building Dimensions","value":{"em_survey_land_dimensions":[20,83],"em_survey_building_dimensions":[20,50]},"original_value":{"em_survey_land_dimensions":"20 x 83","em_survey_building_dimensions":"20 x 50"},"assertion_ids":["580d6d366164390003613d01"]},{"name":"Amount Loaned","value":7500.0,"original_value":{"value":"$7500.-"},"assertion_ids":["580d6d3661643900036a3d01"]},{"name":"Stories \u0026 Materials","value":{"em_record_stories":4,"em_record_material":"br."},"original_value":{"em_record_stories":"4","em_record_material":"br."},"assertion_ids":["580d6d366164390003623d01"]},{"name":"Record Number","value":4040,"original_value":{"value":"4040"},"assertion_ids":["580d6d366164390003663d01"]},{"name":"Additional Info","value":"","original_value":{"value":""},"assertion_ids":["580d6d366164390003633d01"]}]}}