{"id":"56b109a37061755afb57bb00","meta_data":{"capture_uuid":"11145c00-02e7-0133-1d34-58d385a7bbd0","page_uri":"http://digitalcollections.nypl.org/items/11145c00-02e7-0133-1d34-58d385a7bbd0","book_uri":"http://digitalcollections.nypl.org/items/109c0900-02e7-0133-03cf-58d385a7bbd0","source_rotated":"0.0559529","source_x":"1205.08","source_y":"0","source_w":"1358.92","source_h":"879.0600000000001"},"type":"final_subject_set","search_terms_by_field":{"Street Address":["184 \u0026 186 York St"],"Land \u0026 Building Dimensions":["50 x 75","50 x 40 "],"Stories \u0026 Materials":["4"],"Additional Info":[],"Valuation Date":[],"Land \u0026 Building Value":["5,000","7,000"],"Total Value":[],"Record Number":["3744"],"Mortgager":["Jne Witte"],"Record Date":["Aug 17 /91"],"Amount Loaned":["$5900.-"]},"subjects":[{"id":"580db922616439000370b103","type":"root","location":{"standard":"https://s3.amazonaws.com/scribe.nypl.org/emigrant-s4/full/11145c00-02e7-0133-1d34-58d385a7bbd0.right-top.jpg","thumbnail":"https://s3.amazonaws.com/scribe.nypl.org/emigrant-s4/thumb/11145c00-02e7-0133-1d34-58d385a7bbd0.right-top.jpg"},"status":"retired","width":1358,"height":879,"meta_data":{"capture_uuid":"11145c00-02e7-0133-1d34-58d385a7bbd0","page_uri":"http://digitalcollections.nypl.org/items/11145c00-02e7-0133-1d34-58d385a7bbd0","book_uri":"http://digitalcollections.nypl.org/items/109c0900-02e7-0133-03cf-58d385a7bbd0","source_rotated":"0.0559529","source_x":"1205.08","source_y":"0","source_w":"1358.92","source_h":"879.0600000000001"},"assertions":[{"id":"580db922616439000371b103","status":"awaiting_transcriptions","name":"Street Address","created_in_workflow":"transcribe","confidence":0.3333333333333333,"data":{"value":"184 \u0026 186 York St"},"versions":[{"data":{"value":"184 \u0026 186 York St"},"votes":1,"confidence":0.3333333333333333,"instances":[{"created":"2015-11-18T04:14:11Z","user_id":"564bdfb13164360003061300","duration":15.673}]},{"data":{"value":"184 \u0026 186 York St, Bk"},"votes":1,"confidence":0.3333333333333333,"instances":[{"created":"2015-12-16T20:48:17Z","user_id":"5671c1ab6235370003570000","duration":11.947}]}],"region":{"x":305.5798772137404,"y":706.5913402936034,"width":344.35145901016597,"height":41.73957284434779,"label":"Street Address","shape":"rectangle"},"task_key":"em_record_street_address","instructions":{"mark":"Street Address","transcribe":"Enter the street address"}},{"id":"580db922616439000372b103","status":"awaiting_transcriptions","name":"Land \u0026 Building Dimensions","created_in_workflow":"transcribe","confidence":0.3333333333333333,"data":{"em_survey_land_dimensions":"50 x 75","em_survey_building_dimensions":"50 x 40 "},"versions":[{"data":{"em_survey_land_dimensions":"50 x 75","em_survey_building_dimensions":"50 x 40 "},"votes":1,"confidence":0.3333333333333333,"instances":[{"created":"2015-11-18T04:14:38Z","user_id":"564bdfb13164360003061300","duration":20.538}]}],"region":{"x":365.20783548389915,"y":758.7658063490381,"width":314.5374798750864,"height":62.60935926652189,"label":"Dimension \u0026 Description","shape":"rectangle"},"task_key":"em_record_survey","instructions":{"mark":"Dimension \u0026 Description","transcribe":"Enter, as they appear, any land and building dimensions that were recorded. In the next screen, you'll enter the descriptive information."}},{"id":"580db922616439000373b103","status":"awaiting_transcriptions","name":"Stories \u0026 Materials","created_in_workflow":"transcribe","confidence":0.3333333333333333,"data":{"em_record_stories":"4"},"versions":[{"data":{"em_record_stories":"4"},"votes":1,"confidence":0.3333333333333333,"instances":[{"created":"2015-11-18T04:14:40Z","user_id":"564bdfb13164360003061300","duration":2.557}]}],"region":{"x":365.20783548389915,"y":758.7658063490381,"width":314.5374798750864,"height":62.60935926652189,"label":"Dimension \u0026 Description","shape":"rectangle"},"task_key":"em_record_survey_stories_materials","instructions":{"mark":"Dimension \u0026 Description","transcribe":"Enter, as they appear, the number of stories and the building materials."}},{"id":"580db922616439000374b103","status":"awaiting_transcriptions","name":"Additional Info","created_in_workflow":"transcribe","confidence":0.3333333333333333,"data":{"value":""},"versions":[{"data":{"value":""},"votes":1,"confidence":0.3333333333333333,"instances":[{"created":"2015-11-18T04:14:50Z","user_id":"564bdfb13164360003061300","duration":9.635}]}],"region":{"x":365.20783548389915,"y":758.7658063490381,"width":314.5374798750864,"height":62.60935926652189,"label":"Dimension \u0026 Description","shape":"rectangle"},"task_key":"em_record_survey_additional_info","instructions":{"mark":"Dimension \u0026 Description","transcribe":"Enter any additional information you find about the building's construction or significance."}},{"id":"580db922616439000375b103","status":"awaiting_transcriptions","name":"Valuation Date","created_in_workflow":"transcribe","confidence":0.6666666666666666,"data":{"value":""},"versions":[{"data":{"value":""},"votes":2,"confidence":0.6666666666666666,"instances":[{"created":"2015-11-18T04:12:58Z","user_id":"564bdfb13164360003061300","duration":6.076},{"created":"2015-12-17T01:16:20Z","user_id":"5647496e3562310003960400","duration":3.069}]}],"region":{"x":788.5663392020252,"y":624.602893635063,"width":269.81651117246753,"height":77.51634956807455,"label":"Valuation","shape":"rectangle"},"task_key":"em_record_valuation","instructions":{"mark":"Valuation","transcribe":"Enter the date of the valuation (if one is given). In the next screen, you'll enter the valuation's dollar amounts."}},{"id":"580db922616439000376b103","status":"awaiting_transcriptions","name":"Land \u0026 Building Value","created_in_workflow":"transcribe","confidence":0.3333333333333333,"data":{"em_valuation_ground":"5,000","em_valuation_building":"7,000"},"versions":[{"data":{"em_valuation_ground":"5,000","em_valuation_building":"7,000"},"votes":1,"confidence":0.3333333333333333,"instances":[{"created":"2015-11-18T04:13:11Z","user_id":"564bdfb13164360003061300","duration":12.426}]},{"data":{"em_valuation_ground":"5000","em_valuation_building":"7000"},"votes":1,"confidence":0.3333333333333333,"instances":[{"created":"2015-12-17T01:16:25Z","user_id":"5647496e3562310003960400","duration":5.508}]}],"region":{"x":788.5663392020252,"y":624.602893635063,"width":269.81651117246753,"height":77.51634956807455,"label":"Valuation","shape":"rectangle"},"task_key":"em_record_valuation_ground_building","instructions":{"mark":"Valuation","transcribe":"Sometimes valuations include itemized dollar values for \"ground\" and \"building\". Enter these amounts if you can find them. In the next screen, you'll enter the total valuation."}},{"id":"580db922616439000377b103","status":"awaiting_transcriptions","name":"Total Value","created_in_workflow":"transcribe","confidence":0.3333333333333333,"data":{"value":""},"versions":[{"data":{"value":""},"votes":1,"confidence":0.3333333333333333,"instances":[{"created":"2015-12-17T01:16:26Z","user_id":"5647496e3562310003960400","duration":1.072}]}],"region":{"x":788.5663392020252,"y":624.602893635063,"width":269.81651117246753,"height":77.51634956807455,"label":"Valuation","shape":"rectangle"},"task_key":"em_record_valuation_total","instructions":{"mark":"Valuation","transcribe":"Enter the valuation ***total*** (if one is given)"}},{"id":"580db922616439000378b103","status":"complete","name":"Record Number","created_in_workflow":"transcribe","confidence":1.0,"data":{"value":"3744"},"versions":[{"data":{"value":"3744"},"votes":3,"confidence":1.0,"instances":[{"created":"2015-11-18T04:12:52Z","user_id":"564bdfb13164360003061300","duration":6.549},{"created":"2015-12-16T04:57:20Z","user_id":"565e09223237340003e30200","duration":3.605},{"created":"2015-12-16T20:45:03Z","user_id":"5671c1ab6235370003570000","duration":3.434}]}],"region":{"x":834.7780068613981,"y":90.93264083947216,"width":129.69080923759483,"height":64.10005829667709,"label":"Record Number","shape":"rectangle"},"task_key":"em_record_number","instructions":{"mark":"Record Number","transcribe":"Enter the record number"}},{"id":"580db922616439000379b103","status":"awaiting_votes","name":"Mortgager","created_in_workflow":"verify","confidence":0.3333333333333333,"data":{"value":"Jne Witte"},"versions":[{"data":{"value":"Jne Witte"},"votes":1,"confidence":0.3333333333333333,"instances":[{"created":"2016-05-26T15:10:00Z","user_id":"57470fbf6433340003ad0000","duration":14.496}]},{"data":{"value":"Jno Witte"},"votes":1,"confidence":0.3333333333333333,"instances":[{"created":"2016-09-28T16:17:58Z","user_id":"57c49a363234370003600200","duration":5.846}]}],"region":{"x":259.3682095543672,"y":663.3610684191002,"width":207.20715498880102,"height":55.15586411574535,"label":"Mortgager Name","shape":"rectangle"},"task_key":"em_transcribed_mortgager","instructions":{"mark":"Mortgager Name","transcribe":"Enter the mortgager's name","verify":"Choose the best transcription or enter your own!"}},{"id":"580db92261643900037ab103","status":"awaiting_votes","name":"Record Date","created_in_workflow":"verify","confidence":0.6666666666666666,"data":{"value":"Aug 17 /91"},"versions":[{"data":{"value":"Aug 17 /91"},"votes":2,"confidence":0.6666666666666666,"instances":[{"created":"2015-12-16T05:05:35Z","user_id":"5670f0eb3063380003830600","duration":11.555},{"created":"2015-12-16T13:51:47Z","user_id":"56716a6339383000039d0b00","duration":21.809}]},{"data":{"value":"Aug 17/91"},"votes":1,"confidence":0.3333333333333333,"instances":[{"created":"2016-09-14T02:05:23Z","user_id":"57c49a363234370003600200","duration":6.027}]}],"region":{"x":327.9403615650499,"y":627.5842916953734,"width":193.7908643780153,"height":40.24887381419262,"label":"Record Date","shape":"rectangle"},"task_key":"em_transcribed_date","instructions":{"mark":"Record Date","transcribe":"Enter the record date","verify":"Choose the best transcription or enter your own!"}},{"id":"580db92261643900037bb103","status":"complete","name":"Amount Loaned","created_in_workflow":"verify","confidence":1.0,"data":{"value":"$5900.-"},"versions":[{"data":{"value":"$5900.-"},"votes":2,"confidence":0.6666666666666666,"instances":[{"created":"2016-05-26T15:10:28Z","user_id":"57470fbf6433340003ad0000","duration":7.496},{"created":"2016-05-26T15:13:56Z","user_id":"574709e36433340003600000","duration":4.753}]},{"data":{"value":"$5900"},"votes":1,"confidence":0.3333333333333333,"instances":[{"created":"2016-05-05T23:35:02Z","user_id":"563f8b7a3264340003774b00","duration":2.583}]}],"region":{"x":939.1269338341757,"y":711.063437384069,"width":126.70941132408684,"height":29.90699030155281,"label":"Amount Loaned","shape":"rectangle"},"task_key":"em_transcribed_amount_loaned","instructions":{"mark":"Amount Loaned","transcribe":"Enter the Amount Loaned","verify":"Choose the best transcription or enter your own!"}}]}],"export_document":{"name":"Record","export_fields":[{"name":"Mortgager","value":"Jne Witte","original_value":{"value":"Jne Witte"},"assertion_ids":["580db922616439000379b103"]},{"name":"Street Address","value":"184 \u0026 186 York St","original_value":{"value":"184 \u0026 186 York St"},"assertion_ids":["580db922616439000371b103"]},{"name":"Record Date","value":"1916-08-17T00:00:00Z","original_value":{"value":"Aug 17 /91"},"assertion_ids":["580db92261643900037ab103"]},{"name":"Land \u0026 Building Dimensions","value":{"em_survey_land_dimensions":[50,75],"em_survey_building_dimensions":[50,40]},"original_value":{"em_survey_land_dimensions":"50 x 75","em_survey_building_dimensions":"50 x 40 "},"assertion_ids":["580db922616439000372b103"]},{"name":"Amount Loaned","value":5900.0,"original_value":{"value":"$5900.-"},"assertion_ids":["580db92261643900037bb103"]},{"name":"Stories \u0026 Materials","value":{"em_record_stories":4},"original_value":{"em_record_stories":"4"},"assertion_ids":["580db922616439000373b103"]},{"name":"Valuation","value":null,"original_value":null,"assertion_ids":null},{"name":"Record Number","value":3744,"original_value":{"value":"3744"},"assertion_ids":["580db922616439000378b103"]},{"name":"Additional Info","value":"","original_value":{"value":""},"assertion_ids":["580db922616439000374b103"]}]}}