{"id":"56b10ae57061755afbfdd300","meta_data":{"capture_uuid":"15907440-02e7-0133-5418-58d385a7bbd0","page_uri":"http://digitalcollections.nypl.org/items/15907440-02e7-0133-5418-58d385a7bbd0","book_uri":"http://digitalcollections.nypl.org/items/109c0900-02e7-0133-03cf-58d385a7bbd0","source_rotated":"0.895174","source_x":"1216.33","source_y":"865.74","source_w":"1371.67","source_h":"976.26"},"type":"final_subject_set","search_terms_by_field":{"Record Number":["4192","4193"]},"subjects":[{"id":"580d6dc06164390003944301","type":"root","location":{"standard":"https://s3.amazonaws.com/scribe.nypl.org/emigrant-s4/full/15907440-02e7-0133-5418-58d385a7bbd0.right-bottom.jpg","thumbnail":"https://s3.amazonaws.com/scribe.nypl.org/emigrant-s4/thumb/15907440-02e7-0133-5418-58d385a7bbd0.right-bottom.jpg"},"status":"retired","width":1371,"height":976,"meta_data":{"capture_uuid":"15907440-02e7-0133-5418-58d385a7bbd0","page_uri":"http://digitalcollections.nypl.org/items/15907440-02e7-0133-5418-58d385a7bbd0","book_uri":"http://digitalcollections.nypl.org/items/109c0900-02e7-0133-03cf-58d385a7bbd0","source_rotated":"0.895174","source_x":"1216.33","source_y":"865.74","source_w":"1371.67","source_h":"976.26"},"assertions":[{"id":"580d6dc06164390003954301","status":"awaiting_transcriptions","name":"Record Number","created_in_workflow":"transcribe","confidence":0.6666666666666666,"data":{"value":"4192"},"versions":[{"data":{"value":"4192"},"votes":2,"confidence":0.6666666666666666,"instances":[{"created":"2016-01-20T22:18:40Z","user_id":"569fdb7a3234330003380000","duration":6.741},{"created":"2016-01-21T02:11:34Z","user_id":"56a03c846339630003f20300","duration":11.339}]}],"region":{"x":565.239426801637,"y":286.6991556449193,"width":240.49850611511965,"height":65.22066099979207,"label":"Record Number","shape":"rectangle"},"task_key":"em_record_number","instructions":{"mark":"Record Number","transcribe":"Enter the record number"}},{"id":"580d6dc06164390003964301","status":"complete","name":"Record Number","created_in_workflow":"transcribe","confidence":1.0,"data":{"value":"4193"},"versions":[{"data":{"value":"4193"},"votes":3,"confidence":1.0,"instances":[{"created":"2015-12-24T11:37:54Z","user_id":"567bd5783634340003060600","duration":2.588},{"created":"2015-12-24T22:24:45Z","user_id":"5668bbbe3064310003db0500","duration":5.221},{"created":"2015-12-24T23:32:29Z","user_id":"567bdf3b3634340003f70600","duration":8.896}]}],"region":{"x":751.476852289315,"y":35.40222067650772,"width":205.97655279289518,"height":74.02282505087976,"label":"Record Number","shape":"rectangle"},"task_key":"em_record_number","instructions":{"mark":"Record Number","transcribe":"Enter the record number"}}]}],"export_document":null}