{"id":"56b109e07061755afb0bc000","meta_data":{"capture_uuid":"11e33dd0-02e7-0133-faa3-58d385a7bbd0","page_uri":"http://digitalcollections.nypl.org/items/11e33dd0-02e7-0133-faa3-58d385a7bbd0","book_uri":"http://digitalcollections.nypl.org/items/109c0900-02e7-0133-03cf-58d385a7bbd0","source_rotated":"0.755321","source_x":"1215.42","source_y":"879.8399999999999","source_w":"1370.58","source_h":"992.1600000000001"},"type":"final_subject_set","search_terms_by_field":{"Record Number":["3829"],"Mortgager":["Hyman Sonn \u0026 Henry Sonn"],"Street Address":["N.E. cor. 86 St \u0026 3 Ave"],"Land \u0026 Building Dimensions":[],"Additional Info":[],"Stories \u0026 Materials":["5 \u0026 6","brick"],"Record Date":["Jany 18/92"],"Valuation Date":[],"Land \u0026 Building Value":["$90000.","$90000."],"Total Value":[],"Amount Loaned":["$90000."]},"subjects":[{"id":"580da9a66164390003952803","type":"root","location":{"standard":"https://s3.amazonaws.com/scribe.nypl.org/emigrant-s4/full/11e33dd0-02e7-0133-faa3-58d385a7bbd0.right-bottom.jpg","thumbnail":"https://s3.amazonaws.com/scribe.nypl.org/emigrant-s4/thumb/11e33dd0-02e7-0133-faa3-58d385a7bbd0.right-bottom.jpg"},"status":"retired","width":1370,"height":992,"meta_data":{"capture_uuid":"11e33dd0-02e7-0133-faa3-58d385a7bbd0","page_uri":"http://digitalcollections.nypl.org/items/11e33dd0-02e7-0133-faa3-58d385a7bbd0","book_uri":"http://digitalcollections.nypl.org/items/109c0900-02e7-0133-03cf-58d385a7bbd0","source_rotated":"0.755321","source_x":"1215.42","source_y":"879.8399999999999","source_w":"1370.58","source_h":"992.1600000000001"},"assertions":[{"id":"580da9a66164390003962803","status":"awaiting_transcriptions","name":"Land \u0026 Building Dimensions","created_in_workflow":"transcribe","confidence":0.3333333333333333,"data":{"em_survey_land_dimensions":"","em_survey_building_dimensions":""},"versions":[{"data":{"em_survey_land_dimensions":"","em_survey_building_dimensions":""},"votes":1,"confidence":0.3333333333333333,"instances":[{"created":"2016-01-13T19:26:03Z","user_id":"569688a630643300036e0800","duration":13.411}]}],"region":{"x":313.78921124581103,"y":734.5327829244384,"width":343.60005035953026,"height":88.52960748850637,"label":"Dimension \u0026 Description","shape":"rectangle"},"task_key":"em_record_survey","instructions":{"mark":"Dimension \u0026 Description","transcribe":"Enter, as they appear, any land and building dimensions that were recorded. In the next screen, you'll enter the descriptive information."}},{"id":"580da9a66164390003972803","status":"awaiting_transcriptions","name":"Stories \u0026 Materials","created_in_workflow":"transcribe","confidence":0.3333333333333333,"data":{"em_record_stories":"5 \u0026 6","em_record_material":"brick"},"versions":[{"data":{"em_record_stories":"5 \u0026 6","em_record_material":"brick"},"votes":1,"confidence":0.3333333333333333,"instances":[{"created":"2016-01-13T19:26:13Z","user_id":"569688a630643300036e0800","duration":9.769}]}],"region":{"x":313.78921124581103,"y":734.5327829244384,"width":343.60005035953026,"height":88.52960748850637,"label":"Dimension \u0026 Description","shape":"rectangle"},"task_key":"em_record_survey_stories_materials","instructions":{"mark":"Dimension \u0026 Description","transcribe":"Enter, as they appear, the number of stories and the building materials."}},{"id":"580da9a66164390003982803","status":"awaiting_transcriptions","name":"Additional Info","created_in_workflow":"transcribe","confidence":0.3333333333333333,"data":{"value":""},"versions":[{"data":{"value":""},"votes":1,"confidence":0.3333333333333333,"instances":[{"created":"2016-01-13T19:26:13Z","user_id":"569688a630643300036e0800","duration":0.364}]}],"region":{"x":313.78921124581103,"y":734.5327829244384,"width":343.60005035953026,"height":88.52960748850637,"label":"Dimension \u0026 Description","shape":"rectangle"},"task_key":"em_record_survey_additional_info","instructions":{"mark":"Dimension \u0026 Description","transcribe":"Enter any additional information you find about the building's construction or significance."}},{"id":"580da9a66164390003992803","status":"awaiting_transcriptions","name":"Valuation Date","created_in_workflow":"transcribe","confidence":0.3333333333333333,"data":{"value":""},"versions":[{"data":{"value":""},"votes":1,"confidence":0.3333333333333333,"instances":[{"created":"2016-01-13T19:23:54Z","user_id":"569688a630643300036e0800","duration":2.891}]}],"region":{"x":873.0158238207607,"y":610.9419447474148,"width":176.18267888333048,"height":79.76429981637693,"label":"Valuation","shape":"rectangle"},"task_key":"em_record_valuation","instructions":{"mark":"Valuation","transcribe":"Enter the date of the valuation (if one is given). In the next screen, you'll enter the valuation's dollar amounts."}},{"id":"580da9a661643900039a2803","status":"awaiting_transcriptions","name":"Land \u0026 Building Value","created_in_workflow":"transcribe","confidence":0.3333333333333333,"data":{"em_valuation_ground":"$90000.","em_valuation_building":"$90000."},"versions":[{"data":{"em_valuation_ground":"$90000.","em_valuation_building":"$90000."},"votes":1,"confidence":0.3333333333333333,"instances":[{"created":"2016-01-13T19:24:10Z","user_id":"569688a630643300036e0800","duration":16.045}]}],"region":{"x":873.0158238207607,"y":610.9419447474148,"width":176.18267888333048,"height":79.76429981637693,"label":"Valuation","shape":"rectangle"},"task_key":"em_record_valuation_ground_building","instructions":{"mark":"Valuation","transcribe":"Sometimes valuations include itemized dollar values for \"ground\" and \"building\". Enter these amounts if you can find them. In the next screen, you'll enter the total valuation."}},{"id":"580da9a661643900039b2803","status":"awaiting_transcriptions","name":"Total Value","created_in_workflow":"transcribe","confidence":0.3333333333333333,"data":{"value":""},"versions":[{"data":{"value":""},"votes":1,"confidence":0.3333333333333333,"instances":[{"created":"2016-01-13T19:24:11Z","user_id":"569688a630643300036e0800","duration":0.889}]}],"region":{"x":873.0158238207607,"y":610.9419447474148,"width":176.18267888333048,"height":79.76429981637693,"label":"Valuation","shape":"rectangle"},"task_key":"em_record_valuation_total","instructions":{"mark":"Valuation","transcribe":"Enter the valuation ***total*** (if one is given)"}},{"id":"580da9a661643900039c2803","status":"complete","name":"Record Number","created_in_workflow":"transcribe","confidence":1.0,"data":{"value":"3829"},"versions":[{"data":{"value":"3829"},"votes":3,"confidence":1.0,"instances":[{"created":"2016-01-13T19:23:30Z","user_id":"569688a630643300036e0800","duration":7.034},{"created":"2016-01-14T02:21:26Z","user_id":"569702286133640003830600","duration":5.461},{"created":"2016-01-14T02:58:45Z","user_id":"567ac7e161383400030e0500","duration":3.894}]}],"region":{"x":800.2637723415745,"y":63.98674600654416,"width":141.99797999552004,"height":63.98674600654416,"label":"Record Number","shape":"rectangle"},"task_key":"em_record_number","instructions":{"mark":"Record Number","transcribe":"Enter the record number"}},{"id":"580da9a661643900039d2803","status":"awaiting_votes","name":"Mortgager","created_in_workflow":"verify","confidence":0.3333333333333333,"data":{"value":"Hyman Sonn \u0026 Henry Sonn"},"versions":[{"data":{"value":"Hyman Sonn \u0026 Henry Sonn"},"votes":1,"confidence":0.3333333333333333,"instances":[{"created":"2016-09-20T18:57:14Z","user_id":"57c49a363234370003600200","duration":8.507}]}],"region":{"x":229.6422601373547,"y":636.3613369965899,"width":446.1541470229614,"height":65.73980754096999,"label":"Mortgager Name","shape":"rectangle"},"task_key":"em_transcribed_mortgager","instructions":{"mark":"Mortgager Name","transcribe":"Enter the mortgager's name","verify":"Choose the best transcription or enter your own!"}},{"id":"580da9a661643900039e2803","status":"awaiting_votes","name":"Street Address","created_in_workflow":"verify","confidence":0.3333333333333333,"data":{"value":"N.E. cor. 86 St \u0026 3 Ave"},"versions":[{"data":{"value":"N.E. cor. 86 St \u0026 3 Ave"},"votes":1,"confidence":0.3333333333333333,"instances":[{"created":"2016-09-20T18:57:30Z","user_id":"57c49a363234370003600200","duration":10.977}]}],"region":{"x":272.59226643229596,"y":682.8174676588753,"width":362.00719591450496,"height":55.22143833441487,"label":"Street Address","shape":"rectangle"},"task_key":"em_transcribed_address","instructions":{"mark":"Street Address","transcribe":"Enter the street address","verify":"Choose the best transcription or enter your own!"}},{"id":"580da9a661643900039f2803","status":"awaiting_votes","name":"Record Date","created_in_workflow":"verify","confidence":0.3333333333333333,"data":{"value":"Jany 18/92"},"versions":[{"data":{"value":"Jany 18/92"},"votes":1,"confidence":0.3333333333333333,"instances":[{"created":"2016-09-20T18:56:59Z","user_id":"57c49a363234370003600200","duration":5.745}]}],"region":{"x":271.7157356915829,"y":584.6460217310267,"width":217.3796236968456,"height":70.12246137703471,"label":"Record Date","shape":"rectangle"},"task_key":"em_transcribed_date","instructions":{"mark":"Record Date","transcribe":"Enter the record date","verify":"Choose the best transcription or enter your own!"}},{"id":"580da9a66164390003a02803","status":"awaiting_votes","name":"Amount Loaned","created_in_workflow":"verify","confidence":0.3333333333333333,"data":{"value":"$90000."},"versions":[{"data":{"value":"$90000."},"votes":1,"confidence":0.3333333333333333,"instances":[{"created":"2016-09-20T18:54:26Z","user_id":"57c49a363234370003600200","duration":2.995}]}],"region":{"x":907.200522708571,"y":688.076652262153,"width":170.0469636983389,"height":57.851030636053565,"label":"Amount Loaned","shape":"rectangle"},"task_key":"em_transcribed_amount_loaned","instructions":{"mark":"Amount Loaned","transcribe":"Enter the Amount Loaned","verify":"Choose the best transcription or enter your own!"}}]}],"export_document":{"name":"Record","export_fields":[{"name":"Mortgager","value":"Hyman Sonn \u0026 Henry Sonn","original_value":{"value":"Hyman Sonn \u0026 Henry Sonn"},"assertion_ids":["580da9a661643900039d2803"]},{"name":"Street Address","value":"N.E. cor. 86 St \u0026 3 Ave","original_value":{"value":"N.E. cor. 86 St \u0026 3 Ave"},"assertion_ids":["580da9a661643900039e2803"]},{"name":"Record Date","value":"1892-01-18T00:00:00Z","original_value":{"value":"Jany 18/92"},"assertion_ids":["580da9a661643900039f2803"]},{"name":"Land \u0026 Building Dimensions","value":{"em_survey_land_dimensions":[],"em_survey_building_dimensions":[]},"original_value":{"em_survey_land_dimensions":"","em_survey_building_dimensions":""},"assertion_ids":["580da9a66164390003962803"]},{"name":"Amount Loaned","value":90000.0,"original_value":{"value":"$90000."},"assertion_ids":["580da9a66164390003a02803"]},{"name":"Stories \u0026 Materials","value":{"em_record_stories":5,"em_record_material":"brick"},"original_value":{"em_record_stories":"5 \u0026 6","em_record_material":"brick"},"assertion_ids":["580da9a66164390003972803"]},{"name":"Valuation","value":null,"original_value":null,"assertion_ids":null},{"name":"Record Number","value":3829,"original_value":{"value":"3829"},"assertion_ids":["580da9a661643900039c2803"]},{"name":"Additional Info","value":"","original_value":{"value":""},"assertion_ids":["580da9a66164390003982803"]}]}}