{"id":"56b10ac27061755afb5ed100","meta_data":{"capture_uuid":"15263460-02e7-0133-b6e2-58d385a7bbd0","page_uri":"http://digitalcollections.nypl.org/items/15263460-02e7-0133-b6e2-58d385a7bbd0","book_uri":"http://digitalcollections.nypl.org/items/109c0900-02e7-0133-03cf-58d385a7bbd0","source_rotated":"1.25874","source_x":"1222.0","source_y":"874.67","source_w":"1378.0","source_h":"986.33"},"type":"final_subject_set","search_terms_by_field":{"Record Number":["4149"],"Mortgager":["Thomas J. Colton"],"Street Address":["S.E. cor. 179th St. \u0026 11 Ave"],"Land \u0026 Building Dimensions":["50 x 100"],"Stories \u0026 Materials":[],"Additional Info":[],"Record Date":["May 28/94"],"Valuation Date":[],"Land \u0026 Building Value":["$10,000"],"Total Value":[],"Amount Loaned":["$4000"]},"subjects":[{"id":"580d6d996164390003f44101","type":"root","location":{"standard":"https://s3.amazonaws.com/scribe.nypl.org/emigrant-s4/full/15263460-02e7-0133-b6e2-58d385a7bbd0.right-bottom.jpg","thumbnail":"https://s3.amazonaws.com/scribe.nypl.org/emigrant-s4/thumb/15263460-02e7-0133-b6e2-58d385a7bbd0.right-bottom.jpg"},"status":"retired","width":1378,"height":986,"meta_data":{"capture_uuid":"15263460-02e7-0133-b6e2-58d385a7bbd0","page_uri":"http://digitalcollections.nypl.org/items/15263460-02e7-0133-b6e2-58d385a7bbd0","book_uri":"http://digitalcollections.nypl.org/items/109c0900-02e7-0133-03cf-58d385a7bbd0","source_rotated":"1.25874","source_x":"1222.0","source_y":"874.67","source_w":"1378.0","source_h":"986.33"},"assertions":[{"id":"580d6d996164390003f54101","status":"awaiting_transcriptions","name":"Street Address","created_in_workflow":"transcribe","confidence":0.3333333333333333,"data":{"value":"S.E. cor. 179th St. \u0026 11 Ave"},"versions":[{"data":{"value":"S.E. cor. 179th St. \u0026 11 Ave"},"votes":1,"confidence":0.3333333333333333,"instances":[{"created":"2015-12-11T22:56:49Z","user_id":"5647496e3562310003960400","duration":32.272}]},{"data":{"value":"S.E. Cor 179 St \u0026 11 St"},"votes":1,"confidence":0.3333333333333333,"instances":[{"created":"2015-12-12T00:00:41Z","user_id":"566b5a5638323400034b0900","duration":42.535}]}],"region":{"x":267.70185524344146,"y":659.2192661057646,"width":300.73740333731297,"height":50.12207896459631,"label":"Street Address","shape":"rectangle"},"task_key":"em_record_street_address","instructions":{"mark":"Street Address","transcribe":"Enter the street address"}},{"id":"580d6d996164390003f64101","status":"awaiting_transcriptions","name":"Stories \u0026 Materials","created_in_workflow":"transcribe","confidence":0.3333333333333333,"data":{"em_record_stories":""},"versions":[{"data":{"em_record_stories":""},"votes":1,"confidence":0.3333333333333333,"instances":[{"created":"2015-12-12T02:46:17Z","user_id":"5647496e3562310003960400","duration":2.766}]}],"region":{"x":267.70185524344146,"y":707.0630687537885,"width":252.89281644274052,"height":86.57450002975713,"label":"Dimension \u0026 Description","shape":"rectangle"},"task_key":"em_record_survey_stories_materials","instructions":{"mark":"Dimension \u0026 Description","transcribe":"Enter, as they appear, the number of stories and the building materials."}},{"id":"580d6d996164390003f74101","status":"awaiting_transcriptions","name":"Land \u0026 Building Dimensions","created_in_workflow":"transcribe","confidence":0.3333333333333333,"data":{"em_survey_land_dimensions":"50 x 100"},"versions":[{"data":{"em_survey_land_dimensions":"50 x 100"},"votes":1,"confidence":0.3333333333333333,"instances":[{"created":"2015-12-12T00:00:55Z","user_id":"566b5a5638323400034b0900","duration":14.262}]},{"data":{"em_survey_land_dimensions":"50 x 100","em_survey_building_dimensions":" "},"votes":1,"confidence":0.3333333333333333,"instances":[{"created":"2015-12-12T02:46:14Z","user_id":"5647496e3562310003960400","duration":10.005}]}],"region":{"x":267.70185524344146,"y":707.0630687537885,"width":252.89281644274052,"height":86.57450002975713,"label":"Dimension \u0026 Description","shape":"rectangle"},"task_key":"em_record_survey","instructions":{"mark":"Dimension \u0026 Description","transcribe":"Enter, as they appear, any land and building dimensions that were recorded. In the next screen, you'll enter the descriptive information."}},{"id":"580d6d996164390003f84101","status":"awaiting_transcriptions","name":"Additional Info","created_in_workflow":"transcribe","confidence":0.3333333333333333,"data":{"value":""},"versions":[{"data":{"value":""},"votes":1,"confidence":0.3333333333333333,"instances":[{"created":"2015-12-12T02:46:18Z","user_id":"5647496e3562310003960400","duration":0.958}]}],"region":{"x":267.70185524344146,"y":707.0630687537885,"width":252.89281644274052,"height":86.57450002975713,"label":"Dimension \u0026 Description","shape":"rectangle"},"task_key":"em_record_survey_additional_info","instructions":{"mark":"Dimension \u0026 Description","transcribe":"Enter any additional information you find about the building's construction or significance."}},{"id":"580d6d996164390003f94101","status":"awaiting_transcriptions","name":"Valuation Date","created_in_workflow":"transcribe","confidence":0.6666666666666666,"data":{"value":""},"versions":[{"data":{"value":""},"votes":2,"confidence":0.6666666666666666,"instances":[{"created":"2015-12-11T23:59:11Z","user_id":"566b5a5638323400034b0900","duration":1357.213},{"created":"2015-12-12T02:45:56Z","user_id":"5647496e3562310003960400","duration":3.456}]}],"region":{"x":898.7947395194694,"y":558.9751081765721,"width":198.21328856322907,"height":104.80071056233771,"label":"Valuation","shape":"rectangle"},"task_key":"em_record_valuation","instructions":{"mark":"Valuation","transcribe":"Enter the date of the valuation (if one is given). In the next screen, you'll enter the valuation's dollar amounts."}},{"id":"580d6d996164390003fa4101","status":"awaiting_transcriptions","name":"Total Value","created_in_workflow":"transcribe","confidence":0.3333333333333333,"data":{"value":""},"versions":[{"data":{"value":""},"votes":1,"confidence":0.3333333333333333,"instances":[{"created":"2015-12-12T02:46:04Z","user_id":"5647496e3562310003960400","duration":0.958}]}],"region":{"x":898.7947395194694,"y":558.9751081765721,"width":198.21328856322907,"height":104.80071056233771,"label":"Valuation","shape":"rectangle"},"task_key":"em_record_valuation_total","instructions":{"mark":"Valuation","transcribe":"Enter the valuation ***total*** (if one is given)"}},{"id":"580d6d996164390003fb4101","status":"awaiting_transcriptions","name":"Land \u0026 Building Value","created_in_workflow":"transcribe","confidence":0.3333333333333333,"data":{"em_valuation_ground":"$10,000"},"versions":[{"data":{"em_valuation_ground":"$10,000"},"votes":1,"confidence":0.3333333333333333,"instances":[{"created":"2015-12-11T23:59:30Z","user_id":"566b5a5638323400034b0900","duration":19.35}]},{"data":{"em_valuation_ground":"$10000","em_valuation_building":""},"votes":1,"confidence":0.3333333333333333,"instances":[{"created":"2015-12-12T02:46:03Z","user_id":"5647496e3562310003960400","duration":7.381}]}],"region":{"x":898.7947395194694,"y":558.9751081765721,"width":198.21328856322907,"height":104.80071056233771,"label":"Valuation","shape":"rectangle"},"task_key":"em_record_valuation_ground_building","instructions":{"mark":"Valuation","transcribe":"Sometimes valuations include itemized dollar values for \"ground\" and \"building\". Enter these amounts if you can find them. In the next screen, you'll enter the total valuation."}},{"id":"580d6d996164390003fc4101","status":"complete","name":"Record Number","created_in_workflow":"transcribe","confidence":1.0,"data":{"value":"4149"},"versions":[{"data":{"value":"4149"},"votes":3,"confidence":1.0,"instances":[{"created":"2015-12-11T22:54:53Z","user_id":"5647496e3562310003960400","duration":6.111},{"created":"2015-12-11T23:35:20Z","user_id":"566b5a5638323400034b0900","duration":5.272},{"created":"2015-12-12T06:14:44Z","user_id":"566bba893930640003b50900","duration":3.796}]}],"region":{"x":805.3838793919707,"y":44.08466063117409,"width":141.25544702207128,"height":75.18311844689441,"label":"Record Number","shape":"rectangle"},"task_key":"em_record_number","instructions":{"mark":"Record Number","transcribe":"Enter the record number"}},{"id":"580d6d996164390003fd4101","status":"awaiting_votes","name":"Mortgager","created_in_workflow":"verify","confidence":0.3333333333333333,"data":{"value":"Thomas J. Colton"},"versions":[{"data":{"value":"Thomas J. Colton"},"votes":1,"confidence":0.3333333333333333,"instances":[{"created":"2016-09-13T17:25:43Z","user_id":"57c49a363234370003600200","duration":7.095}]}],"region":{"x":224.41389567216157,"y":611.3754634577409,"width":277.9542667208499,"height":61.51346054745909,"label":"Mortgager Name","shape":"rectangle"},"task_key":"em_transcribed_mortgager","instructions":{"mark":"Mortgager Name","transcribe":"Enter the mortgager's name","verify":"Choose the best transcription or enter your own!"}},{"id":"580d6d996164390003fe4101","status":"awaiting_votes","name":"Record Date","created_in_workflow":"verify","confidence":0.6666666666666666,"data":{"value":"May 28/94"},"versions":[{"data":{"value":"May 28/94"},"votes":2,"confidence":0.6666666666666666,"instances":[{"created":"2016-05-23T23:05:24Z","user_id":"563f8b7a3264340003774b00","duration":7.342},{"created":"2016-09-06T16:06:53Z","user_id":"57c49a363234370003600200","duration":11.418}]}],"region":{"x":136.57026289423445,"y":576.3296541574688,"width":342.79321673086054,"height":53.262693156732894,"label":"Record Date","shape":"rectangle"},"task_key":"em_transcribed_date","instructions":{"mark":"Record Date","transcribe":"Enter the record date","verify":"Choose the best transcription or enter your own!"}},{"id":"580d6d996164390003ff4101","status":"awaiting_votes","name":"Amount Loaned","created_in_workflow":"verify","confidence":0.3333333333333333,"data":{"value":"$4000"},"versions":[{"data":{"value":"$4000"},"votes":1,"confidence":0.3333333333333333,"instances":[{"created":"2016-09-13T17:18:34Z","user_id":"57c49a363234370003600200","duration":3.722}]}],"region":{"x":926.1345034592252,"y":659.2192661057646,"width":116.19399674396186,"height":59.2351842308866,"label":"Amount Loaned","shape":"rectangle"},"task_key":"em_transcribed_amount_loaned","instructions":{"mark":"Amount Loaned","transcribe":"Enter the Amount Loaned","verify":"Choose the best transcription or enter your own!"}}]}],"export_document":{"name":"Record","export_fields":[{"name":"Mortgager","value":"Thomas J. Colton","original_value":{"value":"Thomas J. Colton"},"assertion_ids":["580d6d996164390003fd4101"]},{"name":"Street Address","value":"S.E. cor. 179th St. \u0026 11 Ave","original_value":{"value":"S.E. cor. 179th St. \u0026 11 Ave"},"assertion_ids":["580d6d996164390003f54101"]},{"name":"Record Date","value":"1894-05-28T00:00:00Z","original_value":{"value":"May 28/94"},"assertion_ids":["580d6d996164390003fe4101"]},{"name":"Land \u0026 Building Dimensions","value":{"em_survey_land_dimensions":[50,100]},"original_value":{"em_survey_land_dimensions":"50 x 100"},"assertion_ids":["580d6d996164390003f74101"]},{"name":"Amount Loaned","value":4000.0,"original_value":{"value":"$4000"},"assertion_ids":["580d6d996164390003ff4101"]},{"name":"Stories \u0026 Materials","value":{"em_record_stories":null},"original_value":{"em_record_stories":""},"assertion_ids":["580d6d996164390003f64101"]},{"name":"Valuation","value":null,"original_value":null,"assertion_ids":null},{"name":"Record Number","value":4149,"original_value":{"value":"4149"},"assertion_ids":["580d6d996164390003fc4101"]},{"name":"Additional Info","value":"","original_value":{"value":""},"assertion_ids":["580d6d996164390003f84101"]}]}}