{"id":"56b10afb7061755afba6d500","meta_data":{"capture_uuid":"15d3f5e0-02e7-0133-93f9-58d385a7bbd0","page_uri":"http://digitalcollections.nypl.org/items/15d3f5e0-02e7-0133-93f9-58d385a7bbd0","book_uri":"http://digitalcollections.nypl.org/items/109c0900-02e7-0133-03cf-58d385a7bbd0","source_rotated":"0.811263","source_x":"1215.39","source_y":"870.91","source_w":"1370.61","source_h":"982.09"},"type":"final_subject_set","search_terms_by_field":{"Land \u0026 Building Dimensions":["25'5 x 100","25 x 60'4"],"Stories \u0026 Materials":["4","br"],"Additional Info":[],"Land \u0026 Building Value":["$22000","$18000"],"Record Number":["4221"],"Mortgager":["John Brien"],"Street Address":["S.E. Cor 9th Ave #778"],"Record Date":["Oct. 24/94"],"Amount Loaned":["$20,000"]},"subjects":[{"id":"580d8bd961643900037b7302","type":"root","location":{"standard":"https://s3.amazonaws.com/scribe.nypl.org/emigrant-s4/full/15d3f5e0-02e7-0133-93f9-58d385a7bbd0.right-bottom.jpg","thumbnail":"https://s3.amazonaws.com/scribe.nypl.org/emigrant-s4/thumb/15d3f5e0-02e7-0133-93f9-58d385a7bbd0.right-bottom.jpg"},"status":"retired","width":1370,"height":982,"meta_data":{"capture_uuid":"15d3f5e0-02e7-0133-93f9-58d385a7bbd0","page_uri":"http://digitalcollections.nypl.org/items/15d3f5e0-02e7-0133-93f9-58d385a7bbd0","book_uri":"http://digitalcollections.nypl.org/items/109c0900-02e7-0133-03cf-58d385a7bbd0","source_rotated":"0.811263","source_x":"1215.39","source_y":"870.91","source_w":"1370.61","source_h":"982.09"},"assertions":[{"id":"580d8bd961643900037c7302","status":"active","name":null,"created_in_workflow":"mark","confidence":1.0,"data":{"belongsToUser":"true","toolName":"rectangleTool","userCreated":"true","subToolIndex":"5","color":"sienna","isTranscribable":"true","x":"766.9545745361485","y":"595.1515281207361","width":"278.73320537428015","height":"78.88606411025955","_key":"0.6699378571195357","status":"mark","isUncommitted":"true"},"versions":null,"region":{"x":766.9545745361485,"y":595.1515281207361,"width":278.73320537428015,"height":78.88606411025955,"label":"Valuation","shape":"rectangle"},"task_key":"mark_primary","instructions":{"mark":""}},{"id":"580d8bd961643900037d7302","status":"contentious","name":"Land \u0026 Building Value","created_in_workflow":"verify","confidence":0.6190476190476191,"data":{"em_valuation_ground":"$22000","em_valuation_building":"$18000"},"versions":[{"data":{"em_valuation_ground":"$22000","em_valuation_building":"$18000"},"votes":13,"confidence":0.6190476190476191,"instances":[{"created":"2015-12-24T09:31:32Z","user_id":"56748e5e3564620003fd0100","duration":4.677},{"created":"2015-12-27T22:14:50Z","user_id":"5668bbbe3064310003db0500","duration":9.046},{"created":"2015-12-28T03:21:16Z","user_id":"563f8b7a3264340003774b00","duration":19.922},{"created":"2015-12-29T18:55:06Z","user_id":"5668b33530333000032d0500","duration":12.572},{"created":"2016-01-05T01:29:09Z","user_id":"568b0d506233660003ea0800","duration":45.185},{"created":"2016-01-07T23:43:52Z","user_id":"568eeada6636620003f50700","duration":88.649},{"created":"2016-01-09T10:10:01Z","user_id":"5690e55e3063390003a00200","duration":24.993},{"created":"2016-01-09T20:01:33Z","user_id":"5691632f3063390003600400","duration":31.228},{"created":"2016-01-09T23:24:47Z","user_id":"569196bf6539610003270200","duration":25.369},{"created":"2016-01-09T23:55:43Z","user_id":"56919dff3063390003170600","duration":19.416},{"created":"2016-01-10T01:03:23Z","user_id":"5691addb30633900039d0600","duration":110.897},{"created":"2016-01-10T03:01:35Z","user_id":"5691c8523931660003000000","duration":31.083},{"created":"2016-01-11T12:51:26Z","user_id":"5693a3ae3166380003fb0000","duration":21.92}]},{"data":{"em_valuation_ground":"$22,000","em_valuation_building":"$18,000"},"votes":8,"confidence":0.38095238095238093,"instances":[{"created":"2015-12-26T15:31:11Z","user_id":"563bfc7535326200037f3900","duration":7.965},{"created":"2015-12-27T02:36:04Z","user_id":"567f35e03037360003d10000","duration":5.475},{"created":"2016-01-07T20:31:29Z","user_id":"568ac34a3237350003b80500","duration":4.141},{"created":"2016-01-09T16:29:00Z","user_id":"5691354c6133390003340800","duration":12.229},{"created":"2016-01-09T19:41:15Z","user_id":"5691625a30633900035a0400","duration":31.201},{"created":"2016-01-09T20:41:05Z","user_id":"56916cf56539610003990100","duration":33.678},{"created":"2016-01-09T23:18:35Z","user_id":"56918de26539610003bb0100","duration":24.445},{"created":"2016-01-10T04:43:41Z","user_id":"5691e17d3931660003110000","duration":14.198}]}],"region":{"x":761.6954574536148,"y":588.1394335331574,"width":292.7575175943698,"height":84.14513505094351,"label":"Valuation","shape":"rectangle"},"task_key":"em_transcribed_valuation_itemized","instructions":{"mark":"Valuation","transcribe":"Sometimes valuations include itemized dollar values for \"ground\" and \"building\". Enter these amounts if you can find them. In the next screen, you'll enter the total valuation.","verify":"Choose the best transcription or enter your own!"}},{"id":"580d8bd961643900037e7302","status":"complete","name":"Record Number","created_in_workflow":"transcribe","confidence":1.0,"data":{"value":"4221"},"versions":[{"data":{"value":"4221"},"votes":3,"confidence":1.0,"instances":[{"created":"2015-11-08T20:38:12Z","user_id":"563fa6243264340003546600","duration":4.858},{"created":"2015-11-08T20:39:26Z","user_id":"563f9fd13264340003405f00","duration":4.514},{"created":"2015-11-08T20:47:43Z","user_id":"563f9acc3264340003c45a00","duration":5.926}]}],"region":{"x":759.9424184261037,"y":53.46722123028704,"width":178.809980806142,"height":61.355827641313,"label":"Record Number","shape":"rectangle"},"task_key":"em_record_number","instructions":{"mark":"Record Number","transcribe":"Enter the record number"}},{"id":"580d8bd961643900037f7302","status":"complete","name":"Mortgager","created_in_workflow":"transcribe","confidence":1.0,"data":{"value":"John Brien"},"versions":[{"data":{"value":"John Brien"},"votes":3,"confidence":1.0,"instances":[{"created":"2015-11-08T19:09:56Z","user_id":"563f7dc232643400032b3500","duration":8.095},{"created":"2015-11-08T20:48:56Z","user_id":"563f9acc3264340003c45a00","duration":19.334},{"created":"2015-11-08T20:49:04Z","user_id":"563fb0353264340003d76f00","duration":11.897}]}],"region":{"x":228.77159309021118,"y":631.088512882076,"width":259.44977607165714,"height":54.3437330537344,"label":"Mortgager Name","shape":"rectangle"},"task_key":"em_record_mortgager","instructions":{"mark":"Mortgager Name","transcribe":"Enter the mortgager's name"}},{"id":"580d8bd96164390003807302","status":"complete","name":"Street Address","created_in_workflow":"verify","confidence":1.0,"data":{"value":"S.E. Cor 9th Ave #778"},"versions":[{"data":{"value":"S.E. Cor 9th Ave #778"},"votes":3,"confidence":1.0,"instances":[{"created":"2015-12-02T02:39:27Z","user_id":"5647496e3562310003960400","duration":34.197},{"created":"2015-12-24T09:21:43Z","user_id":"56748e5e3564620003fd0100","duration":22.419},{"created":"2015-12-26T15:20:33Z","user_id":"563bfc7535326200037f3900","duration":19.305}]}],"region":{"x":131.47792706333973,"y":671.4080567606535,"width":470.6909788867567,"height":49.08466211305035,"label":"Street Address","shape":"rectangle"},"task_key":"em_transcribed_address","instructions":{"mark":"Street Address","transcribe":"Enter the street address","verify":"Choose the best transcription or enter your own!"}},{"id":"580d8bd96164390003817302","status":"awaiting_votes","name":"Land \u0026 Building Dimensions","created_in_workflow":"transcribe","confidence":0.14285714285714285,"data":{"em_survey_land_dimensions":"25'5 x 100","em_survey_building_dimensions":"25 x 60'4"},"versions":[{"data":{"em_survey_land_dimensions":"25'5 x 100","em_survey_building_dimensions":"25 x 60'4"},"votes":2,"confidence":0.14285714285714285,"instances":[{"created":"2015-11-15T02:03:39Z","user_id":"563f8b7a3264340003774b00","duration":28.942},{"created":"2015-11-15T03:25:27Z","user_id":"5647496e3562310003960400","duration":46.295}]},{"data":{"em_survey_land_dimensions":"25.5 x 100","em_survey_building_dimensions":"25 x 60.4"},"votes":2,"confidence":0.14285714285714285,"instances":[{"created":"2016-09-26T20:12:57Z","user_id":"57c49a363234370003600200","duration":15.491},{"created":"2016-10-17T21:27:13Z","user_id":"57de76143236610003ed0100","duration":27.3}]},{"data":{"em_survey_land_dimensions":"25.5 x 100","em_survey_building_dimensions":"25 x 60"},"votes":2,"confidence":0.14285714285714285,"instances":[{"created":"2016-10-16T22:31:46Z","user_id":"5803fe813437320003ab0000","duration":14.816},{"created":"2016-10-20T10:14:25Z","user_id":"5808980630313300032e0000","duration":25.061}]},{"data":{"em_survey_land_dimensions":"255 x 100"},"votes":1,"confidence":0.07142857142857142,"instances":[{"created":"2016-10-18T00:26:39Z","user_id":"58056ad23163350003d00100","duration":7.104}]},{"data":{"em_survey_land_dimensions":"25.5 x 100","em_survey_building_dimensions":"25 x 604"},"votes":1,"confidence":0.07142857142857142,"instances":[{"created":"2016-10-17T11:37:43Z","user_id":"5804b5543163350003000000","duration":22.516}]},{"data":{"em_survey_land_dimensions":"25,5 x 100","em_survey_building_dimensions":"25 x 604"},"votes":1,"confidence":0.07142857142857142,"instances":[{"created":"2016-10-17T11:33:18Z","user_id":"5804b5543163350003000000","duration":71.677}]},{"data":{"em_survey_land_dimensions":"25.5 x 100","em_survey_building_dimensions":"25 x 60 ^4"},"votes":1,"confidence":0.07142857142857142,"instances":[{"created":"2016-10-19T02:16:27Z","user_id":"5806d6ee6339340003340000","duration":15.457}]},{"data":{"em_survey_land_dimensions":"25.5x100","em_survey_building_dimensions":"25x604"},"votes":1,"confidence":0.07142857142857142,"instances":[{"created":"2016-10-19T16:30:46Z","user_id":"58079e666231610003660000","duration":18.608}]},{"data":{"em_survey_land_dimensions":"255x100","em_survey_building_dimensions":"25x60^4"},"votes":1,"confidence":0.07142857142857142,"instances":[{"created":"2016-10-19T17:24:32Z","user_id":"5807a6356231610003870000","duration":34.396}]},{"data":{"em_survey_land_dimensions":"25.5x100","em_survey_building_dimensions":"25x60"},"votes":1,"confidence":0.07142857142857142,"instances":[{"created":"2016-10-20T16:00:30Z","user_id":"5808c4ba3031330003c90000","duration":39.225}]},{"data":{"em_survey_land_dimensions":"25.5 x 100","em_survey_building_dimensions":"4 story br 25x604"},"votes":1,"confidence":0.07142857142857142,"instances":[{"created":"2016-10-22T14:00:46Z","user_id":"580b6f8134303100031a0000","duration":37.33}]}],"region":{"x":354.3782859556454,"y":723.7017737161622,"width":320.4383238140405,"height":73.32062998250058,"label":"Dimension \u0026 Description","shape":"rectangle"},"task_key":"em_record_survey","instructions":{"mark":"Dimension \u0026 Description","transcribe":"Enter, as they appear, any land and building dimensions that were recorded. In the next screen, you'll enter the descriptive information."}},{"id":"580d8bd96164390003827302","status":"awaiting_votes","name":"Stories \u0026 Materials","created_in_workflow":"transcribe","confidence":0.5714285714285714,"data":{"em_record_stories":"4","em_record_material":"br"},"versions":[{"data":{"em_record_stories":"4","em_record_material":"br"},"votes":8,"confidence":0.5714285714285714,"instances":[{"created":"2015-11-15T03:25:33Z","user_id":"5647496e3562310003960400","duration":5.975},{"created":"2016-09-26T20:13:04Z","user_id":"57c49a363234370003600200","duration":6.122},{"created":"2016-10-16T22:31:53Z","user_id":"5803fe813437320003ab0000","duration":6.292},{"created":"2016-10-17T11:33:29Z","user_id":"5804b5543163350003000000","duration":11.369},{"created":"2016-10-17T11:37:50Z","user_id":"5804b5543163350003000000","duration":6.943},{"created":"2016-10-17T21:27:31Z","user_id":"57de76143236610003ed0100","duration":17.433},{"created":"2016-10-19T16:31:01Z","user_id":"58079e666231610003660000","duration":15.009},{"created":"2016-10-20T16:00:37Z","user_id":"5808c4ba3031330003c90000","duration":6.777}]},{"data":{"em_record_stories":"4","em_record_material":"Br"},"votes":3,"confidence":0.21428571428571427,"instances":[{"created":"2016-10-19T17:24:44Z","user_id":"5807a6356231610003870000","duration":12.815},{"created":"2016-10-20T10:14:33Z","user_id":"5808980630313300032e0000","duration":8.328},{"created":"2016-10-22T14:00:53Z","user_id":"580b6f8134303100031a0000","duration":6.979}]},{"data":{"em_record_stories":"4","em_record_material":"br 25 x 604"},"votes":1,"confidence":0.07142857142857142,"instances":[{"created":"2016-10-18T00:26:53Z","user_id":"58056ad23163350003d00100","duration":13.723}]},{"data":{"em_record_stories":"4 stores","em_record_material":"br"},"votes":1,"confidence":0.07142857142857142,"instances":[{"created":"2016-10-19T02:16:36Z","user_id":"5806d6ee6339340003340000","duration":9.433}]},{"data":{"em_record_stories":"4","em_record_material":"brick"},"votes":1,"confidence":0.07142857142857142,"instances":[{"created":"2015-11-15T02:03:48Z","user_id":"563f8b7a3264340003774b00","duration":9.371}]}],"region":{"x":354.3782859556454,"y":723.7017737161622,"width":320.4383238140405,"height":73.32062998250058,"label":"Dimension \u0026 Description","shape":"rectangle"},"task_key":"em_record_survey_stories_materials","instructions":{"mark":"Dimension \u0026 Description","transcribe":"Enter, as they appear, the number of stories and the building materials."}},{"id":"580d8bd96164390003837302","status":"complete","name":"Additional Info","created_in_workflow":"transcribe","confidence":1.0,"data":{"value":""},"versions":[{"data":{"value":""},"votes":3,"confidence":1.0,"instances":[{"created":"2015-11-15T03:25:36Z","user_id":"5647496e3562310003960400","duration":3.23},{"created":"2016-10-19T02:16:38Z","user_id":"5806d6ee6339340003340000","duration":1.258},{"created":"2016-10-22T14:00:59Z","user_id":"580b6f8134303100031a0000","duration":6.271}]}],"region":{"x":354.3782859556454,"y":723.7017737161622,"width":320.4383238140405,"height":73.32062998250058,"label":"Dimension \u0026 Description","shape":"rectangle"},"task_key":"em_record_survey_additional_info","instructions":{"mark":"Dimension \u0026 Description","transcribe":"Enter any additional information you find about the building's construction or significance."}},{"id":"580d8bd96164390003847302","status":"awaiting_votes","name":"Record Date","created_in_workflow":"verify","confidence":0.5,"data":{"value":"Oct. 24/94"},"versions":[{"data":{"value":"Oct. 24/94"},"votes":2,"confidence":0.5,"instances":[{"created":"2015-11-30T15:14:28Z","user_id":"5647496e3562310003960400","duration":3.913},{"created":"2015-12-20T19:28:24Z","user_id":"56748e5e3564620003fd0100","duration":5.669}]},{"data":{"value":"1894 October 29"},"votes":1,"confidence":0.25,"instances":[{"created":"2015-12-26T15:03:25Z","user_id":"563bfc7535326200037f3900","duration":14.747}]},{"data":{"value":"Oct. 29/94"},"votes":1,"confidence":0.25,"instances":[{"created":"2016-09-15T03:38:20Z","user_id":"57c49a363234370003600200","duration":7.232}]}],"region":{"x":137.61356365962894,"y":584.6333862393682,"width":369.89123480486245,"height":56.09675670062893,"label":"Record Date","shape":"rectangle"},"task_key":"em_transcribed_date","instructions":{"mark":"Record Date","transcribe":"Enter the record date","verify":"Choose the best transcription or enter your own!"}},{"id":"580d8bd96164390003857302","status":"complete","name":"Amount Loaned","created_in_workflow":"verify","confidence":1.0,"data":{"value":"$20,000"},"versions":[{"data":{"value":"$20000"},"votes":2,"confidence":0.4,"instances":[{"created":"2015-12-24T09:13:53Z","user_id":"56748e5e3564620003fd0100","duration":4.668},{"created":"2016-09-15T13:23:33Z","user_id":"57c49a363234370003600200","duration":5.733}]},{"data":{"value":"$20,000"},"votes":2,"confidence":0.4,"instances":[{"created":"2015-12-25T03:24:28Z","user_id":"5668bbbe3064310003db0500","duration":5.579},{"created":"2015-12-27T02:16:22Z","user_id":"567f35e03037360003d10000","duration":3.73}]},{"data":{"value":"$ 20,000"},"votes":1,"confidence":0.2,"instances":[{"created":"2015-12-26T15:11:22Z","user_id":"563bfc7535326200037f3900","duration":3.454}]}],"region":{"x":926.4811260396674,"y":668.7785212903117,"width":112.19449776071644,"height":56.97326852407639,"label":"Amount Loaned","shape":"rectangle"},"task_key":"em_transcribed_amount_loaned","instructions":{"mark":"Amount Loaned","transcribe":"Enter the Amount Loaned","verify":"Choose the best transcription or enter your own!"}}]}],"export_document":{"name":"Record","export_fields":[{"name":"Mortgager","value":"John Brien","original_value":{"value":"John Brien"},"assertion_ids":["580d8bd961643900037f7302"]},{"name":"Street Address","value":"S.E. Cor 9th Ave #778","original_value":{"value":"S.E. Cor 9th Ave #778"},"assertion_ids":["580d8bd96164390003807302"]},{"name":"Record Date","value":"1894-10-24T00:00:00Z","original_value":{"value":"Oct. 24/94"},"assertion_ids":["580d8bd96164390003847302"]},{"name":"Land \u0026 Building Dimensions","value":{"em_survey_land_dimensions":[25,100],"em_survey_building_dimensions":[25,60]},"original_value":{"em_survey_land_dimensions":"25'5 x 100","em_survey_building_dimensions":"25 x 60'4"},"assertion_ids":["580d8bd96164390003817302"]},{"name":"Amount Loaned","value":20000.0,"original_value":{"value":"$20,000"},"assertion_ids":["580d8bd96164390003857302"]},{"name":"Stories \u0026 Materials","value":{"em_record_stories":4,"em_record_material":"br"},"original_value":{"em_record_stories":"4","em_record_material":"br"},"assertion_ids":["580d8bd96164390003827302"]},{"name":"Record Number","value":4221,"original_value":{"value":"4221"},"assertion_ids":["580d8bd961643900037e7302"]},{"name":"Additional Info","value":"","original_value":{"value":""},"assertion_ids":["580d8bd96164390003837302"]}]}}