{"id":"56b10a167061755afb3dc400","meta_data":{"capture_uuid":"12a933d0-02e7-0133-5d4d-58d385a7bbd0","page_uri":"http://digitalcollections.nypl.org/items/12a933d0-02e7-0133-5d4d-58d385a7bbd0","book_uri":"http://digitalcollections.nypl.org/items/109c0900-02e7-0133-03cf-58d385a7bbd0","source_rotated":"0.419639","source_x":"0","source_y":"0","source_w":"1364.25","source_h":"874.56"},"type":"final_subject_set","search_terms_by_field":{"Record Number":["3906"],"Mortgager":["Oscar T. Marshall"],"Street Address":["NW Cor. 79 St \u0026 3 Ave"],"Additional Info":[],"Land \u0026 Building Dimensions":["See diagram","50 x 50 \u0026 ex. 25 x 40"],"Stories \u0026 Materials":["4","br."],"Record Date":["June 6/92"],"Land \u0026 Building Value":["60000.","20000."],"Valuation Date":[],"Total Value":[],"Amount Loaned":["$25,000"]},"subjects":[{"id":"580d812b6164390003210602","type":"root","location":{"standard":"https://s3.amazonaws.com/scribe.nypl.org/emigrant-s4/full/12a933d0-02e7-0133-5d4d-58d385a7bbd0.left-top.jpg","thumbnail":"https://s3.amazonaws.com/scribe.nypl.org/emigrant-s4/thumb/12a933d0-02e7-0133-5d4d-58d385a7bbd0.left-top.jpg"},"status":"retired","width":1364,"height":874,"meta_data":{"capture_uuid":"12a933d0-02e7-0133-5d4d-58d385a7bbd0","page_uri":"http://digitalcollections.nypl.org/items/12a933d0-02e7-0133-5d4d-58d385a7bbd0","book_uri":"http://digitalcollections.nypl.org/items/109c0900-02e7-0133-03cf-58d385a7bbd0","source_rotated":"0.419639","source_x":"0","source_y":"0","source_w":"1364.25","source_h":"874.56"},"assertions":[{"id":"580d812b6164390003220602","status":"complete","name":"Record Number","created_in_workflow":"verify","confidence":1.0,"data":{"value":"3906"},"versions":[{"data":{"value":"3906"},"votes":3,"confidence":1.0,"instances":[{"created":"2015-11-25T03:24:27Z","user_id":"5647496e3562310003960400","duration":2.113},{"created":"2015-11-26T22:54:35Z","user_id":"5647496e3562310003960400","duration":2.263},{"created":"2015-12-01T03:14:25Z","user_id":"563bfc7535326200037f3900","duration":7.639}]}],"region":{"x":721.7028274113143,"y":93.52223221186455,"width":149.988484538772,"height":64.4068202968501,"label":"Record Number","shape":"rectangle"},"task_key":"em_transcribed_record_number","instructions":{"mark":"Record Number","transcribe":"Enter the record number","verify":"Choose the best transcription or enter your own!"}},{"id":"580d812b6164390003230602","status":"complete","name":"Mortgager","created_in_workflow":"transcribe","confidence":1.0,"data":{"value":"Oscar T. Marshall"},"versions":[{"data":{"value":"Oscar T. Marshall"},"votes":3,"confidence":1.0,"instances":[{"created":"2015-11-09T23:53:47Z","user_id":"563f7dc232643400032b3500","duration":6.83},{"created":"2015-11-09T23:55:07Z","user_id":"563fb2f53264340003a07100","duration":17.753},{"created":"2015-11-10T00:15:11Z","user_id":"563f8b7a3264340003774b00","duration":36.649}]}],"region":{"x":171.15686063370413,"y":666.1253332071484,"width":323.79866956311366,"height":65.28910550639603,"label":"Mortgager Name","shape":"rectangle"},"task_key":"em_record_mortgager","instructions":{"mark":"Mortgager Name","transcribe":"Enter the mortgager's name"}},{"id":"580d812b6164390003240602","status":"complete","name":"Street Address","created_in_workflow":"verify","confidence":1.0,"data":{"value":"NW Cor. 79 St \u0026 3 Ave"},"versions":[{"data":{"value":"NW Cor. 79 St \u0026 3 Ave"},"votes":3,"confidence":1.0,"instances":[{"created":"2016-01-04T00:38:48Z","user_id":"56748e5e3564620003fd0100","duration":17.736},{"created":"2016-02-05T22:01:15Z","user_id":"56980a2d3337650003270200","duration":11.166},{"created":"2016-03-03T01:25:55Z","user_id":"563f8b7a3264340003774b00","duration":14.879}]}],"region":{"x":211.74197997948949,"y":712.0041641035348,"width":338.79751801699086,"height":44.99654568684048,"label":"Street Address","shape":"rectangle"},"task_key":"em_transcribed_address","instructions":{"mark":"Street Address","transcribe":"Enter the street address","verify":"Choose the best transcription or enter your own!"}},{"id":"580d812b6164390003250602","status":"awaiting_transcriptions","name":"Additional Info","created_in_workflow":"transcribe","confidence":0.6666666666666666,"data":{"value":""},"versions":[{"data":{"value":""},"votes":2,"confidence":0.6666666666666666,"instances":[{"created":"2015-11-09T23:58:47Z","user_id":"563fb2f53264340003a07100","duration":47.516},{"created":"2016-01-04T16:07:05Z","user_id":"56748e5e3564620003fd0100","duration":3.183}]}],"region":{"x":45.872361783671046,"y":757.0007097903753,"width":631.7162054691809,"height":76.75881323049259,"label":"Dimension \u0026 Description","shape":"rectangle"},"task_key":"em_record_survey_additional_info","instructions":{"mark":"Dimension \u0026 Description","transcribe":"Enter any additional information you find about the building's construction or significance."}},{"id":"580d812b6164390003260602","status":"complete","name":"Land \u0026 Building Dimensions","created_in_workflow":"verify","confidence":1.0,"data":{"em_survey_land_dimensions":"See diagram","em_survey_building_dimensions":"50 x 50 \u0026 ex. 25 x 40"},"versions":[{"data":{"em_survey_land_dimensions":"See diagram","em_survey_building_dimensions":"50 x 50 \u0026 ex. 25 x 40"},"votes":8,"confidence":0.6666666666666666,"instances":[{"created":"2016-03-07T02:43:14Z","user_id":"56dce40f65613300030d0000","duration":7.366},{"created":"2016-03-07T10:35:53Z","user_id":"56dd54356561330003360100","duration":33.89},{"created":"2016-03-07T18:32:27Z","user_id":"56ddc55d65613300031f0200","duration":25.308},{"created":"2016-03-07T23:29:43Z","user_id":"56de0d9c3731660003990100","duration":16.322},{"created":"2016-03-07T23:29:45Z","user_id":"56de0d9c3731660003990100","duration":0.961},{"created":"2016-03-07T23:29:47Z","user_id":"56de0d9c3731660003990100","duration":0.807},{"created":"2016-03-07T23:29:48Z","user_id":"56de0d9c3731660003990100","duration":1.138},{"created":"2016-03-07T23:29:53Z","user_id":"56de0d9c3731660003990100","duration":0.181}]},{"data":{"em_survey_land_dimensions":"see diagram","em_survey_building_dimensions":"50 x 50 + ex. 25 x 40"},"votes":3,"confidence":0.25,"instances":[{"created":"2016-02-06T17:58:50Z","user_id":"56980a2d3337650003270200","duration":36.76},{"created":"2016-03-01T00:11:14Z","user_id":"563f8b7a3264340003774b00","duration":30.233},{"created":"2016-03-07T21:57:29Z","user_id":"56ddf6f737316600030d0000","duration":31.982}]},{"data":{"em_survey_building_dimensions":"50 x 50 + ex. 25 x 40"},"votes":1,"confidence":0.08333333333333333,"instances":[{"created":"2016-03-07T21:46:31Z","user_id":"5668b33530333000032d0500","duration":20.546}]}],"region":{"x":45.872361783671046,"y":757.0007097903753,"width":631.7162054691809,"height":76.75881323049259,"label":"Dimension \u0026 Description","shape":"rectangle"},"task_key":"em_transcribed_survey","instructions":{"mark":"Dimension \u0026 Description","transcribe":"Enter, as they appear, any land and building dimensions that were recorded. In the next screen, you'll enter the descriptive information.","verify":"Choose the best transcription or enter your own!"}},{"id":"580d812b6164390003270602","status":"contentious","name":"Stories \u0026 Materials","created_in_workflow":"verify","confidence":0.45454545454545453,"data":{"em_record_stories":"4","em_record_material":"br."},"versions":[{"data":{"em_record_stories":"4","em_record_material":"br."},"votes":15,"confidence":0.45454545454545453,"instances":[{"created":"2015-11-10T01:49:32Z","user_id":"56414b5d61616500033d4700","duration":13.921},{"created":"2015-11-10T02:25:24Z","user_id":"564145706161650003bc3f00","duration":8.77},{"created":"2015-11-10T03:06:10Z","user_id":"56415dab6161650003e55900","duration":84.408},{"created":"2015-11-10T03:10:43Z","user_id":"563eaf056630330003055300","duration":13.769},{"created":"2015-11-10T03:16:13Z","user_id":"564160ad6161650003fd5c00","duration":18.902},{"created":"2015-11-10T04:01:16Z","user_id":"564167426161650003eb6400","duration":35.633},{"created":"2015-11-10T04:26:11Z","user_id":"564168a86161650003946500","duration":34.728},{"created":"2015-11-10T08:50:55Z","user_id":"5641a5096161650003bf7000","duration":5.919},{"created":"2015-11-10T15:06:32Z","user_id":"564207273636390003070600","duration":9.738},{"created":"2015-11-10T15:18:51Z","user_id":"5642039536363900037c0400","duration":21.107},{"created":"2015-11-10T15:19:52Z","user_id":"56420aae3636390003cb0700","duration":18.191},{"created":"2015-11-10T15:43:07Z","user_id":"56420f3336363900038e0900","duration":26.005},{"created":"2015-11-10T16:02:57Z","user_id":"564213f63636390003830a00","duration":10.657},{"created":"2015-11-10T16:38:29Z","user_id":"56421c6336363900038e0d00","duration":13.036},{"created":"2015-11-10T16:59:41Z","user_id":"563ff09d32643400030da100","duration":9.942}]},{"data":{"em_record_stories":"4","em_record_material":"Brick"},"votes":11,"confidence":0.3333333333333333,"instances":[{"created":"2015-11-10T00:48:49Z","user_id":"563f8b7a3264340003774b00","duration":5.244},{"created":"2015-11-10T01:31:03Z","user_id":"5640f4706161650003b50100","duration":15.309},{"created":"2015-11-10T02:23:29Z","user_id":"564149836161650003224500","duration":5.867},{"created":"2015-11-10T02:40:17Z","user_id":"563d87476532620003ea4300","duration":6.341},{"created":"2015-11-10T03:00:58Z","user_id":"56415a7f6161650003085700","duration":8.325},{"created":"2015-11-10T03:03:04Z","user_id":"564165b661616500034d6300","duration":54.026},{"created":"2015-11-10T03:31:42Z","user_id":"564164996161650003ec6100","duration":10.638},{"created":"2015-11-10T03:55:53Z","user_id":"5641647a6161650003ce6100","duration":14.096},{"created":"2015-11-10T12:29:11Z","user_id":"56413bb26161650003b53900","duration":5.194},{"created":"2015-11-10T16:25:37Z","user_id":"56421a263636390003740c00","duration":20.673},{"created":"2016-04-03T20:17:14Z","user_id":"570135123537650003160100","duration":30.887}]},{"data":{"em_record_stories":"4","em_record_material":"br"},"votes":7,"confidence":0.21212121212121213,"instances":[{"created":"2015-11-10T01:07:54Z","user_id":"564142e66161650003d93d00","duration":12.969},{"created":"2015-11-10T05:38:15Z","user_id":"5641822e6161650003406c00","duration":16.209},{"created":"2015-11-10T14:05:56Z","user_id":"5641f4453636390003420000","duration":16.386},{"created":"2015-11-10T15:31:35Z","user_id":"5641fee136363900037d0200","duration":9.808},{"created":"2015-11-10T19:14:18Z","user_id":"564241bd3636390003371c00","duration":14.826},{"created":"2015-11-10T19:16:24Z","user_id":"564242663636390003591c00","duration":3.943},{"created":"2015-11-10T19:32:40Z","user_id":"564246153636390003e51d00","duration":14.106}]}],"region":{"x":45.872361783671046,"y":757.0007097903753,"width":631.7162054691809,"height":76.75881323049259,"label":"Dimension \u0026 Description","shape":"rectangle"},"task_key":"em_transcribed_stories_materials","instructions":{"mark":"Dimension \u0026 Description","transcribe":"Enter, as they appear, the number of stories and the building materials.","verify":"Choose the best transcription or enter your own!"}},{"id":"580d812b6164390003280602","status":"complete","name":"Record Date","created_in_workflow":"verify","confidence":1.0,"data":{"value":"June 6/92"},"versions":[{"data":{"value":"June 6/92"},"votes":3,"confidence":0.6,"instances":[{"created":"2015-11-24T20:26:51Z","user_id":"5647496e3562310003960400","duration":11.259},{"created":"2015-11-26T22:26:23Z","user_id":"5647496e3562310003960400","duration":4.646},{"created":"2016-09-12T13:57:29Z","user_id":"57c49a363234370003600200","duration":10.04}]},{"data":{"value":"1892 June 6"},"votes":2,"confidence":0.4,"instances":[{"created":"2015-11-25T02:33:01Z","user_id":"5649188c3863370003020e00","duration":5.166},{"created":"2015-12-01T03:06:06Z","user_id":"563bfc7535326200037f3900","duration":6.182}]}],"region":{"x":216.15340599533573,"y":615.8350762630325,"width":169.3987590084954,"height":67.93596113503372,"label":"Record Date","shape":"rectangle"},"task_key":"em_transcribed_date","instructions":{"mark":"Record Date","transcribe":"Enter the record date","verify":"Choose the best transcription or enter your own!"}},{"id":"580d812b6164390003290602","status":"awaiting_votes","name":"Valuation Date","created_in_workflow":"verify","confidence":0.6666666666666666,"data":{"value":""},"versions":[{"data":{"value":""},"votes":2,"confidence":0.6666666666666666,"instances":[{"created":"2016-01-04T00:33:57Z","user_id":"56748e5e3564620003fd0100","duration":3.809},{"created":"2016-02-05T22:00:45Z","user_id":"56980a2d3337650003270200","duration":10.286}]}],"region":{"x":667.0011448148209,"y":619.3642171012161,"width":334.3860920011447,"height":89.11080616413506,"label":"Valuation","shape":"rectangle"},"task_key":"em_transcribed_valuation_date","instructions":{"mark":"Valuation","transcribe":"Enter the date of the valuation (if one is given). In the next screen, you'll enter the valuation's dollar amounts.","verify":"Choose the best transcription or enter your own!"}},{"id":"580d812b61643900032a0602","status":"awaiting_votes","name":"Total Value","created_in_workflow":"verify","confidence":0.3333333333333333,"data":{"value":""},"versions":[{"data":{"value":""},"votes":1,"confidence":0.3333333333333333,"instances":[{"created":"2016-09-23T14:35:49Z","user_id":"57de76143236610003ed0100","duration":15.201}]}],"region":{"x":667.0011448148209,"y":619.3642171012161,"width":334.3860920011447,"height":89.11080616413506,"label":"Valuation","shape":"rectangle"},"task_key":"em_transcribed_valuation_total","instructions":{"mark":"Valuation","transcribe":"Enter the valuation ***total*** (if one is given)","verify":"Choose the best transcription or enter your own!"}},{"id":"580d812b61643900032b0602","status":"contentious","name":"Land \u0026 Building Value","created_in_workflow":"verify","confidence":0.42857142857142855,"data":{"em_valuation_ground":"60000.","em_valuation_building":"20000."},"versions":[{"data":{"em_valuation_ground":"60000.","em_valuation_building":"20000."},"votes":9,"confidence":0.42857142857142855,"instances":[{"created":"2016-02-04T21:31:24Z","user_id":"56980a2d3337650003270200","duration":10.685},{"created":"2016-03-07T02:37:30Z","user_id":"56dce40f65613300030d0000","duration":9.841},{"created":"2016-03-08T04:30:32Z","user_id":"56de54493731660003220200","duration":9.795},{"created":"2016-09-23T14:35:57Z","user_id":"57de76143236610003ed0100","duration":7.528},{"created":"2016-09-23T18:26:41Z","user_id":"57e5730d6636310003650c00","duration":5.458},{"created":"2016-09-24T03:12:42Z","user_id":"57e6f52331353100030d0000","duration":151.977},{"created":"2016-09-25T18:21:41Z","user_id":"57e6f52331353100030d0000","duration":8.806},{"created":"2016-09-28T18:37:42Z","user_id":"57ec0c923838610003050400","duration":48.112},{"created":"2016-09-28T23:03:06Z","user_id":"57eb02d238386100031b0100","duration":24.619}]},{"data":{"em_valuation_ground":"$60,000","em_valuation_building":"$20,000"},"votes":8,"confidence":0.38095238095238093,"instances":[{"created":"2016-03-07T10:30:32Z","user_id":"56dd54356561330003360100","duration":14.842},{"created":"2016-03-07T21:00:44Z","user_id":"56ddeb5365613300035a0200","duration":6.315},{"created":"2016-03-07T23:28:51Z","user_id":"56de0d9c3731660003990100","duration":3.836},{"created":"2016-03-08T12:55:36Z","user_id":"56decaaa37316600033e0200","duration":8.526},{"created":"2016-03-08T13:49:08Z","user_id":"56ded8403731660003b00200","duration":5.493},{"created":"2016-03-09T00:18:38Z","user_id":"56df6b546164330003010000","duration":6.524},{"created":"2016-03-09T09:07:34Z","user_id":"56dfe7606164330003870000","duration":9.326},{"created":"2016-09-26T14:18:41Z","user_id":"57e92d7f31346100039b0200","duration":12.503}]},{"data":{"em_valuation_ground":"60000","em_valuation_building":"20000"},"votes":4,"confidence":0.19047619047619047,"instances":[{"created":"2016-02-28T17:01:53Z","user_id":"563f8b7a3264340003774b00","duration":8.652},{"created":"2016-03-07T21:47:39Z","user_id":"5668b33530333000032d0500","duration":7.268},{"created":"2016-03-07T22:18:39Z","user_id":"56ddf6f737316600030d0000","duration":10.388},{"created":"2016-03-08T14:12:53Z","user_id":"56dedcd33731660003f00200","duration":7.92}]}],"region":{"x":667.0011448148209,"y":619.3642171012161,"width":334.3860920011447,"height":89.11080616413506,"label":"Valuation","shape":"rectangle"},"task_key":"em_transcribed_valuation_itemized","instructions":{"mark":"Valuation","transcribe":"Sometimes valuations include itemized dollar values for \"ground\" and \"building\". Enter these amounts if you can find them. In the next screen, you'll enter the total valuation.","verify":"Choose the best transcription or enter your own!"}},{"id":"580d812b61643900032c0602","status":"complete","name":"Amount Loaned","created_in_workflow":"verify","confidence":1.0,"data":{"value":"$25,000"},"versions":[{"data":{"value":"$25000.-"},"votes":2,"confidence":0.4,"instances":[{"created":"2016-02-05T22:01:04Z","user_id":"56980a2d3337650003270200","duration":4.749},{"created":"2016-03-07T02:39:30Z","user_id":"56dce40f65613300030d0000","duration":4.734}]},{"data":{"value":"$25,000"},"votes":2,"confidence":0.4,"instances":[{"created":"2016-03-07T10:30:47Z","user_id":"56dd54356561330003360100","duration":3.751},{"created":"2016-03-07T21:01:40Z","user_id":"56ddeb5365613300035a0200","duration":5.456}]},{"data":{"value":"$25000"},"votes":1,"confidence":0.2,"instances":[{"created":"2016-03-03T01:25:41Z","user_id":"563f8b7a3264340003774b00","duration":6.522}]}],"region":{"x":756.9942355380841,"y":707.5927380558053,"width":237.3347196525275,"height":56.466253410937156,"label":"Amount Loaned","shape":"rectangle"},"task_key":"em_transcribed_amount_loaned","instructions":{"mark":"Amount Loaned","transcribe":"Enter the Amount Loaned","verify":"Choose the best transcription or enter your own!"}}]}],"export_document":{"name":"Record","export_fields":[{"name":"Mortgager","value":"Oscar T. Marshall","original_value":{"value":"Oscar T. Marshall"},"assertion_ids":["580d812b6164390003230602"]},{"name":"Street Address","value":"NW Cor. 79 St \u0026 3 Ave","original_value":{"value":"NW Cor. 79 St \u0026 3 Ave"},"assertion_ids":["580d812b6164390003240602"]},{"name":"Record Date","value":"1892-06-06T00:00:00Z","original_value":{"value":"June 6/92"},"assertion_ids":["580d812b6164390003280602"]},{"name":"Land \u0026 Building Dimensions","value":{"em_survey_land_dimensions":[0],"em_survey_building_dimensions":[50,50,0,40]},"original_value":{"em_survey_land_dimensions":"See diagram","em_survey_building_dimensions":"50 x 50 \u0026 ex. 25 x 40"},"assertion_ids":["580d812b6164390003260602"]},{"name":"Amount Loaned","value":25000.0,"original_value":{"value":"$25,000"},"assertion_ids":["580d812b61643900032c0602"]},{"name":"Stories \u0026 Materials","value":{"em_record_stories":4,"em_record_material":"br."},"original_value":{"em_record_stories":"4","em_record_material":"br."},"assertion_ids":["580d812b6164390003270602"]},{"name":"Valuation","value":null,"original_value":null,"assertion_ids":null},{"name":"Record Number","value":3906,"original_value":{"value":"3906"},"assertion_ids":["580d812b6164390003220602"]},{"name":"Additional Info","value":"","original_value":{"value":""},"assertion_ids":["580d812b6164390003250602"]}]}}