{"id":"56b10a467061755afbe6c700","meta_data":{"capture_uuid":"13442050-02e7-0133-afbf-58d385a7bbd0","page_uri":"http://digitalcollections.nypl.org/items/13442050-02e7-0133-afbf-58d385a7bbd0","book_uri":"http://digitalcollections.nypl.org/items/109c0900-02e7-0133-03cf-58d385a7bbd0","source_rotated":"0.895174","source_x":"0","source_y":"868.0899999999999","source_w":"1371.67","source_h":"978.9100000000001"},"type":"final_subject_set","search_terms_by_field":{"Land \u0026 Building Dimensions":["404 x 415"],"Stories \u0026 Materials":["Stone"],"Additional Info":["bldg"],"Total Value":["$240,000."],"Record Number":["3971"],"Mortgager":["Fnny Ayers, \u0026 others"],"Street Address":["Corpus Christi Monastery \"Hunts Point\" NY"],"Record Date":["Sept 26/92"],"Amount Loaned":["$120000."]},"subjects":[{"id":"580daa206164390003572e03","type":"root","location":{"standard":"https://s3.amazonaws.com/scribe.nypl.org/emigrant-s4/full/13442050-02e7-0133-afbf-58d385a7bbd0.left-bottom.jpg","thumbnail":"https://s3.amazonaws.com/scribe.nypl.org/emigrant-s4/thumb/13442050-02e7-0133-afbf-58d385a7bbd0.left-bottom.jpg"},"status":"retired","width":1371,"height":978,"meta_data":{"capture_uuid":"13442050-02e7-0133-afbf-58d385a7bbd0","page_uri":"http://digitalcollections.nypl.org/items/13442050-02e7-0133-afbf-58d385a7bbd0","book_uri":"http://digitalcollections.nypl.org/items/109c0900-02e7-0133-03cf-58d385a7bbd0","source_rotated":"0.895174","source_x":"0","source_y":"868.0899999999999","source_w":"1371.67","source_h":"978.9100000000001"},"assertions":[{"id":"580daa206164390003582e03","status":"awaiting_transcriptions","name":"Land \u0026 Building Dimensions","created_in_workflow":"transcribe","confidence":0.3333333333333333,"data":{"em_survey_land_dimensions":"404 x 415","em_survey_building_dimensions":""},"versions":[{"data":{"em_survey_land_dimensions":"404 x 415","em_survey_building_dimensions":""},"votes":1,"confidence":0.3333333333333333,"instances":[{"created":"2016-01-27T23:28:15Z","user_id":"56a948a83038370003a50000","duration":13.083}]}],"region":{"x":79.28455411002265,"y":711.3766457684046,"width":399.52060534307265,"height":86.22747221435202,"label":"Dimension \u0026 Description","shape":"rectangle"},"task_key":"em_record_survey","instructions":{"mark":"Dimension \u0026 Description","transcribe":"Enter, as they appear, any land and building dimensions that were recorded. In the next screen, you'll enter the descriptive information."}},{"id":"580daa206164390003592e03","status":"awaiting_transcriptions","name":"Stories \u0026 Materials","created_in_workflow":"transcribe","confidence":0.3333333333333333,"data":{"em_record_stories":"","em_record_material":"Stone"},"versions":[{"data":{"em_record_stories":"","em_record_material":"Stone"},"votes":1,"confidence":0.3333333333333333,"instances":[{"created":"2016-01-27T23:28:23Z","user_id":"56a948a83038370003a50000","duration":7.736}]}],"region":{"x":79.28455411002265,"y":711.3766457684046,"width":399.52060534307265,"height":86.22747221435202,"label":"Dimension \u0026 Description","shape":"rectangle"},"task_key":"em_record_survey_stories_materials","instructions":{"mark":"Dimension \u0026 Description","transcribe":"Enter, as they appear, the number of stories and the building materials."}},{"id":"580daa2061643900035a2e03","status":"awaiting_transcriptions","name":"Additional Info","created_in_workflow":"transcribe","confidence":0.3333333333333333,"data":{"value":"bldg"},"versions":[{"data":{"value":"bldg"},"votes":1,"confidence":0.3333333333333333,"instances":[{"created":"2016-01-27T23:28:27Z","user_id":"56a948a83038370003a50000","duration":3.839}]}],"region":{"x":79.28455411002265,"y":711.3766457684046,"width":399.52060534307265,"height":86.22747221435202,"label":"Dimension \u0026 Description","shape":"rectangle"},"task_key":"em_record_survey_additional_info","instructions":{"mark":"Dimension \u0026 Description","transcribe":"Enter any additional information you find about the building's construction or significance."}},{"id":"580daa2061643900035b2e03","status":"awaiting_transcriptions","name":"Total Value","created_in_workflow":"transcribe","confidence":0.3333333333333333,"data":{"value":"$240,000."},"versions":[{"data":{"value":"$240,000."},"votes":1,"confidence":0.3333333333333333,"instances":[{"created":"2016-01-28T00:56:10Z","user_id":"56a959fb3634390003780900","duration":15.187}]}],"region":{"x":702.9965782787044,"y":590.6581846683117,"width":331.97575479945954,"height":80.4789740667286,"label":"Valuation","shape":"rectangle"},"task_key":"em_record_valuation_total","instructions":{"mark":"Valuation","transcribe":"Enter the valuation ***total*** (if one is given)"}},{"id":"580daa2061643900035c2e03","status":"complete","name":"Record Number","created_in_workflow":"transcribe","confidence":1.0,"data":{"value":"3971"},"versions":[{"data":{"value":"3971"},"votes":3,"confidence":1.0,"instances":[{"created":"2016-01-28T02:13:31Z","user_id":"56a978243363370003000000","duration":2.944},{"created":"2016-01-28T13:43:29Z","user_id":"56aa191c33633700038b0200","duration":17.347},{"created":"2016-01-28T14:11:38Z","user_id":"56aa219233633700038f0200","duration":8.66}]}],"region":{"x":680.002586604283,"y":58.922106013140585,"width":201.19742715118764,"height":67.54485323457578,"label":"Record Number","shape":"rectangle"},"task_key":"em_record_number","instructions":{"mark":"Record Number","transcribe":"Enter the record number"}},{"id":"580daa2061643900035d2e03","status":"awaiting_votes","name":"Mortgager","created_in_workflow":"verify","confidence":0.3333333333333333,"data":{"value":"Fnny Ayers, \u0026 others"},"versions":[{"data":{"value":"Fnny Ayers, \u0026 others"},"votes":1,"confidence":0.3333333333333333,"instances":[{"created":"2016-09-22T18:52:28Z","user_id":"57c49a363234370003600200","duration":6.431}]}],"region":{"x":76.41030515071998,"y":632.3347962385818,"width":383.7122360669079,"height":38.8023624964585,"label":"Mortgager Name","shape":"rectangle"},"task_key":"em_transcribed_mortgager","instructions":{"mark":"Mortgager Name","transcribe":"Enter the mortgager's name","verify":"Choose the best transcription or enter your own!"}},{"id":"580daa2061643900035e2e03","status":"awaiting_votes","name":"Street Address","created_in_workflow":"verify","confidence":0.3333333333333333,"data":{"value":"Corpus Christi Monastery \"Hunts Point\" NY"},"versions":[{"data":{"value":"Corpus Christi Monastery \"Hunts Point\" NY"},"votes":1,"confidence":0.3333333333333333,"instances":[{"created":"2016-09-22T18:52:52Z","user_id":"57c49a363234370003600200","duration":8.234}]}],"region":{"x":241.67962031062413,"y":661.0772869766993,"width":477.12532724424506,"height":60.359230550046355,"label":"Street Address","shape":"rectangle"},"task_key":"em_transcribed_address","instructions":{"mark":"Street Address","transcribe":"Enter the street address","verify":"Choose the best transcription or enter your own!"}},{"id":"580daa2061643900035f2e03","status":"awaiting_votes","name":"Record Date","created_in_workflow":"verify","confidence":0.3333333333333333,"data":{"value":"Sept 26/92"},"versions":[{"data":{"value":"Sept 26/92"},"votes":1,"confidence":0.3333333333333333,"instances":[{"created":"2016-09-22T18:52:17Z","user_id":"57c49a363234370003600200","duration":17.243}]}],"region":{"x":243.11674479027548,"y":571.9755656885354,"width":183.95193339537158,"height":61.7963550869523,"label":"Record Date","shape":"rectangle"},"task_key":"em_transcribed_date","instructions":{"mark":"Record Date","transcribe":"Enter the record date","verify":"Choose the best transcription or enter your own!"}},{"id":"580daa206164390003602e03","status":"awaiting_votes","name":"Amount Loaned","created_in_workflow":"verify","confidence":0.3333333333333333,"data":{"value":"$120000."},"versions":[{"data":{"value":"$120000."},"votes":1,"confidence":0.3333333333333333,"instances":[{"created":"2016-09-22T18:52:57Z","user_id":"57c49a363234370003600200","duration":4.64}]}],"region":{"x":708.7450761973098,"y":675.4485323457579,"width":291.7362693692221,"height":41.6766115702701,"label":"Amount Loaned","shape":"rectangle"},"task_key":"em_transcribed_amount_loaned","instructions":{"mark":"Amount Loaned","transcribe":"Enter the Amount Loaned","verify":"Choose the best transcription or enter your own!"}}]}],"export_document":{"name":"Record","export_fields":[{"name":"Mortgager","value":"Fnny Ayers, \u0026 others","original_value":{"value":"Fnny Ayers, \u0026 others"},"assertion_ids":["580daa2061643900035d2e03"]},{"name":"Street Address","value":"Corpus Christi Monastery \"Hunts Point\" NY","original_value":{"value":"Corpus Christi Monastery \"Hunts Point\" NY"},"assertion_ids":["580daa2061643900035e2e03"]},{"name":"Record Date","value":"1892-09-26T00:00:00Z","original_value":{"value":"Sept 26/92"},"assertion_ids":["580daa2061643900035f2e03"]},{"name":"Land \u0026 Building Dimensions","value":{"em_survey_land_dimensions":[404,415],"em_survey_building_dimensions":[]},"original_value":{"em_survey_land_dimensions":"404 x 415","em_survey_building_dimensions":""},"assertion_ids":["580daa206164390003582e03"]},{"name":"Amount Loaned","value":120000.0,"original_value":{"value":"$120000."},"assertion_ids":["580daa206164390003602e03"]},{"name":"Stories \u0026 Materials","value":{"em_record_stories":null,"em_record_material":"Stone"},"original_value":{"em_record_stories":"","em_record_material":"Stone"},"assertion_ids":["580daa206164390003592e03"]},{"name":"Valuation","value":null,"original_value":null,"assertion_ids":null},{"name":"Record Number","value":3971,"original_value":{"value":"3971"},"assertion_ids":["580daa2061643900035c2e03"]},{"name":"Additional Info","value":"bldg","original_value":{"value":"bldg"},"assertion_ids":["580daa2061643900035a2e03"]}]}}