{"id":"56b10a657061755afb45ca00","meta_data":{"capture_uuid":"1391d3c0-02e7-0133-ac52-58d385a7bbd0","page_uri":"http://digitalcollections.nypl.org/items/1391d3c0-02e7-0133-ac52-58d385a7bbd0","book_uri":"http://digitalcollections.nypl.org/items/109c0900-02e7-0133-03cf-58d385a7bbd0","source_rotated":"0.391664","source_x":"0","source_y":"857.28","source_w":"1363.19","source_h":"966.72"},"type":"final_subject_set","search_terms_by_field":{"Valuation Date":["Mars 6/93"],"Land \u0026 Building Value":["4000","5000","4000","5000","4000","5000"],"Total Value":[],"Amount Loaned":["$4000","$4000","$4000 and 500 add'l"],"Record Number":["4003"],"Mortgager":["Fanny I. Healy"],"Street Address":["304 E 82 St"],"Land \u0026 Building Dimensions":["18 x 51.2","18 x 51"],"Stories \u0026 Materials":["3","br"],"Record Date":["Mar 6/93"]},"subjects":[{"id":"580db5076164390003ac8903","type":"root","location":{"standard":"https://s3.amazonaws.com/scribe.nypl.org/emigrant-s4/full/1391d3c0-02e7-0133-ac52-58d385a7bbd0.left-bottom.jpg","thumbnail":"https://s3.amazonaws.com/scribe.nypl.org/emigrant-s4/thumb/1391d3c0-02e7-0133-ac52-58d385a7bbd0.left-bottom.jpg"},"status":"retired","width":1363,"height":966,"meta_data":{"capture_uuid":"1391d3c0-02e7-0133-ac52-58d385a7bbd0","page_uri":"http://digitalcollections.nypl.org/items/1391d3c0-02e7-0133-ac52-58d385a7bbd0","book_uri":"http://digitalcollections.nypl.org/items/109c0900-02e7-0133-03cf-58d385a7bbd0","source_rotated":"0.391664","source_x":"0","source_y":"857.28","source_w":"1363.19","source_h":"966.72"},"assertions":[{"id":"580db5076164390003ad8903","status":"awaiting_transcriptions","name":"Valuation Date","created_in_workflow":"transcribe","confidence":0.3333333333333333,"data":{"value":"Mars 6/93"},"versions":[{"data":{"value":"Mars 6/93"},"votes":1,"confidence":0.3333333333333333,"instances":[{"created":"2015-11-26T21:33:17Z","user_id":"56572ba06332630003480500","duration":62.564}]},{"data":{"value":""},"votes":1,"confidence":0.3333333333333333,"instances":[{"created":"2015-11-27T01:59:16Z","user_id":"5647496e3562310003960400","duration":2.318}]}],"region":{"x":699.5293439857987,"y":601.6633504974254,"width":293.61997686267205,"height":72.11718242263657,"label":"Valuation","shape":"rectangle"},"task_key":"em_record_valuation","instructions":{"mark":"Valuation","transcribe":"Enter the date of the valuation (if one is given). In the next screen, you'll enter the valuation's dollar amounts."}},{"id":"580db5076164390003ae8903","status":"awaiting_transcriptions","name":"Land \u0026 Building Value","created_in_workflow":"transcribe","confidence":0.6666666666666666,"data":{"em_valuation_ground":"4000","em_valuation_building":"5000"},"versions":[{"data":{"em_valuation_ground":"4000","em_valuation_building":"5000"},"votes":2,"confidence":0.6666666666666666,"instances":[{"created":"2015-11-26T21:33:26Z","user_id":"56572ba06332630003480500","duration":8.436},{"created":"2015-11-27T01:59:23Z","user_id":"5647496e3562310003960400","duration":6.984}]}],"region":{"x":699.5293439857987,"y":601.6633504974254,"width":293.61997686267205,"height":72.11718242263657,"label":"Valuation","shape":"rectangle"},"task_key":"em_record_valuation_ground_building","instructions":{"mark":"Valuation","transcribe":"Sometimes valuations include itemized dollar values for \"ground\" and \"building\". Enter these amounts if you can find them. In the next screen, you'll enter the total valuation."}},{"id":"580db5076164390003af8903","status":"awaiting_transcriptions","name":"Total Value","created_in_workflow":"transcribe","confidence":0.3333333333333333,"data":{"value":""},"versions":[{"data":{"value":""},"votes":1,"confidence":0.3333333333333333,"instances":[{"created":"2015-11-27T01:59:26Z","user_id":"5647496e3562310003960400","duration":3.038}]}],"region":{"x":699.5293439857987,"y":601.6633504974254,"width":293.61997686267205,"height":72.11718242263657,"label":"Valuation","shape":"rectangle"},"task_key":"em_record_valuation_total","instructions":{"mark":"Valuation","transcribe":"Enter the valuation ***total*** (if one is given)"}},{"id":"580db5076164390003b08903","status":"awaiting_transcriptions","name":"Amount Loaned","created_in_workflow":"transcribe","confidence":0.3333333333333333,"data":{"value":"$4000"},"versions":[{"data":{"value":"$4000"},"votes":1,"confidence":0.3333333333333333,"instances":[{"created":"2015-11-26T21:34:31Z","user_id":"56572ba06332630003480500","duration":14.158}]},{"data":{"value":"$4000, add'l 500"},"votes":1,"confidence":0.3333333333333333,"instances":[{"created":"2015-11-27T01:59:53Z","user_id":"5647496e3562310003960400","duration":26.669}]}],"region":{"x":869.5198569062931,"y":682.0224966255062,"width":119.50848181077185,"height":52.54251862220667,"label":"Amount Loaned","shape":"rectangle"},"task_key":"em_record_amount_loaned","instructions":{"mark":"Amount Loaned","transcribe":"Enter the Amount Loaned"}},{"id":"580db5076164390003b18903","status":"complete","name":"Land \u0026 Building Value","created_in_workflow":"verify","confidence":1.0,"data":{"em_valuation_ground":"4000","em_valuation_building":"5000"},"versions":[{"data":{"em_valuation_ground":"4000","em_valuation_building":"5000"},"votes":6,"confidence":0.6666666666666666,"instances":[{"created":"2016-04-23T12:43:51Z","user_id":"563f8b7a3264340003774b00","duration":24.711},{"created":"2016-04-27T21:24:07Z","user_id":"57212b913431360003610000","duration":45.232},{"created":"2016-04-28T21:07:39Z","user_id":"57227b706636390003ad0000","duration":37.911},{"created":"2016-04-28T23:45:32Z","user_id":"5722a0476636390003b80000","duration":77.188},{"created":"2016-04-28T23:51:55Z","user_id":"5722a1f16636390003ca0000","duration":27.377},{"created":"2016-04-29T00:23:33Z","user_id":"5722a9846636390003d60000","duration":64.131}]},{"data":{"em_valuation_ground":"$4,000","em_valuation_building":"$5,000"},"votes":2,"confidence":0.2222222222222222,"instances":[{"created":"2016-04-28T00:28:48Z","user_id":"572157c134313600038c0100","duration":25.399},{"created":"2016-04-28T20:04:26Z","user_id":"57226cc96636390003a70000","duration":18.931}]},{"data":{"em_valuation_ground":"4000"},"votes":1,"confidence":0.1111111111111111,"instances":[{"created":"2016-04-28T20:15:19Z","user_id":"57226ec96636390003aa0000","duration":137.392}]}],"region":{"x":863.9147283498569,"y":605.6169007435383,"width":96.31497656872443,"height":30.645674495456205,"label":"Valuation","shape":"rectangle"},"task_key":"em_transcribed_valuation_itemized","instructions":{"mark":"Valuation","transcribe":"Sometimes valuations include itemized dollar values for \"ground\" and \"building\". Enter these amounts if you can find them. In the next screen, you'll enter the total valuation.","verify":"Choose the best transcription or enter your own!"}},{"id":"580db5076164390003b28903","status":"complete","name":"Land \u0026 Building Value","created_in_workflow":"verify","confidence":1.0,"data":{"em_valuation_ground":"4000","em_valuation_building":"5000"},"versions":[{"data":{"em_valuation_ground":"4000","em_valuation_building":"5000"},"votes":2,"confidence":0.6666666666666666,"instances":[{"created":"2016-04-27T21:25:10Z","user_id":"57212b913431360003610000","duration":17.506},{"created":"2016-04-28T01:24:53Z","user_id":"5721639b3431360003420200","duration":6.389}]},{"data":{"em_valuation_ground":"$4,000","em_valuation_building":"$5,000"},"votes":1,"confidence":0.3333333333333333,"instances":[{"created":"2016-04-28T00:28:56Z","user_id":"572157c134313600038c0100","duration":7.663}]}],"region":{"x":891.6417670590351,"y":647.9371179039301,"width":84.6404339543335,"height":30.645674495456205,"label":"Valuation","shape":"rectangle"},"task_key":"em_transcribed_valuation_itemized","instructions":{"mark":"Valuation","transcribe":"Sometimes valuations include itemized dollar values for \"ground\" and \"building\". Enter these amounts if you can find them. In the next screen, you'll enter the total valuation.","verify":"Choose the best transcription or enter your own!"}},{"id":"580db5076164390003b38903","status":"complete","name":"Record Number","created_in_workflow":"transcribe","confidence":1.0,"data":{"value":"4003"},"versions":[{"data":{"value":"4003"},"votes":3,"confidence":1.0,"instances":[{"created":"2015-11-14T21:11:49Z","user_id":"564618af6363350003da0c00","duration":3.049},{"created":"2015-11-14T22:41:02Z","user_id":"5647b59a3562310003240c00","duration":6.996},{"created":"2015-11-14T23:05:23Z","user_id":"5647be1c3562310003970c00","duration":3.088}]}],"region":{"x":755.9252091667416,"y":84.64043432078367,"width":113.8267904903106,"height":35.02362799480703,"label":"Record Number","shape":"rectangle"},"task_key":"em_record_number","instructions":{"mark":"Record Number","transcribe":"Enter the record number"}},{"id":"580db5076164390003b48903","status":"complete","name":"Mortgager","created_in_workflow":"verify","confidence":1.0,"data":{"value":"Fanny I. Healy"},"versions":[{"data":{"value":"Fanny I. Healy"},"votes":2,"confidence":0.6666666666666666,"instances":[{"created":"2016-04-25T23:22:31Z","user_id":"571ea1136663350003330400","duration":61.146},{"created":"2016-04-26T02:01:22Z","user_id":"571edc6266633800033b0000","duration":44.096}]},{"data":{"value":"Fanny T Healy"},"votes":1,"confidence":0.3333333333333333,"instances":[{"created":"2016-04-23T11:54:45Z","user_id":"563f8b7a3264340003774b00","duration":29.364}]}],"region":{"x":207.22170629037217,"y":640.6405287383453,"width":253.92130186300076,"height":48.15748849285967,"label":"Mortgager Name","shape":"rectangle"},"task_key":"em_transcribed_mortgager","instructions":{"mark":"Mortgager Name","transcribe":"Enter the mortgager's name","verify":"Choose the best transcription or enter your own!"}},{"id":"580db5076164390003b58903","status":"awaiting_votes","name":"Street Address","created_in_workflow":"verify","confidence":0.6666666666666666,"data":{"value":"304 E 82 St"},"versions":[{"data":{"value":"304 E 82 St"},"votes":2,"confidence":0.6666666666666666,"instances":[{"created":"2016-04-25T23:22:54Z","user_id":"571ea1136663350003330400","duration":14.992},{"created":"2016-09-26T03:10:38Z","user_id":"57c49a363234370003600200","duration":13.146}]},{"data":{"value":"304 E. 82nd St."},"votes":1,"confidence":0.3333333333333333,"instances":[{"created":"2016-04-23T11:58:09Z","user_id":"563f8b7a3264340003774b00","duration":16.132}]}],"region":{"x":248.08260544074008,"y":675.6641567331521,"width":262.6772088237939,"height":45.2388528266258,"label":"Street Address","shape":"rectangle"},"task_key":"em_transcribed_address","instructions":{"mark":"Street Address","transcribe":"Enter the street address","verify":"Choose the best transcription or enter your own!"}},{"id":"580db5076164390003b68903","status":"awaiting_votes","name":"Land \u0026 Building Dimensions","created_in_workflow":"verify","confidence":0.3333333333333333,"data":{"em_survey_land_dimensions":"18 x 51.2","em_survey_building_dimensions":"18 x 51"},"versions":[{"data":{"em_survey_land_dimensions":"18 x 51.2","em_survey_building_dimensions":"18 x 51"},"votes":1,"confidence":0.3333333333333333,"instances":[{"created":"2016-09-11T03:07:23Z","user_id":"57c49a363234370003600200","duration":8.255}]}],"region":{"x":318.1298611270851,"y":731.1182343915968,"width":261.217890996995,"height":80.26248082143275,"label":"Dimension \u0026 Description","shape":"rectangle"},"task_key":"em_transcribed_survey","instructions":{"mark":"Dimension \u0026 Description","transcribe":"Enter, as they appear, any land and building dimensions that were recorded. In the next screen, you'll enter the descriptive information.","verify":"Choose the best transcription or enter your own!"}},{"id":"580db5076164390003b78903","status":"complete","name":"Stories \u0026 Materials","created_in_workflow":"transcribe","confidence":1.0,"data":{"em_record_stories":"3","em_record_material":"br"},"versions":[{"data":{"em_record_stories":"3","em_record_material":"br"},"votes":3,"confidence":1.0,"instances":[{"created":"2015-11-14T21:21:26Z","user_id":"5647496e3562310003960400","duration":8.086},{"created":"2015-11-14T22:48:30Z","user_id":"5647b59a3562310003240c00","duration":9.709},{"created":"2016-09-10T18:07:07Z","user_id":"57d42d123161390003090000","duration":3.881}]}],"region":{"x":318.1298611270851,"y":731.1182343915968,"width":261.217890996995,"height":80.26248082143275,"label":"Dimension \u0026 Description","shape":"rectangle"},"task_key":"em_record_survey_stories_materials","instructions":{"mark":"Dimension \u0026 Description","transcribe":"Enter, as they appear, the number of stories and the building materials."}},{"id":"580db5076164390003b88903","status":"complete","name":"Record Date","created_in_workflow":"verify","confidence":1.0,"data":{"value":"Mar 6/93"},"versions":[{"data":{"value":"Mar 6/93"},"votes":3,"confidence":1.0,"instances":[{"created":"2016-04-23T12:45:14Z","user_id":"563f8b7a3264340003774b00","duration":4.204},{"created":"2016-04-28T00:27:37Z","user_id":"5712af436365650003140000","duration":4.094},{"created":"2016-04-28T01:50:07Z","user_id":"57216bd13431360003c90300","duration":67.215}]}],"region":{"x":262.67578370872866,"y":602.6982650773044,"width":176.57745704266142,"height":40.860899327274865,"label":"Record Date","shape":"rectangle"},"task_key":"em_transcribed_date","instructions":{"mark":"Record Date","transcribe":"Enter the record date","verify":"Choose the best transcription or enter your own!"}},{"id":"580db5076164390003b98903","status":"awaiting_votes","name":"Amount Loaned","created_in_workflow":"verify","confidence":0.3333333333333333,"data":{"value":"$4000"},"versions":[{"data":{"value":"$4000"},"votes":1,"confidence":0.3333333333333333,"instances":[{"created":"2016-09-13T18:12:11Z","user_id":"57c49a363234370003600200","duration":13.487}]}],"region":{"x":726.7542064966534,"y":676.7867849495259,"width":443.0859621164865,"height":60.789232181095144,"label":"Amount Loaned","shape":"rectangle"},"task_key":"em_transcribed_amount_loaned","instructions":{"mark":"Amount Loaned","transcribe":"Enter the Amount Loaned","verify":"Choose the best transcription or enter your own!"}},{"id":"580db5076164390003ba8903","status":"awaiting_votes","name":"Amount Loaned","created_in_workflow":"transcribe","confidence":0.3333333333333333,"data":{"value":"$4000 and 500 add'l"},"versions":[{"data":{"value":"$4000 and 500 add'l"},"votes":1,"confidence":0.3333333333333333,"instances":[{"created":"2016-04-28T00:58:52Z","user_id":"563f8b7a3264340003774b00","duration":46.362}]},{"data":{"value":"$4,500"},"votes":1,"confidence":0.3333333333333333,"instances":[{"created":"2016-04-28T01:19:02Z","user_id":"5721639b3431360003420200","duration":26.226}]},{"data":{"value":"$4000.  500. July 29, 1898"},"votes":1,"confidence":0.3333333333333333,"instances":[{"created":"2016-04-28T02:05:25Z","user_id":"5712af436365650003140000","duration":16.692}]}],"region":{"x":854.1380617047389,"y":682.2383746002718,"width":318.3778900084951,"height":51.351274384166345,"label":"Amount Loaned","shape":"rectangle"},"task_key":"em_record_amount_loaned","instructions":{"mark":"Amount Loaned","transcribe":"Enter the Amount Loaned"}}]}],"export_document":{"name":"Record","export_fields":[{"name":"Mortgager","value":"Fanny I. Healy","original_value":{"value":"Fanny I. Healy"},"assertion_ids":["580db5076164390003b48903"]},{"name":"Street Address","value":"304 E 82 St","original_value":{"value":"304 E 82 St"},"assertion_ids":["580db5076164390003b58903"]},{"name":"Record Date","value":"1893-03-06T00:00:00Z","original_value":{"value":"Mar 6/93"},"assertion_ids":["580db5076164390003b88903"]},{"name":"Land \u0026 Building Dimensions","value":{"em_survey_land_dimensions":[18,51.166666666666664],"em_survey_building_dimensions":[18,51]},"original_value":{"em_survey_land_dimensions":"18 x 51.2","em_survey_building_dimensions":"18 x 51"},"assertion_ids":["580db5076164390003b68903"]},{"name":"Amount Loaned","value":4000.0,"original_value":{"value":"$4000"},"assertion_ids":["580db5076164390003b08903"]},{"name":"Stories \u0026 Materials","value":{"em_record_stories":3,"em_record_material":"br"},"original_value":{"em_record_stories":"3","em_record_material":"br"},"assertion_ids":["580db5076164390003b78903"]},{"name":"Valuation","value":null,"original_value":null,"assertion_ids":null},{"name":"Record Number","value":4003,"original_value":{"value":"4003"},"assertion_ids":["580db5076164390003b38903"]}]}}