{"id":"56b109fb7061755afb2ec200","meta_data":{"capture_uuid":"12465c30-02e7-0133-5f76-58d385a7bbd0","page_uri":"http://digitalcollections.nypl.org/items/12465c30-02e7-0133-5f76-58d385a7bbd0","book_uri":"http://digitalcollections.nypl.org/items/109c0900-02e7-0133-03cf-58d385a7bbd0","source_rotated":"0.895174","source_x":"1217.3","source_y":"0","source_w":"1372.7","source_h":"903.0699999999999"},"type":"final_subject_set","search_terms_by_field":{"Land \u0026 Building Dimensions":["25 x 87.11","25 x 80"],"Stories \u0026 Materials":["5","br"],"Additional Info":[],"Valuation Date":[],"Land \u0026 Building Value":["15000.","15000."],"Total Value":[],"Record Number":["3868"],"Mortgager":["Mary O'Neill"],"Street Address":["41 Essex St"],"Record Date":["Mar 21/92"],"Amount Loaned":["$13500."]},"subjects":[{"id":"580d6c896164390003d73601","type":"root","location":{"standard":"https://s3.amazonaws.com/scribe.nypl.org/emigrant-s4/full/12465c30-02e7-0133-5f76-58d385a7bbd0.right-top.jpg","thumbnail":"https://s3.amazonaws.com/scribe.nypl.org/emigrant-s4/thumb/12465c30-02e7-0133-5f76-58d385a7bbd0.right-top.jpg"},"status":"retired","width":1372,"height":903,"meta_data":{"capture_uuid":"12465c30-02e7-0133-5f76-58d385a7bbd0","page_uri":"http://digitalcollections.nypl.org/items/12465c30-02e7-0133-5f76-58d385a7bbd0","book_uri":"http://digitalcollections.nypl.org/items/109c0900-02e7-0133-03cf-58d385a7bbd0","source_rotated":"0.895174","source_x":"1217.3","source_y":"0","source_w":"1372.7","source_h":"903.0699999999999"},"assertions":[{"id":"580d6c896164390003d83601","status":"awaiting_transcriptions","name":"Land \u0026 Building Dimensions","created_in_workflow":"transcribe","confidence":0.3333333333333333,"data":{"em_survey_land_dimensions":"25 x 87.11","em_survey_building_dimensions":"25 x 80"},"versions":[{"data":{"em_survey_land_dimensions":"25 x 87.11","em_survey_building_dimensions":"25 x 80"},"votes":1,"confidence":0.3333333333333333,"instances":[{"created":"2016-01-11T19:27:41Z","user_id":"5693fa763166380003400300","duration":20.971}]}],"region":{"x":325.1033011025513,"y":750.9078085642318,"width":327.53655023779675,"height":97.04785894206543,"label":"Dimension \u0026 Description","shape":"rectangle"},"task_key":"em_record_survey","instructions":{"mark":"Dimension \u0026 Description","transcribe":"Enter, as they appear, any land and building dimensions that were recorded. In the next screen, you'll enter the descriptive information."}},{"id":"580d6c896164390003d93601","status":"awaiting_transcriptions","name":"Stories \u0026 Materials","created_in_workflow":"transcribe","confidence":0.3333333333333333,"data":{"em_record_stories":"5","em_record_material":"br"},"versions":[{"data":{"em_record_stories":"5","em_record_material":"br"},"votes":1,"confidence":0.3333333333333333,"instances":[{"created":"2016-01-11T19:27:46Z","user_id":"5693fa763166380003400300","duration":5.191}]}],"region":{"x":325.1033011025513,"y":750.9078085642318,"width":327.53655023779675,"height":97.04785894206543,"label":"Dimension \u0026 Description","shape":"rectangle"},"task_key":"em_record_survey_stories_materials","instructions":{"mark":"Dimension \u0026 Description","transcribe":"Enter, as they appear, the number of stories and the building materials."}},{"id":"580d6c896164390003da3601","status":"awaiting_transcriptions","name":"Additional Info","created_in_workflow":"transcribe","confidence":0.3333333333333333,"data":{"value":""},"versions":[{"data":{"value":""},"votes":1,"confidence":0.3333333333333333,"instances":[{"created":"2016-01-11T19:27:48Z","user_id":"5693fa763166380003400300","duration":1.11}]}],"region":{"x":325.1033011025513,"y":750.9078085642318,"width":327.53655023779675,"height":97.04785894206543,"label":"Dimension \u0026 Description","shape":"rectangle"},"task_key":"em_record_survey_additional_info","instructions":{"mark":"Dimension \u0026 Description","transcribe":"Enter any additional information you find about the building's construction or significance."}},{"id":"580d6c896164390003db3601","status":"awaiting_transcriptions","name":"Valuation Date","created_in_workflow":"transcribe","confidence":0.3333333333333333,"data":{"value":""},"versions":[{"data":{"value":""},"votes":1,"confidence":0.3333333333333333,"instances":[{"created":"2016-01-11T19:26:42Z","user_id":"5693fa763166380003400300","duration":4.08}]}],"region":{"x":870.9975514988791,"y":633.2372795969774,"width":183.17784846632344,"height":81.27758186397978,"label":"Valuation","shape":"rectangle"},"task_key":"em_record_valuation","instructions":{"mark":"Valuation","transcribe":"Enter the date of the valuation (if one is given). In the next screen, you'll enter the valuation's dollar amounts."}},{"id":"580d6c896164390003dc3601","status":"awaiting_transcriptions","name":"Land \u0026 Building Value","created_in_workflow":"transcribe","confidence":0.3333333333333333,"data":{"em_valuation_ground":"15000.","em_valuation_building":"15000."},"versions":[{"data":{"em_valuation_ground":"15000.","em_valuation_building":"15000."},"votes":1,"confidence":0.3333333333333333,"instances":[{"created":"2016-01-11T19:26:51Z","user_id":"5693fa763166380003400300","duration":9.232}]}],"region":{"x":870.9975514988791,"y":633.2372795969774,"width":183.17784846632344,"height":81.27758186397978,"label":"Valuation","shape":"rectangle"},"task_key":"em_record_valuation_ground_building","instructions":{"mark":"Valuation","transcribe":"Sometimes valuations include itemized dollar values for \"ground\" and \"building\". Enter these amounts if you can find them. In the next screen, you'll enter the total valuation."}},{"id":"580d6c896164390003dd3601","status":"awaiting_transcriptions","name":"Total Value","created_in_workflow":"transcribe","confidence":0.3333333333333333,"data":{"value":""},"versions":[{"data":{"value":""},"votes":1,"confidence":0.3333333333333333,"instances":[{"created":"2016-01-11T19:26:52Z","user_id":"5693fa763166380003400300","duration":0.511}]}],"region":{"x":870.9975514988791,"y":633.2372795969774,"width":183.17784846632344,"height":81.27758186397978,"label":"Valuation","shape":"rectangle"},"task_key":"em_record_valuation_total","instructions":{"mark":"Valuation","transcribe":"Enter the valuation ***total*** (if one is given)"}},{"id":"580d6c896164390003de3601","status":"complete","name":"Record Number","created_in_workflow":"transcribe","confidence":1.0,"data":{"value":"3868"},"versions":[{"data":{"value":"3868"},"votes":3,"confidence":1.0,"instances":[{"created":"2016-01-11T19:26:05Z","user_id":"5693fa763166380003400300","duration":8.197},{"created":"2016-01-12T17:00:43Z","user_id":"569530513830650003110100","duration":4.313},{"created":"2016-01-12T17:18:12Z","user_id":"569534036266390003ca0600","duration":4.223}]}],"region":{"x":809.129536453962,"y":86.12997481108313,"width":124.94912842404835,"height":84.9168765743073,"label":"Record Number","shape":"rectangle"},"task_key":"em_record_number","instructions":{"mark":"Record Number","transcribe":"Enter the record number"}},{"id":"580d6c896164390003df3601","status":"complete","name":"Mortgager","created_in_workflow":"transcribe","confidence":1.0,"data":{"value":"Mary O'Neill"},"versions":[{"data":{"value":"Mary O'Neill"},"votes":3,"confidence":1.0,"instances":[{"created":"2016-01-11T19:27:03Z","user_id":"5693fa763166380003400300","duration":11.271},{"created":"2016-01-12T17:01:33Z","user_id":"569530513830650003110100","duration":10.599},{"created":"2016-01-12T17:19:44Z","user_id":"569534036266390003ca0600","duration":5.957}]}],"region":{"x":229.26853269964045,"y":652.6468513853905,"width":310.5531735587998,"height":61.868010075566644,"label":"Mortgager Name","shape":"rectangle"},"task_key":"em_record_mortgager","instructions":{"mark":"Mortgager Name","transcribe":"Enter the mortgager's name"}},{"id":"580d6c896164390003e03601","status":"awaiting_votes","name":"Street Address","created_in_workflow":"verify","confidence":0.3333333333333333,"data":{"value":"41 Essex St"},"versions":[{"data":{"value":"41 Essex St"},"votes":1,"confidence":0.3333333333333333,"instances":[{"created":"2016-09-20T16:49:43Z","user_id":"57c49a363234370003600200","duration":6.133}]}],"region":{"x":236.54712270492482,"y":697.5314861460957,"width":322.6841569009405,"height":72.78589420654907,"label":"Street Address","shape":"rectangle"},"task_key":"em_transcribed_address","instructions":{"mark":"Street Address","transcribe":"Enter the street address","verify":"Choose the best transcription or enter your own!"}},{"id":"580d6c896164390003e13601","status":"complete","name":"Record Date","created_in_workflow":"transcribe","confidence":1.0,"data":{"value":"Mar 21/92"},"versions":[{"data":{"value":"Mar 21/92"},"votes":3,"confidence":1.0,"instances":[{"created":"2016-01-12T17:01:22Z","user_id":"569530513830650003110100","duration":10.693},{"created":"2016-01-12T17:19:10Z","user_id":"569534036266390003ca0600","duration":7.441},{"created":"2016-01-12T18:15:49Z","user_id":"569540186266390003460700","duration":9.86}]}],"region":{"x":303.2675310866982,"y":616.2539042821159,"width":236.55417517174203,"height":59.441813602015145,"label":"Record Date","shape":"rectangle"},"task_key":"em_record_date","instructions":{"mark":"Record Date","transcribe":"Enter the record date"}},{"id":"580d6c896164390003e23601","status":"complete","name":"Amount Loaned","created_in_workflow":"transcribe","confidence":1.0,"data":{"value":"$13500."},"versions":[{"data":{"value":"$13500."},"votes":3,"confidence":1.0,"instances":[{"created":"2016-01-11T19:27:20Z","user_id":"5693fa763166380003400300","duration":8.935},{"created":"2016-01-11T20:58:08Z","user_id":"569414553166380003660500","duration":5.36},{"created":"2016-01-12T17:01:50Z","user_id":"569530513830650003110100","duration":10.366}]}],"region":{"x":897.6857148515885,"y":698.7445843828716,"width":194.09573347424998,"height":77.6382871536523,"label":"Amount Loaned","shape":"rectangle"},"task_key":"em_record_amount_loaned","instructions":{"mark":"Amount Loaned","transcribe":"Enter the Amount Loaned"}}]}],"export_document":{"name":"Record","export_fields":[{"name":"Mortgager","value":"Mary O'Neill","original_value":{"value":"Mary O'Neill"},"assertion_ids":["580d6c896164390003df3601"]},{"name":"Street Address","value":"41 Essex St","original_value":{"value":"41 Essex St"},"assertion_ids":["580d6c896164390003e03601"]},{"name":"Record Date","value":"1892-03-21T00:00:00Z","original_value":{"value":"Mar 21/92"},"assertion_ids":["580d6c896164390003e13601"]},{"name":"Land \u0026 Building Dimensions","value":{"em_survey_land_dimensions":[25,87.91666666666667],"em_survey_building_dimensions":[25,80]},"original_value":{"em_survey_land_dimensions":"25 x 87.11","em_survey_building_dimensions":"25 x 80"},"assertion_ids":["580d6c896164390003d83601"]},{"name":"Amount Loaned","value":13500.0,"original_value":{"value":"$13500."},"assertion_ids":["580d6c896164390003e23601"]},{"name":"Stories \u0026 Materials","value":{"em_record_stories":5,"em_record_material":"br"},"original_value":{"em_record_stories":"5","em_record_material":"br"},"assertion_ids":["580d6c896164390003d93601"]},{"name":"Valuation","value":null,"original_value":null,"assertion_ids":null},{"name":"Record Number","value":3868,"original_value":{"value":"3868"},"assertion_ids":["580d6c896164390003de3601"]},{"name":"Additional Info","value":"","original_value":{"value":""},"assertion_ids":["580d6c896164390003da3601"]}]}}