{"id":"56b109ff7061755afb70c200","meta_data":{"capture_uuid":"12501290-02e7-0133-d72d-58d385a7bbd0","page_uri":"http://digitalcollections.nypl.org/items/12501290-02e7-0133-d72d-58d385a7bbd0","book_uri":"http://digitalcollections.nypl.org/items/109c0900-02e7-0133-03cf-58d385a7bbd0","source_rotated":"0.923143","source_x":"1218.24","source_y":"885.4799999999999","source_w":"1373.76","source_h":"998.5200000000001"},"type":"final_subject_set","search_terms_by_field":{"Valuation Date":[],"Land \u0026 Building Value":["6000"],"Record Number":["3873"],"Mortgager":["Wm Minnick"],"Street Address":["vacant lot, M.S. 115 St 150 ft W of 7 Ave"],"Land \u0026 Building Dimensions":["25 x 100"],"Record Date":["Mar. 28/92"],"Amount Loaned":["$2000"]},"subjects":[{"id":"580d85ea6164390003c83402","type":"root","location":{"standard":"https://s3.amazonaws.com/scribe.nypl.org/emigrant-s4/full/12501290-02e7-0133-d72d-58d385a7bbd0.right-bottom.jpg","thumbnail":"https://s3.amazonaws.com/scribe.nypl.org/emigrant-s4/thumb/12501290-02e7-0133-d72d-58d385a7bbd0.right-bottom.jpg"},"status":"retired","width":1373,"height":998,"meta_data":{"capture_uuid":"12501290-02e7-0133-d72d-58d385a7bbd0","page_uri":"http://digitalcollections.nypl.org/items/12501290-02e7-0133-d72d-58d385a7bbd0","book_uri":"http://digitalcollections.nypl.org/items/109c0900-02e7-0133-03cf-58d385a7bbd0","source_rotated":"0.923143","source_x":"1218.24","source_y":"885.4799999999999","source_w":"1373.76","source_h":"998.5200000000001"},"assertions":[{"id":"580d85ea6164390003c93402","status":"awaiting_transcriptions","name":"Valuation Date","created_in_workflow":"transcribe","confidence":0.3333333333333333,"data":{"value":""},"versions":[{"data":{"value":""},"votes":1,"confidence":0.3333333333333333,"instances":[{"created":"2015-12-07T19:36:28Z","user_id":"566eeeda3637340003010100","duration":4.703}]}],"region":{"x":762.6806999831653,"y":614.7296894821025,"width":258.926264094212,"height":48.43858584744362,"label":"Valuation","shape":"rectangle"},"task_key":"em_record_valuation","instructions":{"mark":"Valuation","transcribe":"Enter the date of the valuation (if one is given). In the next screen, you'll enter the valuation's dollar amounts."}},{"id":"580d85ea6164390003ca3402","status":"awaiting_transcriptions","name":"Land \u0026 Building Value","created_in_workflow":"transcribe","confidence":0.6666666666666666,"data":{"em_valuation_ground":"6000"},"versions":[{"data":{"em_valuation_ground":"6000"},"votes":2,"confidence":0.6666666666666666,"instances":[{"created":"2015-12-07T19:36:30Z","user_id":"566eeeda3637340003010100","duration":2.243},{"created":"2015-12-07T21:50:33Z","user_id":"5665fae13539360003910e00","duration":10.483}]}],"region":{"x":762.6806999831653,"y":614.7296894821025,"width":258.926264094212,"height":48.43858584744362,"label":"Valuation","shape":"rectangle"},"task_key":"em_record_valuation_ground_building","instructions":{"mark":"Valuation","transcribe":"Sometimes valuations include itemized dollar values for \"ground\" and \"building\". Enter these amounts if you can find them. In the next screen, you'll enter the total valuation."}},{"id":"580d85ea6164390003cb3402","status":"complete","name":"Record Number","created_in_workflow":"transcribe","confidence":1.0,"data":{"value":"3873"},"versions":[{"data":{"value":"3873"},"votes":3,"confidence":1.0,"instances":[{"created":"2015-12-07T19:09:00Z","user_id":"5647496e3562310003960400","duration":5.302},{"created":"2015-12-07T20:29:33Z","user_id":"5665e34a3539360003d30a00","duration":1.659},{"created":"2015-12-07T21:49:41Z","user_id":"5665fae13539360003910e00","duration":8.931}]}],"region":{"x":806.7157789107523,"y":76.62103579504715,"width":127.70172889000253,"height":88.9508576471237,"label":"Record Number","shape":"rectangle"},"task_key":"em_record_number","instructions":{"mark":"Record Number","transcribe":"Enter the record number"}},{"id":"580d85ea6164390003cc3402","status":"awaiting_votes","name":"Mortgager","created_in_workflow":"verify","confidence":0.3333333333333333,"data":{"value":"Wm Minnick"},"versions":[{"data":{"value":"Wm Minnick"},"votes":1,"confidence":0.3333333333333333,"instances":[{"created":"2016-09-12T23:55:30Z","user_id":"57c49a363234370003600200","duration":8.651}]}],"region":{"x":250.11238126605176,"y":648.1963487948816,"width":254.5227562014533,"height":64.29121394297067,"label":"Mortgager Name","shape":"rectangle"},"task_key":"em_transcribed_mortgager","instructions":{"mark":"Mortgager Name","transcribe":"Enter the mortgager's name","verify":"Choose the best transcription or enter your own!"}},{"id":"580d85ea6164390003cd3402","status":"awaiting_votes","name":"Street Address","created_in_workflow":"verify","confidence":0.3333333333333333,"data":{"value":"vacant lot, M.S. 115 St 150 ft W of 7 Ave"},"versions":[{"data":{"value":"vacant lot, M.S. 115 St 150 ft W of 7 Ave"},"votes":1,"confidence":0.3333333333333333,"instances":[{"created":"2016-09-13T01:39:51Z","user_id":"57c49a363234370003600200","duration":79.339}]}],"region":{"x":272.1299207298453,"y":688.7086205945617,"width":501.1191981959409,"height":61.64910926038283,"label":"Street Address","shape":"rectangle"},"task_key":"em_transcribed_address","instructions":{"mark":"Street Address","transcribe":"Enter the street address","verify":"Choose the best transcription or enter your own!"}},{"id":"580d85ea6164390003ce3402","status":"complete","name":"Land \u0026 Building Dimensions","created_in_workflow":"transcribe","confidence":1.0,"data":{"em_survey_land_dimensions":"25 x 100"},"versions":[{"data":{"em_survey_land_dimensions":"25 x 100"},"votes":3,"confidence":1.0,"instances":[{"created":"2015-12-07T19:37:16Z","user_id":"566eeeda3637340003010100","duration":10.02},{"created":"2015-12-07T21:50:56Z","user_id":"5665fae13539360003910e00","duration":12.423},{"created":"2015-12-08T00:32:01Z","user_id":"56590dee3966390003290200","duration":11.748}]}],"region":{"x":142.6667886827393,"y":743.3121173680435,"width":369.89466299173137,"height":44.035078043130625,"label":"Dimension \u0026 Description","shape":"rectangle"},"task_key":"em_record_survey","instructions":{"mark":"Dimension \u0026 Description","transcribe":"Enter, as they appear, any land and building dimensions that were recorded. In the next screen, you'll enter the descriptive information."}},{"id":"580d85ea6164390003cf3402","status":"awaiting_votes","name":"Record Date","created_in_workflow":"verify","confidence":0.3333333333333333,"data":{"value":"Mar. 28/92"},"versions":[{"data":{"value":"Mar. 28/92"},"votes":1,"confidence":0.3333333333333333,"instances":[{"created":"2016-09-12T23:55:12Z","user_id":"57c49a363234370003600200","duration":9.018}]}],"region":{"x":291.5053554579836,"y":605.9226738734764,"width":196.3964520170383,"height":66.05261706469582,"label":"Record Date","shape":"rectangle"},"task_key":"em_transcribed_date","instructions":{"mark":"Record Date","transcribe":"Enter the record date","verify":"Choose the best transcription or enter your own!"}},{"id":"580d85ea6164390003d03402","status":"awaiting_votes","name":"Amount Loaned","created_in_workflow":"verify","confidence":0.3333333333333333,"data":{"value":"$2000"},"versions":[{"data":{"value":"$2000"},"votes":1,"confidence":0.3333333333333333,"instances":[{"created":"2016-09-13T01:15:17Z","user_id":"57c49a363234370003600200","duration":13.244}]}],"region":{"x":921.2069841224787,"y":686.0665159119739,"width":125.94032573289894,"height":78.38243891677246,"label":"Amount Loaned","shape":"rectangle"},"task_key":"em_transcribed_amount_loaned","instructions":{"mark":"Amount Loaned","transcribe":"Enter the Amount Loaned","verify":"Choose the best transcription or enter your own!"}}]}],"export_document":{"name":"Record","export_fields":[{"name":"Mortgager","value":"Wm Minnick","original_value":{"value":"Wm Minnick"},"assertion_ids":["580d85ea6164390003cc3402"]},{"name":"Street Address","value":"vacant lot, M.S. 115 St 150 ft W of 7 Ave","original_value":{"value":"vacant lot, M.S. 115 St 150 ft W of 7 Ave"},"assertion_ids":["580d85ea6164390003cd3402"]},{"name":"Record Date","value":"1892-03-28T00:00:00Z","original_value":{"value":"Mar. 28/92"},"assertion_ids":["580d85ea6164390003cf3402"]},{"name":"Land \u0026 Building Dimensions","value":{"em_survey_land_dimensions":[25,100]},"original_value":{"em_survey_land_dimensions":"25 x 100"},"assertion_ids":["580d85ea6164390003ce3402"]},{"name":"Amount Loaned","value":2000.0,"original_value":{"value":"$2000"},"assertion_ids":["580d85ea6164390003d03402"]},{"name":"Record Number","value":3873,"original_value":{"value":"3873"},"assertion_ids":["580d85ea6164390003cb3402"]}]}}