{"id":"56b10ab77061755afb91d000","meta_data":{"capture_uuid":"150987d0-02e7-0133-e43c-58d385a7bbd0","page_uri":"http://digitalcollections.nypl.org/items/150987d0-02e7-0133-e43c-58d385a7bbd0","book_uri":"http://digitalcollections.nypl.org/items/109c0900-02e7-0133-03cf-58d385a7bbd0","source_rotated":"0.811263","source_x":"0","source_y":"861.9799999999999","source_w":"1370.61","source_h":"972.0200000000001"},"type":"final_subject_set","search_terms_by_field":{"Additional Info":["Sold at Auction March 28, 1894 by Bank for $6,800"],"Stories \u0026 Materials":["2.5","Stone Frame"],"Land \u0026 Building Dimensions":["30x100^10"],"Record Number":["4135"],"Mortgager":["Richard M. Johnson","Richard M. Johnson"],"Street Address":["408 E 114 St.","408 E 114 St"],"Amount Loaned":["$4080"]},"subjects":[{"id":"580d9b606164390003f3e402","type":"root","location":{"standard":"https://s3.amazonaws.com/scribe.nypl.org/emigrant-s4/full/150987d0-02e7-0133-e43c-58d385a7bbd0.left-bottom.jpg","thumbnail":"https://s3.amazonaws.com/scribe.nypl.org/emigrant-s4/thumb/150987d0-02e7-0133-e43c-58d385a7bbd0.left-bottom.jpg"},"status":"retired","width":1370,"height":972,"meta_data":{"capture_uuid":"150987d0-02e7-0133-e43c-58d385a7bbd0","page_uri":"http://digitalcollections.nypl.org/items/150987d0-02e7-0133-e43c-58d385a7bbd0","book_uri":"http://digitalcollections.nypl.org/items/109c0900-02e7-0133-03cf-58d385a7bbd0","source_rotated":"0.811263","source_x":"0","source_y":"861.9799999999999","source_w":"1370.61","source_h":"972.0200000000001"},"assertions":[{"id":"580d9b606164390003f4e402","status":"awaiting_votes","name":"Land \u0026 Building Dimensions","created_in_workflow":"transcribe","confidence":0.3333333333333333,"data":{"em_survey_land_dimensions":"30x100^10"},"versions":[{"data":{"em_survey_land_dimensions":"30x100^10"},"votes":1,"confidence":0.3333333333333333,"instances":[{"created":"2015-11-17T04:30:39Z","user_id":"564a98496237610003350300","duration":22.568}]},{"data":{"em_survey_land_dimensions":"30 x 100.10","em_survey_building_dimensions":"2 1/2 store frames"},"votes":1,"confidence":0.3333333333333333,"instances":[{"created":"2015-11-17T13:25:00Z","user_id":"564b20383164360003210100","duration":50.5}]},{"data":{"em_survey_land_dimensions":"30 x 100.10","em_survey_building_dimensions":" "},"votes":1,"confidence":0.3333333333333333,"instances":[{"created":"2016-10-03T20:20:54Z","user_id":"57c49a363234370003600200","duration":17.197}]}],"region":{"x":166.12145830721664,"y":711.6634577344058,"width":611.1692282614694,"height":114.85058683898201,"label":"Dimension \u0026 Description","shape":"rectangle"},"task_key":"em_record_survey","instructions":{"mark":"Dimension \u0026 Description","transcribe":"Enter, as they appear, any land and building dimensions that were recorded. In the next screen, you'll enter the descriptive information."}},{"id":"580d9b606164390003f5e402","status":"awaiting_transcriptions","name":"Additional Info","created_in_workflow":"transcribe","confidence":0.3333333333333333,"data":{"value":"Sold at Auction March 28, 1894 by Bank for $6,800"},"versions":[{"data":{"value":"Sold at Auction March 28, 1894 by Bank for $6,800"},"votes":1,"confidence":0.3333333333333333,"instances":[{"created":"2015-11-17T13:25:56Z","user_id":"564b20383164360003210100","duration":26.899}]}],"region":{"x":166.12145830721664,"y":711.6634577344058,"width":611.1692282614694,"height":114.85058683898201,"label":"Dimension \u0026 Description","shape":"rectangle"},"task_key":"em_record_survey_additional_info","instructions":{"mark":"Dimension \u0026 Description","transcribe":"Enter any additional information you find about the building's construction or significance."}},{"id":"580d9b606164390003f6e402","status":"awaiting_transcriptions","name":"Stories \u0026 Materials","created_in_workflow":"transcribe","confidence":0.3333333333333333,"data":{"em_record_stories":"2.5","em_record_material":"Stone Frame"},"versions":[{"data":{"em_record_stories":"2.5","em_record_material":"Stone Frame"},"votes":1,"confidence":0.3333333333333333,"instances":[{"created":"2015-11-17T04:30:49Z","user_id":"564a98496237610003350300","duration":10.007}]},{"data":{"em_record_stories":"2 1/2","em_record_material":"frame"},"votes":1,"confidence":0.3333333333333333,"instances":[{"created":"2016-10-03T20:21:07Z","user_id":"57c49a363234370003600200","duration":13.69}]}],"region":{"x":166.12145830721664,"y":711.6634577344058,"width":611.1692282614694,"height":114.85058683898201,"label":"Dimension \u0026 Description","shape":"rectangle"},"task_key":"em_record_survey_stories_materials","instructions":{"mark":"Dimension \u0026 Description","transcribe":"Enter, as they appear, the number of stories and the building materials."}},{"id":"580d9b606164390003f7e402","status":"complete","name":"Record Number","created_in_workflow":"transcribe","confidence":1.0,"data":{"value":"4135"},"versions":[{"data":{"value":"4135"},"votes":3,"confidence":1.0,"instances":[{"created":"2015-11-17T06:41:02Z","user_id":"564ac61b6237610003da0700","duration":4.379},{"created":"2015-11-17T12:48:34Z","user_id":"564b20383164360003210100","duration":8.051},{"created":"2015-11-17T13:52:22Z","user_id":"564b30073863320003eb0100","duration":4.846}]}],"region":{"x":744.4762313600166,"y":51.27258341025979,"width":129.2069173841361,"height":71.7816167743637,"label":"Record Number","shape":"rectangle"},"task_key":"em_record_number","instructions":{"mark":"Record Number","transcribe":"Enter the record number"}},{"id":"580d9b606164390003f8e402","status":"complete","name":"Mortgager","created_in_workflow":"transcribe","confidence":1.0,"data":{"value":"Richard M. Johnson"},"versions":[{"data":{"value":"Richard M. Johnson"},"votes":3,"confidence":1.0,"instances":[{"created":"2015-11-17T04:29:32Z","user_id":"564a98496237610003350300","duration":5.828},{"created":"2015-11-17T06:41:44Z","user_id":"564ac61b6237610003da0700","duration":3.744},{"created":"2015-11-17T12:49:43Z","user_id":"564b20383164360003210100","duration":8.077}]}],"region":{"x":176.3759755599259,"y":619.3728075959383,"width":248.1593175155631,"height":61.52710009231173,"label":"Mortgager Name","shape":"rectangle"},"task_key":"em_record_mortgager","instructions":{"mark":"Mortgager Name","transcribe":"Enter the mortgager's name"}},{"id":"580d9b606164390003f9e402","status":"complete","name":"Mortgager","created_in_workflow":"transcribe","confidence":1.0,"data":{"value":"Richard M. Johnson"},"versions":[{"data":{"value":"Richard M. Johnson"},"votes":3,"confidence":1.0,"instances":[{"created":"2016-01-22T01:57:09Z","user_id":"56a184b03833370003b80400","duration":7.517},{"created":"2016-01-22T21:59:58Z","user_id":"56a2a3473264660003320200","duration":13.613},{"created":"2016-01-22T22:35:53Z","user_id":"56a2ae703935320003f40000","duration":10.983}]}],"region":{"x":176.7468405494404,"y":621.747470214282,"width":250.08288920016574,"height":43.492668989384356,"label":"Mortgager Name","shape":"rectangle"},"task_key":"em_record_mortgager","instructions":{"mark":"Mortgager Name","transcribe":"Enter the mortgager's name"}},{"id":"580d9b606164390003fae402","status":"awaiting_votes","name":"Street Address","created_in_workflow":"verify","confidence":0.3333333333333333,"data":{"value":"408 E 114 St."},"versions":[{"data":{"value":"408 E 114 St."},"votes":1,"confidence":0.3333333333333333,"instances":[{"created":"2016-09-21T18:58:13Z","user_id":"57c49a363234370003600200","duration":5.773}]}],"region":{"x":210.35481775420575,"y":662.2747299543902,"width":211.53256240646434,"height":43.492668989384356,"label":"Street Address","shape":"rectangle"},"task_key":"em_transcribed_address","instructions":{"mark":"Street Address","transcribe":"Enter the street address","verify":"Choose the best transcription or enter your own!"}},{"id":"580d9b606164390003fbe402","status":"awaiting_votes","name":"Street Address","created_in_workflow":"verify","confidence":0.5,"data":{"value":"408 E 114 St"},"versions":[{"data":{"value":"408 E 114 St"},"votes":2,"confidence":0.5,"instances":[{"created":"2016-05-19T02:53:59Z","user_id":"573d23f96132360003180000","duration":4.334},{"created":"2016-09-28T14:45:16Z","user_id":"57c49a363234370003600200","duration":10.064}]},{"data":{"value":"408 E. 114 St."},"votes":1,"confidence":0.25,"instances":[{"created":"2016-05-01T13:03:26Z","user_id":"563f8b7a3264340003774b00","duration":12.809}]},{"data":{"value":"408 E114 St."},"votes":1,"confidence":0.25,"instances":[{"created":"2016-05-19T17:23:00Z","user_id":"573df4476132360003340200","duration":12.418}]}],"region":{"x":221.49585147184646,"y":654.2381643149149,"width":194.83582780147512,"height":53.32348674667014,"label":"Street Address","shape":"rectangle"},"task_key":"em_transcribed_address","instructions":{"mark":"Street Address","transcribe":"Enter the street address","verify":"Choose the best transcription or enter your own!"}},{"id":"580d9b606164390003fce402","status":"complete","name":"Amount Loaned","created_in_workflow":"verify","confidence":1.0,"data":{"value":"$4080"},"versions":[{"data":{"value":"$4080"},"votes":3,"confidence":1.0,"instances":[{"created":"2016-05-01T13:03:49Z","user_id":"563f8b7a3264340003774b00","duration":23.204},{"created":"2016-05-19T02:54:02Z","user_id":"573d23f96132360003180000","duration":2.519},{"created":"2016-05-19T21:57:07Z","user_id":"573e331d6132360003f30200","duration":12.348}]}],"region":{"x":838.8177900849414,"y":660.3908743241461,"width":121.0033035819688,"height":51.2725834102597,"label":"Amount Loaned","shape":"rectangle"},"task_key":"em_transcribed_amount_loaned","instructions":{"mark":"Amount Loaned","transcribe":"Enter the Amount Loaned","verify":"Choose the best transcription or enter your own!"}}]}],"export_document":{"name":"Record","export_fields":[{"name":"Mortgager","value":"Richard M. Johnson","original_value":{"value":"Richard M. Johnson"},"assertion_ids":["580d9b606164390003f8e402"]},{"name":"Street Address","value":"408 E 114 St","original_value":{"value":"408 E 114 St"},"assertion_ids":["580d9b606164390003fbe402"]},{"name":"Land \u0026 Building Dimensions","value":{"em_survey_land_dimensions":[30,100]},"original_value":{"em_survey_land_dimensions":"30x100^10"},"assertion_ids":["580d9b606164390003f4e402"]},{"name":"Amount Loaned","value":4080.0,"original_value":{"value":"$4080"},"assertion_ids":["580d9b606164390003fce402"]},{"name":"Stories \u0026 Materials","value":{"em_record_stories":25,"em_record_material":"Stone Frame"},"original_value":{"em_record_stories":"2.5","em_record_material":"Stone Frame"},"assertion_ids":["580d9b606164390003f6e402"]},{"name":"Record Number","value":4135,"original_value":{"value":"4135"},"assertion_ids":["580d9b606164390003f7e402"]},{"name":"Additional Info","value":"Sold at Auction March 28, 1894 by Bank for $6,800","original_value":{"value":"Sold at Auction March 28, 1894 by Bank for $6,800"},"assertion_ids":["580d9b606164390003f5e402"]}]}}