{"id":"56b10a907061755afb8ecd00","meta_data":{"capture_uuid":"14841660-02e7-0133-792b-58d385a7bbd0","page_uri":"http://digitalcollections.nypl.org/items/14841660-02e7-0133-792b-58d385a7bbd0","book_uri":"http://digitalcollections.nypl.org/items/109c0900-02e7-0133-03cf-58d385a7bbd0","source_rotated":"0.867204","source_x":"1215.39","source_y":"0","source_w":"1370.61","source_h":"900.62"},"type":"final_subject_set","search_terms_by_field":{"Land \u0026 Building Value":["90000.","150000"],"Valuation Date":[],"Total Value":[],"Record Number":["4080"],"Mortgager":["The Church of St Gabriel"],"Street Address":["N.s. 36 S. through to 37 St. E. of 2d Ave"],"Record Date":["Oct. 16/93"],"Amount Loaned":["$40000"]},"subjects":[{"id":"580d6d596164390003293f01","type":"root","location":{"standard":"https://s3.amazonaws.com/scribe.nypl.org/emigrant-s4/full/14841660-02e7-0133-792b-58d385a7bbd0.right-top.jpg","thumbnail":"https://s3.amazonaws.com/scribe.nypl.org/emigrant-s4/thumb/14841660-02e7-0133-792b-58d385a7bbd0.right-top.jpg"},"status":"retired","width":1370,"height":900,"meta_data":{"capture_uuid":"14841660-02e7-0133-792b-58d385a7bbd0","page_uri":"http://digitalcollections.nypl.org/items/14841660-02e7-0133-792b-58d385a7bbd0","book_uri":"http://digitalcollections.nypl.org/items/109c0900-02e7-0133-03cf-58d385a7bbd0","source_rotated":"0.867204","source_x":"1215.39","source_y":"0","source_w":"1370.61","source_h":"900.62"},"assertions":[{"id":"580d6d5961643900032a3f01","status":"awaiting_votes","name":"Land \u0026 Building Value","created_in_workflow":"verify","confidence":0.3333333333333333,"data":{"em_valuation_ground":"90000.","em_valuation_building":"150000"},"versions":[{"data":{"em_valuation_ground":"90000.","em_valuation_building":"150000"},"votes":1,"confidence":0.3333333333333333,"instances":[{"created":"2016-09-24T14:37:24Z","user_id":"57c49a363234370003600200","duration":5.3}]}],"region":{"x":743.7856233011155,"y":623.7462936702334,"width":311.87315142058446,"height":82.91865411886033,"label":"Valuation","shape":"rectangle"},"task_key":"em_transcribed_valuation_itemized","instructions":{"mark":"Valuation","transcribe":"Sometimes valuations include itemized dollar values for \"ground\" and \"building\". Enter these amounts if you can find them. In the next screen, you'll enter the total valuation.","verify":"Choose the best transcription or enter your own!"}},{"id":"580d6d5961643900032b3f01","status":"awaiting_transcriptions","name":"Valuation Date","created_in_workflow":"transcribe","confidence":0.3333333333333333,"data":{"value":""},"versions":[{"data":{"value":""},"votes":1,"confidence":0.3333333333333333,"instances":[{"created":"2016-02-18T15:21:02Z","user_id":"56c5cd196366320003440600","duration":4.627}]},{"data":{"value":"9000"},"votes":1,"confidence":0.3333333333333333,"instances":[{"created":"2016-02-19T09:05:08Z","user_id":"56c6d5ad6533330003060100","duration":5.081}]}],"region":{"x":743.7856233011155,"y":623.7462936702334,"width":311.87315142058446,"height":82.91865411886033,"label":"Valuation","shape":"rectangle"},"task_key":"em_record_valuation","instructions":{"mark":"Valuation","transcribe":"Enter the date of the valuation (if one is given). In the next screen, you'll enter the valuation's dollar amounts."}},{"id":"580d6d5961643900032c3f01","status":"awaiting_transcriptions","name":"Total Value","created_in_workflow":"transcribe","confidence":0.6666666666666666,"data":{"value":""},"versions":[{"data":{"value":""},"votes":2,"confidence":0.6666666666666666,"instances":[{"created":"2016-02-18T15:21:17Z","user_id":"56c5cd196366320003440600","duration":2.861},{"created":"2016-02-19T09:05:27Z","user_id":"56c6d5ad6533330003060100","duration":2.912}]}],"region":{"x":743.7856233011155,"y":623.7462936702334,"width":311.87315142058446,"height":82.91865411886033,"label":"Valuation","shape":"rectangle"},"task_key":"em_record_valuation_total","instructions":{"mark":"Valuation","transcribe":"Enter the valuation ***total*** (if one is given)"}},{"id":"580d6d5961643900032d3f01","status":"complete","name":"Record Number","created_in_workflow":"transcribe","confidence":1.0,"data":{"value":"4080"},"versions":[{"data":{"value":"4080"},"votes":3,"confidence":1.0,"instances":[{"created":"2016-02-04T04:43:32Z","user_id":"56b2d18c6237350003c10100","duration":3.39},{"created":"2016-02-05T00:51:34Z","user_id":"5668b33530333000032d0500","duration":3.112},{"created":"2016-02-05T02:16:55Z","user_id":"56b404b33266640003460100","duration":2.917}]}],"region":{"x":806.1310418823803,"y":96.81165464892338,"width":135.27771783817536,"height":76.92262306075564,"label":"Record Number","shape":"rectangle"},"task_key":"em_record_number","instructions":{"mark":"Record Number","transcribe":"Enter the record number"}},{"id":"580d6d5961643900032e3f01","status":"awaiting_votes","name":"Mortgager","created_in_workflow":"verify","confidence":0.3333333333333333,"data":{"value":"The Church of St Gabriel"},"versions":[{"data":{"value":"The Church of St Gabriel"},"votes":1,"confidence":0.3333333333333333,"instances":[{"created":"2016-09-23T01:57:05Z","user_id":"57c49a363234370003600200","duration":6.413}]}],"region":{"x":137.6999655055138,"y":655.1637979002702,"width":486.73453379029763,"height":75.59637093901847,"label":"Mortgager Name","shape":"rectangle"},"task_key":"em_transcribed_mortgager","instructions":{"mark":"Mortgager Name","transcribe":"Enter the mortgager's name","verify":"Choose the best transcription or enter your own!"}},{"id":"580d6d5961643900032f3f01","status":"awaiting_votes","name":"Street Address","created_in_workflow":"verify","confidence":0.3333333333333333,"data":{"value":"N.s. 36 S. through to 37 St. E. of 2d Ave"},"versions":[{"data":{"value":"N.s. 36 S. through to 37 St. E. of 2d Ave"},"votes":1,"confidence":0.3333333333333333,"instances":[{"created":"2016-09-23T02:41:02Z","user_id":"57c49a363234370003600200","duration":16.582}]}],"region":{"x":128.41620055583508,"y":692.2988573089109,"width":629.9697644424833,"height":72.9438666955441,"label":"Street Address","shape":"rectangle"},"task_key":"em_transcribed_address","instructions":{"mark":"Street Address","transcribe":"Enter the street address","verify":"Choose the best transcription or enter your own!"}},{"id":"580d6d596164390003303f01","status":"awaiting_votes","name":"Record Date","created_in_workflow":"verify","confidence":0.3333333333333333,"data":{"value":"Oct. 16/93"},"versions":[{"data":{"value":"Oct. 16/93"},"votes":1,"confidence":0.3333333333333333,"instances":[{"created":"2016-09-23T02:13:09Z","user_id":"57c49a363234370003600200","duration":6.973}]}],"region":{"x":141.67872191251894,"y":610.0712257612066,"width":363.3930851731377,"height":70.29136245206973,"label":"Record Date","shape":"rectangle"},"task_key":"em_transcribed_date","instructions":{"mark":"Record Date","transcribe":"Enter the record date","verify":"Choose the best transcription or enter your own!"}},{"id":"580d6d596164390003313f01","status":"awaiting_votes","name":"Amount Loaned","created_in_workflow":"verify","confidence":0.3333333333333333,"data":{"value":"$40000"},"versions":[{"data":{"value":"$40000"},"votes":1,"confidence":0.3333333333333333,"instances":[{"created":"2016-09-23T02:13:30Z","user_id":"57c49a363234370003600200","duration":4.484}]}],"region":{"x":771.6484863550022,"y":712.1926391349683,"width":295.7542262540501,"height":50.397580626012314,"label":"Amount Loaned","shape":"rectangle"},"task_key":"em_transcribed_amount_loaned","instructions":{"mark":"Amount Loaned","transcribe":"Enter the Amount Loaned","verify":"Choose the best transcription or enter your own!"}}]}],"export_document":{"name":"Record","export_fields":[{"name":"Mortgager","value":"The Church of St Gabriel","original_value":{"value":"The Church of St Gabriel"},"assertion_ids":["580d6d5961643900032e3f01"]},{"name":"Street Address","value":"N.s. 36 S. through to 37 St. E. of 2d Ave","original_value":{"value":"N.s. 36 S. through to 37 St. E. of 2d Ave"},"assertion_ids":["580d6d5961643900032f3f01"]},{"name":"Record Date","value":"1893-10-16T00:00:00Z","original_value":{"value":"Oct. 16/93"},"assertion_ids":["580d6d596164390003303f01"]},{"name":"Amount Loaned","value":40000.0,"original_value":{"value":"$40000"},"assertion_ids":["580d6d596164390003313f01"]},{"name":"Valuation","value":null,"original_value":null,"assertion_ids":null},{"name":"Record Number","value":4080,"original_value":{"value":"4080"},"assertion_ids":["580d6d5961643900032d3f01"]}]}}