{"id":"56b10adc7061755afb4bd300","meta_data":{"capture_uuid":"1572fa20-02e7-0133-a3cb-58d385a7bbd0","page_uri":"http://digitalcollections.nypl.org/items/1572fa20-02e7-0133-a3cb-58d385a7bbd0","book_uri":"http://digitalcollections.nypl.org/items/109c0900-02e7-0133-03cf-58d385a7bbd0","source_rotated":"0.783292","source_x":"1214.45","source_y":"861.5099999999999","source_w":"1369.55","source_h":"971.4900000000001"},"type":"final_subject_set","search_terms_by_field":{"Land \u0026 Building Dimensions":["18 x 100.10","18 x 50"],"Stories \u0026 Materials":["4","br."],"Additional Info":[],"Valuation Date":[],"Land \u0026 Building Value":["$2,500","$9,500"],"Total Value":[],"Record Number":["4181"],"Mortgager":["Joseph Dillon"],"Street Address":["426 E. 121 St"],"Record Date":["Sept 10th/94"],"Amount Loaned":["$6000"]},"subjects":[{"id":"580d80336164390003d3fc01","type":"root","location":{"standard":"https://s3.amazonaws.com/scribe.nypl.org/emigrant-s4/full/1572fa20-02e7-0133-a3cb-58d385a7bbd0.right-bottom.jpg","thumbnail":"https://s3.amazonaws.com/scribe.nypl.org/emigrant-s4/thumb/1572fa20-02e7-0133-a3cb-58d385a7bbd0.right-bottom.jpg"},"status":"retired","width":1369,"height":971,"meta_data":{"capture_uuid":"1572fa20-02e7-0133-a3cb-58d385a7bbd0","page_uri":"http://digitalcollections.nypl.org/items/1572fa20-02e7-0133-a3cb-58d385a7bbd0","book_uri":"http://digitalcollections.nypl.org/items/109c0900-02e7-0133-03cf-58d385a7bbd0","source_rotated":"0.783292","source_x":"1214.45","source_y":"861.5099999999999","source_w":"1369.55","source_h":"971.4900000000001"},"assertions":[{"id":"580d80336164390003d4fc01","status":"awaiting_transcriptions","name":"Land \u0026 Building Dimensions","created_in_workflow":"transcribe","confidence":0.6666666666666666,"data":{"em_survey_land_dimensions":"18 x 100.10","em_survey_building_dimensions":"18 x 50"},"versions":[{"data":{"em_survey_land_dimensions":"18 x 100.10","em_survey_building_dimensions":"18 x 50"},"votes":2,"confidence":0.6666666666666666,"instances":[{"created":"2015-11-28T17:19:41Z","user_id":"5647496e3562310003960400","duration":23.285},{"created":"2015-11-29T02:39:57Z","user_id":"563bfc7535326200037f3900","duration":19.935}]}],"region":{"x":94.3472033621539,"y":705.2036228023442,"width":566.1493748408595,"height":91.04741608950451,"label":"Dimension \u0026 Description","shape":"rectangle"},"task_key":"em_record_survey","instructions":{"mark":"Dimension \u0026 Description","transcribe":"Enter, as they appear, any land and building dimensions that were recorded. In the next screen, you'll enter the descriptive information."}},{"id":"580d80336164390003d5fc01","status":"awaiting_transcriptions","name":"Stories \u0026 Materials","created_in_workflow":"transcribe","confidence":0.6666666666666666,"data":{"em_record_stories":"4","em_record_material":"br."},"versions":[{"data":{"em_record_stories":"4","em_record_material":"br."},"votes":2,"confidence":0.6666666666666666,"instances":[{"created":"2015-11-28T17:19:50Z","user_id":"5647496e3562310003960400","duration":9.314},{"created":"2015-11-29T02:40:05Z","user_id":"563bfc7535326200037f3900","duration":7.746}]}],"region":{"x":94.3472033621539,"y":705.2036228023442,"width":566.1493748408595,"height":91.04741608950451,"label":"Dimension \u0026 Description","shape":"rectangle"},"task_key":"em_record_survey_stories_materials","instructions":{"mark":"Dimension \u0026 Description","transcribe":"Enter, as they appear, the number of stories and the building materials."}},{"id":"580d80336164390003d6fc01","status":"awaiting_transcriptions","name":"Additional Info","created_in_workflow":"transcribe","confidence":0.3333333333333333,"data":{"value":""},"versions":[{"data":{"value":""},"votes":1,"confidence":0.3333333333333333,"instances":[{"created":"2015-11-29T02:40:06Z","user_id":"563bfc7535326200037f3900","duration":1.187}]}],"region":{"x":94.3472033621539,"y":705.2036228023442,"width":566.1493748408595,"height":91.04741608950451,"label":"Dimension \u0026 Description","shape":"rectangle"},"task_key":"em_record_survey_additional_info","instructions":{"mark":"Dimension \u0026 Description","transcribe":"Enter any additional information you find about the building's construction or significance."}},{"id":"580d80336164390003d7fc01","status":"awaiting_transcriptions","name":"Valuation Date","created_in_workflow":"transcribe","confidence":0.3333333333333333,"data":{"value":""},"versions":[{"data":{"value":""},"votes":1,"confidence":0.3333333333333333,"instances":[{"created":"2015-11-25T20:42:59Z","user_id":"5655d2873437330003e50000","duration":1.659}]}],"region":{"x":769.7224192796473,"y":577.171945141541,"width":278.64044267587883,"height":93.34626978963854,"label":"Valuation","shape":"rectangle"},"task_key":"em_record_valuation","instructions":{"mark":"Valuation","transcribe":"Enter the date of the valuation (if one is given). In the next screen, you'll enter the valuation's dollar amounts."}},{"id":"580d80336164390003d8fc01","status":"awaiting_transcriptions","name":"Land \u0026 Building Value","created_in_workflow":"transcribe","confidence":0.3333333333333333,"data":{"em_valuation_ground":"$2,500","em_valuation_building":"$9,500"},"versions":[{"data":{"em_valuation_ground":"$2,500","em_valuation_building":"$9,500"},"votes":1,"confidence":0.3333333333333333,"instances":[{"created":"2015-11-25T20:43:04Z","user_id":"5655d2873437330003e50000","duration":5.022}]}],"region":{"x":769.7224192796473,"y":577.171945141541,"width":278.64044267587883,"height":93.34626978963854,"label":"Valuation","shape":"rectangle"},"task_key":"em_record_valuation_ground_building","instructions":{"mark":"Valuation","transcribe":"Sometimes valuations include itemized dollar values for \"ground\" and \"building\". Enter these amounts if you can find them. In the next screen, you'll enter the total valuation."}},{"id":"580d80336164390003d9fc01","status":"awaiting_transcriptions","name":"Total Value","created_in_workflow":"transcribe","confidence":0.3333333333333333,"data":{"value":""},"versions":[{"data":{"value":""},"votes":1,"confidence":0.3333333333333333,"instances":[{"created":"2015-11-25T20:43:05Z","user_id":"5655d2873437330003e50000","duration":1.328}]}],"region":{"x":769.7224192796473,"y":577.171945141541,"width":278.64044267587883,"height":93.34626978963854,"label":"Valuation","shape":"rectangle"},"task_key":"em_record_valuation_total","instructions":{"mark":"Valuation","transcribe":"Enter the valuation ***total*** (if one is given)"}},{"id":"580d80336164390003dafc01","status":"complete","name":"Record Number","created_in_workflow":"transcribe","confidence":1.0,"data":{"value":"4181"},"versions":[{"data":{"value":"4181"},"votes":3,"confidence":1.0,"instances":[{"created":"2015-11-25T20:32:32Z","user_id":"5647496e3562310003960400","duration":31.393},{"created":"2015-11-25T20:38:31Z","user_id":"565e4fed3862380003f10900","duration":4.656},{"created":"2015-11-25T20:42:57Z","user_id":"5655d2873437330003e50000","duration":3.273}]}],"region":{"x":375.4758354935632,"y":55.32187354329587,"width":560.2451453802247,"height":59.26747288231018,"label":"Record Number","shape":"rectangle"},"task_key":"em_record_number","instructions":{"mark":"Record Number","transcribe":"Enter the record number"}},{"id":"580d80336164390003dbfc01","status":"complete","name":"Mortgager","created_in_workflow":"transcribe","confidence":1.0,"data":{"value":"Joseph Dillon"},"versions":[{"data":{"value":"Joseph Dillon"},"votes":4,"confidence":1.0,"instances":[{"created":"2015-11-25T20:43:09Z","user_id":"5655d2873437330003e50000","duration":4.254},{"created":"2015-11-25T21:32:05Z","user_id":"5647496e3562310003960400","duration":5.278},{"created":"2015-11-25T21:41:18Z","user_id":"56562ab134373300031f0d00","duration":27.227},{"created":"2015-11-26T02:01:55Z","user_id":"565234ee6639320003160400","duration":452.07}]}],"region":{"x":130.92438314505247,"y":610.9544318149539,"width":452.0496543411865,"height":59.26747288231013,"label":"Mortgager Name","shape":"rectangle"},"task_key":"em_record_mortgager","instructions":{"mark":"Mortgager Name","transcribe":"Enter the mortgager's name"}},{"id":"580d80336164390003dcfc01","status":"awaiting_votes","name":"Street Address","created_in_workflow":"verify","confidence":0.6666666666666666,"data":{"value":"426 E. 121 St"},"versions":[{"data":{"value":"426 E. 121 St"},"votes":2,"confidence":0.6666666666666666,"instances":[{"created":"2015-11-29T02:26:50Z","user_id":"5647496e3562310003960400","duration":8.29},{"created":"2016-09-12T20:53:29Z","user_id":"57c49a363234370003600200","duration":6.785}]},{"data":{"value":"426 E. 121 St."},"votes":1,"confidence":0.3333333333333333,"instances":[{"created":"2015-12-05T16:11:58Z","user_id":"563f8b7a3264340003774b00","duration":6.745}]}],"region":{"x":127.96012311658566,"y":657.1830335326597,"width":468.3530844977539,"height":59.267472882310244,"label":"Street Address","shape":"rectangle"},"task_key":"em_transcribed_address","instructions":{"mark":"Street Address","transcribe":"Enter the street address","verify":"Choose the best transcription or enter your own!"}},{"id":"580d80336164390003ddfc01","status":"awaiting_votes","name":"Record Date","created_in_workflow":"verify","confidence":0.6666666666666666,"data":{"value":"Sept 10th/94"},"versions":[{"data":{"value":"Sept 10th/94"},"votes":2,"confidence":0.6666666666666666,"instances":[{"created":"2016-06-02T01:08:18Z","user_id":"563f8b7a3264340003774b00","duration":7.042},{"created":"2016-09-08T03:35:41Z","user_id":"57c49a363234370003600200","duration":8.012}]}],"region":{"x":124.99586308811887,"y":560.8733900989057,"width":434.26409417038576,"height":77.04771474700328,"label":"Record Date","shape":"rectangle"},"task_key":"em_transcribed_date","instructions":{"mark":"Record Date","transcribe":"Enter the record date","verify":"Choose the best transcription or enter your own!"}},{"id":"580d80336164390003defc01","status":"awaiting_votes","name":"Amount Loaned","created_in_workflow":"verify","confidence":0.3333333333333333,"data":{"value":"$6000"},"versions":[{"data":{"value":"$6000"},"votes":1,"confidence":0.3333333333333333,"instances":[{"created":"2016-09-08T14:13:24Z","user_id":"57c49a363234370003600200","duration":4.761}]}],"region":{"x":760.8296391942469,"y":669.0365281091218,"width":265.30127254777847,"height":40.00554419555931,"label":"Amount Loaned","shape":"rectangle"},"task_key":"em_transcribed_amount_loaned","instructions":{"mark":"Amount Loaned","transcribe":"Enter the Amount Loaned","verify":"Choose the best transcription or enter your own!"}}]}],"export_document":{"name":"Record","export_fields":[{"name":"Mortgager","value":"Joseph Dillon","original_value":{"value":"Joseph Dillon"},"assertion_ids":["580d80336164390003dbfc01"]},{"name":"Street Address","value":"426 E. 121 St","original_value":{"value":"426 E. 121 St"},"assertion_ids":["580d80336164390003dcfc01"]},{"name":"Record Date","value":"1894-09-10T00:00:00Z","original_value":{"value":"Sept 10th/94"},"assertion_ids":["580d80336164390003ddfc01"]},{"name":"Land \u0026 Building Dimensions","value":{"em_survey_land_dimensions":[18,100.83333333333333],"em_survey_building_dimensions":[18,50]},"original_value":{"em_survey_land_dimensions":"18 x 100.10","em_survey_building_dimensions":"18 x 50"},"assertion_ids":["580d80336164390003d4fc01"]},{"name":"Amount Loaned","value":6000.0,"original_value":{"value":"$6000"},"assertion_ids":["580d80336164390003defc01"]},{"name":"Stories \u0026 Materials","value":{"em_record_stories":4,"em_record_material":"br."},"original_value":{"em_record_stories":"4","em_record_material":"br."},"assertion_ids":["580d80336164390003d5fc01"]},{"name":"Valuation","value":null,"original_value":null,"assertion_ids":null},{"name":"Record Number","value":4181,"original_value":{"value":"4181"},"assertion_ids":["580d80336164390003dafc01"]},{"name":"Additional Info","value":"","original_value":{"value":""},"assertion_ids":["580d80336164390003d6fc01"]}]}}