{"id":"56b109f37061755afb89c100","meta_data":{"capture_uuid":"1228f9b0-02e7-0133-7f42-58d385a7bbd0","page_uri":"http://digitalcollections.nypl.org/items/1228f9b0-02e7-0133-7f42-58d385a7bbd0","book_uri":"http://digitalcollections.nypl.org/items/109c0900-02e7-0133-03cf-58d385a7bbd0","source_rotated":"0.335714","source_x":"0","source_y":"857.28","source_w":"1362.13","source_h":"966.72"},"type":"final_subject_set","search_terms_by_field":{"Land \u0026 Building Dimensions":["20 x 65","20 x 55"],"Stories \u0026 Materials":["3","brick"],"Record Number":["3855"],"Mortgager":["Mary C. Cone"],"Street Address":["1115 2nd Ave"],"Record Date":["Mar. 14/92"],"Amount Loaned":["$5,000"]},"subjects":[{"id":"580d6c7a6164390003393601","type":"root","location":{"standard":"https://s3.amazonaws.com/scribe.nypl.org/emigrant-s4/full/1228f9b0-02e7-0133-7f42-58d385a7bbd0.left-bottom.jpg","thumbnail":"https://s3.amazonaws.com/scribe.nypl.org/emigrant-s4/thumb/1228f9b0-02e7-0133-7f42-58d385a7bbd0.left-bottom.jpg"},"status":"retired","width":1362,"height":966,"meta_data":{"capture_uuid":"1228f9b0-02e7-0133-7f42-58d385a7bbd0","page_uri":"http://digitalcollections.nypl.org/items/1228f9b0-02e7-0133-7f42-58d385a7bbd0","book_uri":"http://digitalcollections.nypl.org/items/109c0900-02e7-0133-03cf-58d385a7bbd0","source_rotated":"0.335714","source_x":"0","source_y":"857.28","source_w":"1362.13","source_h":"966.72"},"assertions":[{"id":"580d6c7a61643900033a3601","status":"awaiting_transcriptions","name":"Land \u0026 Building Dimensions","created_in_workflow":"transcribe","confidence":0.6666666666666666,"data":{"em_survey_land_dimensions":"20 x 65","em_survey_building_dimensions":"20 x 55"},"versions":[{"data":{"em_survey_land_dimensions":"20 x 65","em_survey_building_dimensions":"20 x 55"},"votes":2,"confidence":0.6666666666666666,"instances":[{"created":"2015-12-30T01:33:46Z","user_id":"56832e4d33373000030c0000","duration":16.719},{"created":"2015-12-30T03:55:26Z","user_id":"5683412c3337300003d60000","duration":72.119}]}],"region":{"x":229.36595291533934,"y":726.603677927824,"width":425.9892218560044,"height":94.03106420242432,"label":"Dimension \u0026 Description","shape":"rectangle"},"task_key":"em_record_survey","instructions":{"mark":"Dimension \u0026 Description","transcribe":"Enter, as they appear, any land and building dimensions that were recorded. In the next screen, you'll enter the descriptive information."}},{"id":"580d6c7a61643900033b3601","status":"awaiting_transcriptions","name":"Stories \u0026 Materials","created_in_workflow":"transcribe","confidence":0.6666666666666666,"data":{"em_record_stories":"3","em_record_material":"brick"},"versions":[{"data":{"em_record_stories":"3","em_record_material":"brick"},"votes":2,"confidence":0.6666666666666666,"instances":[{"created":"2015-12-30T01:33:53Z","user_id":"56832e4d33373000030c0000","duration":7.041},{"created":"2015-12-30T03:55:44Z","user_id":"5683412c3337300003d60000","duration":18.102}]}],"region":{"x":229.36595291533934,"y":726.603677927824,"width":425.9892218560044,"height":94.03106420242432,"label":"Dimension \u0026 Description","shape":"rectangle"},"task_key":"em_record_survey_stories_materials","instructions":{"mark":"Dimension \u0026 Description","transcribe":"Enter, as they appear, the number of stories and the building materials."}},{"id":"580d6c7a61643900033c3601","status":"complete","name":"Record Number","created_in_workflow":"transcribe","confidence":1.0,"data":{"value":"3855"},"versions":[{"data":{"value":"3855"},"votes":3,"confidence":1.0,"instances":[{"created":"2015-12-30T01:32:40Z","user_id":"56832e4d33373000030c0000","duration":3.975},{"created":"2015-12-30T02:13:27Z","user_id":"56833a573036380003090000","duration":19.661},{"created":"2015-12-30T03:45:02Z","user_id":"5683412c3337300003d60000","duration":12.265}]}],"region":{"x":682.4247239862738,"y":72.66036779278241,"width":212.28225436971456,"height":65.53680232290179,"label":"Record Number","shape":"rectangle"},"task_key":"em_record_number","instructions":{"mark":"Record Number","transcribe":"Enter the record number"}},{"id":"580d6c7a61643900033d3601","status":"awaiting_votes","name":"Mortgager","created_in_workflow":"verify","confidence":0.3333333333333333,"data":{"value":"Mary C. Cone"},"versions":[{"data":{"value":"Mary C. Cone"},"votes":1,"confidence":0.3333333333333333,"instances":[{"created":"2016-09-16T18:07:51Z","user_id":"57c49a363234370003600200","duration":5.612}]}],"region":{"x":185.19984630150614,"y":636.8467530073283,"width":245.05065605094566,"height":54.13909757109275,"label":"Mortgager Name","shape":"rectangle"},"task_key":"em_transcribed_mortgager","instructions":{"mark":"Mortgager Name","transcribe":"Enter the mortgager's name","verify":"Choose the best transcription or enter your own!"}},{"id":"580d6c7a61643900033e3601","status":"awaiting_votes","name":"Street Address","created_in_workflow":"verify","confidence":0.3333333333333333,"data":{"value":"1115 2nd Ave"},"versions":[{"data":{"value":"1115 2nd Ave"},"votes":1,"confidence":0.3333333333333333,"instances":[{"created":"2016-09-16T18:08:03Z","user_id":"57c49a363234370003600200","duration":11.488}]}],"region":{"x":205.1458299335598,"y":669.6151541687791,"width":287.79204954820364,"height":56.98852375904494,"label":"Street Address","shape":"rectangle"},"task_key":"em_transcribed_address","instructions":{"mark":"Street Address","transcribe":"Enter the street address","verify":"Choose the best transcription or enter your own!"}},{"id":"580d6c7a61643900033f3601","status":"awaiting_votes","name":"Record Date","created_in_workflow":"verify","confidence":0.3333333333333333,"data":{"value":"Mar. 14/92"},"versions":[{"data":{"value":"Mar. 14/92"},"votes":1,"confidence":0.3333333333333333,"instances":[{"created":"2016-09-16T20:21:02Z","user_id":"57c49a363234370003600200","duration":12.918}]}],"region":{"x":222.242387332463,"y":585.5570816241876,"width":239.35180358464459,"height":65.53680232290185,"label":"Record Date","shape":"rectangle"},"task_key":"em_transcribed_date","instructions":{"mark":"Record Date","transcribe":"Enter the record date","verify":"Choose the best transcription or enter your own!"}},{"id":"580d6c7a6164390003403601","status":"awaiting_votes","name":"Amount Loaned","created_in_workflow":"transcribe","confidence":0.25,"data":{"value":"$5,000"},"versions":[{"data":{"value":"$5,000"},"votes":1,"confidence":0.25,"instances":[{"created":"2015-12-30T01:33:29Z","user_id":"56832e4d33373000030c0000","duration":5.711}]},{"data":{"value":"5000."},"votes":1,"confidence":0.25,"instances":[{"created":"2015-12-30T03:53:04Z","user_id":"5683412c3337300003d60000","duration":8.781}]},{"data":{"value":"5000"},"votes":1,"confidence":0.25,"instances":[{"created":"2015-12-30T05:26:09Z","user_id":"56722a896235370003070500","duration":4.306}]},{"data":{"value":"$5000."},"votes":1,"confidence":0.25,"instances":[{"created":"2016-09-16T18:08:20Z","user_id":"57c49a363234370003600200","duration":7.561}]}],"region":{"x":785.0040683796929,"y":681.0128589205881,"width":212.28225436971456,"height":55.5638106650689,"label":"Amount Loaned","shape":"rectangle"},"task_key":"em_record_amount_loaned","instructions":{"mark":"Amount Loaned","transcribe":"Enter the Amount Loaned"}}]}],"export_document":{"name":"Record","export_fields":[{"name":"Mortgager","value":"Mary C. Cone","original_value":{"value":"Mary C. Cone"},"assertion_ids":["580d6c7a61643900033d3601"]},{"name":"Street Address","value":"1115 2nd Ave","original_value":{"value":"1115 2nd Ave"},"assertion_ids":["580d6c7a61643900033e3601"]},{"name":"Record Date","value":"1892-03-14T00:00:00Z","original_value":{"value":"Mar. 14/92"},"assertion_ids":["580d6c7a61643900033f3601"]},{"name":"Land \u0026 Building Dimensions","value":{"em_survey_land_dimensions":[20,65],"em_survey_building_dimensions":[20,55]},"original_value":{"em_survey_land_dimensions":"20 x 65","em_survey_building_dimensions":"20 x 55"},"assertion_ids":["580d6c7a61643900033a3601"]},{"name":"Amount Loaned","value":5000.0,"original_value":{"value":"$5,000"},"assertion_ids":["580d6c7a6164390003403601"]},{"name":"Stories \u0026 Materials","value":{"em_record_stories":3,"em_record_material":"brick"},"original_value":{"em_record_stories":"3","em_record_material":"brick"},"assertion_ids":["580d6c7a61643900033b3601"]},{"name":"Record Number","value":3855,"original_value":{"value":"3855"},"assertion_ids":["580d6c7a61643900033c3601"]}]}}