{"id":"56b109d57061755afb21bf00","meta_data":{"capture_uuid":"11bc18d0-02e7-0133-e40a-58d385a7bbd0","page_uri":"http://digitalcollections.nypl.org/items/11bc18d0-02e7-0133-e40a-58d385a7bbd0","book_uri":"http://digitalcollections.nypl.org/items/109c0900-02e7-0133-03cf-58d385a7bbd0","source_rotated":"1.00705","source_x":"1219.18","source_y":"0","source_w":"1374.82","source_h":"924.14"},"type":"final_subject_set","search_terms_by_field":{"Record Number":["3812","3812"],"Land \u0026 Building Dimensions":["See 3810"],"Additional Info":["See 3810"]},"subjects":[{"id":"580d6c466164390003353401","type":"root","location":{"standard":"https://s3.amazonaws.com/scribe.nypl.org/emigrant-s4/full/11bc18d0-02e7-0133-e40a-58d385a7bbd0.right-top.jpg","thumbnail":"https://s3.amazonaws.com/scribe.nypl.org/emigrant-s4/thumb/11bc18d0-02e7-0133-e40a-58d385a7bbd0.right-top.jpg"},"status":"retired","width":1374,"height":924,"meta_data":{"capture_uuid":"11bc18d0-02e7-0133-e40a-58d385a7bbd0","page_uri":"http://digitalcollections.nypl.org/items/11bc18d0-02e7-0133-e40a-58d385a7bbd0","book_uri":"http://digitalcollections.nypl.org/items/109c0900-02e7-0133-03cf-58d385a7bbd0","source_rotated":"1.00705","source_x":"1219.18","source_y":"0","source_w":"1374.82","source_h":"924.14"},"assertions":[{"id":"580d6c466164390003363401","status":"awaiting_transcriptions","name":"Record Number","created_in_workflow":"transcribe","confidence":0.6666666666666666,"data":{"value":"3812"},"versions":[{"data":{"value":"3812"},"votes":2,"confidence":0.6666666666666666,"instances":[{"created":"2015-12-10T01:36:18Z","user_id":"563f8b7a3264340003774b00","duration":6.4},{"created":"2015-12-10T16:20:54Z","user_id":"5669a3503666650003df0100","duration":3.479}]}],"region":{"x":352.68672815300175,"y":103.49412794178603,"width":607.347106354666,"height":87.15294984571456,"label":"Record Number","shape":"rectangle"},"task_key":"em_record_number","instructions":{"mark":"Record Number","transcribe":"Enter the record number"}},{"id":"580d6c466164390003373401","status":"awaiting_transcriptions","name":"Record Number","created_in_workflow":"transcribe","confidence":0.6666666666666666,"data":{"value":"3812"},"versions":[{"data":{"value":"3812"},"votes":2,"confidence":0.6666666666666666,"instances":[{"created":"2016-01-07T19:06:30Z","user_id":"568eb0c262633900031d0000","duration":4.096},{"created":"2016-01-07T19:33:34Z","user_id":"568eb6db6263390003600000","duration":5.618}]}],"region":{"x":799.083278220408,"y":127.46722164412071,"width":121.31363680170921,"height":62.41498439125911,"label":"Record Number","shape":"rectangle"},"task_key":"em_record_number","instructions":{"mark":"Record Number","transcribe":"Enter the record number"}},{"id":"580d6c466164390003383401","status":"awaiting_transcriptions","name":"Land \u0026 Building Dimensions","created_in_workflow":"transcribe","confidence":0.3333333333333333,"data":{"em_survey_land_dimensions":"See 3810","em_survey_building_dimensions":""},"versions":[{"data":{"em_survey_land_dimensions":"See 3810","em_survey_building_dimensions":""},"votes":1,"confidence":0.3333333333333333,"instances":[{"created":"2015-12-10T04:30:27Z","user_id":"5668fae73033300003cf0800","duration":8.601}]},{"data":{"em_survey_land_dimensions":"","em_survey_building_dimensions":""},"votes":1,"confidence":0.3333333333333333,"instances":[{"created":"2015-12-10T16:33:14Z","user_id":"5669a3503666650003df0100","duration":18.16}]}],"region":{"x":514.7367408350764,"y":371.76180168562615,"width":275.0764921157904,"height":84.42942016303596,"label":"Dimension \u0026 Description","shape":"rectangle"},"task_key":"em_record_survey","instructions":{"mark":"Dimension \u0026 Description","transcribe":"Enter, as they appear, any land and building dimensions that were recorded. In the next screen, you'll enter the descriptive information."}},{"id":"580d6c466164390003393401","status":"awaiting_transcriptions","name":"Additional Info","created_in_workflow":"transcribe","confidence":0.3333333333333333,"data":{"value":"See 3810"},"versions":[{"data":{"value":"See 3810"},"votes":1,"confidence":0.3333333333333333,"instances":[{"created":"2015-12-10T16:33:21Z","user_id":"5669a3503666650003df0100","duration":3.529}]}],"region":{"x":514.7367408350764,"y":371.76180168562615,"width":275.0764921157904,"height":84.42942016303596,"label":"Dimension \u0026 Description","shape":"rectangle"},"task_key":"em_record_survey_additional_info","instructions":{"mark":"Dimension \u0026 Description","transcribe":"Enter any additional information you find about the building's construction or significance."}}]}],"export_document":{"name":"Record","export_fields":[{"name":"Land \u0026 Building Dimensions","value":{"em_survey_land_dimensions":[0],"em_survey_building_dimensions":[]},"original_value":{"em_survey_land_dimensions":"See 3810","em_survey_building_dimensions":""},"assertion_ids":["580d6c466164390003383401"]},{"name":"Record Number","value":3812,"original_value":{"value":"3812"},"assertion_ids":["580d6c466164390003363401"]},{"name":"Additional Info","value":"See 3810","original_value":{"value":"See 3810"},"assertion_ids":["580d6c466164390003393401"]}]}}