{"id":"56b10acd7061755afb3bd200","meta_data":{"capture_uuid":"154c89c0-02e7-0133-adc5-58d385a7bbd0","page_uri":"http://digitalcollections.nypl.org/items/154c89c0-02e7-0133-adc5-58d385a7bbd0","book_uri":"http://digitalcollections.nypl.org/items/109c0900-02e7-0133-03cf-58d385a7bbd0","source_rotated":"0.867204","source_x":"1215.39","source_y":"0","source_w":"1370.61","source_h":"899.64"},"type":"final_subject_set","search_terms_by_field":{"Land \u0026 Building Dimensions":["See diagram"],"Stories \u0026 Materials":["3-5","br."],"Additional Info":[],"Land \u0026 Building Value":["$16000","16000"],"Record Number":["4164"],"Mortgager":["Annie M. Gommoud"],"Street Address":["456 \u0026 8 W 38 and 498 - 10th St"],"Record Date":["June 11/94"],"Amount Loaned":["$16000"]},"subjects":[{"id":"580db28761643900033e7103","type":"root","location":{"standard":"https://s3.amazonaws.com/scribe.nypl.org/emigrant-s4/full/154c89c0-02e7-0133-adc5-58d385a7bbd0.right-top.jpg","thumbnail":"https://s3.amazonaws.com/scribe.nypl.org/emigrant-s4/thumb/154c89c0-02e7-0133-adc5-58d385a7bbd0.right-top.jpg"},"status":"retired","width":1370,"height":899,"meta_data":{"capture_uuid":"154c89c0-02e7-0133-adc5-58d385a7bbd0","page_uri":"http://digitalcollections.nypl.org/items/154c89c0-02e7-0133-adc5-58d385a7bbd0","book_uri":"http://digitalcollections.nypl.org/items/109c0900-02e7-0133-03cf-58d385a7bbd0","source_rotated":"0.867204","source_x":"1215.39","source_y":"0","source_w":"1370.61","source_h":"899.64"},"assertions":[{"id":"580db28761643900033f7103","status":"awaiting_transcriptions","name":"Land \u0026 Building Dimensions","created_in_workflow":"transcribe","confidence":0.3333333333333333,"data":{"em_survey_land_dimensions":"See diagram","em_survey_building_dimensions":""},"versions":[{"data":{"em_survey_land_dimensions":"See diagram","em_survey_building_dimensions":""},"votes":1,"confidence":0.3333333333333333,"instances":[{"created":"2016-01-23T01:23:36Z","user_id":"56a2cf6e32646600034c0400","duration":15.528}]}],"region":{"x":121.44430121601437,"y":747.9517079825984,"width":469.5062963689281,"height":106.6386593559348,"label":"Dimension \u0026 Description","shape":"rectangle"},"task_key":"em_record_survey","instructions":{"mark":"Dimension \u0026 Description","transcribe":"Enter, as they appear, any land and building dimensions that were recorded. In the next screen, you'll enter the descriptive information."}},{"id":"580db2876164390003407103","status":"awaiting_transcriptions","name":"Stories \u0026 Materials","created_in_workflow":"transcribe","confidence":0.3333333333333333,"data":{"em_record_stories":"3-5","em_record_material":"br."},"versions":[{"data":{"em_record_stories":"3-5","em_record_material":"br."},"votes":1,"confidence":0.3333333333333333,"instances":[{"created":"2016-01-23T01:23:45Z","user_id":"56a2cf6e32646600034c0400","duration":8.516}]}],"region":{"x":121.44430121601437,"y":747.9517079825984,"width":469.5062963689281,"height":106.6386593559348,"label":"Dimension \u0026 Description","shape":"rectangle"},"task_key":"em_record_survey_stories_materials","instructions":{"mark":"Dimension \u0026 Description","transcribe":"Enter, as they appear, the number of stories and the building materials."}},{"id":"580db2876164390003417103","status":"awaiting_transcriptions","name":"Additional Info","created_in_workflow":"transcribe","confidence":0.3333333333333333,"data":{"value":""},"versions":[{"data":{"value":""},"votes":1,"confidence":0.3333333333333333,"instances":[{"created":"2016-01-23T01:23:45Z","user_id":"56a2cf6e32646600034c0400","duration":0.705}]}],"region":{"x":121.44430121601437,"y":747.9517079825984,"width":469.5062963689281,"height":106.6386593559348,"label":"Dimension \u0026 Description","shape":"rectangle"},"task_key":"em_record_survey_additional_info","instructions":{"mark":"Dimension \u0026 Description","transcribe":"Enter any additional information you find about the building's construction or significance."}},{"id":"580db2876164390003427103","status":"awaiting_votes","name":"Land \u0026 Building Value","created_in_workflow":"verify","confidence":0.6666666666666666,"data":{"em_valuation_ground":"$16000","em_valuation_building":"16000"},"versions":[{"data":{"em_valuation_ground":"$16000","em_valuation_building":"16000"},"votes":2,"confidence":0.6666666666666666,"instances":[{"created":"2016-08-15T00:22:23Z","user_id":"5750d4e061323000033d0000","duration":14.589},{"created":"2016-09-05T02:58:19Z","user_id":"57c49a363234370003600200","duration":14.044}]}],"region":{"x":758.9991488336705,"y":600.1395162241888,"width":282.41861171874143,"height":103.19141002949846,"label":"Valuation","shape":"rectangle"},"task_key":"em_transcribed_valuation_itemized","instructions":{"mark":"Valuation","transcribe":"Sometimes valuations include itemized dollar values for \"ground\" and \"building\". Enter these amounts if you can find them. In the next screen, you'll enter the total valuation.","verify":"Choose the best transcription or enter your own!"}},{"id":"580db2876164390003437103","status":"complete","name":"Record Number","created_in_workflow":"transcribe","confidence":1.0,"data":{"value":"4164"},"versions":[{"data":{"value":"4164"},"votes":3,"confidence":1.0,"instances":[{"created":"2015-11-11T23:00:02Z","user_id":"563ff09d32643400030da100","duration":5.645},{"created":"2015-11-11T23:22:34Z","user_id":"563f8b7a3264340003774b00","duration":7.658},{"created":"2015-11-11T23:25:32Z","user_id":"5643bb8837363900036a0600","duration":9.216}]}],"region":{"x":365.2424305719637,"y":77.39355752212388,"width":593.3506409667788,"height":93.68693805309734,"label":"Record Number","shape":"rectangle"},"task_key":"em_record_number","instructions":{"mark":"Record Number","transcribe":"Enter the record number"}},{"id":"580db2876164390003447103","status":"complete","name":"Mortgager","created_in_workflow":"verify","confidence":1.0,"data":{"value":"Annie M. Gommoud"},"versions":[{"data":{"value":"Annie M. Gommoud"},"votes":2,"confidence":0.6666666666666666,"instances":[{"created":"2016-04-18T20:18:31Z","user_id":"57153f3f6636380003ce0000","duration":11.953},{"created":"2016-04-19T00:03:15Z","user_id":"57156c626636380003910200","duration":8.471}]},{"data":{"value":"Annie M. Gormoud"},"votes":1,"confidence":0.3333333333333333,"instances":[{"created":"2016-04-12T01:49:17Z","user_id":"563f8b7a3264340003774b00","duration":19.065}]}],"region":{"x":139.8506539118143,"y":665.3130383480826,"width":400.5456271972534,"height":43.449014749262545,"label":"Mortgager Name","shape":"rectangle"},"task_key":"em_transcribed_mortgager","instructions":{"mark":"Mortgager Name","transcribe":"Enter the mortgager's name","verify":"Choose the best transcription or enter your own!"}},{"id":"580db2876164390003457103","status":"awaiting_votes","name":"Street Address","created_in_workflow":"verify","confidence":0.3333333333333333,"data":{"value":"456 \u0026 8 W 38 and 498 - 10th St"},"versions":[{"data":{"value":"456 \u0026 8 W 38 and 498 - 10th St"},"votes":1,"confidence":0.3333333333333333,"instances":[{"created":"2016-04-12T01:49:40Z","user_id":"563f8b7a3264340003774b00","duration":20.077}]}],"region":{"x":112.69501816962763,"y":704.6887079646018,"width":547.1860602050616,"height":39.37566961651917,"label":"Street Address","shape":"rectangle"},"task_key":"em_transcribed_address","instructions":{"mark":"Street Address","transcribe":"Enter the street address","verify":"Choose the best transcription or enter your own!"}},{"id":"580db2876164390003467103","status":"awaiting_votes","name":"Record Date","created_in_workflow":"verify","confidence":0.6,"data":{"value":"June 11/94"},"versions":[{"data":{"value":"June 11/94"},"votes":3,"confidence":0.6,"instances":[{"created":"2015-11-19T21:46:20Z","user_id":"564dee2139646600036e0200","duration":25.422},{"created":"2016-08-28T02:02:32Z","user_id":"5750d4e061323000033d0000","duration":14.868},{"created":"2016-09-05T23:04:51Z","user_id":"57c49a363234370003600200","duration":12.976}]},{"data":{"value":"1894 June 11"},"votes":2,"confidence":0.4,"instances":[{"created":"2015-11-14T04:34:51Z","user_id":"563f8b7a3264340003774b00","duration":7.654},{"created":"2015-11-17T03:35:09Z","user_id":"564618af6363350003da0c00","duration":3.97}]}],"region":{"x":135.7773085504863,"y":609.64398820059,"width":350.3077010742081,"height":54.311268436578075,"label":"Record Date","shape":"rectangle"},"task_key":"em_transcribed_date","instructions":{"mark":"Record Date","transcribe":"Enter the record date","verify":"Choose the best transcription or enter your own!"}},{"id":"580db2876164390003477103","status":"complete","name":"Amount Loaned","created_in_workflow":"verify","confidence":1.0,"data":{"value":"$16000"},"versions":[{"data":{"value":"$16,000"},"votes":2,"confidence":0.6666666666666666,"instances":[{"created":"2016-04-18T20:18:41Z","user_id":"57153f3f6636380003ce0000","duration":2.506},{"created":"2016-04-19T00:03:36Z","user_id":"57156c626636380003910200","duration":2.694}]},{"data":{"value":"$16000"},"votes":1,"confidence":0.3333333333333333,"instances":[{"created":"2016-04-12T01:49:42Z","user_id":"563f8b7a3264340003774b00","duration":2.571}]}],"region":{"x":769.8614031305451,"y":712.8353982300885,"width":270.1985756347574,"height":29.871197640117998,"label":"Amount Loaned","shape":"rectangle"},"task_key":"em_transcribed_amount_loaned","instructions":{"mark":"Amount Loaned","transcribe":"Enter the Amount Loaned","verify":"Choose the best transcription or enter your own!"}}]}],"export_document":{"name":"Record","export_fields":[{"name":"Mortgager","value":"Annie M. Gommoud","original_value":{"value":"Annie M. Gommoud"},"assertion_ids":["580db2876164390003447103"]},{"name":"Street Address","value":"456 \u0026 8 W 38 and 498 - 10th St","original_value":{"value":"456 \u0026 8 W 38 and 498 - 10th St"},"assertion_ids":["580db2876164390003457103"]},{"name":"Record Date","value":"1894-06-11T00:00:00Z","original_value":{"value":"June 11/94"},"assertion_ids":["580db2876164390003467103"]},{"name":"Land \u0026 Building Dimensions","value":{"em_survey_land_dimensions":[0],"em_survey_building_dimensions":[]},"original_value":{"em_survey_land_dimensions":"See diagram","em_survey_building_dimensions":""},"assertion_ids":["580db28761643900033f7103"]},{"name":"Amount Loaned","value":16000.0,"original_value":{"value":"$16000"},"assertion_ids":["580db2876164390003477103"]},{"name":"Stories \u0026 Materials","value":{"em_record_stories":3,"em_record_material":"br."},"original_value":{"em_record_stories":"3-5","em_record_material":"br."},"assertion_ids":["580db2876164390003407103"]},{"name":"Record Number","value":4164,"original_value":{"value":"4164"},"assertion_ids":["580db2876164390003437103"]},{"name":"Additional Info","value":"","original_value":{"value":""},"assertion_ids":["580db2876164390003417103"]}]}}