{"id":"56b10ae07061755afba0d300","meta_data":{"capture_uuid":"1586e170-02e7-0133-74fe-58d385a7bbd0","page_uri":"http://digitalcollections.nypl.org/items/1586e170-02e7-0133-74fe-58d385a7bbd0","book_uri":"http://digitalcollections.nypl.org/items/109c0900-02e7-0133-03cf-58d385a7bbd0","source_rotated":"0.895174","source_x":"0","source_y":"867.15","source_w":"1372.7","source_h":"977.85"},"type":"final_subject_set","search_terms_by_field":{"Land \u0026 Building Dimensions":["21.8 x 100","22 x 50"],"Stories \u0026 Materials":["3","Br."],"Additional Info":[],"Record Date":["Stephen Philbin","Oct 8th/94"],"Land \u0026 Building Value":["$ 9000","$ 5000"],"Valuation Date":[],"Total Value":[],"Record Number":["4187"],"Mortgager":["William H Walker"],"Street Address":["6  St Lukes Place"],"Amount Loaned":["$3000."]},"subjects":[{"id":"580d6dba61643900034f4301","type":"root","location":{"standard":"https://s3.amazonaws.com/scribe.nypl.org/emigrant-s4/full/1586e170-02e7-0133-74fe-58d385a7bbd0.left-bottom.jpg","thumbnail":"https://s3.amazonaws.com/scribe.nypl.org/emigrant-s4/thumb/1586e170-02e7-0133-74fe-58d385a7bbd0.left-bottom.jpg"},"status":"retired","width":1372,"height":977,"meta_data":{"capture_uuid":"1586e170-02e7-0133-74fe-58d385a7bbd0","page_uri":"http://digitalcollections.nypl.org/items/1586e170-02e7-0133-74fe-58d385a7bbd0","book_uri":"http://digitalcollections.nypl.org/items/109c0900-02e7-0133-03cf-58d385a7bbd0","source_rotated":"0.895174","source_x":"0","source_y":"867.15","source_w":"1372.7","source_h":"977.85"},"assertions":[{"id":"580d6dba6164390003504301","status":"awaiting_transcriptions","name":"Land \u0026 Building Dimensions","created_in_workflow":"transcribe","confidence":0.3333333333333333,"data":{"em_survey_land_dimensions":"21.8 x 100","em_survey_building_dimensions":"22 x 50"},"versions":[{"data":{"em_survey_land_dimensions":"21.8 x 100","em_survey_building_dimensions":"22 x 50"},"votes":1,"confidence":0.3333333333333333,"instances":[{"created":"2016-01-19T21:17:34Z","user_id":"569e818a3961630003170000","duration":15.419}]}],"region":{"x":248.67761737445937,"y":698.7453049821512,"width":363.9298145028498,"height":121.30994878162346,"label":"Dimension \u0026 Description","shape":"rectangle"},"task_key":"em_record_survey","instructions":{"mark":"Dimension \u0026 Description","transcribe":"Enter, as they appear, any land and building dimensions that were recorded. In the next screen, you'll enter the descriptive information."}},{"id":"580d6dba6164390003514301","status":"awaiting_transcriptions","name":"Stories \u0026 Materials","created_in_workflow":"transcribe","confidence":0.3333333333333333,"data":{"em_record_stories":"3","em_record_material":"Br."},"versions":[{"data":{"em_record_stories":"3","em_record_material":"Br."},"votes":1,"confidence":0.3333333333333333,"instances":[{"created":"2016-01-19T21:17:41Z","user_id":"569e818a3961630003170000","duration":7.312}]}],"region":{"x":248.67761737445937,"y":698.7453049821512,"width":363.9298145028498,"height":121.30994878162346,"label":"Dimension \u0026 Description","shape":"rectangle"},"task_key":"em_record_survey_stories_materials","instructions":{"mark":"Dimension \u0026 Description","transcribe":"Enter, as they appear, the number of stories and the building materials."}},{"id":"580d6dba6164390003524301","status":"awaiting_transcriptions","name":"Additional Info","created_in_workflow":"transcribe","confidence":0.3333333333333333,"data":{"value":""},"versions":[{"data":{"value":""},"votes":1,"confidence":0.3333333333333333,"instances":[{"created":"2016-01-19T21:17:42Z","user_id":"569e818a3961630003170000","duration":0.433}]}],"region":{"x":248.67761737445937,"y":698.7453049821512,"width":363.9298145028498,"height":121.30994878162346,"label":"Dimension \u0026 Description","shape":"rectangle"},"task_key":"em_record_survey_additional_info","instructions":{"mark":"Dimension \u0026 Description","transcribe":"Enter any additional information you find about the building's construction or significance."}},{"id":"580d6dba6164390003534301","status":"awaiting_transcriptions","name":"Record Date","created_in_workflow":"transcribe","confidence":0.3333333333333333,"data":{"value":"Stephen Philbin"},"versions":[{"data":{"value":"Stephen Philbin"},"votes":1,"confidence":0.3333333333333333,"instances":[{"created":"2016-02-19T17:11:36Z","user_id":"56c74b826533330003c10200","duration":13.674}]}],"region":{"x":803.6207135784832,"y":728.8406402226861,"width":290.9923369478163,"height":78.8670842032011,"label":"Record Date","shape":"rectangle"},"task_key":"em_record_date","instructions":{"mark":"Record Date","transcribe":"Enter the record date"}},{"id":"580d6dba6164390003544301","status":"awaiting_transcriptions","name":"Land \u0026 Building Value","created_in_workflow":"transcribe","confidence":0.3333333333333333,"data":{"em_valuation_ground":"$ 9000","em_valuation_building":"$ 5000"},"versions":[{"data":{"em_valuation_ground":"$ 9000","em_valuation_building":"$ 5000"},"votes":1,"confidence":0.3333333333333333,"instances":[{"created":"2016-01-19T01:21:44Z","user_id":"569d6d333938660003fe0100","duration":13.825}]},{"data":{"em_valuation_ground":"$9000","em_valuation_building":"$5000"},"votes":1,"confidence":0.3333333333333333,"instances":[{"created":"2016-01-19T21:16:07Z","user_id":"569e818a3961630003170000","duration":12.099}]}],"region":{"x":803.0640348004673,"y":575.0091572248953,"width":186.8173047781296,"height":95.83485953748254,"label":"Valuation","shape":"rectangle"},"task_key":"em_record_valuation_ground_building","instructions":{"mark":"Valuation","transcribe":"Sometimes valuations include itemized dollar values for \"ground\" and \"building\". Enter these amounts if you can find them. In the next screen, you'll enter the total valuation."}},{"id":"580d6dba6164390003554301","status":"awaiting_transcriptions","name":"Valuation Date","created_in_workflow":"transcribe","confidence":0.3333333333333333,"data":{"value":""},"versions":[{"data":{"value":""},"votes":1,"confidence":0.3333333333333333,"instances":[{"created":"2016-01-19T21:15:55Z","user_id":"569e818a3961630003170000","duration":2.482}]}],"region":{"x":803.0640348004673,"y":575.0091572248953,"width":186.8173047781296,"height":95.83485953748254,"label":"Valuation","shape":"rectangle"},"task_key":"em_record_valuation","instructions":{"mark":"Valuation","transcribe":"Enter the date of the valuation (if one is given). In the next screen, you'll enter the valuation's dollar amounts."}},{"id":"580d6dba6164390003564301","status":"awaiting_transcriptions","name":"Total Value","created_in_workflow":"transcribe","confidence":0.3333333333333333,"data":{"value":""},"versions":[{"data":{"value":""},"votes":1,"confidence":0.3333333333333333,"instances":[{"created":"2016-01-19T21:16:08Z","user_id":"569e818a3961630003170000","duration":1.525}]}],"region":{"x":803.0640348004673,"y":575.0091572248953,"width":186.8173047781296,"height":95.83485953748254,"label":"Valuation","shape":"rectangle"},"task_key":"em_record_valuation_total","instructions":{"mark":"Valuation","transcribe":"Enter the valuation ***total*** (if one is given)"}},{"id":"580d6dba6164390003574301","status":"complete","name":"Record Number","created_in_workflow":"transcribe","confidence":1.0,"data":{"value":"4187"},"versions":[{"data":{"value":"4187"},"votes":3,"confidence":1.0,"instances":[{"created":"2016-01-20T10:36:22Z","user_id":"569f4ab73237350003f40400","duration":7.735},{"created":"2016-01-20T13:38:43Z","user_id":"568ae6fe32373500039f0700","duration":3.278},{"created":"2016-01-20T13:53:08Z","user_id":"569f8ee13237350003750600","duration":6.686}]}],"region":{"x":743.6221650983351,"y":53.376377463914324,"width":154.06362147287314,"height":64.29427285426044,"label":"Record Number","shape":"rectangle"},"task_key":"em_record_number","instructions":{"mark":"Record Number","transcribe":"Enter the record number"}},{"id":"580d6dba6164390003584301","status":"awaiting_votes","name":"Mortgager","created_in_workflow":"verify","confidence":0.3333333333333333,"data":{"value":"William H Walker"},"versions":[{"data":{"value":"William H Walker"},"votes":1,"confidence":0.3333333333333333,"instances":[{"created":"2016-09-21T16:36:44Z","user_id":"57c49a363234370003600200","duration":6.893}]}],"region":{"x":191.66194643567957,"y":606.5497439081173,"width":385.76560337302084,"height":66.72047182989297,"label":"Mortgager Name","shape":"rectangle"},"task_key":"em_transcribed_mortgager","instructions":{"mark":"Mortgager Name","transcribe":"Enter the mortgager's name","verify":"Choose the best transcription or enter your own!"}},{"id":"580d6dba6164390003594301","status":"awaiting_votes","name":"Street Address","created_in_workflow":"verify","confidence":0.3333333333333333,"data":{"value":"6  St Lukes Place"},"versions":[{"data":{"value":"6  St Lukes Place"},"votes":1,"confidence":0.3333333333333333,"instances":[{"created":"2016-09-21T16:36:57Z","user_id":"57c49a363234370003600200","duration":6.006}]}],"region":{"x":242.61212046607852,"y":657.4999223963991,"width":340.88092625100273,"height":58.22877541517926,"label":"Street Address","shape":"rectangle"},"task_key":"em_transcribed_address","instructions":{"mark":"Street Address","transcribe":"Enter the street address","verify":"Choose the best transcription or enter your own!"}},{"id":"580d6dba61643900035a4301","status":"awaiting_votes","name":"Record Date","created_in_workflow":"verify","confidence":0.3333333333333333,"data":{"value":"Oct 8th/94"},"versions":[{"data":{"value":"Oct 8th/94"},"votes":1,"confidence":0.3333333333333333,"instances":[{"created":"2016-09-21T16:36:31Z","user_id":"57c49a363234370003600200","duration":5.811}]}],"region":{"x":246.25141861110703,"y":570.1567592736303,"width":229.2757831367954,"height":61.86807387862791,"label":"Record Date","shape":"rectangle"},"task_key":"em_transcribed_date","instructions":{"mark":"Record Date","transcribe":"Enter the record date","verify":"Choose the best transcription or enter your own!"}},{"id":"580d6dba61643900035b4301","status":"awaiting_votes","name":"Amount Loaned","created_in_workflow":"verify","confidence":0.3333333333333333,"data":{"value":"$3000."},"versions":[{"data":{"value":"$3000."},"votes":1,"confidence":0.3333333333333333,"instances":[{"created":"2016-09-21T14:08:26Z","user_id":"57c49a363234370003600200","duration":5.681}]}],"region":{"x":765.4579539685061,"y":657.4999223963991,"width":231.70198190014776,"height":78.85146670805523,"label":"Amount Loaned","shape":"rectangle"},"task_key":"em_transcribed_amount_loaned","instructions":{"mark":"Amount Loaned","transcribe":"Enter the Amount Loaned","verify":"Choose the best transcription or enter your own!"}}]}],"export_document":{"name":"Record","export_fields":[{"name":"Mortgager","value":"William H Walker","original_value":{"value":"William H Walker"},"assertion_ids":["580d6dba6164390003584301"]},{"name":"Street Address","value":"6  St Lukes Place","original_value":{"value":"6  St Lukes Place"},"assertion_ids":["580d6dba6164390003594301"]},{"name":"Record Date","value":null,"original_value":{"value":"Stephen Philbin"},"assertion_ids":["580d6dba6164390003534301"]},{"name":"Land \u0026 Building Dimensions","value":{"em_survey_land_dimensions":[21.666666666666668,100],"em_survey_building_dimensions":[22,50]},"original_value":{"em_survey_land_dimensions":"21.8 x 100","em_survey_building_dimensions":"22 x 50"},"assertion_ids":["580d6dba6164390003504301"]},{"name":"Amount Loaned","value":3000.0,"original_value":{"value":"$3000."},"assertion_ids":["580d6dba61643900035b4301"]},{"name":"Stories \u0026 Materials","value":{"em_record_stories":3,"em_record_material":"Br."},"original_value":{"em_record_stories":"3","em_record_material":"Br."},"assertion_ids":["580d6dba6164390003514301"]},{"name":"Valuation","value":null,"original_value":null,"assertion_ids":null},{"name":"Record Number","value":4187,"original_value":{"value":"4187"},"assertion_ids":["580d6dba6164390003574301"]},{"name":"Additional Info","value":"","original_value":{"value":""},"assertion_ids":["580d6dba6164390003524301"]}]}}