{"id":"56b10ac97061755afbe1d100","meta_data":{"capture_uuid":"1542eb90-02e7-0133-2d0f-58d385a7bbd0","page_uri":"http://digitalcollections.nypl.org/items/1542eb90-02e7-0133-2d0f-58d385a7bbd0","book_uri":"http://digitalcollections.nypl.org/items/109c0900-02e7-0133-03cf-58d385a7bbd0","source_rotated":"0.867204","source_x":"0","source_y":"0","source_w":"1371.64","source_h":"880.3199999999999"},"type":"final_subject_set","search_terms_by_field":{"Land \u0026 Building Dimensions":["20 x 98.9","20 x 60","20 x 98.9","20 x 60"],"Stories \u0026 Materials":["3","br.","3","br."],"Additional Info":[],"Valuation Date":[],"Land \u0026 Building Value":["$8000","6000"],"Total Value":[],"Record Number":["4158"],"Mortgager":["Ellen Leiner"],"Street Address":["238 E 27 St"],"Record Date":["May 28/94"],"Amount Loaned":["$7000"]},"subjects":[{"id":"580daf206164390003575703","type":"root","location":{"standard":"https://s3.amazonaws.com/scribe.nypl.org/emigrant-s4/full/1542eb90-02e7-0133-2d0f-58d385a7bbd0.left-top.jpg","thumbnail":"https://s3.amazonaws.com/scribe.nypl.org/emigrant-s4/thumb/1542eb90-02e7-0133-2d0f-58d385a7bbd0.left-top.jpg"},"status":"retired","width":1371,"height":880,"meta_data":{"capture_uuid":"1542eb90-02e7-0133-2d0f-58d385a7bbd0","page_uri":"http://digitalcollections.nypl.org/items/1542eb90-02e7-0133-2d0f-58d385a7bbd0","book_uri":"http://digitalcollections.nypl.org/items/109c0900-02e7-0133-03cf-58d385a7bbd0","source_rotated":"0.867204","source_x":"0","source_y":"0","source_w":"1371.64","source_h":"880.3199999999999"},"assertions":[{"id":"580daf206164390003585703","status":"awaiting_transcriptions","name":"Land \u0026 Building Dimensions","created_in_workflow":"transcribe","confidence":0.3333333333333333,"data":{"em_survey_land_dimensions":"20 x 98.9","em_survey_building_dimensions":"20 x 60"},"versions":[{"data":{"em_survey_land_dimensions":"20 x 98.9","em_survey_building_dimensions":"20 x 60"},"votes":1,"confidence":0.3333333333333333,"instances":[{"created":"2015-11-23T15:53:48Z","user_id":"5647496e3562310003960400","duration":13.173}]}],"region":{"x":91.22211450343345,"y":747.3428130889155,"width":476.2994391459449,"height":82.45331505910565,"label":"Dimension \u0026 Description","shape":"rectangle"},"task_key":"em_record_survey","instructions":{"mark":"Dimension \u0026 Description","transcribe":"Enter, as they appear, any land and building dimensions that were recorded. In the next screen, you'll enter the descriptive information."}},{"id":"580daf206164390003595703","status":"awaiting_transcriptions","name":"Stories \u0026 Materials","created_in_workflow":"transcribe","confidence":0.3333333333333333,"data":{"em_record_stories":"3","em_record_material":"br."},"versions":[{"data":{"em_record_stories":"3","em_record_material":"br."},"votes":1,"confidence":0.3333333333333333,"instances":[{"created":"2015-11-23T15:53:52Z","user_id":"5647496e3562310003960400","duration":3.951}]}],"region":{"x":91.22211450343345,"y":747.3428130889155,"width":476.2994391459449,"height":82.45331505910565,"label":"Dimension \u0026 Description","shape":"rectangle"},"task_key":"em_record_survey_stories_materials","instructions":{"mark":"Dimension \u0026 Description","transcribe":"Enter, as they appear, the number of stories and the building materials."}},{"id":"580daf2061643900035a5703","status":"awaiting_transcriptions","name":"Additional Info","created_in_workflow":"transcribe","confidence":0.3333333333333333,"data":{"value":""},"versions":[{"data":{"value":""},"votes":1,"confidence":0.3333333333333333,"instances":[{"created":"2015-11-23T15:53:53Z","user_id":"5647496e3562310003960400","duration":1.264}]}],"region":{"x":91.22211450343345,"y":747.3428130889155,"width":476.2994391459449,"height":82.45331505910565,"label":"Dimension \u0026 Description","shape":"rectangle"},"task_key":"em_record_survey_additional_info","instructions":{"mark":"Dimension \u0026 Description","transcribe":"Enter any additional information you find about the building's construction or significance."}},{"id":"580daf2061643900035b5703","status":"awaiting_transcriptions","name":"Stories \u0026 Materials","created_in_workflow":"transcribe","confidence":0.3333333333333333,"data":{"em_record_stories":"3","em_record_material":"br."},"versions":[{"data":{"em_record_stories":"3","em_record_material":"br."},"votes":1,"confidence":0.3333333333333333,"instances":[{"created":"2015-11-23T15:51:44Z","user_id":"5647496e3562310003960400","duration":5.36}]}],"region":{"x":662.255143755754,"y":195.60733253383586,"width":304.3755163603,"height":224.55370909713895,"label":"Dimension \u0026 Description","shape":"rectangle"},"task_key":"em_record_survey_stories_materials","instructions":{"mark":"Dimension \u0026 Description","transcribe":"Enter, as they appear, the number of stories and the building materials."}},{"id":"580daf2061643900035c5703","status":"awaiting_transcriptions","name":"Additional Info","created_in_workflow":"transcribe","confidence":0.3333333333333333,"data":{"value":""},"versions":[{"data":{"value":""},"votes":1,"confidence":0.3333333333333333,"instances":[{"created":"2015-11-23T15:51:46Z","user_id":"5647496e3562310003960400","duration":1.527}]}],"region":{"x":662.255143755754,"y":195.60733253383586,"width":304.3755163603,"height":224.55370909713895,"label":"Dimension \u0026 Description","shape":"rectangle"},"task_key":"em_record_survey_additional_info","instructions":{"mark":"Dimension \u0026 Description","transcribe":"Enter any additional information you find about the building's construction or significance."}},{"id":"580daf2061643900035d5703","status":"awaiting_transcriptions","name":"Land \u0026 Building Dimensions","created_in_workflow":"transcribe","confidence":0.3333333333333333,"data":{"em_survey_land_dimensions":"20 x 98.9","em_survey_building_dimensions":"20 x 60"},"versions":[{"data":{"em_survey_land_dimensions":"20 x 98.9","em_survey_building_dimensions":"20 x 60"},"votes":1,"confidence":0.3333333333333333,"instances":[{"created":"2015-11-23T15:51:39Z","user_id":"5647496e3562310003960400","duration":31.428}]}],"region":{"x":662.255143755754,"y":195.60733253383586,"width":304.3755163603,"height":224.55370909713895,"label":"Dimension \u0026 Description","shape":"rectangle"},"task_key":"em_record_survey","instructions":{"mark":"Dimension \u0026 Description","transcribe":"Enter, as they appear, any land and building dimensions that were recorded. In the next screen, you'll enter the descriptive information."}},{"id":"580daf2061643900035e5703","status":"awaiting_transcriptions","name":"Valuation Date","created_in_workflow":"transcribe","confidence":0.3333333333333333,"data":{"value":""},"versions":[{"data":{"value":""},"votes":1,"confidence":0.3333333333333333,"instances":[{"created":"2015-11-23T15:53:08Z","user_id":"5647496e3562310003960400","duration":9.671}]}],"region":{"x":703.4817987094547,"y":614.0140483124892,"width":256.1315584357567,"height":92.1021072468734,"label":"Valuation","shape":"rectangle"},"task_key":"em_record_valuation","instructions":{"mark":"Valuation","transcribe":"Enter the date of the valuation (if one is given). In the next screen, you'll enter the valuation's dollar amounts."}},{"id":"580daf2061643900035f5703","status":"awaiting_transcriptions","name":"Land \u0026 Building Value","created_in_workflow":"transcribe","confidence":0.3333333333333333,"data":{"em_valuation_ground":"$8000","em_valuation_building":"6000"},"versions":[{"data":{"em_valuation_ground":"$8000","em_valuation_building":"6000"},"votes":1,"confidence":0.3333333333333333,"instances":[{"created":"2015-11-23T15:53:15Z","user_id":"5647496e3562310003960400","duration":7.486}]}],"region":{"x":703.4817987094547,"y":614.0140483124892,"width":256.1315584357567,"height":92.1021072468734,"label":"Valuation","shape":"rectangle"},"task_key":"em_record_valuation_ground_building","instructions":{"mark":"Valuation","transcribe":"Sometimes valuations include itemized dollar values for \"ground\" and \"building\". Enter these amounts if you can find them. In the next screen, you'll enter the total valuation."}},{"id":"580daf206164390003605703","status":"awaiting_transcriptions","name":"Total Value","created_in_workflow":"transcribe","confidence":0.3333333333333333,"data":{"value":""},"versions":[{"data":{"value":""},"votes":1,"confidence":0.3333333333333333,"instances":[{"created":"2015-11-23T15:53:16Z","user_id":"5647496e3562310003960400","duration":0.831}]}],"region":{"x":703.4817987094547,"y":614.0140483124892,"width":256.1315584357567,"height":92.1021072468734,"label":"Valuation","shape":"rectangle"},"task_key":"em_record_valuation_total","instructions":{"mark":"Valuation","transcribe":"Enter the valuation ***total*** (if one is given)"}},{"id":"580daf206164390003615703","status":"complete","name":"Record Number","created_in_workflow":"transcribe","confidence":1.0,"data":{"value":"4158"},"versions":[{"data":{"value":"4158"},"votes":3,"confidence":1.0,"instances":[{"created":"2015-11-23T17:13:21Z","user_id":"565347243131380003de0200","duration":4.042},{"created":"2015-11-23T17:23:01Z","user_id":"565348873131380003360300","duration":4.881},{"created":"2015-11-23T17:57:41Z","user_id":"564e49d539646600031a0b00","duration":2.839}]}],"region":{"x":758.7430596048405,"y":109.64536577008737,"width":105.2595445626398,"height":44.73530923419564,"label":"Record Number","shape":"rectangle"},"task_key":"em_record_number","instructions":{"mark":"Record Number","transcribe":"Enter the record number"}},{"id":"580daf206164390003625703","status":"complete","name":"Mortgager","created_in_workflow":"verify","confidence":1.0,"data":{"value":"Ellen Leiner"},"versions":[{"data":{"value":"Ellen Leiner"},"votes":3,"confidence":1.0,"instances":[{"created":"2016-03-24T12:26:30Z","user_id":"563f8b7a3264340003774b00","duration":10.228},{"created":"2016-03-29T23:09:42Z","user_id":"5668b33530333000032d0500","duration":6.181},{"created":"2016-03-31T19:40:09Z","user_id":"56fd7a563363380003330000","duration":7.032}]}],"region":{"x":214.90207936453515,"y":659.6265204728456,"width":204.37894902579217,"height":48.24396093883843,"label":"Mortgager Name","shape":"rectangle"},"task_key":"em_transcribed_mortgager","instructions":{"mark":"Mortgager Name","transcribe":"Enter the mortgager's name","verify":"Choose the best transcription or enter your own!"}},{"id":"580daf206164390003635703","status":"awaiting_votes","name":"Street Address","created_in_workflow":"verify","confidence":0.6666666666666666,"data":{"value":"238 E 27 St"},"versions":[{"data":{"value":"238 E 27 St"},"votes":2,"confidence":0.6666666666666666,"instances":[{"created":"2016-05-31T04:17:35Z","user_id":"563f8b7a3264340003774b00","duration":6.509},{"created":"2016-09-07T13:59:41Z","user_id":"57c49a363234370003600200","duration":7.196}]}],"region":{"x":252.6200828328144,"y":697.3445262977557,"width":262.271698535244,"height":57.01559020044543,"label":"Street Address","shape":"rectangle"},"task_key":"em_transcribed_address","instructions":{"mark":"Street Address","transcribe":"Enter the street address","verify":"Choose the best transcription or enter your own!"}},{"id":"580daf206164390003645703","status":"awaiting_votes","name":"Record Date","created_in_workflow":"verify","confidence":0.3333333333333333,"data":{"value":"May 28/94"},"versions":[{"data":{"value":"May 28/94"},"votes":1,"confidence":0.3333333333333333,"instances":[{"created":"2016-09-22T18:37:40Z","user_id":"57c49a363234370003600200","duration":8.833}]}],"region":{"x":244.61217948717947,"y":610.8025715938481,"width":187.48717948717947,"height":61.519683469883944,"label":"Record Date","shape":"rectangle"},"task_key":"em_transcribed_date","instructions":{"mark":"Record Date","transcribe":"Enter the record date","verify":"Choose the best transcription or enter your own!"}},{"id":"580daf206164390003655703","status":"awaiting_votes","name":"Amount Loaned","created_in_workflow":"verify","confidence":0.6666666666666666,"data":{"value":"$7000"},"versions":[{"data":{"value":"$7000"},"votes":2,"confidence":0.6666666666666666,"instances":[{"created":"2016-05-30T20:17:44Z","user_id":"563f8b7a3264340003774b00","duration":4.884},{"created":"2016-09-07T00:02:09Z","user_id":"57c49a363234370003600200","duration":3.823}]}],"region":{"x":858.7396269393482,"y":699.9760150762378,"width":148.24052525905097,"height":57.89275312660607,"label":"Amount Loaned","shape":"rectangle"},"task_key":"em_transcribed_amount_loaned","instructions":{"mark":"Amount Loaned","transcribe":"Enter the Amount Loaned","verify":"Choose the best transcription or enter your own!"}}]}],"export_document":{"name":"Record","export_fields":[{"name":"Mortgager","value":"Ellen Leiner","original_value":{"value":"Ellen Leiner"},"assertion_ids":["580daf206164390003625703"]},{"name":"Street Address","value":"238 E 27 St","original_value":{"value":"238 E 27 St"},"assertion_ids":["580daf206164390003635703"]},{"name":"Record Date","value":"1894-05-28T00:00:00Z","original_value":{"value":"May 28/94"},"assertion_ids":["580daf206164390003645703"]},{"name":"Land \u0026 Building Dimensions","value":{"em_survey_land_dimensions":[20,98.75],"em_survey_building_dimensions":[20,60]},"original_value":{"em_survey_land_dimensions":"20 x 98.9","em_survey_building_dimensions":"20 x 60"},"assertion_ids":["580daf206164390003585703"]},{"name":"Amount Loaned","value":7000.0,"original_value":{"value":"$7000"},"assertion_ids":["580daf206164390003655703"]},{"name":"Stories \u0026 Materials","value":{"em_record_stories":3,"em_record_material":"br."},"original_value":{"em_record_stories":"3","em_record_material":"br."},"assertion_ids":["580daf206164390003595703"]},{"name":"Valuation","value":null,"original_value":null,"assertion_ids":null},{"name":"Record Number","value":4158,"original_value":{"value":"4158"},"assertion_ids":["580daf206164390003615703"]},{"name":"Additional Info","value":"","original_value":{"value":""},"assertion_ids":["580daf2061643900035a5703"]}]}}