{"id":"56b10a067061755afbfcc200","meta_data":{"capture_uuid":"126e7dc0-02e7-0133-3c4b-58d385a7bbd0","page_uri":"http://digitalcollections.nypl.org/items/126e7dc0-02e7-0133-3c4b-58d385a7bbd0","book_uri":"http://digitalcollections.nypl.org/items/109c0900-02e7-0133-03cf-58d385a7bbd0","source_rotated":"0.643431","source_x":"0","source_y":"861.5099999999999","source_w":"1368.46","source_h":"971.4900000000001"},"type":"final_subject_set","search_terms_by_field":{"Stories \u0026 Materials":["3","br."],"Land \u0026 Building Dimensions":["24.10 x 90","3 story br. - 24\" x 65","24.10 x 90","24.10 x 65","24.10 x 90","24.10 x 65"],"Valuation Date":[],"Land \u0026 Building Value":["23000","5000","23000","5000"],"Total Value":[],"Record Number":["3883"],"Mortgager":["Chas. F. Rime","Chas. F. Rime"],"Street Address":["2332 - 3 Ave","2332-3 Ave"],"Record Date":["Mar 28/92"],"Amount Loaned":["$14,000"]},"subjects":[{"id":"580d86b76164390003313d02","type":"root","location":{"standard":"https://s3.amazonaws.com/scribe.nypl.org/emigrant-s4/full/126e7dc0-02e7-0133-3c4b-58d385a7bbd0.left-bottom.jpg","thumbnail":"https://s3.amazonaws.com/scribe.nypl.org/emigrant-s4/thumb/126e7dc0-02e7-0133-3c4b-58d385a7bbd0.left-bottom.jpg"},"status":"retired","width":1368,"height":971,"meta_data":{"capture_uuid":"126e7dc0-02e7-0133-3c4b-58d385a7bbd0","page_uri":"http://digitalcollections.nypl.org/items/126e7dc0-02e7-0133-3c4b-58d385a7bbd0","book_uri":"http://digitalcollections.nypl.org/items/109c0900-02e7-0133-03cf-58d385a7bbd0","source_rotated":"0.643431","source_x":"0","source_y":"861.5099999999999","source_w":"1368.46","source_h":"971.4900000000001"},"assertions":[{"id":"580d86b76164390003323d02","status":"awaiting_transcriptions","name":"Stories \u0026 Materials","created_in_workflow":"transcribe","confidence":0.3333333333333333,"data":{"em_record_stories":"3","em_record_material":"br."},"versions":[{"data":{"em_record_stories":"3","em_record_material":"br."},"votes":1,"confidence":0.3333333333333333,"instances":[{"created":"2016-01-09T23:50:18Z","user_id":"56919a883063390003ba0500","duration":20.158}]}],"region":{"x":163.28075141683695,"y":719.6932479514179,"width":487.4560624042903,"height":87.08893084454132,"label":"Dimension \u0026 Description","shape":"rectangle"},"task_key":"em_record_survey_stories_materials","instructions":{"mark":"Dimension \u0026 Description","transcribe":"Enter, as they appear, the number of stories and the building materials."}},{"id":"580d86b76164390003333d02","status":"awaiting_transcriptions","name":"Land \u0026 Building Dimensions","created_in_workflow":"transcribe","confidence":0.3333333333333333,"data":{"em_survey_land_dimensions":"24.10 x 90","em_survey_building_dimensions":"3 story br. - 24\" x 65"},"versions":[{"data":{"em_survey_land_dimensions":"24.10 x 90","em_survey_building_dimensions":"3 story br. - 24\" x 65"},"votes":1,"confidence":0.3333333333333333,"instances":[{"created":"2016-01-09T20:16:15Z","user_id":"569162af6539610003140100","duration":33.281}]},{"data":{"em_survey_land_dimensions":"24.10 x 90","em_survey_building_dimensions":"3 story br. - 24 10 x 65"},"votes":1,"confidence":0.3333333333333333,"instances":[{"created":"2016-01-09T23:49:58Z","user_id":"56919a883063390003ba0500","duration":43.166}]}],"region":{"x":163.28075141683695,"y":719.6932479514179,"width":487.4560624042903,"height":87.08893084454132,"label":"Dimension \u0026 Description","shape":"rectangle"},"task_key":"em_record_survey","instructions":{"mark":"Dimension \u0026 Description","transcribe":"Enter, as they appear, any land and building dimensions that were recorded. In the next screen, you'll enter the descriptive information."}},{"id":"580d86b76164390003343d02","status":"awaiting_transcriptions","name":"Valuation Date","created_in_workflow":"transcribe","confidence":0.3333333333333333,"data":{"value":""},"versions":[{"data":{"value":""},"votes":1,"confidence":0.3333333333333333,"instances":[{"created":"2016-01-09T20:14:53Z","user_id":"569162af6539610003140100","duration":13.951}]}],"region":{"x":781.3702002719049,"y":589.0598516846059,"width":258.84763611542957,"height":90.71763629639723,"label":"Valuation","shape":"rectangle"},"task_key":"em_record_valuation","instructions":{"mark":"Valuation","transcribe":"Enter the date of the valuation (if one is given). In the next screen, you'll enter the valuation's dollar amounts."}},{"id":"580d86b76164390003353d02","status":"awaiting_transcriptions","name":"Land \u0026 Building Value","created_in_workflow":"transcribe","confidence":0.3333333333333333,"data":{"em_valuation_ground":"23000","em_valuation_building":"5000"},"versions":[{"data":{"em_valuation_ground":"23000","em_valuation_building":"5000"},"votes":1,"confidence":0.3333333333333333,"instances":[{"created":"2016-01-09T20:15:05Z","user_id":"569162af6539610003140100","duration":12.118}]}],"region":{"x":781.3702002719049,"y":589.0598516846059,"width":258.84763611542957,"height":90.71763629639723,"label":"Valuation","shape":"rectangle"},"task_key":"em_record_valuation_ground_building","instructions":{"mark":"Valuation","transcribe":"Sometimes valuations include itemized dollar values for \"ground\" and \"building\". Enter these amounts if you can find them. In the next screen, you'll enter the total valuation."}},{"id":"580d86b76164390003363d02","status":"awaiting_transcriptions","name":"Total Value","created_in_workflow":"transcribe","confidence":0.3333333333333333,"data":{"value":""},"versions":[{"data":{"value":""},"votes":1,"confidence":0.3333333333333333,"instances":[{"created":"2016-01-09T20:15:08Z","user_id":"569162af6539610003140100","duration":2.226}]}],"region":{"x":781.3702002719049,"y":589.0598516846059,"width":258.84763611542957,"height":90.71763629639723,"label":"Valuation","shape":"rectangle"},"task_key":"em_record_valuation_total","instructions":{"mark":"Valuation","transcribe":"Enter the valuation ***total*** (if one is given)"}},{"id":"580d86b76164390003373d02","status":"complete","name":"Land \u0026 Building Dimensions","created_in_workflow":"verify","confidence":1.0,"data":{"em_survey_land_dimensions":"24.10 x 90","em_survey_building_dimensions":"24.10 x 65"},"versions":[{"data":{"em_survey_land_dimensions":"24.10 x 90","em_survey_building_dimensions":"24.10 x 65"},"votes":3,"confidence":1.0,"instances":[{"created":"2015-12-11T00:19:03Z","user_id":"5647496e3562310003960400","duration":19.834},{"created":"2015-12-28T23:34:37Z","user_id":"56748e5e3564620003fd0100","duration":22.465},{"created":"2016-02-08T06:06:31Z","user_id":"56b808276461320003bf0000","duration":12.685}]}],"region":{"x":93.8555818717605,"y":723.1272088486612,"width":445.44240190390644,"height":31.998275603570164,"label":"Dimension \u0026 Description","shape":"rectangle"},"task_key":"em_transcribed_survey","instructions":{"mark":"Dimension \u0026 Description","transcribe":"Enter, as they appear, any land and building dimensions that were recorded. In the next screen, you'll enter the descriptive information.","verify":"Choose the best transcription or enter your own!"}},{"id":"580d86b76164390003383d02","status":"complete","name":"Land \u0026 Building Dimensions","created_in_workflow":"verify","confidence":1.0,"data":{"em_survey_land_dimensions":"24.10 x 90","em_survey_building_dimensions":"24.10 x 65"},"versions":[{"data":{"em_survey_land_dimensions":"24.10 x 90","em_survey_building_dimensions":"24.10 x 65"},"votes":3,"confidence":1.0,"instances":[{"created":"2015-12-28T23:34:47Z","user_id":"56748e5e3564620003fd0100","duration":10.551},{"created":"2016-02-08T06:06:40Z","user_id":"56b808276461320003bf0000","duration":9.063},{"created":"2016-02-08T19:31:16Z","user_id":"56b8e87636623400031f0200","duration":79.176}]}],"region":{"x":93.8555818717605,"y":764.458314836606,"width":528.1293148321765,"height":57.330243789729934,"label":"Dimension \u0026 Description","shape":"rectangle"},"task_key":"em_transcribed_survey","instructions":{"mark":"Dimension \u0026 Description","transcribe":"Enter, as they appear, any land and building dimensions that were recorded. In the next screen, you'll enter the descriptive information.","verify":"Choose the best transcription or enter your own!"}},{"id":"580d86b76164390003393d02","status":"complete","name":"Land \u0026 Building Value","created_in_workflow":"verify","confidence":1.0,"data":{"em_valuation_ground":"23000","em_valuation_building":"5000"},"versions":[{"data":{"em_valuation_ground":"23000","em_valuation_building":"5000"},"votes":3,"confidence":0.75,"instances":[{"created":"2015-12-28T23:33:14Z","user_id":"56748e5e3564620003fd0100","duration":7.502},{"created":"2016-02-08T19:27:05Z","user_id":"56b8e87636623400031f0200","duration":31.455},{"created":"2016-02-09T04:16:02Z","user_id":"563f8b7a3264340003774b00","duration":14.552}]},{"data":{"em_valuation_ground":"$23,000","em_valuation_building":"$5,000"},"votes":1,"confidence":0.25,"instances":[{"created":"2016-02-08T06:02:52Z","user_id":"56b808276461320003bf0000","duration":35.248}]}],"region":{"x":703.3381497462672,"y":595.1341064343804,"width":312.0764133099225,"height":37.331321537498525,"label":"Valuation","shape":"rectangle"},"task_key":"em_transcribed_valuation_itemized","instructions":{"mark":"Valuation","transcribe":"Sometimes valuations include itemized dollar values for \"ground\" and \"building\". Enter these amounts if you can find them. In the next screen, you'll enter the total valuation.","verify":"Choose the best transcription or enter your own!"}},{"id":"580d86b761643900033a3d02","status":"complete","name":"Record Number","created_in_workflow":"transcribe","confidence":1.0,"data":{"value":"3883"},"versions":[{"data":{"value":"3883"},"votes":3,"confidence":1.0,"instances":[{"created":"2015-11-09T08:31:10Z","user_id":"56404e946639340003cf2700","duration":3.022},{"created":"2015-11-09T08:47:43Z","user_id":"56405b8766393400033e2c00","duration":6.963},{"created":"2015-11-09T11:06:52Z","user_id":"564077996639340003f83400","duration":7.291}]}],"region":{"x":694.0025305446883,"y":73.82886639288297,"width":205.38362243473534,"height":63.99655120714037,"label":"Record Number","shape":"rectangle"},"task_key":"em_record_number","instructions":{"mark":"Record Number","transcribe":"Enter the record number"}},{"id":"580d86b761643900033b3d02","status":"complete","name":"Mortgager","created_in_workflow":"verify","confidence":1.0,"data":{"value":"Chas. F. Rime"},"versions":[{"data":{"value":"Chas. F. Rime"},"votes":3,"confidence":1.0,"instances":[{"created":"2016-07-17T22:43:10Z","user_id":"5750d4e061323000033d0000","duration":44.316},{"created":"2016-08-30T04:08:07Z","user_id":"57c49a363234370003600200","duration":11.026},{"created":"2016-09-01T18:15:54Z","user_id":"5794e6a83066310003040000","duration":19.298}]}],"region":{"x":92.52192198582067,"y":631.1321664883966,"width":396.09698612413234,"height":42.66436747142694,"label":"Mortgager Name","shape":"rectangle"},"task_key":"em_transcribed_mortgager","instructions":{"mark":"Mortgager Name","transcribe":"Enter the mortgager's name","verify":"Choose the best transcription or enter your own!"}},{"id":"580d86b761643900033c3d02","status":"awaiting_votes","name":"Mortgager","created_in_workflow":"verify","confidence":0.3333333333333333,"data":{"value":"Chas. F. Rime"},"versions":[{"data":{"value":"Chas. F. Rime"},"votes":1,"confidence":0.3333333333333333,"instances":[{"created":"2016-09-23T21:25:46Z","user_id":"57c49a363234370003600200","duration":5.048}]}],"region":{"x":174.63829787234042,"y":612.6810306706802,"width":260.5021276595745,"height":69.85436929261914,"label":"Mortgager Name","shape":"rectangle"},"task_key":"em_transcribed_mortgager","instructions":{"mark":"Mortgager Name","transcribe":"Enter the mortgager's name","verify":"Choose the best transcription or enter your own!"}},{"id":"580d86b761643900033d3d02","status":"complete","name":"Street Address","created_in_workflow":"verify","confidence":1.0,"data":{"value":"2332 - 3 Ave"},"versions":[{"data":{"value":"2332 - 3 Ave"},"votes":3,"confidence":1.0,"instances":[{"created":"2015-12-28T23:13:00Z","user_id":"56748e5e3564620003fd0100","duration":10.383},{"created":"2016-01-22T20:10:19Z","user_id":"56980a2d3337650003270200","duration":14.048},{"created":"2016-02-01T18:45:39Z","user_id":"56ae3e993234360003fa0100","duration":9.3}]}],"region":{"x":104.52486095927922,"y":681.7961028607164,"width":434.7731228163877,"height":33.33153708705231,"label":"Street Address","shape":"rectangle"},"task_key":"em_transcribed_address","instructions":{"mark":"Street Address","transcribe":"Enter the street address","verify":"Choose the best transcription or enter your own!"}},{"id":"580d86b761643900033e3d02","status":"awaiting_votes","name":"Street Address","created_in_workflow":"verify","confidence":0.3333333333333333,"data":{"value":"2332-3 Ave"},"versions":[{"data":{"value":"2332-3 Ave"},"votes":1,"confidence":0.3333333333333333,"instances":[{"created":"2016-09-23T21:20:03Z","user_id":"57c49a363234370003600200","duration":8.32}]}],"region":{"x":208.11063829787238,"y":654.8847121183039,"width":240.1276595744681,"height":78.58616545419648,"label":"Street Address","shape":"rectangle"},"task_key":"em_transcribed_address","instructions":{"mark":"Street Address","transcribe":"Enter the street address","verify":"Choose the best transcription or enter your own!"}},{"id":"580d86b761643900033f3d02","status":"complete","name":"Record Date","created_in_workflow":"verify","confidence":1.0,"data":{"value":"Mar 28/92"},"versions":[{"data":{"value":"Mar 28/92"},"votes":11,"confidence":0.6470588235294118,"instances":[{"created":"2015-11-09T10:57:56Z","user_id":"56407bbf3432660003470100","duration":6.886},{"created":"2015-11-09T11:26:52Z","user_id":"564082c234326600038e0200","duration":21.146},{"created":"2015-12-11T00:09:06Z","user_id":"5647496e3562310003960400","duration":5.353},{"created":"2016-01-01T17:08:23Z","user_id":"56748e5e3564620003fd0100","duration":7.638},{"created":"2016-01-30T23:51:43Z","user_id":"563f8b7a3264340003774b00","duration":17.543},{"created":"2016-02-02T14:53:51Z","user_id":"56ae3e993234360003fa0100","duration":60.954},{"created":"2016-02-13T20:43:22Z","user_id":"56bf95233164300003b80100","duration":44.783},{"created":"2016-02-14T04:49:22Z","user_id":"56c005946431620003850300","duration":15.349},{"created":"2016-02-14T18:21:09Z","user_id":"56c0c53b30306100031d0000","duration":8.25},{"created":"2016-02-14T21:18:24Z","user_id":"56c0e58d3435350003420000","duration":17.461},{"created":"2016-02-15T01:26:32Z","user_id":"56c129093030610003160200","duration":24.561}]},{"data":{"value":"1892 March 28"},"votes":3,"confidence":0.17647058823529413,"instances":[{"created":"2015-11-09T08:19:47Z","user_id":"56404e946639340003cf2700","duration":5.652},{"created":"2015-11-09T09:16:40Z","user_id":"564053776639340003c32800","duration":14.868},{"created":"2016-02-08T06:02:16Z","user_id":"56b808276461320003bf0000","duration":43.813}]},{"data":{"value":"1892 Mar 28"},"votes":1,"confidence":0.058823529411764705,"instances":[{"created":"2016-01-24T21:19:32Z","user_id":"56980a2d3337650003270200","duration":0.112}]},{"data":{"value":"march 28 1892"},"votes":1,"confidence":0.058823529411764705,"instances":[{"created":"2016-02-08T19:26:21Z","user_id":"56b8e87636623400031f0200","duration":28.27}]},{"data":{"value":"28 mar 1892"},"votes":1,"confidence":0.058823529411764705,"instances":[{"created":"2016-02-10T07:03:27Z","user_id":"56bad46f6563620003bb0000","duration":11.118}]}],"region":{"x":259.2294077283006,"y":584.4680145665237,"width":174.709445058119,"height":46.66415192187321,"label":"Record Date","shape":"rectangle"},"task_key":"em_transcribed_date","instructions":{"mark":"Record Date","transcribe":"Enter the record date","verify":"Choose the best transcription or enter your own!"}},{"id":"580d86b76164390003403d02","status":"complete","name":"Amount Loaned","created_in_workflow":"transcribe","confidence":1.0,"data":{"value":"$14,000"},"versions":[{"data":{"value":"$14,000"},"votes":3,"confidence":1.0,"instances":[{"created":"2015-11-09T07:31:17Z","user_id":"56403b566639340003e82100","duration":4.423},{"created":"2015-11-09T08:05:43Z","user_id":"56404e946639340003cf2700","duration":2.534},{"created":"2015-11-09T12:40:19Z","user_id":"564094163432660003cc0300","duration":6.814}]}],"region":{"x":706.0054695181469,"y":676.463056926788,"width":314.74373308180213,"height":38.66458302098067,"label":"Amount Loaned","shape":"rectangle"},"task_key":"em_record_amount_loaned","instructions":{"mark":"Amount Loaned","transcribe":"Enter the Amount Loaned"}}]}],"export_document":{"name":"Record","export_fields":[{"name":"Mortgager","value":"Chas. F. Rime","original_value":{"value":"Chas. F. Rime"},"assertion_ids":["580d86b761643900033b3d02"]},{"name":"Street Address","value":"2332 - 3 Ave","original_value":{"value":"2332 - 3 Ave"},"assertion_ids":["580d86b761643900033d3d02"]},{"name":"Record Date","value":"1892-03-28T00:00:00Z","original_value":{"value":"Mar 28/92"},"assertion_ids":["580d86b761643900033f3d02"]},{"name":"Land \u0026 Building Dimensions","value":{"em_survey_land_dimensions":[24.833333333333332,90],"em_survey_building_dimensions":[24.833333333333332,65]},"original_value":{"em_survey_land_dimensions":"24.10 x 90","em_survey_building_dimensions":"24.10 x 65"},"assertion_ids":["580d86b76164390003383d02"]},{"name":"Amount Loaned","value":14000.0,"original_value":{"value":"$14,000"},"assertion_ids":["580d86b76164390003403d02"]},{"name":"Stories \u0026 Materials","value":{"em_record_stories":3,"em_record_material":"br."},"original_value":{"em_record_stories":"3","em_record_material":"br."},"assertion_ids":["580d86b76164390003323d02"]},{"name":"Valuation","value":null,"original_value":null,"assertion_ids":null},{"name":"Record Number","value":3883,"original_value":{"value":"3883"},"assertion_ids":["580d86b761643900033a3d02"]}]}}