{"id":"56b10a627061755afb00ca00","meta_data":{"capture_uuid":"13aeb670-02e7-0133-6619-58d385a7bbd0","page_uri":"http://digitalcollections.nypl.org/items/13aeb670-02e7-0133-6619-58d385a7bbd0","book_uri":"http://digitalcollections.nypl.org/items/109c0900-02e7-0133-03cf-58d385a7bbd0","source_rotated":"1.37058","source_x":"1222.91","source_y":"0","source_w":"1379.09","source_h":"914.8299999999999"},"type":"final_subject_set","search_terms_by_field":{"Land \u0026 Building Value":["$7,000","$14,000"],"Total Value":[],"Valuation Date":["March 20 1893"],"Record Number":["4016"],"Mortgager":["Marie Rheinhardt \u0026 Geo. J. Elsenbast"],"Street Address":["520 E 84 St"],"Land \u0026 Building Dimensions":["25 x 102.2","25 x 65"],"Stories \u0026 Materials":["5","Br."],"Additional Info":[],"Record Date":["1893 March 20"],"Amount Loaned":["$10500"]},"subjects":[{"id":"580d837961643900037f1c02","type":"root","location":{"standard":"https://s3.amazonaws.com/scribe.nypl.org/emigrant-s4/full/13aeb670-02e7-0133-6619-58d385a7bbd0.right-top.jpg","thumbnail":"https://s3.amazonaws.com/scribe.nypl.org/emigrant-s4/thumb/13aeb670-02e7-0133-6619-58d385a7bbd0.right-top.jpg"},"status":"retired","width":1379,"height":914,"meta_data":{"capture_uuid":"13aeb670-02e7-0133-6619-58d385a7bbd0","page_uri":"http://digitalcollections.nypl.org/items/13aeb670-02e7-0133-6619-58d385a7bbd0","book_uri":"http://digitalcollections.nypl.org/items/109c0900-02e7-0133-03cf-58d385a7bbd0","source_rotated":"1.37058","source_x":"1222.91","source_y":"0","source_w":"1379.09","source_h":"914.8299999999999"},"assertions":[{"id":"580d83796164390003801c02","status":"awaiting_votes","name":"Land \u0026 Building Value","created_in_workflow":"transcribe","confidence":0.3333333333333333,"data":{"em_valuation_ground":"$7,000","em_valuation_building":"$14,000"},"versions":[{"data":{"em_valuation_ground":"$7,000","em_valuation_building":"$14,000"},"votes":1,"confidence":0.3333333333333333,"instances":[{"created":"2015-11-20T14:16:06Z","user_id":"563bfc7535326200037f3900","duration":7.172}]},{"data":{"em_valuation_ground":"$7000","em_valuation_building":"$14000"},"votes":1,"confidence":0.3333333333333333,"instances":[{"created":"2015-11-20T19:25:52Z","user_id":"564f728b6435360003470500","duration":51.678}]},{"data":{"em_valuation_ground":"7000.","em_valuation_building":"14000."},"votes":1,"confidence":0.3333333333333333,"instances":[{"created":"2016-10-07T00:11:37Z","user_id":"57c49a363234370003600200","duration":15.135}]}],"region":{"x":919.7542673946431,"y":632.9641624346314,"width":140.54066180594498,"height":85.70705948922921,"label":"Valuation","shape":"rectangle"},"task_key":"em_record_valuation_ground_building","instructions":{"mark":"Valuation","transcribe":"Sometimes valuations include itemized dollar values for \"ground\" and \"building\". Enter these amounts if you can find them. In the next screen, you'll enter the total valuation."}},{"id":"580d83796164390003811c02","status":"awaiting_transcriptions","name":"Total Value","created_in_workflow":"transcribe","confidence":0.6666666666666666,"data":{"value":""},"versions":[{"data":{"value":""},"votes":2,"confidence":0.6666666666666666,"instances":[{"created":"2015-11-20T14:16:07Z","user_id":"563bfc7535326200037f3900","duration":1.698},{"created":"2016-10-07T00:11:38Z","user_id":"57c49a363234370003600200","duration":1.027}]}],"region":{"x":919.7542673946431,"y":632.9641624346314,"width":140.54066180594498,"height":85.70705948922921,"label":"Valuation","shape":"rectangle"},"task_key":"em_record_valuation_total","instructions":{"mark":"Valuation","transcribe":"Enter the valuation ***total*** (if one is given)"}},{"id":"580d83796164390003821c02","status":"awaiting_transcriptions","name":"Valuation Date","created_in_workflow":"transcribe","confidence":0.3333333333333333,"data":{"value":"March 20 1893"},"versions":[{"data":{"value":"March 20 1893"},"votes":1,"confidence":0.3333333333333333,"instances":[{"created":"2015-11-20T19:25:00Z","user_id":"564f728b6435360003470500","duration":70.671}]},{"data":{"value":"Mar 20/93"},"votes":1,"confidence":0.3333333333333333,"instances":[{"created":"2016-10-07T00:11:22Z","user_id":"57c49a363234370003600200","duration":15.391}]}],"region":{"x":919.7542673946431,"y":632.9641624346314,"width":140.54066180594498,"height":85.70705948922921,"label":"Valuation","shape":"rectangle"},"task_key":"em_record_valuation","instructions":{"mark":"Valuation","transcribe":"Enter the date of the valuation (if one is given). In the next screen, you'll enter the valuation's dollar amounts."}},{"id":"580d83796164390003831c02","status":"complete","name":"Record Number","created_in_workflow":"transcribe","confidence":1.0,"data":{"value":"4016"},"versions":[{"data":{"value":"4016"},"votes":3,"confidence":1.0,"instances":[{"created":"2015-11-20T13:58:22Z","user_id":"563bfc7535326200037f3900","duration":4.046},{"created":"2015-11-20T14:13:45Z","user_id":"563bfc7535326200037f3900","duration":3.103},{"created":"2015-11-20T16:51:50Z","user_id":"564f478f6435360003b00300","duration":3.745}]}],"region":{"x":769.4906667216201,"y":102.11249934358463,"width":188.27145260796408,"height":81.28916982483594,"label":"Record Number","shape":"rectangle"},"task_key":"em_record_number","instructions":{"mark":"Record Number","transcribe":"Enter the record number"}},{"id":"580d83796164390003841c02","status":"awaiting_votes","name":"Mortgager","created_in_workflow":"verify","confidence":0.6666666666666666,"data":{"value":"Marie Rheinhardt \u0026 Geo. J. Elsenbast"},"versions":[{"data":{"value":"Marie Rheinhardt \u0026 Geo. J. Elsenbast"},"votes":2,"confidence":0.6666666666666666,"instances":[{"created":"2016-05-22T18:53:30Z","user_id":"563f8b7a3264340003774b00","duration":28.106},{"created":"2016-09-28T14:57:57Z","user_id":"57c49a363234370003600200","duration":19.163}]}],"region":{"x":245.33587143278098,"y":672.8144898457705,"width":534.7616376892877,"height":38.87742904666061,"label":"Mortgager Name","shape":"rectangle"},"task_key":"em_transcribed_mortgager","instructions":{"mark":"Mortgager Name","transcribe":"Enter the mortgager's name","verify":"Choose the best transcription or enter your own!"}},{"id":"580d83796164390003851c02","status":"awaiting_votes","name":"Street Address","created_in_workflow":"verify","confidence":0.6666666666666666,"data":{"value":"520 E 84 St"},"versions":[{"data":{"value":"520 E 84 St"},"votes":2,"confidence":0.6666666666666666,"instances":[{"created":"2016-05-22T19:05:38Z","user_id":"563f8b7a3264340003774b00","duration":7.983},{"created":"2016-09-06T01:33:42Z","user_id":"57c49a363234370003600200","duration":21.645}]}],"region":{"x":291.2988551680586,"y":715.2262306239458,"width":278.42961301177786,"height":30.92522765075273,"label":"Street Address","shape":"rectangle"},"task_key":"em_transcribed_address","instructions":{"mark":"Street Address","transcribe":"Enter the street address","verify":"Choose the best transcription or enter your own!"}},{"id":"580d83796164390003861c02","status":"awaiting_votes","name":"Land \u0026 Building Dimensions","created_in_workflow":"transcribe","confidence":0.6666666666666666,"data":{"em_survey_land_dimensions":"25 x 102.2","em_survey_building_dimensions":"25 x 65"},"versions":[{"data":{"em_survey_land_dimensions":"25 x 102.2","em_survey_building_dimensions":"25 x 65"},"votes":2,"confidence":0.6666666666666666,"instances":[{"created":"2015-11-20T15:06:46Z","user_id":"564f325461383600030b0300","duration":10.343},{"created":"2016-10-07T00:11:51Z","user_id":"57c49a363234370003600200","duration":12.985}]},{"data":{"em_survey_land_dimensions":"25 x 102","em_survey_building_dimensions":"25 x 65"},"votes":1,"confidence":0.3333333333333333,"instances":[{"created":"2015-11-20T16:33:28Z","user_id":"564f478f6435360003b00300","duration":10.399}]}],"region":{"x":364.66284843782864,"y":757.5486509705212,"width":315.55356141334835,"height":82.17280168703178,"label":"Dimension \u0026 Description","shape":"rectangle"},"task_key":"em_record_survey","instructions":{"mark":"Dimension \u0026 Description","transcribe":"Enter, as they appear, any land and building dimensions that were recorded. In the next screen, you'll enter the descriptive information."}},{"id":"580d83796164390003871c02","status":"awaiting_votes","name":"Stories \u0026 Materials","created_in_workflow":"transcribe","confidence":0.3333333333333333,"data":{"em_record_stories":"5","em_record_material":"Br."},"versions":[{"data":{"em_record_stories":"5","em_record_material":"Br."},"votes":1,"confidence":0.3333333333333333,"instances":[{"created":"2015-11-20T15:06:51Z","user_id":"564f325461383600030b0300","duration":4.6}]},{"data":{"em_record_stories":"5","em_record_material":"Br"},"votes":1,"confidence":0.3333333333333333,"instances":[{"created":"2015-11-20T16:33:33Z","user_id":"564f478f6435360003b00300","duration":5.852}]},{"data":{"em_record_stories":"5","em_record_material":"br."},"votes":1,"confidence":0.3333333333333333,"instances":[{"created":"2016-10-07T00:12:23Z","user_id":"57c49a363234370003600200","duration":31.893}]}],"region":{"x":364.66284843782864,"y":757.5486509705212,"width":315.55356141334835,"height":82.17280168703178,"label":"Dimension \u0026 Description","shape":"rectangle"},"task_key":"em_record_survey_stories_materials","instructions":{"mark":"Dimension \u0026 Description","transcribe":"Enter, as they appear, the number of stories and the building materials."}},{"id":"580d83796164390003881c02","status":"awaiting_transcriptions","name":"Additional Info","created_in_workflow":"transcribe","confidence":0.3333333333333333,"data":{"value":""},"versions":[{"data":{"value":""},"votes":1,"confidence":0.3333333333333333,"instances":[{"created":"2016-10-07T00:12:24Z","user_id":"57c49a363234370003600200","duration":0.877}]}],"region":{"x":364.66284843782864,"y":757.5486509705212,"width":315.55356141334835,"height":82.17280168703178,"label":"Dimension \u0026 Description","shape":"rectangle"},"task_key":"em_record_survey_additional_info","instructions":{"mark":"Dimension \u0026 Description","transcribe":"Enter any additional information you find about the building's construction or significance."}},{"id":"580d83796164390003891c02","status":"complete","name":"Record Date","created_in_workflow":"verify","confidence":1.0,"data":{"value":"1893 March 20"},"versions":[{"data":{"value":"1893 March 20"},"votes":3,"confidence":0.75,"instances":[{"created":"2015-11-20T22:01:52Z","user_id":"564618af6363350003da0c00","duration":8.039},{"created":"2015-11-20T22:32:21Z","user_id":"564f9dab6435360003970900","duration":6.07},{"created":"2015-11-20T22:46:09Z","user_id":"563f8b7a3264340003774b00","duration":6.284}]},{"data":{"value":"Mar 20/93"},"votes":1,"confidence":0.25,"instances":[{"created":"2015-11-20T21:53:03Z","user_id":"564d46703463650003401900","duration":3.335}]}],"region":{"x":320.46767176929245,"y":621.5670236681259,"width":209.48513740886153,"height":46.829576513251254,"label":"Record Date","shape":"rectangle"},"task_key":"em_transcribed_date","instructions":{"mark":"Record Date","transcribe":"Enter the record date","verify":"Choose the best transcription or enter your own!"}},{"id":"580d837961643900038a1c02","status":"complete","name":"Amount Loaned","created_in_workflow":"verify","confidence":1.0,"data":{"value":"$10500"},"versions":[{"data":{"value":"$10500"},"votes":3,"confidence":1.0,"instances":[{"created":"2016-05-22T18:57:35Z","user_id":"563f8b7a3264340003774b00","duration":4.692},{"created":"2016-08-28T21:06:54Z","user_id":"5750d4e061323000033d0000","duration":5.117},{"created":"2016-09-06T01:11:14Z","user_id":"57c49a363234370003600200","duration":10.217}]}],"region":{"x":909.1474249941946,"y":726.6234233197684,"width":161.75434660684238,"height":29.158071784995442,"label":"Amount Loaned","shape":"rectangle"},"task_key":"em_transcribed_amount_loaned","instructions":{"mark":"Amount Loaned","transcribe":"Enter the Amount Loaned","verify":"Choose the best transcription or enter your own!"}}]}],"export_document":{"name":"Record","export_fields":[{"name":"Mortgager","value":"Marie Rheinhardt \u0026 Geo. J. Elsenbast","original_value":{"value":"Marie Rheinhardt \u0026 Geo. J. Elsenbast"},"assertion_ids":["580d83796164390003841c02"]},{"name":"Street Address","value":"520 E 84 St","original_value":{"value":"520 E 84 St"},"assertion_ids":["580d83796164390003851c02"]},{"name":"Record Date","value":"1893-03-20T00:00:00Z","original_value":{"value":"1893 March 20"},"assertion_ids":["580d83796164390003891c02"]},{"name":"Land \u0026 Building Dimensions","value":{"em_survey_land_dimensions":[25,102.16666666666667],"em_survey_building_dimensions":[25,65]},"original_value":{"em_survey_land_dimensions":"25 x 102.2","em_survey_building_dimensions":"25 x 65"},"assertion_ids":["580d83796164390003861c02"]},{"name":"Amount Loaned","value":10500.0,"original_value":{"value":"$10500"},"assertion_ids":["580d837961643900038a1c02"]},{"name":"Stories \u0026 Materials","value":{"em_record_stories":5,"em_record_material":"Br."},"original_value":{"em_record_stories":"5","em_record_material":"Br."},"assertion_ids":["580d83796164390003871c02"]},{"name":"Valuation","value":null,"original_value":null,"assertion_ids":null},{"name":"Record Number","value":4016,"original_value":{"value":"4016"},"assertion_ids":["580d83796164390003831c02"]},{"name":"Additional Info","value":"","original_value":{"value":""},"assertion_ids":["580d83796164390003881c02"]}]}}