{"id":"56b109ae7061755afb12bc00","meta_data":{"capture_uuid":"113ba060-02e7-0133-9145-58d385a7bbd0","page_uri":"http://digitalcollections.nypl.org/items/113ba060-02e7-0133-9145-58d385a7bbd0","book_uri":"http://digitalcollections.nypl.org/items/109c0900-02e7-0133-03cf-58d385a7bbd0","source_rotated":"-0.0559529","source_x":"0","source_y":"847.88","source_w":"1357.89","source_h":"956.12"},"type":"final_subject_set","search_terms_by_field":{"Mortgager":["508 E 17 St","Thomas Krekeler"],"Land \u0026 Building Dimensions":["23.9 x 92","23.9 x 48"],"Stories \u0026 Materials":["5","brick"],"Additional Info":[],"Valuation Date":[],"Land \u0026 Building Value":["7000.","9000."],"Total Value":[],"Record Number":["3759"],"Street Address":["508 E 17 St"],"Record Date":["Sept. 28/91"],"Amount Loaned":["$8000."]},"subjects":[{"id":"580d6bff6164390003e33101","type":"root","location":{"standard":"https://s3.amazonaws.com/scribe.nypl.org/emigrant-s4/full/113ba060-02e7-0133-9145-58d385a7bbd0.left-bottom.jpg","thumbnail":"https://s3.amazonaws.com/scribe.nypl.org/emigrant-s4/thumb/113ba060-02e7-0133-9145-58d385a7bbd0.left-bottom.jpg"},"status":"retired","width":1357,"height":956,"meta_data":{"capture_uuid":"113ba060-02e7-0133-9145-58d385a7bbd0","page_uri":"http://digitalcollections.nypl.org/items/113ba060-02e7-0133-9145-58d385a7bbd0","book_uri":"http://digitalcollections.nypl.org/items/109c0900-02e7-0133-03cf-58d385a7bbd0","source_rotated":"-0.0559529","source_x":"0","source_y":"847.88","source_w":"1357.89","source_h":"956.12"},"assertions":[{"id":"580d6bff6164390003e43101","status":"awaiting_transcriptions","name":"Mortgager","created_in_workflow":"transcribe","confidence":0.3333333333333333,"data":{"value":"508 E 17 St"},"versions":[{"data":{"value":"508 E 17 St"},"votes":1,"confidence":0.3333333333333333,"instances":[{"created":"2016-01-24T23:46:47Z","user_id":"56a556736164350003cb0100","duration":10.519}]}],"region":{"x":229.97720515361746,"y":688.5889997787278,"width":204.42418235877105,"height":29.587808584242225,"label":"Mortgager Name","shape":"rectangle"},"task_key":"em_record_mortgager","instructions":{"mark":"Mortgager Name","transcribe":"Enter the mortgager's name"}},{"id":"580d6bff6164390003e53101","status":"awaiting_transcriptions","name":"Land \u0026 Building Dimensions","created_in_workflow":"transcribe","confidence":0.3333333333333333,"data":{"em_survey_land_dimensions":"23.9 x 92","em_survey_building_dimensions":"23.9 x 48"},"versions":[{"data":{"em_survey_land_dimensions":"23.9 x 92","em_survey_building_dimensions":"23.9 x 48"},"votes":1,"confidence":0.3333333333333333,"instances":[{"created":"2016-01-24T23:47:23Z","user_id":"56a556736164350003cb0100","duration":26.896}]}],"region":{"x":283.77304261645196,"y":734.3156130452841,"width":336.22398414271555,"height":68.58991989983417,"label":"Dimension \u0026 Description","shape":"rectangle"},"task_key":"em_record_survey","instructions":{"mark":"Dimension \u0026 Description","transcribe":"Enter, as they appear, any land and building dimensions that were recorded. In the next screen, you'll enter the descriptive information."}},{"id":"580d6bff6164390003e63101","status":"awaiting_transcriptions","name":"Stories \u0026 Materials","created_in_workflow":"transcribe","confidence":0.3333333333333333,"data":{"em_record_stories":"5","em_record_material":"brick"},"versions":[{"data":{"em_record_stories":"5","em_record_material":"brick"},"votes":1,"confidence":0.3333333333333333,"instances":[{"created":"2016-01-24T23:47:28Z","user_id":"56a556736164350003cb0100","duration":4.837}]}],"region":{"x":283.77304261645196,"y":734.3156130452841,"width":336.22398414271555,"height":68.58991989983417,"label":"Dimension \u0026 Description","shape":"rectangle"},"task_key":"em_record_survey_stories_materials","instructions":{"mark":"Dimension \u0026 Description","transcribe":"Enter, as they appear, the number of stories and the building materials."}},{"id":"580d6bff6164390003e73101","status":"awaiting_transcriptions","name":"Additional Info","created_in_workflow":"transcribe","confidence":0.3333333333333333,"data":{"value":""},"versions":[{"data":{"value":""},"votes":1,"confidence":0.3333333333333333,"instances":[{"created":"2016-01-24T23:47:29Z","user_id":"56a556736164350003cb0100","duration":0.36}]}],"region":{"x":283.77304261645196,"y":734.3156130452841,"width":336.22398414271555,"height":68.58991989983417,"label":"Dimension \u0026 Description","shape":"rectangle"},"task_key":"em_record_survey_additional_info","instructions":{"mark":"Dimension \u0026 Description","transcribe":"Enter any additional information you find about the building's construction or significance."}},{"id":"580d6bff6164390003e83101","status":"awaiting_transcriptions","name":"Valuation Date","created_in_workflow":"transcribe","confidence":0.3333333333333333,"data":{"value":""},"versions":[{"data":{"value":""},"votes":1,"confidence":0.3333333333333333,"instances":[{"created":"2016-01-24T23:45:52Z","user_id":"56a556736164350003cb0100","duration":2.22}]}],"region":{"x":835.1803766105055,"y":609.239876757351,"width":137.17938553022793,"height":71.27972068021995,"label":"Valuation","shape":"rectangle"},"task_key":"em_record_valuation","instructions":{"mark":"Valuation","transcribe":"Enter the date of the valuation (if one is given). In the next screen, you'll enter the valuation's dollar amounts."}},{"id":"580d6bff6164390003e93101","status":"awaiting_transcriptions","name":"Land \u0026 Building Value","created_in_workflow":"transcribe","confidence":0.3333333333333333,"data":{"em_valuation_ground":"7000.","em_valuation_building":"9000."},"versions":[{"data":{"em_valuation_ground":"7000.","em_valuation_building":"9000."},"votes":1,"confidence":0.3333333333333333,"instances":[{"created":"2016-01-24T23:45:59Z","user_id":"56a556736164350003cb0100","duration":6.336}]}],"region":{"x":835.1803766105055,"y":609.239876757351,"width":137.17938553022793,"height":71.27972068021995,"label":"Valuation","shape":"rectangle"},"task_key":"em_record_valuation_ground_building","instructions":{"mark":"Valuation","transcribe":"Sometimes valuations include itemized dollar values for \"ground\" and \"building\". Enter these amounts if you can find them. In the next screen, you'll enter the total valuation."}},{"id":"580d6bff6164390003ea3101","status":"awaiting_transcriptions","name":"Total Value","created_in_workflow":"transcribe","confidence":0.3333333333333333,"data":{"value":""},"versions":[{"data":{"value":""},"votes":1,"confidence":0.3333333333333333,"instances":[{"created":"2016-01-24T23:45:59Z","user_id":"56a556736164350003cb0100","duration":0.377}]}],"region":{"x":835.1803766105055,"y":609.239876757351,"width":137.17938553022793,"height":71.27972068021995,"label":"Valuation","shape":"rectangle"},"task_key":"em_record_valuation_total","instructions":{"mark":"Valuation","transcribe":"Enter the valuation ***total*** (if one is given)"}},{"id":"580d6bff6164390003eb3101","status":"complete","name":"Record Number","created_in_workflow":"transcribe","confidence":1.0,"data":{"value":"3759"},"versions":[{"data":{"value":"3759"},"votes":3,"confidence":1.0,"instances":[{"created":"2016-01-23T23:19:10Z","user_id":"56a3e3a239353200033f0900","duration":8.708},{"created":"2016-01-25T01:34:47Z","user_id":"56a57a086164350003a40300","duration":4.28},{"created":"2016-01-25T01:45:01Z","user_id":"568ae6fe32373500039f0700","duration":4.107}]}],"region":{"x":746.4172447968286,"y":72.6246210704127,"width":117.00594648166498,"height":53.796015607713116,"label":"Record Number","shape":"rectangle"},"task_key":"em_record_number","instructions":{"mark":"Record Number","transcribe":"Enter the record number"}},{"id":"580d6bff6164390003ec3101","status":"awaiting_votes","name":"Mortgager","created_in_workflow":"verify","confidence":0.3333333333333333,"data":{"value":"Thomas Krekeler"},"versions":[{"data":{"value":"Thomas Krekeler"},"votes":1,"confidence":0.3333333333333333,"instances":[{"created":"2016-09-21T22:56:27Z","user_id":"57c49a363234370003600200","duration":9.018}]}],"region":{"x":184.25074331020815,"y":641.5174861219789,"width":231.32210109018828,"height":37.65721092539923,"label":"Mortgager Name","shape":"rectangle"},"task_key":"em_transcribed_mortgager","instructions":{"mark":"Mortgager Name","transcribe":"Enter the mortgager's name","verify":"Choose the best transcription or enter your own!"}},{"id":"580d6bff6164390003ed3101","status":"awaiting_votes","name":"Street Address","created_in_workflow":"verify","confidence":0.3333333333333333,"data":{"value":"508 E 17 St"},"versions":[{"data":{"value":"508 E 17 St"},"votes":1,"confidence":0.3333333333333333,"instances":[{"created":"2016-09-21T22:56:49Z","user_id":"57c49a363234370003600200","duration":5.243}]}],"region":{"x":227.28741328047573,"y":687.244099388535,"width":192.32011892963334,"height":37.65721092539923,"label":"Street Address","shape":"rectangle"},"task_key":"em_transcribed_address","instructions":{"mark":"Street Address","transcribe":"Enter the street address","verify":"Choose the best transcription or enter your own!"}},{"id":"580d6bff6164390003ee3101","status":"awaiting_votes","name":"Record Date","created_in_workflow":"verify","confidence":0.3333333333333333,"data":{"value":"Sept. 28/91"},"versions":[{"data":{"value":"Sept. 28/91"},"votes":1,"confidence":0.3333333333333333,"instances":[{"created":"2016-09-21T22:56:15Z","user_id":"57c49a363234370003600200","duration":5.488}]}],"region":{"x":240.73637264618435,"y":594.4459724652299,"width":158.69772051536177,"height":52.45111521752028,"label":"Record Date","shape":"rectangle"},"task_key":"em_transcribed_date","instructions":{"mark":"Record Date","transcribe":"Enter the record date","verify":"Choose the best transcription or enter your own!"}},{"id":"580d6bff6164390003ef3101","status":"awaiting_votes","name":"Amount Loaned","created_in_workflow":"verify","confidence":0.3333333333333333,"data":{"value":"$8000."},"versions":[{"data":{"value":"$8000."},"votes":1,"confidence":0.3333333333333333,"instances":[{"created":"2016-09-21T22:56:53Z","user_id":"57c49a363234370003600200","duration":3.628}]}],"region":{"x":852.6640237859267,"y":692.6237009493063,"width":108.93657086223982,"height":30.93270897443506,"label":"Amount Loaned","shape":"rectangle"},"task_key":"em_transcribed_amount_loaned","instructions":{"mark":"Amount Loaned","transcribe":"Enter the Amount Loaned","verify":"Choose the best transcription or enter your own!"}}]}],"export_document":{"name":"Record","export_fields":[{"name":"Mortgager","value":"508 E 17 St","original_value":{"value":"508 E 17 St"},"assertion_ids":["580d6bff6164390003e43101"]},{"name":"Street Address","value":"508 E 17 St","original_value":{"value":"508 E 17 St"},"assertion_ids":["580d6bff6164390003ed3101"]},{"name":"Record Date","value":"1891-09-28T00:00:00Z","original_value":{"value":"Sept. 28/91"},"assertion_ids":["580d6bff6164390003ee3101"]},{"name":"Land \u0026 Building Dimensions","value":{"em_survey_land_dimensions":[23.75,92],"em_survey_building_dimensions":[23.75,48]},"original_value":{"em_survey_land_dimensions":"23.9 x 92","em_survey_building_dimensions":"23.9 x 48"},"assertion_ids":["580d6bff6164390003e53101"]},{"name":"Amount Loaned","value":8000.0,"original_value":{"value":"$8000."},"assertion_ids":["580d6bff6164390003ef3101"]},{"name":"Stories \u0026 Materials","value":{"em_record_stories":5,"em_record_material":"brick"},"original_value":{"em_record_stories":"5","em_record_material":"brick"},"assertion_ids":["580d6bff6164390003e63101"]},{"name":"Valuation","value":null,"original_value":null,"assertion_ids":null},{"name":"Record Number","value":3759,"original_value":{"value":"3759"},"assertion_ids":["580d6bff6164390003eb3101"]},{"name":"Additional Info","value":"","original_value":{"value":""},"assertion_ids":["580d6bff6164390003e73101"]}]}}