{"id":"56b109b37061755afb74bc00","meta_data":{"capture_uuid":"11457800-02e7-0133-f8d3-58d385a7bbd0","page_uri":"http://digitalcollections.nypl.org/items/11457800-02e7-0133-f8d3-58d385a7bbd0","book_uri":"http://digitalcollections.nypl.org/items/109c0900-02e7-0133-03cf-58d385a7bbd0","source_rotated":"-0.475589","source_x":"1210.72","source_y":"853.05","source_w":"1365.28","source_h":"961.95"},"type":"final_subject_set","search_terms_by_field":{"Land \u0026 Building Dimensions":["12'3 x 62'7","12'3 x 45"],"Stories \u0026 Materials":["3","brick"],"Additional Info":[],"Total Value":["7000."],"Valuation Date":[],"Land \u0026 Building Value":["7000"],"Record Number":["3765"],"Mortgager":["Mary Youell"],"Street Address":["107 Bedford St"],"Record Date":["Oct 5/91"],"Amount Loaned":["$3500."]},"subjects":[{"id":"580d6c106164390003513201","type":"root","location":{"standard":"https://s3.amazonaws.com/scribe.nypl.org/emigrant-s4/full/11457800-02e7-0133-f8d3-58d385a7bbd0.right-bottom.jpg","thumbnail":"https://s3.amazonaws.com/scribe.nypl.org/emigrant-s4/thumb/11457800-02e7-0133-f8d3-58d385a7bbd0.right-bottom.jpg"},"status":"retired","width":1365,"height":961,"meta_data":{"capture_uuid":"11457800-02e7-0133-f8d3-58d385a7bbd0","page_uri":"http://digitalcollections.nypl.org/items/11457800-02e7-0133-f8d3-58d385a7bbd0","book_uri":"http://digitalcollections.nypl.org/items/109c0900-02e7-0133-03cf-58d385a7bbd0","source_rotated":"-0.475589","source_x":"1210.72","source_y":"853.05","source_w":"1365.28","source_h":"961.95"},"assertions":[{"id":"580d6c106164390003523201","status":"awaiting_transcriptions","name":"Land \u0026 Building Dimensions","created_in_workflow":"transcribe","confidence":0.3333333333333333,"data":{"em_survey_land_dimensions":"12'3 x 62'7","em_survey_building_dimensions":"12'3 x 45"},"versions":[{"data":{"em_survey_land_dimensions":"12'3 x 62'7","em_survey_building_dimensions":"12'3 x 45"},"votes":1,"confidence":0.3333333333333333,"instances":[{"created":"2015-12-31T15:32:18Z","user_id":"568545c062366600033a0000","duration":275.807}]}],"region":{"x":285.56183427436304,"y":713.9175856065003,"width":418.35571561587494,"height":91.38145095763196,"label":"Dimension \u0026 Description","shape":"rectangle"},"task_key":"em_record_survey","instructions":{"mark":"Dimension \u0026 Description","transcribe":"Enter, as they appear, any land and building dimensions that were recorded. In the next screen, you'll enter the descriptive information."}},{"id":"580d6c106164390003533201","status":"awaiting_transcriptions","name":"Stories \u0026 Materials","created_in_workflow":"transcribe","confidence":0.3333333333333333,"data":{"em_record_stories":"3","em_record_material":"brick"},"versions":[{"data":{"em_record_stories":"3","em_record_material":"brick"},"votes":1,"confidence":0.3333333333333333,"instances":[{"created":"2015-12-31T15:32:22Z","user_id":"568545c062366600033a0000","duration":4.045}]}],"region":{"x":285.56183427436304,"y":713.9175856065003,"width":418.35571561587494,"height":91.38145095763196,"label":"Dimension \u0026 Description","shape":"rectangle"},"task_key":"em_record_survey_stories_materials","instructions":{"mark":"Dimension \u0026 Description","transcribe":"Enter, as they appear, the number of stories and the building materials."}},{"id":"580d6c106164390003543201","status":"awaiting_transcriptions","name":"Additional Info","created_in_workflow":"transcribe","confidence":0.3333333333333333,"data":{"value":""},"versions":[{"data":{"value":""},"votes":1,"confidence":0.3333333333333333,"instances":[{"created":"2015-12-31T15:37:54Z","user_id":"568545c062366600033a0000","duration":332.121}]}],"region":{"x":285.56183427436304,"y":713.9175856065003,"width":418.35571561587494,"height":91.38145095763196,"label":"Dimension \u0026 Description","shape":"rectangle"},"task_key":"em_record_survey_additional_info","instructions":{"mark":"Dimension \u0026 Description","transcribe":"Enter any additional information you find about the building's construction or significance."}},{"id":"580d6c106164390003553201","status":"awaiting_transcriptions","name":"Total Value","created_in_workflow":"transcribe","confidence":0.3333333333333333,"data":{"value":"7000."},"versions":[{"data":{"value":"7000."},"votes":1,"confidence":0.3333333333333333,"instances":[{"created":"2015-12-31T23:08:20Z","user_id":"5685b45a3031300003bc0200","duration":4.889}]}],"region":{"x":838.1340593369692,"y":583.9845850261172,"width":257.01033723842136,"height":104.23196749854901,"label":"Valuation","shape":"rectangle"},"task_key":"em_record_valuation_total","instructions":{"mark":"Valuation","transcribe":"Enter the valuation ***total*** (if one is given)"}},{"id":"580d6c106164390003563201","status":"awaiting_transcriptions","name":"Valuation Date","created_in_workflow":"transcribe","confidence":0.3333333333333333,"data":{"value":""},"versions":[{"data":{"value":""},"votes":1,"confidence":0.3333333333333333,"instances":[{"created":"2015-12-31T23:08:13Z","user_id":"5685b45a3031300003bc0200","duration":2.679}]}],"region":{"x":838.1340593369692,"y":583.9845850261172,"width":257.01033723842136,"height":104.23196749854901,"label":"Valuation","shape":"rectangle"},"task_key":"em_record_valuation","instructions":{"mark":"Valuation","transcribe":"Enter the date of the valuation (if one is given). In the next screen, you'll enter the valuation's dollar amounts."}},{"id":"580d6c106164390003573201","status":"awaiting_transcriptions","name":"Land \u0026 Building Value","created_in_workflow":"transcribe","confidence":0.3333333333333333,"data":{"em_valuation_ground":"7000"},"versions":[{"data":{"em_valuation_ground":"7000"},"votes":1,"confidence":0.3333333333333333,"instances":[{"created":"2015-12-31T20:08:29Z","user_id":"568589613031300003320200","duration":7.741}]},{"data":{"em_valuation_ground":""},"votes":1,"confidence":0.3333333333333333,"instances":[{"created":"2015-12-31T23:08:15Z","user_id":"5685b45a3031300003bc0200","duration":2.466}]}],"region":{"x":838.1340593369692,"y":583.9845850261172,"width":257.01033723842136,"height":104.23196749854901,"label":"Valuation","shape":"rectangle"},"task_key":"em_record_valuation_ground_building","instructions":{"mark":"Valuation","transcribe":"Sometimes valuations include itemized dollar values for \"ground\" and \"building\". Enter these amounts if you can find them. In the next screen, you'll enter the total valuation."}},{"id":"580d6c106164390003583201","status":"complete","name":"Record Number","created_in_workflow":"transcribe","confidence":1.0,"data":{"value":"3765"},"versions":[{"data":{"value":"3765"},"votes":3,"confidence":1.0,"instances":[{"created":"2015-12-31T00:11:15Z","user_id":"568454373337300003350500","duration":6.631},{"created":"2015-12-31T03:33:35Z","user_id":"567b52b33634340003700300","duration":8.372},{"created":"2015-12-31T19:44:48Z","user_id":"568583796236660003000100","duration":5.656}]}],"region":{"x":771.0258046136036,"y":45.69072547881602,"width":208.46394020449748,"height":85.67011027278004,"label":"Record Number","shape":"rectangle"},"task_key":"em_record_number","instructions":{"mark":"Record Number","transcribe":"Enter the record number"}},{"id":"580d6c106164390003593201","status":"awaiting_votes","name":"Mortgager","created_in_workflow":"verify","confidence":0.3333333333333333,"data":{"value":"Mary Youell"},"versions":[{"data":{"value":"Mary Youell"},"votes":1,"confidence":0.3333333333333333,"instances":[{"created":"2016-09-16T23:25:37Z","user_id":"57c49a363234370003600200","duration":15.8}]}],"region":{"x":251.29378930924017,"y":626.8196401625072,"width":259.8660076521817,"height":57.11340684852007,"label":"Mortgager Name","shape":"rectangle"},"task_key":"em_transcribed_mortgager","instructions":{"mark":"Mortgager Name","transcribe":"Enter the mortgager's name","verify":"Choose the best transcription or enter your own!"}},{"id":"580d6c1061643900035a3201","status":"awaiting_votes","name":"Street Address","created_in_workflow":"verify","confidence":0.3333333333333333,"data":{"value":"107 Bedford St"},"versions":[{"data":{"value":"107 Bedford St"},"votes":1,"confidence":0.3333333333333333,"instances":[{"created":"2016-09-16T23:25:42Z","user_id":"57c49a363234370003600200","duration":5.56}]}],"region":{"x":289.8453398950034,"y":663.9433546140452,"width":291.27838220354437,"height":67.10825304701109,"label":"Street Address","shape":"rectangle"},"task_key":"em_transcribed_address","instructions":{"mark":"Street Address","transcribe":"Enter the street address","verify":"Choose the best transcription or enter your own!"}},{"id":"580d6c1061643900035b3201","status":"awaiting_votes","name":"Record Date","created_in_workflow":"verify","confidence":0.3333333333333333,"data":{"value":"Oct 5/91"},"versions":[{"data":{"value":"Oct 5/91"},"votes":1,"confidence":0.3333333333333333,"instances":[{"created":"2016-09-16T22:36:08Z","user_id":"57c49a363234370003600200","duration":10.057}]}],"region":{"x":308.40719758444493,"y":578.2732443412652,"width":199.89692896321674,"height":67.10825304701098,"label":"Record Date","shape":"rectangle"},"task_key":"em_transcribed_date","instructions":{"mark":"Record Date","transcribe":"Enter the record date","verify":"Choose the best transcription or enter your own!"}},{"id":"580d6c1061643900035c3201","status":"awaiting_votes","name":"Amount Loaned","created_in_workflow":"verify","confidence":0.3333333333333333,"data":{"value":"$3500."},"versions":[{"data":{"value":"$3500."},"votes":1,"confidence":0.3333333333333333,"instances":[{"created":"2016-09-16T23:25:49Z","user_id":"57c49a363234370003600200","duration":3.351}]}],"region":{"x":868.1185986814518,"y":672.5103656413232,"width":201.32476417009673,"height":55.68557167730705,"label":"Amount Loaned","shape":"rectangle"},"task_key":"em_transcribed_amount_loaned","instructions":{"mark":"Amount Loaned","transcribe":"Enter the Amount Loaned","verify":"Choose the best transcription or enter your own!"}}]}],"export_document":{"name":"Record","export_fields":[{"name":"Mortgager","value":"Mary Youell","original_value":{"value":"Mary Youell"},"assertion_ids":["580d6c106164390003593201"]},{"name":"Street Address","value":"107 Bedford St","original_value":{"value":"107 Bedford St"},"assertion_ids":["580d6c1061643900035a3201"]},{"name":"Record Date","value":"1891-10-05T00:00:00Z","original_value":{"value":"Oct 5/91"},"assertion_ids":["580d6c1061643900035b3201"]},{"name":"Land \u0026 Building Dimensions","value":{"em_survey_land_dimensions":[12,62],"em_survey_building_dimensions":[12,45]},"original_value":{"em_survey_land_dimensions":"12'3 x 62'7","em_survey_building_dimensions":"12'3 x 45"},"assertion_ids":["580d6c106164390003523201"]},{"name":"Amount Loaned","value":3500.0,"original_value":{"value":"$3500."},"assertion_ids":["580d6c1061643900035c3201"]},{"name":"Stories \u0026 Materials","value":{"em_record_stories":3,"em_record_material":"brick"},"original_value":{"em_record_stories":"3","em_record_material":"brick"},"assertion_ids":["580d6c106164390003533201"]},{"name":"Valuation","value":null,"original_value":null,"assertion_ids":null},{"name":"Record Number","value":3765,"original_value":{"value":"3765"},"assertion_ids":["580d6c106164390003583201"]},{"name":"Additional Info","value":"","original_value":{"value":""},"assertion_ids":["580d6c106164390003543201"]}]}}