{"id":"56b10a9b7061755afb72ce00","meta_data":{"capture_uuid":"14a8b8e0-02e7-0133-08e9-58d385a7bbd0","page_uri":"http://digitalcollections.nypl.org/items/14a8b8e0-02e7-0133-08e9-58d385a7bbd0","book_uri":"http://digitalcollections.nypl.org/items/109c0900-02e7-0133-03cf-58d385a7bbd0","source_rotated":"0.783292","source_x":"1215.42","source_y":"0","source_w":"1370.58","source_h":"901.1099999999999"},"type":"final_subject_set","search_terms_by_field":{"Record Number":["4096","4096"],"Land \u0026 Building Dimensions":["18.4 x 98.9","18.4 x 45"],"Stories \u0026 Materials":["3","br."],"Additional Info":[],"Valuation Date":[],"Land \u0026 Building Value":["$6000,  6000","4000,  5000"],"Total Value":[],"Mortgager":["Mary Power"],"Street Address":["241 W 36 St."],"Record Date":["Jany 22/94"],"Amount Loaned":["$4500, 1000 add'l"]},"subjects":[{"id":"580d6d686164390003e73f01","type":"root","location":{"standard":"https://s3.amazonaws.com/scribe.nypl.org/emigrant-s4/full/14a8b8e0-02e7-0133-08e9-58d385a7bbd0.right-top.jpg","thumbnail":"https://s3.amazonaws.com/scribe.nypl.org/emigrant-s4/thumb/14a8b8e0-02e7-0133-08e9-58d385a7bbd0.right-top.jpg"},"status":"retired","width":1370,"height":901,"meta_data":{"capture_uuid":"14a8b8e0-02e7-0133-08e9-58d385a7bbd0","page_uri":"http://digitalcollections.nypl.org/items/14a8b8e0-02e7-0133-08e9-58d385a7bbd0","book_uri":"http://digitalcollections.nypl.org/items/109c0900-02e7-0133-03cf-58d385a7bbd0","source_rotated":"0.783292","source_x":"1215.42","source_y":"0","source_w":"1370.58","source_h":"901.1099999999999"},"assertions":[{"id":"580d6d686164390003e83f01","status":"awaiting_transcriptions","name":"Record Number","created_in_workflow":"transcribe","confidence":0.6666666666666666,"data":{"value":"4096"},"versions":[{"data":{"value":"4096"},"votes":2,"confidence":0.6666666666666666,"instances":[{"created":"2015-11-28T16:07:14Z","user_id":"5647496e3562310003960400","duration":6.431},{"created":"2015-11-28T22:09:01Z","user_id":"565a1aa73961610003390300","duration":13.038}]}],"region":{"x":372.7826621091444,"y":95.38934192836125,"width":571.0387951288308,"height":69.6847741173715,"label":"Record Number","shape":"rectangle"},"task_key":"em_record_number","instructions":{"mark":"Record Number","transcribe":"Enter the record number"}},{"id":"580d6d686164390003e93f01","status":"awaiting_transcriptions","name":"Land \u0026 Building Dimensions","created_in_workflow":"transcribe","confidence":0.3333333333333333,"data":{"em_survey_land_dimensions":"18.4 x 98.9","em_survey_building_dimensions":"18.4 x 45"},"versions":[{"data":{"em_survey_land_dimensions":"18.4 x 98.9","em_survey_building_dimensions":"18.4 x 45"},"votes":1,"confidence":0.3333333333333333,"instances":[{"created":"2015-12-13T20:08:41Z","user_id":"563f8b7a3264340003774b00","duration":60.113}]}],"region":{"x":264.76387810381124,"y":746.78471355577,"width":391.04363841527805,"height":93.68753679154213,"label":"Dimension \u0026 Description","shape":"rectangle"},"task_key":"em_record_survey","instructions":{"mark":"Dimension \u0026 Description","transcribe":"Enter, as they appear, any land and building dimensions that were recorded. In the next screen, you'll enter the descriptive information."}},{"id":"580d6d686164390003ea3f01","status":"awaiting_transcriptions","name":"Stories \u0026 Materials","created_in_workflow":"transcribe","confidence":0.3333333333333333,"data":{"em_record_stories":"3","em_record_material":"br."},"versions":[{"data":{"em_record_stories":"3","em_record_material":"br."},"votes":1,"confidence":0.3333333333333333,"instances":[{"created":"2015-12-13T20:08:50Z","user_id":"563f8b7a3264340003774b00","duration":8.753}]}],"region":{"x":264.76387810381124,"y":746.78471355577,"width":391.04363841527805,"height":93.68753679154213,"label":"Dimension \u0026 Description","shape":"rectangle"},"task_key":"em_record_survey_stories_materials","instructions":{"mark":"Dimension \u0026 Description","transcribe":"Enter, as they appear, the number of stories and the building materials."}},{"id":"580d6d686164390003eb3f01","status":"awaiting_transcriptions","name":"Additional Info","created_in_workflow":"transcribe","confidence":0.3333333333333333,"data":{"value":""},"versions":[{"data":{"value":""},"votes":1,"confidence":0.3333333333333333,"instances":[{"created":"2015-12-13T20:08:52Z","user_id":"563f8b7a3264340003774b00","duration":2.088}]}],"region":{"x":264.76387810381124,"y":746.78471355577,"width":391.04363841527805,"height":93.68753679154213,"label":"Dimension \u0026 Description","shape":"rectangle"},"task_key":"em_record_survey_additional_info","instructions":{"mark":"Dimension \u0026 Description","transcribe":"Enter any additional information you find about the building's construction or significance."}},{"id":"580d6d686164390003ec3f01","status":"awaiting_transcriptions","name":"Valuation Date","created_in_workflow":"transcribe","confidence":0.3333333333333333,"data":{"value":""},"versions":[{"data":{"value":""},"votes":1,"confidence":0.3333333333333333,"instances":[{"created":"2015-11-28T16:07:44Z","user_id":"5647496e3562310003960400","duration":1.927}]}],"region":{"x":749.5199451292042,"y":624.4005452141897,"width":404.91841836408,"height":87.4765860917953,"label":"Valuation","shape":"rectangle"},"task_key":"em_record_valuation","instructions":{"mark":"Valuation","transcribe":"Enter the date of the valuation (if one is given). In the next screen, you'll enter the valuation's dollar amounts."}},{"id":"580d6d686164390003ed3f01","status":"awaiting_transcriptions","name":"Land \u0026 Building Value","created_in_workflow":"transcribe","confidence":0.3333333333333333,"data":{"em_valuation_ground":"$6000,  6000","em_valuation_building":"4000,  5000"},"versions":[{"data":{"em_valuation_ground":"$6000,  6000","em_valuation_building":"4000,  5000"},"votes":1,"confidence":0.3333333333333333,"instances":[{"created":"2015-11-28T16:08:11Z","user_id":"5647496e3562310003960400","duration":27.238}]}],"region":{"x":749.5199451292042,"y":624.4005452141897,"width":404.91841836408,"height":87.4765860917953,"label":"Valuation","shape":"rectangle"},"task_key":"em_record_valuation_ground_building","instructions":{"mark":"Valuation","transcribe":"Sometimes valuations include itemized dollar values for \"ground\" and \"building\". Enter these amounts if you can find them. In the next screen, you'll enter the total valuation."}},{"id":"580d6d686164390003ee3f01","status":"awaiting_transcriptions","name":"Total Value","created_in_workflow":"transcribe","confidence":0.3333333333333333,"data":{"value":""},"versions":[{"data":{"value":""},"votes":1,"confidence":0.3333333333333333,"instances":[{"created":"2015-11-28T16:08:13Z","user_id":"5647496e3562310003960400","duration":1.6}]}],"region":{"x":749.5199451292042,"y":624.4005452141897,"width":404.91841836408,"height":87.4765860917953,"label":"Valuation","shape":"rectangle"},"task_key":"em_record_valuation_total","instructions":{"mark":"Valuation","transcribe":"Enter the valuation ***total*** (if one is given)"}},{"id":"580d6d686164390003ef3f01","status":"complete","name":"Record Number","created_in_workflow":"transcribe","confidence":1.0,"data":{"value":"4096"},"versions":[{"data":{"value":"4096"},"votes":3,"confidence":1.0,"instances":[{"created":"2015-12-13T16:55:09Z","user_id":"563f8b7a3264340003774b00","duration":5.995},{"created":"2015-12-14T00:16:51Z","user_id":"566e09023661350003340500","duration":7.456},{"created":"2015-12-14T00:19:28Z","user_id":"566e0af23562640003ee0300","duration":3.683}]}],"region":{"x":730.4859891331181,"y":88.25637523840919,"width":209.09972331928054,"height":97.76090795639172,"label":"Record Number","shape":"rectangle"},"task_key":"em_record_number","instructions":{"mark":"Record Number","transcribe":"Enter the record number"}},{"id":"580d6d686164390003f03f01","status":"awaiting_votes","name":"Mortgager","created_in_workflow":"verify","confidence":0.3333333333333333,"data":{"value":"Mary Power"},"versions":[{"data":{"value":"Mary Power"},"votes":1,"confidence":0.3333333333333333,"instances":[{"created":"2016-09-08T21:08:50Z","user_id":"57c49a363234370003600200","duration":2.821}]}],"region":{"x":129.53496756075927,"y":668.8801430207984,"width":403.4352007143948,"height":47.44495259055077,"label":"Mortgager Name","shape":"rectangle"},"task_key":"em_transcribed_mortgager","instructions":{"mark":"Mortgager Name","transcribe":"Enter the mortgager's name","verify":"Choose the best transcription or enter your own!"}},{"id":"580d6d686164390003f13f01","status":"awaiting_votes","name":"Street Address","created_in_workflow":"verify","confidence":0.3333333333333333,"data":{"value":"241 W 36 St."},"versions":[{"data":{"value":"241 W 36 St."},"votes":1,"confidence":0.3333333333333333,"instances":[{"created":"2016-09-08T21:08:58Z","user_id":"57c49a363234370003600200","duration":8.48}]}],"region":{"x":133.9846205098151,"y":701.4985479268021,"width":427.1666831093592,"height":54.85822643282438,"label":"Street Address","shape":"rectangle"},"task_key":"em_transcribed_address","instructions":{"mark":"Street Address","transcribe":"Enter the street address","verify":"Choose the best transcription or enter your own!"}},{"id":"580d6d686164390003f23f01","status":"awaiting_votes","name":"Record Date","created_in_workflow":"verify","confidence":0.3333333333333333,"data":{"value":"Jany 22/94"},"versions":[{"data":{"value":"Jany 22/94"},"votes":1,"confidence":0.3333333333333333,"instances":[{"created":"2016-09-08T21:08:47Z","user_id":"57c49a363234370003600200","duration":5.61}]}],"region":{"x":131.01818521044456,"y":618.1733912275646,"width":387.1198065678567,"height":63.7541550435526,"label":"Record Date","shape":"rectangle"},"task_key":"em_transcribed_date","instructions":{"mark":"Record Date","transcribe":"Enter the record date","verify":"Choose the best transcription or enter your own!"}},{"id":"580d6d686164390003f33f01","status":"awaiting_votes","name":"Amount Loaned","created_in_workflow":"verify","confidence":0.3333333333333333,"data":{"value":"$4500, 1000 add'l"},"versions":[{"data":{"value":"$4500, 1000 add'l"},"votes":1,"confidence":0.3333333333333333,"instances":[{"created":"2016-09-08T21:09:08Z","user_id":"57c49a363234370003600200","duration":6.248}]}],"region":{"x":740.6206392310926,"y":710.3944765375303,"width":516.1597420904758,"height":78.58070272809982,"label":"Amount Loaned","shape":"rectangle"},"task_key":"em_transcribed_amount_loaned","instructions":{"mark":"Amount Loaned","transcribe":"Enter the Amount Loaned","verify":"Choose the best transcription or enter your own!"}}]}],"export_document":{"name":"Record","export_fields":[{"name":"Mortgager","value":"Mary Power","original_value":{"value":"Mary Power"},"assertion_ids":["580d6d686164390003f03f01"]},{"name":"Street Address","value":"241 W 36 St.","original_value":{"value":"241 W 36 St."},"assertion_ids":["580d6d686164390003f13f01"]},{"name":"Record Date","value":"1894-01-22T00:00:00Z","original_value":{"value":"Jany 22/94"},"assertion_ids":["580d6d686164390003f23f01"]},{"name":"Land \u0026 Building Dimensions","value":{"em_survey_land_dimensions":[18.333333333333332,98.75],"em_survey_building_dimensions":[18.333333333333332,45]},"original_value":{"em_survey_land_dimensions":"18.4 x 98.9","em_survey_building_dimensions":"18.4 x 45"},"assertion_ids":["580d6d686164390003e93f01"]},{"name":"Amount Loaned","value":4500.0,"original_value":{"value":"$4500, 1000 add'l"},"assertion_ids":["580d6d686164390003f33f01"]},{"name":"Stories \u0026 Materials","value":{"em_record_stories":3,"em_record_material":"br."},"original_value":{"em_record_stories":"3","em_record_material":"br."},"assertion_ids":["580d6d686164390003ea3f01"]},{"name":"Valuation","value":null,"original_value":null,"assertion_ids":null},{"name":"Record Number","value":4096,"original_value":{"value":"4096"},"assertion_ids":["580d6d686164390003ef3f01"]},{"name":"Additional Info","value":"","original_value":{"value":""},"assertion_ids":["580d6d686164390003eb3f01"]}]}}