{"id":"56b10a3b7061755afb13c700","meta_data":{"capture_uuid":"13273b90-02e7-0133-f06a-58d385a7bbd0","page_uri":"http://digitalcollections.nypl.org/items/13273b90-02e7-0133-f06a-58d385a7bbd0","book_uri":"http://digitalcollections.nypl.org/items/109c0900-02e7-0133-03cf-58d385a7bbd0","source_rotated":"0.419639","source_x":"0","source_y":"855.8699999999999","source_w":"1364.25","source_h":"965.1300000000001"},"type":"final_subject_set","search_terms_by_field":{"Record Number":["3959"],"Mortgager":["Thomas J Keveney"],"Street Address":["49 W 54 St"],"Additional Info":[],"Land \u0026 Building Dimensions":["20 x 100.5","20 x 65"],"Stories \u0026 Materials":["4","brick"],"Record Date":["1892 October 17"],"Land \u0026 Building Value":[],"Valuation Date":["Oct. 17/92"],"Total Value":["57500"],"Amount Loaned":["$25000"]},"subjects":[{"id":"580d7b286164390003adc701","type":"root","location":{"standard":"https://s3.amazonaws.com/scribe.nypl.org/emigrant-s4/full/13273b90-02e7-0133-f06a-58d385a7bbd0.left-bottom.jpg","thumbnail":"https://s3.amazonaws.com/scribe.nypl.org/emigrant-s4/thumb/13273b90-02e7-0133-f06a-58d385a7bbd0.left-bottom.jpg"},"status":"retired","width":1364,"height":965,"meta_data":{"capture_uuid":"13273b90-02e7-0133-f06a-58d385a7bbd0","page_uri":"http://digitalcollections.nypl.org/items/13273b90-02e7-0133-f06a-58d385a7bbd0","book_uri":"http://digitalcollections.nypl.org/items/109c0900-02e7-0133-03cf-58d385a7bbd0","source_rotated":"0.419639","source_x":"0","source_y":"855.8699999999999","source_w":"1364.25","source_h":"965.1300000000001"},"assertions":[{"id":"580d7b286164390003aec701","status":"complete","name":"Record Number","created_in_workflow":"transcribe","confidence":1.0,"data":{"value":"3959"},"versions":[{"data":{"value":"3959"},"votes":3,"confidence":1.0,"instances":[{"created":"2015-11-07T09:51:58Z","user_id":"563dbc0d66303300031c0000","duration":4.506},{"created":"2015-11-07T10:03:23Z","user_id":"563dc7cb6630330003530100","duration":5.402},{"created":"2015-11-07T12:48:11Z","user_id":"563deb7666303300036b0b00","duration":9.222}]}],"region":{"x":298.79320949434725,"y":68.40768623204198,"width":571.487600330605,"height":57.57433865946432,"label":"Record Number","shape":"rectangle"},"task_key":"em_record_number","instructions":{"mark":"Record Number","transcribe":"Enter the record number"}},{"id":"580d7b286164390003afc701","status":"complete","name":"Mortgager","created_in_workflow":"verify","confidence":1.0,"data":{"value":"Thomas J Keveney"},"versions":[{"data":{"value":"Thomas J Keveney"},"votes":3,"confidence":1.0,"instances":[{"created":"2015-11-16T23:29:50Z","user_id":"563f8b7a3264340003774b00","duration":146.286},{"created":"2015-11-19T15:55:41Z","user_id":"5647496e3562310003960400","duration":42.234},{"created":"2015-11-22T04:04:20Z","user_id":"5649188c3863370003020e00","duration":15.1}]}],"region":{"x":66.94940264187957,"y":645.922552645054,"width":392.80543071819363,"height":38.38289243964289,"label":"Mortgager Name","shape":"rectangle"},"task_key":"em_transcribed_mortgager","instructions":{"mark":"Mortgager Name","transcribe":"Enter the mortgager's name","verify":"Choose the best transcription or enter your own!"}},{"id":"580d7b286164390003b0c701","status":"complete","name":"Street Address","created_in_workflow":"verify","confidence":1.0,"data":{"value":"49 W 54 St"},"versions":[{"data":{"value":"49 W 54 St"},"votes":3,"confidence":0.75,"instances":[{"created":"2015-11-19T15:57:04Z","user_id":"5647496e3562310003960400","duration":10.138},{"created":"2015-11-22T04:17:52Z","user_id":"5649188c3863370003020e00","duration":8.656},{"created":"2015-11-26T03:01:40Z","user_id":"5647496e3562310003960400","duration":10.023}]},{"data":{"value":"49 W 54 St."},"votes":1,"confidence":0.25,"instances":[{"created":"2015-11-16T23:30:03Z","user_id":"563f8b7a3264340003774b00","duration":12.992}]}],"region":{"x":53.6589933318655,"y":678.4003847093669,"width":398.7122793004221,"height":41.335422627307764,"label":"Street Address","shape":"rectangle"},"task_key":"em_transcribed_address","instructions":{"mark":"Street Address","transcribe":"Enter the street address","verify":"Choose the best transcription or enter your own!"}},{"id":"580d7b286164390003b1c701","status":"awaiting_transcriptions","name":"Additional Info","created_in_workflow":"transcribe","confidence":0.3333333333333333,"data":{"value":""},"versions":[{"data":{"value":""},"votes":1,"confidence":0.3333333333333333,"instances":[{"created":"2015-11-07T11:14:58Z","user_id":"563dbc0d66303300031c0000","duration":0.979}]}],"region":{"x":71.37953907855093,"y":724.1646026181722,"width":522.75609952722,"height":87.09964053611259,"label":"Dimension \u0026 Description","shape":"rectangle"},"task_key":"em_record_survey_additional_info","instructions":{"mark":"Dimension \u0026 Description","transcribe":"Enter any additional information you find about the building's construction or significance."}},{"id":"580d7b286164390003b2c701","status":"complete","name":"Land \u0026 Building Dimensions","created_in_workflow":"verify","confidence":1.0,"data":{"em_survey_land_dimensions":"20 x 100.5","em_survey_building_dimensions":"20 x 65"},"versions":[{"data":{"em_survey_land_dimensions":"20 x 100.5","em_survey_building_dimensions":"20 x 65"},"votes":3,"confidence":1.0,"instances":[{"created":"2015-11-23T17:55:54Z","user_id":"5647496e3562310003960400","duration":23.338},{"created":"2015-11-25T00:29:00Z","user_id":"5649188c3863370003020e00","duration":7.484},{"created":"2015-11-26T04:50:26Z","user_id":"5647496e3562310003960400","duration":11.427}]}],"region":{"x":71.37953907855093,"y":724.1646026181722,"width":522.75609952722,"height":87.09964053611259,"label":"Dimension \u0026 Description","shape":"rectangle"},"task_key":"em_transcribed_survey","instructions":{"mark":"Dimension \u0026 Description","transcribe":"Enter, as they appear, any land and building dimensions that were recorded. In the next screen, you'll enter the descriptive information.","verify":"Choose the best transcription or enter your own!"}},{"id":"580d7b286164390003b3c701","status":"complete","name":"Stories \u0026 Materials","created_in_workflow":"verify","confidence":1.0,"data":{"em_record_stories":"4","em_record_material":"brick"},"versions":[{"data":{"em_record_stories":"4","em_record_material":"brick"},"votes":2,"confidence":0.6666666666666666,"instances":[{"created":"2015-11-17T00:13:30Z","user_id":"563f8b7a3264340003774b00","duration":4.969},{"created":"2016-05-15T15:55:38Z","user_id":"5735f6536433650003000000","duration":3.305}]},{"data":{"em_record_stories":"4","em_record_material":"Br"},"votes":1,"confidence":0.3333333333333333,"instances":[{"created":"2016-05-17T15:18:42Z","user_id":"573b356b6436650003540100","duration":6.159}]}],"region":{"x":71.37953907855093,"y":724.1646026181722,"width":522.75609952722,"height":87.09964053611259,"label":"Dimension \u0026 Description","shape":"rectangle"},"task_key":"em_transcribed_stories_materials","instructions":{"mark":"Dimension \u0026 Description","transcribe":"Enter, as they appear, the number of stories and the building materials.","verify":"Choose the best transcription or enter your own!"}},{"id":"580d7b286164390003b4c701","status":"awaiting_votes","name":"Record Date","created_in_workflow":"verify","confidence":0.3333333333333333,"data":{"value":"1892 October 17"},"versions":[{"data":{"value":"1892 October 17"},"votes":1,"confidence":0.3333333333333333,"instances":[{"created":"2015-11-22T04:04:01Z","user_id":"5649188c3863370003020e00","duration":7.298}]},{"data":{"value":"Oct. 17/92"},"votes":1,"confidence":0.3333333333333333,"instances":[{"created":"2015-11-26T03:07:18Z","user_id":"5647496e3562310003960400","duration":6.481}]}],"region":{"x":55.135705477422626,"y":582.7384359128495,"width":403.1424157370934,"height":62.003178992996936,"label":"Record Date","shape":"rectangle"},"task_key":"em_transcribed_date","instructions":{"mark":"Record Date","transcribe":"Enter the record date","verify":"Choose the best transcription or enter your own!"}},{"id":"580d7b286164390003b5c701","status":"awaiting_votes","name":"Land \u0026 Building Value","created_in_workflow":"verify","confidence":0.3333333333333333,"data":{"em_valuation_ground":"","em_valuation_building":""},"versions":[{"data":{"em_valuation_ground":"","em_valuation_building":""},"votes":1,"confidence":0.3333333333333333,"instances":[{"created":"2016-09-29T20:09:50Z","user_id":"57c49a363234370003600200","duration":3.54}]}],"region":{"x":676.8315187569697,"y":585.3956837979249,"width":459.257477268264,"height":97.43349619293951,"label":"Valuation","shape":"rectangle"},"task_key":"em_transcribed_valuation_itemized","instructions":{"mark":"Valuation","transcribe":"Sometimes valuations include itemized dollar values for \"ground\" and \"building\". Enter these amounts if you can find them. In the next screen, you'll enter the total valuation.","verify":"Choose the best transcription or enter your own!"}},{"id":"580d7b286164390003b6c701","status":"awaiting_votes","name":"Valuation Date","created_in_workflow":"verify","confidence":0.3333333333333333,"data":{"value":"Oct. 17/92"},"versions":[{"data":{"value":"Oct. 17/92"},"votes":1,"confidence":0.3333333333333333,"instances":[{"created":"2016-09-29T20:32:02Z","user_id":"57c49a363234370003600200","duration":9.379}]}],"region":{"x":676.8315187569697,"y":585.3956837979249,"width":459.257477268264,"height":97.43349619293951,"label":"Valuation","shape":"rectangle"},"task_key":"em_transcribed_valuation_date","instructions":{"mark":"Valuation","transcribe":"Enter the date of the valuation (if one is given). In the next screen, you'll enter the valuation's dollar amounts.","verify":"Choose the best transcription or enter your own!"}},{"id":"580d7b286164390003b7c701","status":"awaiting_votes","name":"Total Value","created_in_workflow":"verify","confidence":0.6666666666666666,"data":{"value":"57500"},"versions":[{"data":{"value":"57500"},"votes":2,"confidence":0.6666666666666666,"instances":[{"created":"2016-06-21T00:59:10Z","user_id":"576883166531610003720000","duration":7.45},{"created":"2016-09-30T16:56:25Z","user_id":"57c49a363234370003600200","duration":10.038}]},{"data":{"value":"} 57500. Contract"},"votes":1,"confidence":0.3333333333333333,"instances":[{"created":"2016-06-22T17:36:52Z","user_id":"576ac4293166340003810100","duration":10.399}]}],"region":{"x":676.8315187569697,"y":585.3956837979249,"width":459.257477268264,"height":97.43349619293951,"label":"Valuation","shape":"rectangle"},"task_key":"em_transcribed_valuation_total","instructions":{"mark":"Valuation","transcribe":"Enter the valuation ***total*** (if one is given)","verify":"Choose the best transcription or enter your own!"}},{"id":"580d7b286164390003b8c701","status":"complete","name":"Amount Loaned","created_in_workflow":"verify","confidence":1.0,"data":{"value":"$25000"},"versions":[{"data":{"value":"$25000"},"votes":3,"confidence":0.75,"instances":[{"created":"2015-11-22T04:17:55Z","user_id":"5649188c3863370003020e00","duration":3.373},{"created":"2015-11-26T03:01:45Z","user_id":"5647496e3562310003960400","duration":5.591},{"created":"2015-11-30T00:47:47Z","user_id":"564e49d539646600031a0b00","duration":5.439}]},{"data":{"value":"$25,000"},"votes":1,"confidence":0.25,"instances":[{"created":"2015-11-16T23:30:07Z","user_id":"563f8b7a3264340003774b00","duration":3.236}]}],"region":{"x":691.5986402125409,"y":684.3054450846969,"width":313.0629748581091,"height":48.716748096469814,"label":"Amount Loaned","shape":"rectangle"},"task_key":"em_transcribed_amount_loaned","instructions":{"mark":"Amount Loaned","transcribe":"Enter the Amount Loaned","verify":"Choose the best transcription or enter your own!"}}]}],"export_document":{"name":"Record","export_fields":[{"name":"Mortgager","value":"Thomas J Keveney","original_value":{"value":"Thomas J Keveney"},"assertion_ids":["580d7b286164390003afc701"]},{"name":"Street Address","value":"49 W 54 St","original_value":{"value":"49 W 54 St"},"assertion_ids":["580d7b286164390003b0c701"]},{"name":"Record Date","value":"1892-10-17T00:00:00Z","original_value":{"value":"1892 October 17"},"assertion_ids":["580d7b286164390003b4c701"]},{"name":"Land \u0026 Building Dimensions","value":{"em_survey_land_dimensions":[20,100.41666666666667],"em_survey_building_dimensions":[20,65]},"original_value":{"em_survey_land_dimensions":"20 x 100.5","em_survey_building_dimensions":"20 x 65"},"assertion_ids":["580d7b286164390003b2c701"]},{"name":"Amount Loaned","value":25000.0,"original_value":{"value":"$25000"},"assertion_ids":["580d7b286164390003b8c701"]},{"name":"Stories \u0026 Materials","value":{"em_record_stories":4,"em_record_material":"brick"},"original_value":{"em_record_stories":"4","em_record_material":"brick"},"assertion_ids":["580d7b286164390003b3c701"]},{"name":"Valuation","value":null,"original_value":null,"assertion_ids":null},{"name":"Record Number","value":3959,"original_value":{"value":"3959"},"assertion_ids":["580d7b286164390003aec701"]},{"name":"Additional Info","value":"","original_value":{"value":""},"assertion_ids":["580d7b286164390003b1c701"]}]}}