{"id":"56b10a817061755afb6bcc00","meta_data":{"capture_uuid":"1433fbf0-02e7-0133-561e-58d385a7bbd0","page_uri":"http://digitalcollections.nypl.org/items/1433fbf0-02e7-0133-561e-58d385a7bbd0","book_uri":"http://digitalcollections.nypl.org/items/109c0900-02e7-0133-03cf-58d385a7bbd0","source_rotated":"0.839234","source_x":"0","source_y":"0","source_w":"1370.61","source_h":"885.12"},"type":"final_subject_set","search_terms_by_field":{"Record Date":["April 3/93","1893 April 3"],"Record Number":["4058"],"Mortgager":["Albert H. Hatch"],"Street Address":["400 Greenwich St."],"Land \u0026 Building Dimensions":["27x100","27x90"],"Stories \u0026 Materials":["5","br"],"Additional Info":[],"Land \u0026 Building Value":["20000","20000"],"Valuation Date":["1893, april 3"],"Total Value":[],"Amount Loaned":["$20000"]},"subjects":[{"id":"580d6d486164390003393e01","type":"root","location":{"standard":"https://s3.amazonaws.com/scribe.nypl.org/emigrant-s4/full/1433fbf0-02e7-0133-561e-58d385a7bbd0.left-top.jpg","thumbnail":"https://s3.amazonaws.com/scribe.nypl.org/emigrant-s4/thumb/1433fbf0-02e7-0133-561e-58d385a7bbd0.left-top.jpg"},"status":"retired","width":1370,"height":885,"meta_data":{"capture_uuid":"1433fbf0-02e7-0133-561e-58d385a7bbd0","page_uri":"http://digitalcollections.nypl.org/items/1433fbf0-02e7-0133-561e-58d385a7bbd0","book_uri":"http://digitalcollections.nypl.org/items/109c0900-02e7-0133-03cf-58d385a7bbd0","source_rotated":"0.839234","source_x":"0","source_y":"0","source_w":"1370.61","source_h":"885.12"},"assertions":[{"id":"580d6d4861643900033a3e01","status":"awaiting_transcriptions","name":"Record Date","created_in_workflow":"transcribe","confidence":0.3333333333333333,"data":{"value":"April 3/93"},"versions":[{"data":{"value":"April 3/93"},"votes":1,"confidence":0.3333333333333333,"instances":[{"created":"2015-12-06T23:40:35Z","user_id":"5647496e3562310003960400","duration":7.015}]},{"data":{"value":"1893 April 3"},"votes":1,"confidence":0.3333333333333333,"instances":[{"created":"2015-12-07T18:45:58Z","user_id":"5665cb5c3538380003fe0300","duration":7.52}]}],"region":{"x":236.10080047945667,"y":612.1352477999079,"width":269.6309859831684,"height":61.213524779990735,"label":"Record Date","shape":"rectangle"},"task_key":"em_record_date","instructions":{"mark":"Record Date","transcribe":"Enter the record date"}},{"id":"580d6d4861643900033b3e01","status":"awaiting_transcriptions","name":"Record Date","created_in_workflow":"transcribe","confidence":0.3333333333333333,"data":{"value":"1893 April 3"},"versions":[{"data":{"value":"1893 April 3"},"votes":1,"confidence":0.3333333333333333,"instances":[{"created":"2015-12-07T18:46:02Z","user_id":"5665cb5c3538380003fe0300","duration":4.519}]},{"data":{"value":"April 3/93"},"votes":1,"confidence":0.3333333333333333,"instances":[{"created":"2015-12-07T21:32:46Z","user_id":"5665fae13539360003910e00","duration":15.705}]}],"region":{"x":240.32541149277412,"y":624.5810859403092,"width":230.8234343911428,"height":55.66918374685372,"label":"Record Date","shape":"rectangle"},"task_key":"em_record_date","instructions":{"mark":"Record Date","transcribe":"Enter the record date"}},{"id":"580d6d4861643900033c3e01","status":"complete","name":"Record Number","created_in_workflow":"transcribe","confidence":1.0,"data":{"value":"4058"},"versions":[{"data":{"value":"4058"},"votes":3,"confidence":1.0,"instances":[{"created":"2015-11-21T04:05:57Z","user_id":"564fbb416138360003440b00","duration":18.156},{"created":"2015-11-21T08:15:35Z","user_id":"564ff59464353600035d1200","duration":7.166},{"created":"2015-11-21T11:05:01Z","user_id":"56504fdd30643800035a0000","duration":9.51}]}],"region":{"x":760.357031326937,"y":108.6227975548364,"width":109.98057756283856,"height":62.45810859403092,"label":"Record Number","shape":"rectangle"},"task_key":"em_record_number","instructions":{"mark":"Record Number","transcribe":"Enter the record number"}},{"id":"580d6d4861643900033d3e01","status":"awaiting_votes","name":"Mortgager","created_in_workflow":"verify","confidence":0.6666666666666666,"data":{"value":"Albert H. Hatch"},"versions":[{"data":{"value":"Albert H. Hatch"},"votes":2,"confidence":0.6666666666666666,"instances":[{"created":"2016-05-23T01:20:05Z","user_id":"563f8b7a3264340003774b00","duration":5.14},{"created":"2016-09-06T13:25:20Z","user_id":"57c49a363234370003600200","duration":6.017}]}],"region":{"x":190.08736988999598,"y":677.534699748292,"width":289.20818544302006,"height":44.80690399136995,"label":"Mortgager Name","shape":"rectangle"},"task_key":"em_transcribed_mortgager","instructions":{"mark":"Mortgager Name","transcribe":"Enter the mortgager's name","verify":"Choose the best transcription or enter your own!"}},{"id":"580d6d4861643900033e3e01","status":"awaiting_votes","name":"Street Address","created_in_workflow":"verify","confidence":0.6666666666666666,"data":{"value":"400 Greenwich St."},"versions":[{"data":{"value":"400 Greenwich St."},"votes":2,"confidence":0.6666666666666666,"instances":[{"created":"2016-05-23T21:58:47Z","user_id":"563f8b7a3264340003774b00","duration":8.524},{"created":"2016-09-06T13:59:22Z","user_id":"57c49a363234370003600200","duration":5.371}]}],"region":{"x":224.0319925945758,"y":718.2682488313557,"width":291.9237552593865,"height":43.44911902193451,"label":"Street Address","shape":"rectangle"},"task_key":"em_transcribed_address","instructions":{"mark":"Street Address","transcribe":"Enter the street address","verify":"Choose the best transcription or enter your own!"}},{"id":"580d6d4861643900033f3e01","status":"awaiting_votes","name":"Land \u0026 Building Dimensions","created_in_workflow":"transcribe","confidence":0.3333333333333333,"data":{"em_survey_land_dimensions":"27x100","em_survey_building_dimensions":"27x90"},"versions":[{"data":{"em_survey_land_dimensions":"27x100","em_survey_building_dimensions":"27x90"},"votes":1,"confidence":0.3333333333333333,"instances":[{"created":"2015-11-21T02:20:06Z","user_id":"564fa9a96138360003120a00","duration":20.134}]},{"data":{"em_survey_land_dimensions":"27 X 100","em_survey_building_dimensions":"27 X 90"},"votes":1,"confidence":0.3333333333333333,"instances":[{"created":"2015-11-21T04:23:11Z","user_id":"564fe5dd6138360003c20f00","duration":27.293}]},{"data":{"em_survey_land_dimensions":"27 x 100","em_survey_building_dimensions":"27 x 90"},"votes":1,"confidence":0.3333333333333333,"instances":[{"created":"2016-10-10T02:39:21Z","user_id":"57c49a363234370003600200","duration":10.998}]}],"region":{"x":294.63680782010186,"y":764.432937792161,"width":294.63932507575277,"height":85.54045307443369,"label":"Dimension \u0026 Description","shape":"rectangle"},"task_key":"em_record_survey","instructions":{"mark":"Dimension \u0026 Description","transcribe":"Enter, as they appear, any land and building dimensions that were recorded. In the next screen, you'll enter the descriptive information."}},{"id":"580d6d486164390003403e01","status":"awaiting_votes","name":"Stories \u0026 Materials","created_in_workflow":"transcribe","confidence":0.3333333333333333,"data":{"em_record_stories":"5","em_record_material":"br"},"versions":[{"data":{"em_record_stories":"5","em_record_material":"br"},"votes":1,"confidence":0.3333333333333333,"instances":[{"created":"2015-11-21T02:20:21Z","user_id":"564fa9a96138360003120a00","duration":14.434}]},{"data":{"em_record_stories":"5 ","em_record_material":"br"},"votes":1,"confidence":0.3333333333333333,"instances":[{"created":"2015-11-21T04:23:24Z","user_id":"564fe5dd6138360003c20f00","duration":12.248}]},{"data":{"em_record_stories":"5","em_record_material":"br."},"votes":1,"confidence":0.3333333333333333,"instances":[{"created":"2016-10-10T02:39:26Z","user_id":"57c49a363234370003600200","duration":7.337}]}],"region":{"x":294.63680782010186,"y":764.432937792161,"width":294.63932507575277,"height":85.54045307443369,"label":"Dimension \u0026 Description","shape":"rectangle"},"task_key":"em_record_survey_stories_materials","instructions":{"mark":"Dimension \u0026 Description","transcribe":"Enter, as they appear, the number of stories and the building materials."}},{"id":"580d6d486164390003413e01","status":"awaiting_transcriptions","name":"Additional Info","created_in_workflow":"transcribe","confidence":0.3333333333333333,"data":{"value":""},"versions":[{"data":{"value":""},"votes":1,"confidence":0.3333333333333333,"instances":[{"created":"2016-10-10T02:39:29Z","user_id":"57c49a363234370003600200","duration":2.913}]}],"region":{"x":294.63680782010186,"y":764.432937792161,"width":294.63932507575277,"height":85.54045307443369,"label":"Dimension \u0026 Description","shape":"rectangle"},"task_key":"em_record_survey_additional_info","instructions":{"mark":"Dimension \u0026 Description","transcribe":"Enter any additional information you find about the building's construction or significance."}},{"id":"580d6d486164390003423e01","status":"awaiting_votes","name":"Land \u0026 Building Value","created_in_workflow":"transcribe","confidence":0.3333333333333333,"data":{"em_valuation_ground":"20000","em_valuation_building":"20000"},"versions":[{"data":{"em_valuation_ground":"20000","em_valuation_building":"20000"},"votes":1,"confidence":0.3333333333333333,"instances":[{"created":"2015-11-21T02:14:57Z","user_id":"564fa9a96138360003120a00","duration":13.461}]},{"data":{"em_valuation_ground":"$20,000","em_valuation_building":"$20,000"},"votes":1,"confidence":0.3333333333333333,"instances":[{"created":"2015-11-21T04:09:04Z","user_id":"564fbb416138360003440b00","duration":33.261}]},{"data":{"em_valuation_ground":"$20000.","em_valuation_building":"20000."},"votes":1,"confidence":0.3333333333333333,"instances":[{"created":"2016-10-10T02:37:36Z","user_id":"57c49a363234370003600200","duration":37.977}]}],"region":{"x":849.9708352670277,"y":620.5077310320029,"width":130.3473511855865,"height":96.40273282991734,"label":"Valuation","shape":"rectangle"},"task_key":"em_record_valuation_ground_building","instructions":{"mark":"Valuation","transcribe":"Sometimes valuations include itemized dollar values for \"ground\" and \"building\". Enter these amounts if you can find them. In the next screen, you'll enter the total valuation."}},{"id":"580d6d486164390003433e01","status":"awaiting_votes","name":"Valuation Date","created_in_workflow":"transcribe","confidence":0.3333333333333333,"data":{"value":"1893, april 3"},"versions":[{"data":{"value":"1893, april 3"},"votes":1,"confidence":0.3333333333333333,"instances":[{"created":"2015-11-21T02:14:43Z","user_id":"564fa9a96138360003120a00","duration":28.6}]},{"data":{"value":"1893 April 3"},"votes":1,"confidence":0.3333333333333333,"instances":[{"created":"2015-11-21T04:08:31Z","user_id":"564fbb416138360003440b00","duration":41.427}]},{"data":{"value":"April 3/93"},"votes":1,"confidence":0.3333333333333333,"instances":[{"created":"2016-10-10T02:36:58Z","user_id":"57c49a363234370003600200","duration":17.794}]}],"region":{"x":849.9708352670277,"y":620.5077310320029,"width":130.3473511855865,"height":96.40273282991734,"label":"Valuation","shape":"rectangle"},"task_key":"em_record_valuation","instructions":{"mark":"Valuation","transcribe":"Enter the date of the valuation (if one is given). In the next screen, you'll enter the valuation's dollar amounts."}},{"id":"580d6d486164390003443e01","status":"awaiting_transcriptions","name":"Total Value","created_in_workflow":"transcribe","confidence":0.3333333333333333,"data":{"value":""},"versions":[{"data":{"value":""},"votes":1,"confidence":0.3333333333333333,"instances":[{"created":"2016-10-10T02:37:37Z","user_id":"57c49a363234370003600200","duration":1.349}]}],"region":{"x":849.9708352670277,"y":620.5077310320029,"width":130.3473511855865,"height":96.40273282991734,"label":"Valuation","shape":"rectangle"},"task_key":"em_record_valuation_total","instructions":{"mark":"Valuation","transcribe":"Enter the valuation ***total*** (if one is given)"}},{"id":"580d6d486164390003453e01","status":"awaiting_votes","name":"Amount Loaned","created_in_workflow":"verify","confidence":0.3333333333333333,"data":{"value":"$20000"},"versions":[{"data":{"value":"$20000"},"votes":1,"confidence":0.3333333333333333,"instances":[{"created":"2016-09-06T13:40:02Z","user_id":"57c49a363234370003600200","duration":4.354}]}],"region":{"x":854.0441899915772,"y":712.8371089536138,"width":111.33836247102181,"height":50.238043869111834,"label":"Amount Loaned","shape":"rectangle"},"task_key":"em_transcribed_amount_loaned","instructions":{"mark":"Amount Loaned","transcribe":"Enter the Amount Loaned","verify":"Choose the best transcription or enter your own!"}}]}],"export_document":{"name":"Record","export_fields":[{"name":"Mortgager","value":"Albert H. Hatch","original_value":{"value":"Albert H. Hatch"},"assertion_ids":["580d6d4861643900033d3e01"]},{"name":"Street Address","value":"400 Greenwich St.","original_value":{"value":"400 Greenwich St."},"assertion_ids":["580d6d4861643900033e3e01"]},{"name":"Record Date","value":"1893-04-03T00:00:00Z","original_value":{"value":"April 3/93"},"assertion_ids":["580d6d4861643900033a3e01"]},{"name":"Land \u0026 Building Dimensions","value":{"em_survey_land_dimensions":[27,100],"em_survey_building_dimensions":[27,90]},"original_value":{"em_survey_land_dimensions":"27x100","em_survey_building_dimensions":"27x90"},"assertion_ids":["580d6d4861643900033f3e01"]},{"name":"Amount Loaned","value":20000.0,"original_value":{"value":"$20000"},"assertion_ids":["580d6d486164390003453e01"]},{"name":"Stories \u0026 Materials","value":{"em_record_stories":5,"em_record_material":"br"},"original_value":{"em_record_stories":"5","em_record_material":"br"},"assertion_ids":["580d6d486164390003403e01"]},{"name":"Valuation","value":null,"original_value":null,"assertion_ids":null},{"name":"Record Number","value":4058,"original_value":{"value":"4058"},"assertion_ids":["580d6d4861643900033c3e01"]},{"name":"Additional Info","value":"","original_value":{"value":""},"assertion_ids":["580d6d486164390003413e01"]}]}}