{"id":"56b10ad07061755afb67d200","meta_data":{"capture_uuid":"15562080-02e7-0133-ce26-58d385a7bbd0","page_uri":"http://digitalcollections.nypl.org/items/15562080-02e7-0133-ce26-58d385a7bbd0","book_uri":"http://digitalcollections.nypl.org/items/109c0900-02e7-0133-03cf-58d385a7bbd0","source_rotated":"0.839234","source_x":"0","source_y":"0","source_w":"1370.61","source_h":"883.1999999999999"},"type":"final_subject_set","search_terms_by_field":{"Record Number":["4166"],"Stories \u0026 Materials":[],"Additional Info":[]},"subjects":[{"id":"580d6da661643900039f4201","type":"root","location":{"standard":"https://s3.amazonaws.com/scribe.nypl.org/emigrant-s4/full/15562080-02e7-0133-ce26-58d385a7bbd0.left-top.jpg","thumbnail":"https://s3.amazonaws.com/scribe.nypl.org/emigrant-s4/thumb/15562080-02e7-0133-ce26-58d385a7bbd0.left-top.jpg"},"status":"retired","width":1370,"height":883,"meta_data":{"capture_uuid":"15562080-02e7-0133-ce26-58d385a7bbd0","page_uri":"http://digitalcollections.nypl.org/items/15562080-02e7-0133-ce26-58d385a7bbd0","book_uri":"http://digitalcollections.nypl.org/items/109c0900-02e7-0133-03cf-58d385a7bbd0","source_rotated":"0.839234","source_x":"0","source_y":"0","source_w":"1370.61","source_h":"883.1999999999999"},"assertions":[{"id":"580d6da66164390003a04201","status":"awaiting_transcriptions","name":"Stories \u0026 Materials","created_in_workflow":"transcribe","confidence":0.3333333333333333,"data":{"em_record_stories":""},"versions":[{"data":{"em_record_stories":""},"votes":1,"confidence":0.3333333333333333,"instances":[{"created":"2016-01-20T22:32:55Z","user_id":"569fdb7a3234330003380000","duration":3.574}]}],"region":{"x":460.95283160635296,"y":319.5980972115146,"width":363.36104579412194,"height":83.4619234756185,"label":"Dimension \u0026 Description","shape":"rectangle"},"task_key":"em_record_survey_stories_materials","instructions":{"mark":"Dimension \u0026 Description","transcribe":"Enter, as they appear, the number of stories and the building materials."}},{"id":"580d6da66164390003a14201","status":"awaiting_transcriptions","name":"Additional Info","created_in_workflow":"transcribe","confidence":0.3333333333333333,"data":{"value":""},"versions":[{"data":{"value":""},"votes":1,"confidence":0.3333333333333333,"instances":[{"created":"2016-01-20T22:32:55Z","user_id":"569fdb7a3234330003380000","duration":0.419}]}],"region":{"x":460.95283160635296,"y":319.5980972115146,"width":363.36104579412194,"height":83.4619234756185,"label":"Dimension \u0026 Description","shape":"rectangle"},"task_key":"em_record_survey_additional_info","instructions":{"mark":"Dimension \u0026 Description","transcribe":"Enter any additional information you find about the building's construction or significance."}},{"id":"580d6da66164390003a24201","status":"complete","name":"Record Number","created_in_workflow":"transcribe","confidence":1.0,"data":{"value":"4166"},"versions":[{"data":{"value":"4166"},"votes":3,"confidence":1.0,"instances":[{"created":"2015-12-15T17:36:48Z","user_id":"56704e743066300003ab0900","duration":7.075},{"created":"2015-12-15T18:50:41Z","user_id":"567060cc3938300003710000","duration":5.142},{"created":"2015-12-15T18:59:22Z","user_id":"56705f293635620003e60400","duration":7.412}]}],"region":{"x":725.0545094152626,"y":101.83239683001347,"width":141.20911793855305,"height":51.59508106054014,"label":"Record Number","shape":"rectangle"},"task_key":"em_record_number","instructions":{"mark":"Record Number","transcribe":"Enter the record number"}}]}],"export_document":{"name":"Record","export_fields":[{"name":"Stories \u0026 Materials","value":{"em_record_stories":null},"original_value":{"em_record_stories":""},"assertion_ids":["580d6da66164390003a04201"]},{"name":"Record Number","value":4166,"original_value":{"value":"4166"},"assertion_ids":["580d6da66164390003a24201"]},{"name":"Additional Info","value":"","original_value":{"value":""},"assertion_ids":["580d6da66164390003a14201"]}]}}