{"id":"56b109b57061755afba6bc00","meta_data":{"capture_uuid":"11507160-02e7-0133-7e2e-58d385a7bbd0","page_uri":"http://digitalcollections.nypl.org/items/11507160-02e7-0133-7e2e-58d385a7bbd0","book_uri":"http://digitalcollections.nypl.org/items/109c0900-02e7-0133-03cf-58d385a7bbd0","source_rotated":"-0.0279765","source_x":"0","source_y":"0","source_w":"1357.86","source_h":"861.12"},"type":"final_subject_set","search_terms_by_field":{"Record Number":["3766"],"Mortgager":["Bridget Brennan"],"Street Address":["468 E 135 St"],"Land \u0026 Building Dimensions":["28 x 100","28 x 50"],"Stories \u0026 Materials":["4","frame"],"Additional Info":[],"Record Date":["Sept. 21/91"],"Total Value":[],"Land \u0026 Building Value":["4000.","5000."],"Valuation Date":[],"Amount Loaned":["$4000"]},"subjects":[{"id":"580da2196164390003aafc02","type":"root","location":{"standard":"https://s3.amazonaws.com/scribe.nypl.org/emigrant-s4/full/11507160-02e7-0133-7e2e-58d385a7bbd0.left-top.jpg","thumbnail":"https://s3.amazonaws.com/scribe.nypl.org/emigrant-s4/thumb/11507160-02e7-0133-7e2e-58d385a7bbd0.left-top.jpg"},"status":"retired","width":1357,"height":861,"meta_data":{"capture_uuid":"11507160-02e7-0133-7e2e-58d385a7bbd0","page_uri":"http://digitalcollections.nypl.org/items/11507160-02e7-0133-7e2e-58d385a7bbd0","book_uri":"http://digitalcollections.nypl.org/items/109c0900-02e7-0133-03cf-58d385a7bbd0","source_rotated":"-0.0279765","source_x":"0","source_y":"0","source_w":"1357.86","source_h":"861.12"},"assertions":[{"id":"580da2196164390003abfc02","status":"complete","name":"Record Number","created_in_workflow":"transcribe","confidence":1.0,"data":{"value":"3766"},"versions":[{"data":{"value":"3766"},"votes":4,"confidence":1.0,"instances":[{"created":"2015-11-13T19:54:04Z","user_id":"56463c426363350003970f00","duration":5.003},{"created":"2015-11-13T20:07:57Z","user_id":"564618af6363350003da0c00","duration":3.878},{"created":"2015-11-13T20:08:18Z","user_id":"5646401161613700030e0300","duration":5.556},{"created":"2015-11-13T20:08:56Z","user_id":"56463ca96161370003ba0200","duration":7.309}]}],"region":{"x":691.9571337172105,"y":89.42372580098602,"width":193.60908509277033,"height":60.77340588416526,"label":"Record Number","shape":"rectangle"},"task_key":"em_record_number","instructions":{"mark":"Record Number","transcribe":"Enter the record number"}},{"id":"580da2196164390003acfc02","status":"complete","name":"Mortgager","created_in_workflow":"transcribe","confidence":1.0,"data":{"value":"Bridget Brennan"},"versions":[{"data":{"value":"Bridget Brennan"},"votes":4,"confidence":1.0,"instances":[{"created":"2015-11-13T18:33:20Z","user_id":"564618af6363350003da0c00","duration":10.132},{"created":"2015-11-13T19:55:47Z","user_id":"56463c426363350003970f00","duration":12.157},{"created":"2015-11-13T20:08:51Z","user_id":"5646401161613700030e0300","duration":25.244},{"created":"2015-11-13T20:10:28Z","user_id":"56463ca96161370003ba0200","duration":18.804}]}],"region":{"x":80.74280230326293,"y":663.2983156500324,"width":379.40435060780555,"height":46.88234168207043,"label":"Mortgager Name","shape":"rectangle"},"task_key":"em_record_mortgager","instructions":{"mark":"Mortgager Name","transcribe":"Enter the mortgager's name"}},{"id":"580da2196164390003adfc02","status":"complete","name":"Street Address","created_in_workflow":"verify","confidence":1.0,"data":{"value":"468 E 135 St"},"versions":[{"data":{"value":"468 E 135 St"},"votes":3,"confidence":0.75,"instances":[{"created":"2015-11-13T21:24:50Z","user_id":"5646514461613700034f0500","duration":11.833},{"created":"2015-11-13T21:26:09Z","user_id":"564653cb6363350003c31200","duration":6.03},{"created":"2015-11-13T21:36:19Z","user_id":"564653bc6363350003c11200","duration":144.45}]},{"data":{"value":"468 E. 135 St"},"votes":1,"confidence":0.25,"instances":[{"created":"2015-11-13T20:45:29Z","user_id":"56464a6c6363350003221100","duration":11.168}]}],"region":{"x":81.61100447856684,"y":703.2351252310553,"width":375.93154190658987,"height":48.61872470733211,"label":"Street Address","shape":"rectangle"},"task_key":"em_transcribed_address","instructions":{"mark":"Street Address","transcribe":"Enter the street address","verify":"Choose the best transcription or enter your own!"}},{"id":"580da2196164390003aefc02","status":"awaiting_votes","name":"Land \u0026 Building Dimensions","created_in_workflow":"verify","confidence":0.6666666666666666,"data":{"em_survey_land_dimensions":"28 x 100","em_survey_building_dimensions":"28 x 50"},"versions":[{"data":{"em_survey_land_dimensions":"28 x 100","em_survey_building_dimensions":"28 x 50"},"votes":2,"confidence":0.6666666666666666,"instances":[{"created":"2016-09-05T18:09:40Z","user_id":"57c49a363234370003600200","duration":7.057},{"created":"2016-09-23T01:34:57Z","user_id":"5750d4e061323000033d0000","duration":7.898}]}],"region":{"x":81.61100447856685,"y":750.9856584257564,"width":513.9756877799105,"height":85.95095975046229,"label":"Dimension \u0026 Description","shape":"rectangle"},"task_key":"em_transcribed_survey","instructions":{"mark":"Dimension \u0026 Description","transcribe":"Enter, as they appear, any land and building dimensions that were recorded. In the next screen, you'll enter the descriptive information.","verify":"Choose the best transcription or enter your own!"}},{"id":"580da2196164390003affc02","status":"complete","name":"Stories \u0026 Materials","created_in_workflow":"transcribe","confidence":1.0,"data":{"em_record_stories":"4","em_record_material":"frame"},"versions":[{"data":{"em_record_stories":"4","em_record_material":"frame"},"votes":3,"confidence":1.0,"instances":[{"created":"2015-11-13T18:36:18Z","user_id":"564618af6363350003da0c00","duration":7.468},{"created":"2015-11-13T19:12:28Z","user_id":"5646061e63633500031e0b00","duration":5.069},{"created":"2016-09-01T20:42:36Z","user_id":"57c881a13530620003d20000","duration":5.212}]}],"region":{"x":81.61100447856685,"y":750.9856584257564,"width":513.9756877799105,"height":85.95095975046229,"label":"Dimension \u0026 Description","shape":"rectangle"},"task_key":"em_record_survey_stories_materials","instructions":{"mark":"Dimension \u0026 Description","transcribe":"Enter, as they appear, the number of stories and the building materials."}},{"id":"580da2196164390003b0fc02","status":"awaiting_transcriptions","name":"Additional Info","created_in_workflow":"transcribe","confidence":0.3333333333333333,"data":{"value":""},"versions":[{"data":{"value":""},"votes":1,"confidence":0.3333333333333333,"instances":[{"created":"2016-09-01T20:42:37Z","user_id":"57c881a13530620003d20000","duration":0.566}]}],"region":{"x":81.61100447856685,"y":750.9856584257564,"width":513.9756877799105,"height":85.95095975046229,"label":"Dimension \u0026 Description","shape":"rectangle"},"task_key":"em_record_survey_additional_info","instructions":{"mark":"Dimension \u0026 Description","transcribe":"Enter any additional information you find about the building's construction or significance."}},{"id":"580da2196164390003b1fc02","status":"complete","name":"Record Date","created_in_workflow":"transcribe","confidence":1.0,"data":{"value":"Sept. 21/91"},"versions":[{"data":{"value":"Sept. 21/91"},"votes":3,"confidence":1.0,"instances":[{"created":"2015-11-13T17:31:33Z","user_id":"5646061e63633500031e0b00","duration":8.003},{"created":"2015-12-05T21:26:28Z","user_id":"563f8b7a3264340003774b00","duration":25.125},{"created":"2015-12-05T22:48:33Z","user_id":"5661e32f3264310003e80400","duration":10.266}]}],"region":{"x":80.74280230326296,"y":618.1523569932237,"width":353.3582853486884,"height":52.09149075785592,"label":"Record Date","shape":"rectangle"},"task_key":"em_record_date","instructions":{"mark":"Record Date","transcribe":"Enter the record date"}},{"id":"580da2196164390003b2fc02","status":"awaiting_votes","name":"Total Value","created_in_workflow":"verify","confidence":0.6666666666666666,"data":{"value":""},"versions":[{"data":{"value":""},"votes":2,"confidence":0.6666666666666666,"instances":[{"created":"2016-09-07T22:24:33Z","user_id":"57c49a363234370003600200","duration":8.406},{"created":"2016-09-11T01:21:06Z","user_id":"5750d4e061323000033d0000","duration":3.465}]}],"region":{"x":708.4529750479846,"y":632.9116127079496,"width":257.8560460652592,"height":75.53266159889108,"label":"Valuation","shape":"rectangle"},"task_key":"em_transcribed_valuation_total","instructions":{"mark":"Valuation","transcribe":"Enter the valuation ***total*** (if one is given)","verify":"Choose the best transcription or enter your own!"}},{"id":"580da2196164390003b3fc02","status":"awaiting_votes","name":"Land \u0026 Building Value","created_in_workflow":"verify","confidence":0.3333333333333333,"data":{"em_valuation_ground":"4000.","em_valuation_building":"5000."},"versions":[{"data":{"em_valuation_ground":"4000.","em_valuation_building":"5000."},"votes":1,"confidence":0.3333333333333333,"instances":[{"created":"2016-09-23T01:34:10Z","user_id":"5750d4e061323000033d0000","duration":5.173}]}],"region":{"x":708.4529750479846,"y":632.9116127079496,"width":257.8560460652592,"height":75.53266159889108,"label":"Valuation","shape":"rectangle"},"task_key":"em_transcribed_valuation_itemized","instructions":{"mark":"Valuation","transcribe":"Sometimes valuations include itemized dollar values for \"ground\" and \"building\". Enter these amounts if you can find them. In the next screen, you'll enter the total valuation.","verify":"Choose the best transcription or enter your own!"}},{"id":"580da2196164390003b4fc02","status":"awaiting_votes","name":"Valuation Date","created_in_workflow":"transcribe","confidence":0.5,"data":{"value":""},"versions":[{"data":{"value":""},"votes":2,"confidence":0.5,"instances":[{"created":"2016-09-01T20:41:12Z","user_id":"57c881a13530620003d20000","duration":3.359},{"created":"2016-09-07T21:41:32Z","user_id":"57d0886033663600039a0200","duration":3.637}]},{"data":{"value":"Sept. 21/91"},"votes":1,"confidence":0.25,"instances":[{"created":"2016-09-05T14:43:19Z","user_id":"57c49a363234370003600200","duration":22.015}]},{"data":{"value":"Sept. 21, 1891"},"votes":1,"confidence":0.25,"instances":[{"created":"2016-09-07T00:12:23Z","user_id":"57cf58ee3566310003c00300","duration":29.416}]}],"region":{"x":708.4529750479846,"y":632.9116127079496,"width":257.8560460652592,"height":75.53266159889108,"label":"Valuation","shape":"rectangle"},"task_key":"em_record_valuation","instructions":{"mark":"Valuation","transcribe":"Enter the date of the valuation (if one is given). In the next screen, you'll enter the valuation's dollar amounts."}},{"id":"580da2196164390003b5fc02","status":"complete","name":"Amount Loaned","created_in_workflow":"verify","confidence":1.0,"data":{"value":"$4000"},"versions":[{"data":{"value":"$4000"},"votes":3,"confidence":1.0,"instances":[{"created":"2016-04-18T01:43:17Z","user_id":"563f8b7a3264340003774b00","duration":4.412},{"created":"2016-04-23T20:43:03Z","user_id":"571bd7356231330003640200","duration":5.639},{"created":"2016-04-24T19:54:03Z","user_id":"571d23a53030310003370200","duration":1.787}]}],"region":{"x":707.5847728726808,"y":709.3124658194716,"width":257.8560460652591,"height":39.936809581022885,"label":"Amount Loaned","shape":"rectangle"},"task_key":"em_transcribed_amount_loaned","instructions":{"mark":"Amount Loaned","transcribe":"Enter the Amount Loaned","verify":"Choose the best transcription or enter your own!"}}]}],"export_document":{"name":"Record","export_fields":[{"name":"Mortgager","value":"Bridget Brennan","original_value":{"value":"Bridget Brennan"},"assertion_ids":["580da2196164390003acfc02"]},{"name":"Street Address","value":"468 E 135 St","original_value":{"value":"468 E 135 St"},"assertion_ids":["580da2196164390003adfc02"]},{"name":"Record Date","value":"1891-09-21T00:00:00Z","original_value":{"value":"Sept. 21/91"},"assertion_ids":["580da2196164390003b1fc02"]},{"name":"Land \u0026 Building Dimensions","value":{"em_survey_land_dimensions":[28,100],"em_survey_building_dimensions":[28,50]},"original_value":{"em_survey_land_dimensions":"28 x 100","em_survey_building_dimensions":"28 x 50"},"assertion_ids":["580da2196164390003aefc02"]},{"name":"Amount Loaned","value":4000.0,"original_value":{"value":"$4000"},"assertion_ids":["580da2196164390003b5fc02"]},{"name":"Stories \u0026 Materials","value":{"em_record_stories":4,"em_record_material":"frame"},"original_value":{"em_record_stories":"4","em_record_material":"frame"},"assertion_ids":["580da2196164390003affc02"]},{"name":"Valuation","value":null,"original_value":null,"assertion_ids":null},{"name":"Record Number","value":3766,"original_value":{"value":"3766"},"assertion_ids":["580da2196164390003abfc02"]},{"name":"Additional Info","value":"","original_value":{"value":""},"assertion_ids":["580da2196164390003b0fc02"]}]}}