{"id":"56b10a9c7061755afb80ce00","meta_data":{"capture_uuid":"14a8b8e0-02e7-0133-08e9-58d385a7bbd0","page_uri":"http://digitalcollections.nypl.org/items/14a8b8e0-02e7-0133-08e9-58d385a7bbd0","book_uri":"http://digitalcollections.nypl.org/items/109c0900-02e7-0133-03cf-58d385a7bbd0","source_rotated":"0.783292","source_x":"1215.42","source_y":"864.3299999999999","source_w":"1370.58","source_h":"974.6700000000001"},"type":"final_subject_set","search_terms_by_field":{"Record Number":["4097","4097"],"Mortgager":["Alexis M. Leon","Alexis M. Leon"],"Street Address":["26 E 22 St","26 E 22 St"],"Land \u0026 Building Dimensions":["30 x 98.9","30 x 65","30 x 98.9","30 x 65"],"Stories \u0026 Materials":["4","br.","4","br."],"Additional Info":[],"Record Date":["Jany 15/94","January 15/94"],"Valuation Date":[],"Land \u0026 Building Value":[],"Total Value":["55000","55000"],"Amount Loaned":["$21000","$21000"]},"subjects":[{"id":"580d7e8c6164390003d5ea01","type":"root","location":{"standard":"https://s3.amazonaws.com/scribe.nypl.org/emigrant-s4/full/14a8b8e0-02e7-0133-08e9-58d385a7bbd0.right-bottom.jpg","thumbnail":"https://s3.amazonaws.com/scribe.nypl.org/emigrant-s4/thumb/14a8b8e0-02e7-0133-08e9-58d385a7bbd0.right-bottom.jpg"},"status":"retired","width":1370,"height":974,"meta_data":{"capture_uuid":"14a8b8e0-02e7-0133-08e9-58d385a7bbd0","page_uri":"http://digitalcollections.nypl.org/items/14a8b8e0-02e7-0133-08e9-58d385a7bbd0","book_uri":"http://digitalcollections.nypl.org/items/109c0900-02e7-0133-03cf-58d385a7bbd0","source_rotated":"0.783292","source_x":"1215.42","source_y":"864.3299999999999","source_w":"1370.58","source_h":"974.6700000000001"},"assertions":[{"id":"580d7e8c6164390003d6ea01","status":"awaiting_transcriptions","name":"Record Number","created_in_workflow":"transcribe","confidence":0.6666666666666666,"data":{"value":"4097"},"versions":[{"data":{"value":"4097"},"votes":2,"confidence":0.6666666666666666,"instances":[{"created":"2015-11-24T06:45:37Z","user_id":"5653f5cc6138330003e40e00","duration":6.483},{"created":"2015-11-24T16:01:31Z","user_id":"565488db63393000031b0200","duration":7.804}]}],"region":{"x":367.98842165301255,"y":59.85532913688254,"width":585.2520821913749,"height":57.638465094775775,"label":"Record Number","shape":"rectangle"},"task_key":"em_record_number","instructions":{"mark":"Record Number","transcribe":"Enter the record number"}},{"id":"580d7e8c6164390003d7ea01","status":"awaiting_transcriptions","name":"Mortgager","created_in_workflow":"transcribe","confidence":0.3333333333333333,"data":{"value":"Alexis M. Leon"},"versions":[{"data":{"value":"Alexis M. Leon"},"votes":1,"confidence":0.3333333333333333,"instances":[{"created":"2015-11-24T16:05:46Z","user_id":"565488c26339300003160200","duration":9.637}]},{"data":{"value":"Alexis M. Leon et. al."},"votes":1,"confidence":0.3333333333333333,"instances":[{"created":"2015-11-24T16:44:58Z","user_id":"565492fb3465330003d40200","duration":35.513}]}],"region":{"x":119.69965951121712,"y":627.3725239162133,"width":547.5653950805668,"height":39.903552757921716,"label":"Mortgager Name","shape":"rectangle"},"task_key":"em_record_mortgager","instructions":{"mark":"Mortgager Name","transcribe":"Enter the mortgager's name"}},{"id":"580d7e8c6164390003d8ea01","status":"awaiting_transcriptions","name":"Street Address","created_in_workflow":"transcribe","confidence":0.3333333333333333,"data":{"value":"26 E 22 St"},"versions":[{"data":{"value":"26 E 22 St"},"votes":1,"confidence":0.3333333333333333,"instances":[{"created":"2015-11-23T23:59:25Z","user_id":"5647496e3562310003960400","duration":10.239}]},{"data":{"value":"26 E 33 St"},"votes":1,"confidence":0.3333333333333333,"instances":[{"created":"2015-11-24T16:06:09Z","user_id":"565488c26339300003160200","duration":10.926}]}],"region":{"x":110.83220372043871,"y":673.9266688004552,"width":527.6136195513152,"height":37.68668871581497,"label":"Street Address","shape":"rectangle"},"task_key":"em_record_street_address","instructions":{"mark":"Street Address","transcribe":"Enter the street address"}},{"id":"580d7e8c6164390003d9ea01","status":"awaiting_transcriptions","name":"Land \u0026 Building Dimensions","created_in_workflow":"transcribe","confidence":0.3333333333333333,"data":{"em_survey_land_dimensions":"30 x 98.9","em_survey_building_dimensions":"30 x 65"},"versions":[{"data":{"em_survey_land_dimensions":"30 x 98.9","em_survey_building_dimensions":"30 x 65"},"votes":1,"confidence":0.3333333333333333,"instances":[{"created":"2015-11-23T23:59:46Z","user_id":"5647496e3562310003960400","duration":14.71}]}],"region":{"x":121.91652345891173,"y":711.6133575162702,"width":554.2159869236506,"height":90.89142572637718,"label":"Dimension \u0026 Description","shape":"rectangle"},"task_key":"em_record_survey","instructions":{"mark":"Dimension \u0026 Description","transcribe":"Enter, as they appear, any land and building dimensions that were recorded. In the next screen, you'll enter the descriptive information."}},{"id":"580d7e8c6164390003daea01","status":"awaiting_transcriptions","name":"Stories \u0026 Materials","created_in_workflow":"transcribe","confidence":0.3333333333333333,"data":{"em_record_stories":"4","em_record_material":"br."},"versions":[{"data":{"em_record_stories":"4","em_record_material":"br."},"votes":1,"confidence":0.3333333333333333,"instances":[{"created":"2015-11-23T23:59:51Z","user_id":"5647496e3562310003960400","duration":4.357}]}],"region":{"x":121.91652345891173,"y":711.6133575162702,"width":554.2159869236506,"height":90.89142572637718,"label":"Dimension \u0026 Description","shape":"rectangle"},"task_key":"em_record_survey_stories_materials","instructions":{"mark":"Dimension \u0026 Description","transcribe":"Enter, as they appear, the number of stories and the building materials."}},{"id":"580d7e8c6164390003dbea01","status":"awaiting_transcriptions","name":"Additional Info","created_in_workflow":"transcribe","confidence":0.3333333333333333,"data":{"value":""},"versions":[{"data":{"value":""},"votes":1,"confidence":0.3333333333333333,"instances":[{"created":"2015-11-23T23:59:51Z","user_id":"5647496e3562310003960400","duration":0.959}]}],"region":{"x":121.91652345891173,"y":711.6133575162702,"width":554.2159869236506,"height":90.89142572637718,"label":"Dimension \u0026 Description","shape":"rectangle"},"task_key":"em_record_survey_additional_info","instructions":{"mark":"Dimension \u0026 Description","transcribe":"Enter any additional information you find about the building's construction or significance."}},{"id":"580d7e8c6164390003dcea01","status":"awaiting_transcriptions","name":"Record Date","created_in_workflow":"transcribe","confidence":0.3333333333333333,"data":{"value":"Jany 15/94"},"versions":[{"data":{"value":"Jany 15/94"},"votes":1,"confidence":0.3333333333333333,"instances":[{"created":"2015-11-24T07:13:53Z","user_id":"5653f5cc6138330003e40e00","duration":14.738}]},{"data":{"value":"Jauy 15/94"},"votes":1,"confidence":0.3333333333333333,"instances":[{"created":"2015-11-24T16:05:36Z","user_id":"565488c26339300003160200","duration":15.344}]}],"region":{"x":121.91652345891173,"y":589.6858352003983,"width":472.19202085895023,"height":39.903552757921716,"label":"Record Date","shape":"rectangle"},"task_key":"em_record_date","instructions":{"mark":"Record Date","transcribe":"Enter the record date"}},{"id":"580d7e8c6164390003ddea01","status":"awaiting_transcriptions","name":"Valuation Date","created_in_workflow":"transcribe","confidence":0.3333333333333333,"data":{"value":""},"versions":[{"data":{"value":""},"votes":1,"confidence":0.3333333333333333,"instances":[{"created":"2015-11-23T23:58:56Z","user_id":"5647496e3562310003960400","duration":1.949}]}],"region":{"x":753.7227485518733,"y":596.3364273267185,"width":445.58965348661513,"height":75.37337743162993,"label":"Valuation","shape":"rectangle"},"task_key":"em_record_valuation","instructions":{"mark":"Valuation","transcribe":"Enter the date of the valuation (if one is given). In the next screen, you'll enter the valuation's dollar amounts."}},{"id":"580d7e8c6164390003deea01","status":"awaiting_transcriptions","name":"Land \u0026 Building Value","created_in_workflow":"transcribe","confidence":0.3333333333333333,"data":{"em_valuation_ground":""},"versions":[{"data":{"em_valuation_ground":""},"votes":1,"confidence":0.3333333333333333,"instances":[{"created":"2015-11-23T23:58:58Z","user_id":"5647496e3562310003960400","duration":2.022}]}],"region":{"x":753.7227485518733,"y":596.3364273267185,"width":445.58965348661513,"height":75.37337743162993,"label":"Valuation","shape":"rectangle"},"task_key":"em_record_valuation_ground_building","instructions":{"mark":"Valuation","transcribe":"Sometimes valuations include itemized dollar values for \"ground\" and \"building\". Enter these amounts if you can find them. In the next screen, you'll enter the total valuation."}},{"id":"580d7e8c6164390003dfea01","status":"awaiting_transcriptions","name":"Total Value","created_in_workflow":"transcribe","confidence":0.3333333333333333,"data":{"value":"55000"},"versions":[{"data":{"value":"55000"},"votes":1,"confidence":0.3333333333333333,"instances":[{"created":"2015-11-23T23:59:01Z","user_id":"5647496e3562310003960400","duration":3.118}]}],"region":{"x":753.7227485518733,"y":596.3364273267185,"width":445.58965348661513,"height":75.37337743162993,"label":"Valuation","shape":"rectangle"},"task_key":"em_record_valuation_total","instructions":{"mark":"Valuation","transcribe":"Enter the valuation ***total*** (if one is given)"}},{"id":"580d7e8c6164390003e0ea01","status":"awaiting_transcriptions","name":"Amount Loaned","created_in_workflow":"transcribe","confidence":0.3333333333333333,"data":{"value":"$21000"},"versions":[{"data":{"value":"$21000"},"votes":1,"confidence":0.3333333333333333,"instances":[{"created":"2015-11-23T23:59:31Z","user_id":"5647496e3562310003960400","duration":6.534}]},{"data":{"value":"21000"},"votes":1,"confidence":0.3333333333333333,"instances":[{"created":"2015-11-24T07:34:06Z","user_id":"56540f563131380003990f00","duration":3.78}]}],"region":{"x":749.2890206564841,"y":673.9266688004552,"width":390.1680547942499,"height":48.77100892634871,"label":"Amount Loaned","shape":"rectangle"},"task_key":"em_record_amount_loaned","instructions":{"mark":"Amount Loaned","transcribe":"Enter the Amount Loaned"}},{"id":"580d7e8c6164390003e1ea01","status":"complete","name":"Total Value","created_in_workflow":"verify","confidence":1.0,"data":{"value":"55000"},"versions":[{"data":{"value":"55000"},"votes":3,"confidence":1.0,"instances":[{"created":"2016-04-10T11:06:04Z","user_id":"563f8b7a3264340003774b00","duration":5.958},{"created":"2016-04-14T18:40:39Z","user_id":"5706e16e36313100039b0000","duration":4.6},{"created":"2016-04-15T01:20:12Z","user_id":"570d8d443232320003440100","duration":6.391}]}],"region":{"x":908.042404242035,"y":593.7215473552857,"width":139.69917986305722,"height":77.78704764815234,"label":"Valuation","shape":"rectangle"},"task_key":"em_transcribed_valuation_total","instructions":{"mark":"Valuation","transcribe":"Enter the valuation ***total*** (if one is given)","verify":"Choose the best transcription or enter your own!"}},{"id":"580d7e8c6164390003e2ea01","status":"complete","name":"Record Number","created_in_workflow":"verify","confidence":1.0,"data":{"value":"4097"},"versions":[{"data":{"value":"4097"},"votes":3,"confidence":1.0,"instances":[{"created":"2016-04-10T11:06:00Z","user_id":"563f8b7a3264340003774b00","duration":12.915},{"created":"2016-04-14T18:40:35Z","user_id":"5706e16e36313100039b0000","duration":6.272},{"created":"2016-04-14T21:10:15Z","user_id":"571001973930330003320100","duration":9.391}]}],"region":{"x":784.2181311815978,"y":58.73715842819671,"width":142.87416122358138,"height":63.49963073318564,"label":"Record Number","shape":"rectangle"},"task_key":"em_transcribed_record_number","instructions":{"mark":"Record Number","transcribe":"Enter the record number","verify":"Choose the best transcription or enter your own!"}},{"id":"580d7e8c6164390003e3ea01","status":"complete","name":"Mortgager","created_in_workflow":"verify","confidence":1.0,"data":{"value":"Alexis M. Leon"},"versions":[{"data":{"value":"Alexis M. Leon"},"votes":3,"confidence":1.0,"instances":[{"created":"2016-04-10T02:18:32Z","user_id":"563f8b7a3264340003774b00","duration":10.383},{"created":"2016-04-13T15:11:54Z","user_id":"570e5ba635633900034d0000","duration":5.89},{"created":"2016-04-13T21:05:06Z","user_id":"570eb2793563390003fd0000","duration":5.5}]}],"region":{"x":239.70882785172665,"y":625.4713627218784,"width":268.2859249642805,"height":49.212213818218856,"label":"Mortgager Name","shape":"rectangle"},"task_key":"em_transcribed_mortgager","instructions":{"mark":"Mortgager Name","transcribe":"Enter the mortgager's name","verify":"Choose the best transcription or enter your own!"}},{"id":"580d7e8c6164390003e4ea01","status":"awaiting_votes","name":"Street Address","created_in_workflow":"verify","confidence":0.6666666666666666,"data":{"value":"26 E 22 St"},"versions":[{"data":{"value":"26 E 22 St"},"votes":2,"confidence":0.6666666666666666,"instances":[{"created":"2016-04-12T17:47:17Z","user_id":"570d34023232320003c20000","duration":8.489},{"created":"2016-09-25T19:49:47Z","user_id":"57c49a363234370003600200","duration":10.941}]},{"data":{"value":"26 Ess St"},"votes":1,"confidence":0.3333333333333333,"instances":[{"created":"2016-04-12T17:43:19Z","user_id":"570d31e73232320003b10000","duration":41.149}]}],"region":{"x":268.28366009644293,"y":666.7461226984491,"width":269.8734156445425,"height":39.687269208241105,"label":"Street Address","shape":"rectangle"},"task_key":"em_transcribed_address","instructions":{"mark":"Street Address","transcribe":"Enter the street address","verify":"Choose the best transcription or enter your own!"}},{"id":"580d7e8c6164390003e5ea01","status":"complete","name":"Stories \u0026 Materials","created_in_workflow":"verify","confidence":1.0,"data":{"em_record_stories":"4","em_record_material":"br."},"versions":[{"data":{"em_record_stories":"4","em_record_material":"br."},"votes":3,"confidence":1.0,"instances":[{"created":"2016-04-10T10:43:34Z","user_id":"563f8b7a3264340003774b00","duration":6.531},{"created":"2016-04-13T15:12:08Z","user_id":"570e5ba635633900034d0000","duration":13.232},{"created":"2016-09-25T20:22:27Z","user_id":"57c49a363234370003600200","duration":6.597}]}],"region":{"x":344.48321274901963,"y":711.195864211679,"width":303.21071993004483,"height":82.54951995314138,"label":"Dimension \u0026 Description","shape":"rectangle"},"task_key":"em_transcribed_stories_materials","instructions":{"mark":"Dimension \u0026 Description","transcribe":"Enter, as they appear, the number of stories and the building materials.","verify":"Choose the best transcription or enter your own!"}},{"id":"580d7e8c6164390003e6ea01","status":"awaiting_transcriptions","name":"Additional Info","created_in_workflow":"transcribe","confidence":0.6666666666666666,"data":{"value":""},"versions":[{"data":{"value":""},"votes":2,"confidence":0.6666666666666666,"instances":[{"created":"2015-11-11T09:19:29Z","user_id":"5642db573564380003651800","duration":0.98},{"created":"2015-11-11T11:50:14Z","user_id":"564329c035643800039a2100","duration":1.011}]}],"region":{"x":344.48321274901963,"y":711.195864211679,"width":303.21071993004483,"height":82.54951995314138,"label":"Dimension \u0026 Description","shape":"rectangle"},"task_key":"em_record_survey_additional_info","instructions":{"mark":"Dimension \u0026 Description","transcribe":"Enter any additional information you find about the building's construction or significance."}},{"id":"580d7e8c6164390003e7ea01","status":"complete","name":"Land \u0026 Building Dimensions","created_in_workflow":"verify","confidence":1.0,"data":{"em_survey_land_dimensions":"30 x 98.9","em_survey_building_dimensions":"30 x 65"},"versions":[{"data":{"em_survey_land_dimensions":"30 x 98.9","em_survey_building_dimensions":"30 x 65"},"votes":3,"confidence":1.0,"instances":[{"created":"2016-04-10T10:55:30Z","user_id":"563f8b7a3264340003774b00","duration":7.931},{"created":"2016-04-13T15:16:03Z","user_id":"570e5ba635633900034d0000","duration":6.08},{"created":"2016-04-14T18:33:53Z","user_id":"5706e16e36313100039b0000","duration":8.927}]}],"region":{"x":344.48321274901963,"y":711.195864211679,"width":303.21071993004483,"height":82.54951995314138,"label":"Dimension \u0026 Description","shape":"rectangle"},"task_key":"em_transcribed_survey","instructions":{"mark":"Dimension \u0026 Description","transcribe":"Enter, as they appear, any land and building dimensions that were recorded. In the next screen, you'll enter the descriptive information.","verify":"Choose the best transcription or enter your own!"}},{"id":"580d7e8c6164390003e8ea01","status":"complete","name":"Record Date","created_in_workflow":"verify","confidence":1.0,"data":{"value":"January 15/94"},"versions":[{"data":{"value":"January 15/94"},"votes":2,"confidence":0.6666666666666666,"instances":[{"created":"2016-04-13T15:11:32Z","user_id":"570e5ba635633900034d0000","duration":19.476},{"created":"2016-04-13T21:04:40Z","user_id":"570eb2793563390003fd0000","duration":12.997}]},{"data":{"value":"Jan 15 / 94"},"votes":1,"confidence":0.3333333333333333,"instances":[{"created":"2016-04-10T02:18:20Z","user_id":"563f8b7a3264340003774b00","duration":11.721}]}],"region":{"x":284.1585668990631,"y":571.4966765986707,"width":203.19880707353792,"height":63.499630733185654,"label":"Record Date","shape":"rectangle"},"task_key":"em_transcribed_date","instructions":{"mark":"Record Date","transcribe":"Enter the record date","verify":"Choose the best transcription or enter your own!"}},{"id":"580d7e8c6164390003e9ea01","status":"complete","name":"Amount Loaned","created_in_workflow":"verify","confidence":1.0,"data":{"value":"$21000"},"versions":[{"data":{"value":"$21000"},"votes":2,"confidence":0.6666666666666666,"instances":[{"created":"2016-04-10T11:06:15Z","user_id":"563f8b7a3264340003774b00","duration":5.021},{"created":"2016-04-15T15:17:23Z","user_id":"5711040035383700033b0000","duration":13.14}]},{"data":{"value":"$21,000"},"votes":1,"confidence":0.3333333333333333,"instances":[{"created":"2016-04-15T15:11:21Z","user_id":"5711040e35383700033e0000","duration":6.985}]}],"region":{"x":904.8674228815108,"y":663.5711411617898,"width":138.11168918279532,"height":53.97468612320779,"label":"Amount Loaned","shape":"rectangle"},"task_key":"em_transcribed_amount_loaned","instructions":{"mark":"Amount Loaned","transcribe":"Enter the Amount Loaned","verify":"Choose the best transcription or enter your own!"}}]}],"export_document":{"name":"Record","export_fields":[{"name":"Mortgager","value":"Alexis M. Leon","original_value":{"value":"Alexis M. Leon"},"assertion_ids":["580d7e8c6164390003e3ea01"]},{"name":"Street Address","value":"26 E 22 St","original_value":{"value":"26 E 22 St"},"assertion_ids":["580d7e8c6164390003e4ea01"]},{"name":"Record Date","value":"1894-01-15T00:00:00Z","original_value":{"value":"January 15/94"},"assertion_ids":["580d7e8c6164390003e8ea01"]},{"name":"Land \u0026 Building Dimensions","value":{"em_survey_land_dimensions":[30,98.75],"em_survey_building_dimensions":[30,65]},"original_value":{"em_survey_land_dimensions":"30 x 98.9","em_survey_building_dimensions":"30 x 65"},"assertion_ids":["580d7e8c6164390003e7ea01"]},{"name":"Amount Loaned","value":21000.0,"original_value":{"value":"$21000"},"assertion_ids":["580d7e8c6164390003e9ea01"]},{"name":"Stories \u0026 Materials","value":{"em_record_stories":4,"em_record_material":"br."},"original_value":{"em_record_stories":"4","em_record_material":"br."},"assertion_ids":["580d7e8c6164390003e5ea01"]},{"name":"Valuation","value":null,"original_value":null,"assertion_ids":null},{"name":"Valuation","value":null,"original_value":null,"assertion_ids":null},{"name":"Record Number","value":4097,"original_value":{"value":"4097"},"assertion_ids":["580d7e8c6164390003e2ea01"]},{"name":"Additional Info","value":"","original_value":{"value":""},"assertion_ids":["580d7e8c6164390003e6ea01"]}]}}