{"id":"56b10a2d7061755afbf8c500","meta_data":{"capture_uuid":"12f6f2f0-02e7-0133-64aa-58d385a7bbd0","page_uri":"http://digitalcollections.nypl.org/items/12f6f2f0-02e7-0133-64aa-58d385a7bbd0","book_uri":"http://digitalcollections.nypl.org/items/109c0900-02e7-0133-03cf-58d385a7bbd0","source_rotated":"0.923143","source_x":"0","source_y":"866.68","source_w":"1371.67","source_h":"977.32"},"type":"final_subject_set","search_terms_by_field":{"Land \u0026 Building Dimensions":["29 x 90","20 x 40"],"Stories \u0026 Materials":["2","Brick"],"Additional Info":[],"Record Date":["June 4, 1984","Aug 22/92"],"Amount Loaned":["$1,500","$1000.","$1,000"],"Record Number":["3939"],"Mortgager":["Jno Purcell"],"Street Address":["313 Hoyt St Bk"],"Land \u0026 Building Value":["2000","3000"],"Valuation Date":["Aug 22/92"],"Total Value":[]},"subjects":[{"id":"580d8b106164390003736902","type":"root","location":{"standard":"https://s3.amazonaws.com/scribe.nypl.org/emigrant-s4/full/12f6f2f0-02e7-0133-64aa-58d385a7bbd0.left-bottom.jpg","thumbnail":"https://s3.amazonaws.com/scribe.nypl.org/emigrant-s4/thumb/12f6f2f0-02e7-0133-64aa-58d385a7bbd0.left-bottom.jpg"},"status":"retired","width":1371,"height":977,"meta_data":{"capture_uuid":"12f6f2f0-02e7-0133-64aa-58d385a7bbd0","page_uri":"http://digitalcollections.nypl.org/items/12f6f2f0-02e7-0133-64aa-58d385a7bbd0","book_uri":"http://digitalcollections.nypl.org/items/109c0900-02e7-0133-03cf-58d385a7bbd0","source_rotated":"0.923143","source_x":"0","source_y":"866.68","source_w":"1371.67","source_h":"977.32"},"assertions":[{"id":"580d8b106164390003746902","status":"awaiting_transcriptions","name":"Land \u0026 Building Dimensions","created_in_workflow":"transcribe","confidence":0.3333333333333333,"data":{"em_survey_land_dimensions":"29 x 90","em_survey_building_dimensions":"20 x 40"},"versions":[{"data":{"em_survey_land_dimensions":"29 x 90","em_survey_building_dimensions":"20 x 40"},"votes":1,"confidence":0.3333333333333333,"instances":[{"created":"2015-11-30T02:46:53Z","user_id":"565bb62e6661300003a20300","duration":8.836}]}],"region":{"x":281.2651411982601,"y":716.0731887522273,"width":315.23526740205745,"height":72.01495067147641,"label":"Dimension \u0026 Description","shape":"rectangle"},"task_key":"em_record_survey","instructions":{"mark":"Dimension \u0026 Description","transcribe":"Enter, as they appear, any land and building dimensions that were recorded. In the next screen, you'll enter the descriptive information."}},{"id":"580d8b106164390003756902","status":"awaiting_transcriptions","name":"Stories \u0026 Materials","created_in_workflow":"transcribe","confidence":0.3333333333333333,"data":{"em_record_stories":"2","em_record_material":"Brick"},"versions":[{"data":{"em_record_stories":"2","em_record_material":"Brick"},"votes":1,"confidence":0.3333333333333333,"instances":[{"created":"2015-11-30T02:46:56Z","user_id":"565bb62e6661300003a20300","duration":2.871}]}],"region":{"x":281.2651411982601,"y":716.0731887522273,"width":315.23526740205745,"height":72.01495067147641,"label":"Dimension \u0026 Description","shape":"rectangle"},"task_key":"em_record_survey_stories_materials","instructions":{"mark":"Dimension \u0026 Description","transcribe":"Enter, as they appear, the number of stories and the building materials."}},{"id":"580d8b106164390003766902","status":"awaiting_transcriptions","name":"Additional Info","created_in_workflow":"transcribe","confidence":0.3333333333333333,"data":{"value":""},"versions":[{"data":{"value":""},"votes":1,"confidence":0.3333333333333333,"instances":[{"created":"2015-11-30T02:46:57Z","user_id":"565bb62e6661300003a20300","duration":1.562}]}],"region":{"x":281.2651411982601,"y":716.0731887522273,"width":315.23526740205745,"height":72.01495067147641,"label":"Dimension \u0026 Description","shape":"rectangle"},"task_key":"em_record_survey_additional_info","instructions":{"mark":"Dimension \u0026 Description","transcribe":"Enter any additional information you find about the building's construction or significance."}},{"id":"580d8b106164390003776902","status":"awaiting_transcriptions","name":"Record Date","created_in_workflow":"transcribe","confidence":0.3333333333333333,"data":{"value":"June 4, 1984"},"versions":[{"data":{"value":"June 4, 1984"},"votes":1,"confidence":0.3333333333333333,"instances":[{"created":"2016-01-02T06:16:19Z","user_id":"56875be63833320003000000","duration":5.702}]},{"data":{"value":"June 4/94"},"votes":1,"confidence":0.3333333333333333,"instances":[{"created":"2016-01-02T23:36:32Z","user_id":"56882a806338370003c50800","duration":7.817}]}],"region":{"x":841.8879956613158,"y":704.6731780616078,"width":171.84135491638654,"height":59.340899205188066,"label":"Record Date","shape":"rectangle"},"task_key":"em_record_date","instructions":{"mark":"Record Date","transcribe":"Enter the record date"}},{"id":"580d8b106164390003786902","status":"awaiting_transcriptions","name":"Amount Loaned","created_in_workflow":"transcribe","confidence":0.3333333333333333,"data":{"value":"$1,500"},"versions":[{"data":{"value":"$1,500"},"votes":1,"confidence":0.3333333333333333,"instances":[{"created":"2016-01-02T06:16:23Z","user_id":"56875be63833320003000000","duration":3.927}]},{"data":{"value":"addl. loan June 4/94  $1,500"},"votes":1,"confidence":0.3333333333333333,"instances":[{"created":"2016-01-03T00:38:21Z","user_id":"568869523833320003620900","duration":11.966}]}],"region":{"x":665.1015657833066,"y":705.9094467950492,"width":489.56242120064076,"height":64.28597413895375,"label":"Amount Loaned","shape":"rectangle"},"task_key":"em_record_amount_loaned","instructions":{"mark":"Amount Loaned","transcribe":"Enter the Amount Loaned"}},{"id":"580d8b106164390003796902","status":"awaiting_transcriptions","name":"Amount Loaned","created_in_workflow":"transcribe","confidence":0.3333333333333333,"data":{"value":"$1000."},"versions":[{"data":{"value":"$1000."},"votes":1,"confidence":0.3333333333333333,"instances":[{"created":"2016-01-02T23:36:24Z","user_id":"56882a806338370003c50800","duration":7.218}]},{"data":{"value":"$1,000"},"votes":1,"confidence":0.3333333333333333,"instances":[{"created":"2016-01-03T00:38:09Z","user_id":"568869523833320003620900","duration":4.166}]}],"region":{"x":687.3544031106085,"y":671.2939222586896,"width":307.8309163610089,"height":43.2694056704496,"label":"Amount Loaned","shape":"rectangle"},"task_key":"em_record_amount_loaned","instructions":{"mark":"Amount Loaned","transcribe":"Enter the Amount Loaned"}},{"id":"580d8b1061643900037a6902","status":"complete","name":"Record Number","created_in_workflow":"verify","confidence":1.0,"data":{"value":"3939"},"versions":[{"data":{"value":"3939"},"votes":3,"confidence":1.0,"instances":[{"created":"2015-11-30T15:13:49Z","user_id":"5647496e3562310003960400","duration":3.957},{"created":"2015-12-20T19:14:37Z","user_id":"56748e5e3564620003fd0100","duration":7.019},{"created":"2015-12-21T04:46:34Z","user_id":"5668bbbe3064310003db0500","duration":9.071}]}],"region":{"x":731.8789880737874,"y":70.1341631087633,"width":169.67941410671403,"height":54.297416600332866,"label":"Record Number","shape":"rectangle"},"task_key":"em_transcribed_record_number","instructions":{"mark":"Record Number","transcribe":"Enter the record number","verify":"Choose the best transcription or enter your own!"}},{"id":"580d8b1061643900037b6902","status":"complete","name":"Mortgager","created_in_workflow":"verify","confidence":1.0,"data":{"value":"Jno Purcell"},"versions":[{"data":{"value":"Jno Purcell"},"votes":3,"confidence":1.0,"instances":[{"created":"2015-11-30T04:23:55Z","user_id":"5647496e3562310003960400","duration":23.115},{"created":"2015-12-10T22:08:47Z","user_id":"563f8b7a3264340003774b00","duration":15.207},{"created":"2015-12-19T12:34:37Z","user_id":"56748e5e3564620003fd0100","duration":9.461}]}],"region":{"x":149.31299964073605,"y":621.0267023663074,"width":307.6853375801747,"height":61.08459367537444,"label":"Mortgager Name","shape":"rectangle"},"task_key":"em_transcribed_mortgager","instructions":{"mark":"Mortgager Name","transcribe":"Enter the mortgager's name","verify":"Choose the best transcription or enter your own!"}},{"id":"580d8b1061643900037c6902","status":"complete","name":"Street Address","created_in_workflow":"verify","confidence":1.0,"data":{"value":"313 Hoyt St Bk"},"versions":[{"data":{"value":"313 Hoyt St Bk"},"votes":3,"confidence":1.0,"instances":[{"created":"2015-11-30T15:18:23Z","user_id":"5647496e3562310003960400","duration":10.779},{"created":"2015-12-11T14:47:17Z","user_id":"563f8b7a3264340003774b00","duration":14.792},{"created":"2015-12-20T19:15:20Z","user_id":"56748e5e3564620003fd0100","duration":15.197}]}],"region":{"x":187.7736668382579,"y":656.0937839206889,"width":360.8515540002784,"height":62.21578985454812,"label":"Street Address","shape":"rectangle"},"task_key":"em_transcribed_address","instructions":{"mark":"Street Address","transcribe":"Enter the street address","verify":"Choose the best transcription or enter your own!"}},{"id":"580d8b1061643900037d6902","status":"complete","name":"Record Date","created_in_workflow":"verify","confidence":1.0,"data":{"value":"Aug 22/92"},"versions":[{"data":{"value":"Aug 22/92"},"votes":3,"confidence":0.6,"instances":[{"created":"2015-11-17T23:20:59Z","user_id":"5647496e3562310003960400","duration":6.102},{"created":"2015-11-25T00:09:34Z","user_id":"56532da56138330003bd0100","duration":9.788},{"created":"2015-11-26T00:28:08Z","user_id":"5647496e3562310003960400","duration":3.586}]},{"data":{"value":"1892 August 22"},"votes":2,"confidence":0.4,"instances":[{"created":"2015-11-18T04:33:01Z","user_id":"564618af6363350003da0c00","duration":2.942},{"created":"2015-11-22T02:48:42Z","user_id":"5649188c3863370003020e00","duration":10.593}]}],"region":{"x":219.4471574715112,"y":555.4173239742383,"width":236.4199836553548,"height":78.05253636297857,"label":"Record Date","shape":"rectangle"},"task_key":"em_transcribed_date","instructions":{"mark":"Record Date","transcribe":"Enter the record date","verify":"Choose the best transcription or enter your own!"}},{"id":"580d8b1061643900037e6902","status":"complete","name":"Valuation Date","created_in_workflow":"transcribe","confidence":1.0,"data":{"value":"Aug 22/92"},"versions":[{"data":{"value":"Aug 22/92"},"votes":3,"confidence":1.0,"instances":[{"created":"2015-11-08T20:07:17Z","user_id":"563fb0353264340003d76f00","duration":10.682},{"created":"2016-06-26T18:10:02Z","user_id":"57700f613764370003d90000","duration":22.246},{"created":"2016-06-27T17:34:01Z","user_id":"576b333f3837340003480000","duration":7.988}]}],"region":{"x":661.7448302430123,"y":590.4844055286201,"width":384.6066719752182,"height":80.31492872132571,"label":"Valuation","shape":"rectangle"},"task_key":"em_record_valuation","instructions":{"mark":"Valuation","transcribe":"Enter the date of the valuation (if one is given). In the next screen, you'll enter the valuation's dollar amounts."}},{"id":"580d8b1061643900037f6902","status":"awaiting_transcriptions","name":"Total Value","created_in_workflow":"transcribe","confidence":0.3333333333333333,"data":{"value":""},"versions":[{"data":{"value":""},"votes":1,"confidence":0.3333333333333333,"instances":[{"created":"2016-06-27T17:34:07Z","user_id":"576b333f3837340003480000","duration":0.695}]}],"region":{"x":661.7448302430123,"y":590.4844055286201,"width":384.6066719752182,"height":80.31492872132571,"label":"Valuation","shape":"rectangle"},"task_key":"em_record_valuation_total","instructions":{"mark":"Valuation","transcribe":"Enter the valuation ***total*** (if one is given)"}},{"id":"580d8b106164390003806902","status":"contentious","name":"Land \u0026 Building Value","created_in_workflow":"verify","confidence":0.45454545454545453,"data":{"em_valuation_ground":"2000","em_valuation_building":"3000"},"versions":[{"data":{"em_valuation_ground":"2000","em_valuation_building":"3000"},"votes":10,"confidence":0.45454545454545453,"instances":[{"created":"2016-01-02T08:01:45Z","user_id":"56877d7638333200037f0200","duration":11.818},{"created":"2016-01-04T22:35:17Z","user_id":"568ae7b462336600035c0500","duration":4.138},{"created":"2016-01-05T01:29:19Z","user_id":"568b0d506233660003ea0800","duration":9.609},{"created":"2016-01-06T13:57:57Z","user_id":"568d1c233130650003f10100","duration":13.791},{"created":"2016-01-07T13:41:03Z","user_id":"568e69e83565620003750b00","duration":5.022},{"created":"2016-01-07T14:56:33Z","user_id":"568e785835656200039e0b00","duration":9.386},{"created":"2016-01-07T22:53:25Z","user_id":"568eeada6636620003f50700","duration":41.553},{"created":"2016-01-08T20:20:59Z","user_id":"569019eb6635330003930300","duration":41.338},{"created":"2016-01-09T10:05:49Z","user_id":"5690e55e3063390003a00200","duration":104.454},{"created":"2016-01-09T13:39:58Z","user_id":"56910ca06133390003f00700","duration":41.04}]},{"data":{"em_valuation_ground":"$2000","em_valuation_building":"3000"},"votes":7,"confidence":0.3181818181818182,"instances":[{"created":"2015-12-02T02:44:32Z","user_id":"5647496e3562310003960400","duration":8.841},{"created":"2015-12-24T09:23:40Z","user_id":"56748e5e3564620003fd0100","duration":5.027},{"created":"2015-12-27T22:19:44Z","user_id":"5668bbbe3064310003db0500","duration":7.612},{"created":"2015-12-30T17:31:35Z","user_id":"563f8b7a3264340003774b00","duration":7.641},{"created":"2016-01-03T01:08:14Z","user_id":"5668b33530333000032d0500","duration":6.734},{"created":"2016-01-09T01:05:43Z","user_id":"56905bb16635330003070700","duration":21.804},{"created":"2016-07-15T00:35:01Z","user_id":"5750d4e061323000033d0000","duration":16.775}]},{"data":{"em_valuation_ground":"$2,000","em_valuation_building":"$3,000"},"votes":5,"confidence":0.22727272727272727,"instances":[{"created":"2015-12-26T15:24:19Z","user_id":"563bfc7535326200037f3900","duration":6.422},{"created":"2015-12-27T02:17:33Z","user_id":"567f35e03037360003d10000","duration":9.571},{"created":"2016-01-07T09:42:59Z","user_id":"568e30b93565620003f50a00","duration":11.187},{"created":"2016-01-09T15:19:37Z","user_id":"569125096133390003f80700","duration":38.186},{"created":"2016-01-09T16:03:09Z","user_id":"56912f3d6133390003ff0700","duration":25.586}]}],"region":{"x":661.7448302430123,"y":590.4844055286201,"width":384.6066719752182,"height":80.31492872132571,"label":"Valuation","shape":"rectangle"},"task_key":"em_transcribed_valuation_itemized","instructions":{"mark":"Valuation","transcribe":"Sometimes valuations include itemized dollar values for \"ground\" and \"building\". Enter these amounts if you can find them. In the next screen, you'll enter the total valuation.","verify":"Choose the best transcription or enter your own!"}},{"id":"580d8b106164390003816902","status":"awaiting_votes","name":"Amount Loaned","created_in_workflow":"transcribe","confidence":0.14285714285714285,"data":{"value":"$1,000"},"versions":[{"data":{"value":"$1,000"},"votes":1,"confidence":0.14285714285714285,"instances":[{"created":"2015-11-08T20:08:53Z","user_id":"563fb0353264340003d76f00","duration":14.259}]},{"data":{"value":"$1000. Addl. loan June 4/94 $1500"},"votes":1,"confidence":0.14285714285714285,"instances":[{"created":"2015-11-08T20:54:18Z","user_id":"563fce0932643400031e8600","duration":29.985}]},{"data":{"value":"1000"},"votes":1,"confidence":0.14285714285714285,"instances":[{"created":"2015-11-08T20:57:26Z","user_id":"563f6f403264340003f01f00","duration":8.082}]},{"data":{"value":""},"votes":1,"confidence":0.14285714285714285,"instances":[{"created":"2015-12-02T00:48:35Z","user_id":"5647496e3562310003960400","duration":7.246}]},{"data":{"value":"$1000"},"votes":1,"confidence":0.14285714285714285,"instances":[{"created":"2015-12-20T19:51:56Z","user_id":"56748e5e3564620003fd0100","duration":5.436}]},{"data":{"value":"$1000 and $1500"},"votes":1,"confidence":0.14285714285714285,"instances":[{"created":"2015-12-25T03:24:55Z","user_id":"5668bbbe3064310003db0500","duration":16.029}]},{"data":{"value":"$1000., $1500."},"votes":1,"confidence":0.14285714285714285,"instances":[{"created":"2016-09-15T03:22:42Z","user_id":"57c49a363234370003600200","duration":18.465}]}],"region":{"x":657.2200458668332,"y":682.1112960416817,"width":555.4172821759772,"height":71.26535928793692,"label":"Amount Loaned","shape":"rectangle"},"task_key":"em_record_amount_loaned","instructions":{"mark":"Amount Loaned","transcribe":"Enter the Amount Loaned"}}]}],"export_document":{"name":"Record","export_fields":[{"name":"Mortgager","value":"Jno Purcell","original_value":{"value":"Jno Purcell"},"assertion_ids":["580d8b1061643900037b6902"]},{"name":"Street Address","value":"313 Hoyt St Bk","original_value":{"value":"313 Hoyt St Bk"},"assertion_ids":["580d8b1061643900037c6902"]},{"name":"Record Date","value":"1892-08-22T00:00:00Z","original_value":{"value":"Aug 22/92"},"assertion_ids":["580d8b1061643900037d6902"]},{"name":"Land \u0026 Building Dimensions","value":{"em_survey_land_dimensions":[29,90],"em_survey_building_dimensions":[20,40]},"original_value":{"em_survey_land_dimensions":"29 x 90","em_survey_building_dimensions":"20 x 40"},"assertion_ids":["580d8b106164390003746902"]},{"name":"Amount Loaned","value":1500.0,"original_value":{"value":"$1,500"},"assertion_ids":["580d8b106164390003786902"]},{"name":"Stories \u0026 Materials","value":{"em_record_stories":2,"em_record_material":"Brick"},"original_value":{"em_record_stories":"2","em_record_material":"Brick"},"assertion_ids":["580d8b106164390003756902"]},{"name":"Valuation","value":null,"original_value":null,"assertion_ids":null},{"name":"Record Number","value":3939,"original_value":{"value":"3939"},"assertion_ids":["580d8b1061643900037a6902"]},{"name":"Additional Info","value":"","original_value":{"value":""},"assertion_ids":["580d8b106164390003766902"]}]}}