{"id":"56b109987061755afb81ba00","meta_data":{"capture_uuid":"10ed03c0-02e7-0133-e339-58d385a7bbd0","page_uri":"http://digitalcollections.nypl.org/items/10ed03c0-02e7-0133-e339-58d385a7bbd0","book_uri":"http://digitalcollections.nypl.org/items/109c0900-02e7-0133-03cf-58d385a7bbd0","source_rotated":"0.0559529","source_x":"1205.08","source_y":"0","source_w":"1358.92","source_h":"885.92"},"type":"final_subject_set","search_terms_by_field":{"Record Number":["3728"],"Mortgager":["Jno. F. Fitzharris","Jno. F. Fitzharris","Jno. F. Fitzharris"],"Street Address":["Washington \u0026 Christopher Sts"],"Record Date":["June 29/91"],"Amount Loaned":["$60000,  43500 add'l","$60000, 43500","$60,000 + $43,500"]},"subjects":[{"id":"580d8d686164390003258602","type":"root","location":{"standard":"https://s3.amazonaws.com/scribe.nypl.org/emigrant-s4/full/10ed03c0-02e7-0133-e339-58d385a7bbd0.right-top.jpg","thumbnail":"https://s3.amazonaws.com/scribe.nypl.org/emigrant-s4/thumb/10ed03c0-02e7-0133-e339-58d385a7bbd0.right-top.jpg"},"status":"retired","width":1358,"height":885,"meta_data":{"capture_uuid":"10ed03c0-02e7-0133-e339-58d385a7bbd0","page_uri":"http://digitalcollections.nypl.org/items/10ed03c0-02e7-0133-e339-58d385a7bbd0","book_uri":"http://digitalcollections.nypl.org/items/109c0900-02e7-0133-03cf-58d385a7bbd0","source_rotated":"0.0559529","source_x":"1205.08","source_y":"0","source_w":"1358.92","source_h":"885.92"},"assertions":[{"id":"580d8d686164390003268602","status":"active","name":null,"created_in_workflow":"mark","confidence":1.0,"data":{"belongsToUser":"true","toolName":"rectangleTool","userCreated":"true","subToolIndex":"6","color":"purple","isTranscribable":"true","x":"295.5076860564722","y":"742.806460027984","width":"216.26010243446825","height":"84.62352076268166","_key":"0.3727959635667688","status":"mark","isUncommitted":"true"},"versions":null,"region":{"x":295.5076860564722,"y":742.806460027984,"width":216.26010243446825,"height":84.62352076268166,"label":"Dimension \u0026 Description","shape":"rectangle"},"task_key":"mark_primary","instructions":{"mark":""}},{"id":"580d8d686164390003278602","status":"active","name":null,"created_in_workflow":"mark","confidence":1.0,"data":{"belongsToUser":"true","toolName":"rectangleTool","userCreated":"true","subToolIndex":"5","color":"sienna","isTranscribable":"true","x":"875.783240414797","y":"615.1995636398132","width":"182.67934118687992","height":"94.02613418075748","_key":"0.18574955058984677","status":"mark","isUncommitted":"true"},"versions":null,"region":{"x":875.783240414797,"y":615.1995636398132,"width":182.67934118687992,"height":94.02613418075748,"label":"Valuation","shape":"rectangle"},"task_key":"mark_primary","instructions":{"mark":""}},{"id":"580d8d686164390003288602","status":"active","name":null,"created_in_workflow":"mark","confidence":1.0,"data":{"belongsToUser":"true","toolName":"rectangleTool","userCreated":"true","subToolIndex":"5","color":"sienna","isTranscribable":"true","x":"1079.9542688001334","y":"623.2589465695924","width":"134.32304499035308","height":"84.62352076268178","_key":"0.7820114656189145","status":"mark","isUncommitted":"true"},"versions":null,"region":{"x":1079.9542688001334,"y":623.2589465695924,"width":134.32304499035308,"height":84.62352076268178,"label":"Valuation","shape":"rectangle"},"task_key":"mark_primary","instructions":{"mark":""}},{"id":"580d8d686164390003298602","status":"active","name":null,"created_in_workflow":"mark","confidence":1.0,"data":{"belongsToUser":"true","toolName":"rectangleTool","userCreated":"true","subToolIndex":"4","color":"teal","isTranscribable":"true","x":"930.8556888608416","y":"698.4798539141984","width":"118.20427959151067","height":"44.32660611378562","_key":"0.025055051429533126","status":"mark","isUncommitted":"true"},"versions":null,"region":{"x":930.8556888608416,"y":698.4798539141984,"width":118.20427959151067,"height":44.32660611378562,"label":"Amount Loaned","shape":"rectangle"},"task_key":"mark_primary","instructions":{"mark":""}},{"id":"580d8d6861643900032a8602","status":"active","name":null,"created_in_workflow":"mark","confidence":1.0,"data":{"belongsToUser":"true","toolName":"rectangleTool","userCreated":"true","subToolIndex":"4","color":"teal","isTranscribable":"true","x":"938.9150715602628","y":"730.7173856333152","width":"173.27672803755524","height":"36.26722318400641","_key":"0.4695589124315951","status":"mark","isUncommitted":"true"},"versions":null,"region":{"x":938.9150715602628,"y":730.7173856333152,"width":173.27672803755524,"height":36.26722318400641,"label":"Amount Loaned","shape":"rectangle"},"task_key":"mark_primary","instructions":{"mark":""}},{"id":"580d8d6861643900032b8602","status":"complete","name":"Record Number","created_in_workflow":"transcribe","confidence":1.0,"data":{"value":"3728"},"versions":[{"data":{"value":"3728"},"votes":3,"confidence":1.0,"instances":[{"created":"2015-11-12T17:18:04Z","user_id":"563ff09d32643400030da100","duration":4.896},{"created":"2015-11-12T18:39:08Z","user_id":"5644d1ee6135300003541200","duration":26.552},{"created":"2015-11-12T20:02:54Z","user_id":"5644ee436334620003950300","duration":6.022}]}],"region":{"x":410.49063924942203,"y":83.44652234869187,"width":578.742024830331,"height":76.7169640947651,"label":"Record Number","shape":"rectangle"},"task_key":"em_record_number","instructions":{"mark":"Record Number","transcribe":"Enter the record number"}},{"id":"580d8d6861643900032c8602","status":"awaiting_votes","name":"Mortgager","created_in_workflow":"verify","confidence":0.6666666666666666,"data":{"value":"Jno. F. Fitzharris"},"versions":[{"data":{"value":"Jno. F. Fitzharris"},"votes":2,"confidence":0.6666666666666666,"instances":[{"created":"2016-08-28T01:24:09Z","user_id":"5750d4e061323000033d0000","duration":19.674},{"created":"2016-09-05T13:28:15Z","user_id":"57c49a363234370003600200","duration":6.577}]}],"region":{"x":253.0189720281459,"y":671.6099137418911,"width":208.61631127604957,"height":40.3773495235605,"label":"Mortgager Name","shape":"rectangle"},"task_key":"em_transcribed_mortgager","instructions":{"mark":"Mortgager Name","transcribe":"Enter the mortgager's name","verify":"Choose the best transcription or enter your own!"}},{"id":"580d8d6861643900032d8602","status":"complete","name":"Mortgager","created_in_workflow":"verify","confidence":1.0,"data":{"value":"Jno. F. Fitzharris"},"versions":[{"data":{"value":"Jno. F. Fitzharris"},"votes":3,"confidence":1.0,"instances":[{"created":"2015-11-30T03:41:33Z","user_id":"5647496e3562310003960400","duration":15.209},{"created":"2015-12-10T22:02:35Z","user_id":"563f8b7a3264340003774b00","duration":13.117},{"created":"2015-12-19T11:31:28Z","user_id":"56748e5e3564620003fd0100","duration":8.662}]}],"region":{"x":253.01897202814592,"y":656.9998574246133,"width":208.81128273387827,"height":52.29558253926764,"label":"Mortgager Name","shape":"rectangle"},"task_key":"em_transcribed_mortgager","instructions":{"mark":"Mortgager Name","transcribe":"Enter the mortgager's name","verify":"Choose the best transcription or enter your own!"}},{"id":"580d8d6861643900032e8602","status":"awaiting_votes","name":"Mortgager","created_in_workflow":"verify","confidence":0.6666666666666666,"data":{"value":"Jno. F. Fitzharris"},"versions":[{"data":{"value":"Jno. F. Fitzharris"},"votes":2,"confidence":0.6666666666666666,"instances":[{"created":"2016-08-28T01:00:08Z","user_id":"5750d4e061323000033d0000","duration":20.086},{"created":"2016-09-05T12:55:03Z","user_id":"57c49a363234370003600200","duration":5.899}]}],"region":{"x":268.0189720281457,"y":664.8803554879643,"width":193.6163112760496,"height":48.647791269633835,"label":"Mortgager Name","shape":"rectangle"},"task_key":"em_transcribed_mortgager","instructions":{"mark":"Mortgager Name","transcribe":"Enter the mortgager's name","verify":"Choose the best transcription or enter your own!"}},{"id":"580d8d6861643900032f8602","status":"complete","name":"Street Address","created_in_workflow":"verify","confidence":1.0,"data":{"value":"Washington \u0026 Christopher Sts"},"versions":[{"data":{"value":"Washington \u0026 Christopher Sts"},"votes":3,"confidence":1.0,"instances":[{"created":"2015-11-30T03:48:40Z","user_id":"5647496e3562310003960400","duration":16.131},{"created":"2015-12-10T17:18:57Z","user_id":"563f8b7a3264340003774b00","duration":15.644},{"created":"2015-12-19T11:43:10Z","user_id":"56748e5e3564620003fd0100","duration":15.355}]}],"region":{"x":296.0881459690079,"y":707.9495283130957,"width":304.37101241516547,"height":41.91823301570707,"label":"Street Address","shape":"rectangle"},"task_key":"em_transcribed_address","instructions":{"mark":"Street Address","transcribe":"Enter the street address","verify":"Choose the best transcription or enter your own!"}},{"id":"580d8d686164390003308602","status":"complete","name":"Record Date","created_in_workflow":"verify","confidence":1.0,"data":{"value":"June 29/91"},"versions":[{"data":{"value":"June 29/91"},"votes":3,"confidence":1.0,"instances":[{"created":"2015-12-02T03:21:46Z","user_id":"5647496e3562310003960400","duration":4.454},{"created":"2015-12-10T17:16:47Z","user_id":"563f8b7a3264340003774b00","duration":4.978},{"created":"2015-12-19T11:41:18Z","user_id":"56748e5e3564620003fd0100","duration":3.114}]}],"region":{"x":321.66046799639446,"y":605.6602428534088,"width":162.85531396388382,"height":65.94967088848233,"label":"Record Date","shape":"rectangle"},"task_key":"em_transcribed_date","instructions":{"mark":"Record Date","transcribe":"Enter the record date","verify":"Choose the best transcription or enter your own!"}},{"id":"580d8d686164390003318602","status":"awaiting_votes","name":"Amount Loaned","created_in_workflow":"verify","confidence":0.3333333333333333,"data":{"value":"$60000,  43500 add'l"},"versions":[{"data":{"value":"$60000,  43500 add'l"},"votes":1,"confidence":0.3333333333333333,"instances":[{"created":"2016-09-08T21:09:13Z","user_id":"57c49a363234370003600200","duration":5.109}]}],"region":{"x":790.0011795365589,"y":709.7460074474908,"width":317.5663526566185,"height":64.66400899386963,"label":"Amount Loaned","shape":"rectangle"},"task_key":"em_transcribed_amount_loaned","instructions":{"mark":"Amount Loaned","transcribe":"Enter the Amount Loaned","verify":"Choose the best transcription or enter your own!"}},{"id":"580d8d686164390003328602","status":"awaiting_votes","name":"Amount Loaned","created_in_workflow":"verify","confidence":0.3333333333333333,"data":{"value":"$60000, 43500"},"versions":[{"data":{"value":"$60000, 43500"},"votes":1,"confidence":0.3333333333333333,"instances":[{"created":"2016-09-05T12:52:56Z","user_id":"57c49a363234370003600200","duration":18.388}]}],"region":{"x":928.666638225416,"y":707.9495283130957,"width":191.11945936257453,"height":60.56602428534086,"label":"Amount Loaned","shape":"rectangle"},"task_key":"em_transcribed_amount_loaned","instructions":{"mark":"Amount Loaned","transcribe":"Enter the Amount Loaned","verify":"Choose the best transcription or enter your own!"}},{"id":"580d8d686164390003338602","status":"awaiting_votes","name":"Amount Loaned","created_in_workflow":"transcribe","confidence":0.2,"data":{"value":"$60,000 + $43,500"},"versions":[{"data":{"value":"$60,000 + $43,500"},"votes":1,"confidence":0.2,"instances":[{"created":"2015-11-12T19:03:49Z","user_id":"5644d1ee6135300003541200","duration":30.108}]},{"data":{"value":"$60000; 113500 additional"},"votes":1,"confidence":0.2,"instances":[{"created":"2016-08-29T03:13:44Z","user_id":"57c3a6e73234370003260000","duration":32.644}]},{"data":{"value":"60000, 43500"},"votes":1,"confidence":0.2,"instances":[{"created":"2016-08-29T17:27:14Z","user_id":"57c46f8d3234370003d00000","duration":20.187}]},{"data":{"value":"$60000. and 43500. add'l"},"votes":1,"confidence":0.2,"instances":[{"created":"2016-08-30T01:38:42Z","user_id":"5750d4e061323000033d0000","duration":35.843}]},{"data":{"value":"$60000., 43500."},"votes":1,"confidence":0.2,"instances":[{"created":"2016-09-05T13:17:18Z","user_id":"57c49a363234370003600200","duration":45.323}]}],"region":{"x":955.5848719384546,"y":721.4086448209491,"width":161.50940227823185,"height":49.79873107905803,"label":"Amount Loaned","shape":"rectangle"},"task_key":"em_record_amount_loaned","instructions":{"mark":"Amount Loaned","transcribe":"Enter the Amount Loaned"}}]}],"export_document":{"name":"Record","export_fields":[{"name":"Mortgager","value":"Jno. F. Fitzharris","original_value":{"value":"Jno. F. Fitzharris"},"assertion_ids":["580d8d6861643900032d8602"]},{"name":"Street Address","value":"Washington \u0026 Christopher Sts","original_value":{"value":"Washington \u0026 Christopher Sts"},"assertion_ids":["580d8d6861643900032f8602"]},{"name":"Record Date","value":"1891-06-29T00:00:00Z","original_value":{"value":"June 29/91"},"assertion_ids":["580d8d686164390003308602"]},{"name":"Amount Loaned","value":60000.0,"original_value":{"value":"$60000,  43500 add'l"},"assertion_ids":["580d8d686164390003318602"]},{"name":"Record Number","value":3728,"original_value":{"value":"3728"},"assertion_ids":["580d8d6861643900032b8602"]}]}}