{"id":"56b10a8b7061755afb2ccd00","meta_data":{"capture_uuid":"1473b510-02e7-0133-429f-58d385a7bbd0","page_uri":"http://digitalcollections.nypl.org/items/1473b510-02e7-0133-429f-58d385a7bbd0","book_uri":"http://digitalcollections.nypl.org/items/109c0900-02e7-0133-03cf-58d385a7bbd0","source_rotated":"1.00705","source_x":"1218.21","source_y":"0","source_w":"1373.79","source_h":"903.5600000000001"},"type":"final_subject_set","search_terms_by_field":{"Land \u0026 Building Dimensions":["see diagram","Br."],"Stories \u0026 Materials":["none given","Br."],"Additional Info":["Ch. Rectory, School rc"],"Record Number":["4072"],"Mortgager":["The Church of St Patrick"],"Street Address":["Newburgh  NY"],"Record Date":["June 19/93"],"Total Value":["$50,000"],"Valuation Date":["$50000."],"Amount Loaned":["$25,000"]},"subjects":[{"id":"580d6d556164390003eb3e01","type":"root","location":{"standard":"https://s3.amazonaws.com/scribe.nypl.org/emigrant-s4/full/1473b510-02e7-0133-429f-58d385a7bbd0.right-top.jpg","thumbnail":"https://s3.amazonaws.com/scribe.nypl.org/emigrant-s4/thumb/1473b510-02e7-0133-429f-58d385a7bbd0.right-top.jpg"},"status":"retired","width":1373,"height":903,"meta_data":{"capture_uuid":"1473b510-02e7-0133-429f-58d385a7bbd0","page_uri":"http://digitalcollections.nypl.org/items/1473b510-02e7-0133-429f-58d385a7bbd0","book_uri":"http://digitalcollections.nypl.org/items/109c0900-02e7-0133-03cf-58d385a7bbd0","source_rotated":"1.00705","source_x":"1218.21","source_y":"0","source_w":"1373.79","source_h":"903.5600000000001"},"assertions":[{"id":"580d6d556164390003ec3e01","status":"awaiting_transcriptions","name":"Land \u0026 Building Dimensions","created_in_workflow":"transcribe","confidence":0.3333333333333333,"data":{"em_survey_land_dimensions":"see diagram","em_survey_building_dimensions":"Br."},"versions":[{"data":{"em_survey_land_dimensions":"see diagram","em_survey_building_dimensions":"Br."},"votes":1,"confidence":0.3333333333333333,"instances":[{"created":"2015-11-28T19:35:19Z","user_id":"563bfc7535326200037f3900","duration":35.805}]}],"region":{"x":117.9277192106329,"y":747.6102106729921,"width":551.4779617785572,"height":101.04123611320074,"label":"Dimension \u0026 Description","shape":"rectangle"},"task_key":"em_record_survey","instructions":{"mark":"Dimension \u0026 Description","transcribe":"Enter, as they appear, any land and building dimensions that were recorded. In the next screen, you'll enter the descriptive information."}},{"id":"580d6d556164390003ed3e01","status":"awaiting_transcriptions","name":"Stories \u0026 Materials","created_in_workflow":"transcribe","confidence":0.3333333333333333,"data":{"em_record_stories":"none given","em_record_material":"Br."},"versions":[{"data":{"em_record_stories":"none given","em_record_material":"Br."},"votes":1,"confidence":0.3333333333333333,"instances":[{"created":"2015-11-28T19:35:45Z","user_id":"563bfc7535326200037f3900","duration":25.892}]},{"data":{"em_record_material":"Br."},"votes":1,"confidence":0.3333333333333333,"instances":[{"created":"2015-11-28T22:42:45Z","user_id":"565a2d333961610003f50400","duration":17.758}]}],"region":{"x":117.9277192106329,"y":747.6102106729921,"width":551.4779617785572,"height":101.04123611320074,"label":"Dimension \u0026 Description","shape":"rectangle"},"task_key":"em_record_survey_stories_materials","instructions":{"mark":"Dimension \u0026 Description","transcribe":"Enter, as they appear, the number of stories and the building materials."}},{"id":"580d6d556164390003ee3e01","status":"awaiting_transcriptions","name":"Additional Info","created_in_workflow":"transcribe","confidence":0.3333333333333333,"data":{"value":"Ch. Rectory, School rc"},"versions":[{"data":{"value":"Ch. Rectory, School rc"},"votes":1,"confidence":0.3333333333333333,"instances":[{"created":"2015-11-28T22:43:33Z","user_id":"565a2d333961610003f50400","duration":48.314}]}],"region":{"x":117.9277192106329,"y":747.6102106729921,"width":551.4779617785572,"height":101.04123611320074,"label":"Dimension \u0026 Description","shape":"rectangle"},"task_key":"em_record_survey_additional_info","instructions":{"mark":"Dimension \u0026 Description","transcribe":"Enter any additional information you find about the building's construction or significance."}},{"id":"580d6d556164390003ef3e01","status":"complete","name":"Record Number","created_in_workflow":"transcribe","confidence":1.0,"data":{"value":"4072"},"versions":[{"data":{"value":"4072"},"votes":3,"confidence":1.0,"instances":[{"created":"2015-11-28T16:06:01Z","user_id":"5647496e3562310003960400","duration":4.878},{"created":"2015-11-28T20:00:29Z","user_id":"565a062934663400031c0600","duration":7.314},{"created":"2015-11-28T22:39:47Z","user_id":"565a2d333961610003f50400","duration":15.369}]}],"region":{"x":378.05883325712216,"y":100.05480004133875,"width":569.3155238846022,"height":65.37962336736516,"label":"Record Number","shape":"rectangle"},"task_key":"em_record_number","instructions":{"mark":"Record Number","transcribe":"Enter the record number"}},{"id":"580d6d556164390003f03e01","status":"awaiting_votes","name":"Mortgager","created_in_workflow":"verify","confidence":0.3333333333333333,"data":{"value":"The Church of St Patrick"},"versions":[{"data":{"value":"The Church of St Patrick"},"votes":1,"confidence":0.3333333333333333,"instances":[{"created":"2016-09-08T21:46:53Z","user_id":"57c49a363234370003600200","duration":4.551}]}],"region":{"x":128.33296377249246,"y":667.6688029125545,"width":438.506735106939,"height":49.03471752552389,"label":"Mortgager Name","shape":"rectangle"},"task_key":"em_transcribed_mortgager","instructions":{"mark":"Mortgager Name","transcribe":"Enter the mortgager's name","verify":"Choose the best transcription or enter your own!"}},{"id":"580d6d556164390003f13e01","status":"awaiting_votes","name":"Street Address","created_in_workflow":"verify","confidence":0.3333333333333333,"data":{"value":"Newburgh  NY"},"versions":[{"data":{"value":"Newburgh  NY"},"votes":1,"confidence":0.3333333333333333,"instances":[{"created":"2016-09-08T21:47:21Z","user_id":"57c49a363234370003600200","duration":6.983}]}],"region":{"x":134.2788178078408,"y":701.5472942096212,"width":382.02112177112986,"height":56.464220180906295,"label":"Street Address","shape":"rectangle"},"task_key":"em_transcribed_address","instructions":{"mark":"Street Address","transcribe":"Enter the street address","verify":"Choose the best transcription or enter your own!"}},{"id":"580d6d556164390003f23e01","status":"awaiting_votes","name":"Record Date","created_in_workflow":"verify","confidence":0.3333333333333333,"data":{"value":"June 19/93"},"versions":[{"data":{"value":"June 19/93"},"votes":1,"confidence":0.3333333333333333,"instances":[{"created":"2016-09-08T21:08:42Z","user_id":"57c49a363234370003600200","duration":9.849}]}],"region":{"x":122.38710973714414,"y":617.4453150814753,"width":335.94075299718037,"height":59.43602124305926,"label":"Record Date","shape":"rectangle"},"task_key":"em_transcribed_date","instructions":{"mark":"Record Date","transcribe":"Enter the record date","verify":"Choose the best transcription or enter your own!"}},{"id":"580d6d556164390003f33e01","status":"awaiting_votes","name":"Total Value","created_in_workflow":"transcribe","confidence":0.25,"data":{"value":"$50,000"},"versions":[{"data":{"value":"$50,000"},"votes":1,"confidence":0.25,"instances":[{"created":"2015-11-28T19:34:18Z","user_id":"563bfc7535326200037f3900","duration":6.578}]},{"data":{"value":"$5,000"},"votes":1,"confidence":0.25,"instances":[{"created":"2015-11-28T22:40:31Z","user_id":"565a2d333961610003f50400","duration":13.614}]},{"data":{"value":"50000"},"votes":1,"confidence":0.25,"instances":[{"created":"2015-11-28T23:13:25Z","user_id":"565a34ca34663400030f0900","duration":8.667}]},{"data":{"value":"$50000."},"votes":1,"confidence":0.25,"instances":[{"created":"2016-09-08T21:23:49Z","user_id":"57c49a363234370003600200","duration":6.65}]}],"region":{"x":751.1611739752295,"y":628.7382135329592,"width":294.31977474974224,"height":86.18218545635034,"label":"Valuation","shape":"rectangle"},"task_key":"em_record_valuation_total","instructions":{"mark":"Valuation","transcribe":"Enter the valuation ***total*** (if one is given)"}},{"id":"580d6d556164390003f43e01","status":"awaiting_transcriptions","name":"Valuation Date","created_in_workflow":"transcribe","confidence":0.3333333333333333,"data":{"value":"$50000."},"versions":[{"data":{"value":"$50000."},"votes":1,"confidence":0.3333333333333333,"instances":[{"created":"2016-09-08T21:23:40Z","user_id":"57c49a363234370003600200","duration":8.394}]}],"region":{"x":751.1611739752295,"y":628.7382135329592,"width":294.31977474974224,"height":86.18218545635034,"label":"Valuation","shape":"rectangle"},"task_key":"em_record_valuation","instructions":{"mark":"Valuation","transcribe":"Enter the date of the valuation (if one is given). In the next screen, you'll enter the valuation's dollar amounts."}},{"id":"580d6d556164390003f53e01","status":"awaiting_votes","name":"Amount Loaned","created_in_workflow":"transcribe","confidence":0.5,"data":{"value":"$25,000"},"versions":[{"data":{"value":"$25,000"},"votes":2,"confidence":0.5,"instances":[{"created":"2015-11-28T19:34:43Z","user_id":"563bfc7535326200037f3900","duration":5.129},{"created":"2015-11-28T22:42:06Z","user_id":"565a2d333961610003f50400","duration":13.16}]},{"data":{"value":"25000"},"votes":1,"confidence":0.25,"instances":[{"created":"2015-11-28T23:13:33Z","user_id":"565a34ca34663400030f0900","duration":7.823}]},{"data":{"value":"$25000. -"},"votes":1,"confidence":0.25,"instances":[{"created":"2016-09-09T13:45:18Z","user_id":"57c49a363234370003600200","duration":8.145}]}],"region":{"x":745.2153199398813,"y":711.9485979271566,"width":321.07611790880947,"height":56.464220180906295,"label":"Amount Loaned","shape":"rectangle"},"task_key":"em_record_amount_loaned","instructions":{"mark":"Amount Loaned","transcribe":"Enter the Amount Loaned"}}]}],"export_document":{"name":"Record","export_fields":[{"name":"Mortgager","value":"The Church of St Patrick","original_value":{"value":"The Church of St Patrick"},"assertion_ids":["580d6d556164390003f03e01"]},{"name":"Street Address","value":"Newburgh  NY","original_value":{"value":"Newburgh  NY"},"assertion_ids":["580d6d556164390003f13e01"]},{"name":"Record Date","value":"1893-06-19T00:00:00Z","original_value":{"value":"June 19/93"},"assertion_ids":["580d6d556164390003f23e01"]},{"name":"Land \u0026 Building Dimensions","value":{"em_survey_land_dimensions":[0],"em_survey_building_dimensions":[0]},"original_value":{"em_survey_land_dimensions":"see diagram","em_survey_building_dimensions":"Br."},"assertion_ids":["580d6d556164390003ec3e01"]},{"name":"Amount Loaned","value":25000.0,"original_value":{"value":"$25,000"},"assertion_ids":["580d6d556164390003f53e01"]},{"name":"Stories \u0026 Materials","value":{"em_record_stories":null,"em_record_material":"Br."},"original_value":{"em_record_stories":"none given","em_record_material":"Br."},"assertion_ids":["580d6d556164390003ed3e01"]},{"name":"Valuation","value":null,"original_value":null,"assertion_ids":null},{"name":"Record Number","value":4072,"original_value":{"value":"4072"},"assertion_ids":["580d6d556164390003ef3e01"]},{"name":"Additional Info","value":"Ch. Rectory, School rc","original_value":{"value":"Ch. Rectory, School rc"},"assertion_ids":["580d6d556164390003ee3e01"]}]}}