{"id":"56b109d27061755afbe5be00","meta_data":{"capture_uuid":"11b28740-02e7-0133-e036-58d385a7bbd0","page_uri":"http://digitalcollections.nypl.org/items/11b28740-02e7-0133-e036-58d385a7bbd0","book_uri":"http://digitalcollections.nypl.org/items/109c0900-02e7-0133-03cf-58d385a7bbd0","source_rotated":"0.839234","source_x":"0","source_y":"0","source_w":"1371.64","source_h":"905.28"},"type":"final_subject_set","search_terms_by_field":{"Total Value":[],"Land \u0026 Building Value":["7000","17000","7000.","17000."],"Record Number":["3806"],"Mortgager":["Geo Findley"],"Street Address":["56 W 106"],"Land \u0026 Building Dimensions":["25 x 100.11","25 x 84"],"Stories \u0026 Materials":["5","brick"],"Additional Info":[],"Record Date":["Nov 30/91","Nov 30/91"],"Amount Loaned":["$10,000.00"]},"subjects":[{"id":"580da52c6164390003070603","type":"root","location":{"standard":"https://s3.amazonaws.com/scribe.nypl.org/emigrant-s4/full/11b28740-02e7-0133-e036-58d385a7bbd0.left-top.jpg","thumbnail":"https://s3.amazonaws.com/scribe.nypl.org/emigrant-s4/thumb/11b28740-02e7-0133-e036-58d385a7bbd0.left-top.jpg"},"status":"retired","width":1371,"height":905,"meta_data":{"capture_uuid":"11b28740-02e7-0133-e036-58d385a7bbd0","page_uri":"http://digitalcollections.nypl.org/items/11b28740-02e7-0133-e036-58d385a7bbd0","book_uri":"http://digitalcollections.nypl.org/items/109c0900-02e7-0133-03cf-58d385a7bbd0","source_rotated":"0.839234","source_x":"0","source_y":"0","source_w":"1371.64","source_h":"905.28"},"assertions":[{"id":"580da52c6164390003080603","status":"awaiting_transcriptions","name":"Total Value","created_in_workflow":"transcribe","confidence":0.3333333333333333,"data":{"value":""},"versions":[{"data":{"value":""},"votes":1,"confidence":0.3333333333333333,"instances":[{"created":"2016-01-26T19:26:13Z","user_id":"56a7c2f26463640003d50a00","duration":0.32}]}],"region":{"x":816.2060732228205,"y":665.1590106007067,"width":150.0096371605631,"height":88.37777063925478,"label":"Valuation","shape":"rectangle"},"task_key":"em_record_valuation_total","instructions":{"mark":"Valuation","transcribe":"Enter the valuation ***total*** (if one is given)"}},{"id":"580da52c6164390003090603","status":"awaiting_transcriptions","name":"Land \u0026 Building Value","created_in_workflow":"transcribe","confidence":0.3333333333333333,"data":{"em_valuation_ground":"7000","em_valuation_building":"17000"},"versions":[{"data":{"em_valuation_ground":"7000","em_valuation_building":"17000"},"votes":1,"confidence":0.3333333333333333,"instances":[{"created":"2016-01-26T19:26:12Z","user_id":"56a7c2f26463640003d50a00","duration":6.357}]}],"region":{"x":816.2060732228205,"y":665.1590106007067,"width":150.0096371605631,"height":88.37777063925478,"label":"Valuation","shape":"rectangle"},"task_key":"em_record_valuation_ground_building","instructions":{"mark":"Valuation","transcribe":"Sometimes valuations include itemized dollar values for \"ground\" and \"building\". Enter these amounts if you can find them. In the next screen, you'll enter the total valuation."}},{"id":"580da52c61643900030a0603","status":"complete","name":"Land \u0026 Building Value","created_in_workflow":"verify","confidence":1.0,"data":{"em_valuation_ground":"7000.","em_valuation_building":"17000."},"versions":[{"data":{"em_valuation_ground":"7000.","em_valuation_building":"17000."},"votes":2,"confidence":0.6666666666666666,"instances":[{"created":"2016-04-26T07:22:44Z","user_id":"571f15c86663380003f10000","duration":12.134},{"created":"2016-04-26T13:57:33Z","user_id":"571f72a166633800036a0100","duration":4.677}]},{"data":{"em_valuation_ground":"$7000","em_valuation_building":"$17000"},"votes":1,"confidence":0.3333333333333333,"instances":[{"created":"2016-04-26T08:46:30Z","user_id":"570135123537650003160100","duration":8.92}]}],"region":{"x":675.3090163070186,"y":669.885985079529,"width":305.72888878242327,"height":84.24529629803408,"label":"Valuation","shape":"rectangle"},"task_key":"em_transcribed_valuation_itemized","instructions":{"mark":"Valuation","transcribe":"Sometimes valuations include itemized dollar values for \"ground\" and \"building\". Enter these amounts if you can find them. In the next screen, you'll enter the total valuation.","verify":"Choose the best transcription or enter your own!"}},{"id":"580da52c61643900030b0603","status":"complete","name":"Record Number","created_in_workflow":"transcribe","confidence":1.0,"data":{"value":"3806"},"versions":[{"data":{"value":"3806"},"votes":3,"confidence":1.0,"instances":[{"created":"2015-11-14T02:34:59Z","user_id":"563f8b7a3264340003774b00","duration":9.558},{"created":"2015-11-14T08:47:29Z","user_id":"5646ec883861340003ea0f00","duration":4.684},{"created":"2015-11-14T15:02:26Z","user_id":"5647496e3562310003960400","duration":8.524}]}],"region":{"x":682.1029916132946,"y":133.16191995495709,"width":226.9187752296209,"height":62.50457467273495,"label":"Record Number","shape":"rectangle"},"task_key":"em_record_number","instructions":{"mark":"Record Number","transcribe":"Enter the record number"}},{"id":"580da52c61643900030c0603","status":"complete","name":"Mortgager","created_in_workflow":"transcribe","confidence":1.0,"data":{"value":"Geo Findley"},"versions":[{"data":{"value":"Geo Findley"},"votes":3,"confidence":1.0,"instances":[{"created":"2015-11-14T08:49:17Z","user_id":"5646ec883861340003ea0f00","duration":11.987},{"created":"2015-11-14T15:06:09Z","user_id":"5647496e3562310003960400","duration":8.025},{"created":"2015-11-14T15:09:40Z","user_id":"56468cb43861340003dd0100","duration":12.056}]}],"region":{"x":59.774853558406406,"y":722.8789940411955,"width":380.4626171514601,"height":25.81710693004277,"label":"Mortgager Name","shape":"rectangle"},"task_key":"em_record_mortgager","instructions":{"mark":"Mortgager Name","transcribe":"Enter the mortgager's name"}},{"id":"580da52c61643900030d0603","status":"complete","name":"Street Address","created_in_workflow":"verify","confidence":1.0,"data":{"value":"56 W 106"},"versions":[{"data":{"value":"56 W. 106th"},"votes":2,"confidence":0.6666666666666666,"instances":[{"created":"2016-04-25T22:35:42Z","user_id":"571e962c6663350003cf0300","duration":9.76},{"created":"2016-04-25T23:15:35Z","user_id":"571ea1136663350003330400","duration":13.696}]},{"data":{"value":"56 W 106"},"votes":1,"confidence":0.3333333333333333,"instances":[{"created":"2016-04-26T01:41:39Z","user_id":"571edc6266633800033b0000","duration":23.126}]}],"region":{"x":70.64521404844812,"y":760.925256885469,"width":387.2565924577362,"height":33.969877539529875,"label":"Street Address","shape":"rectangle"},"task_key":"em_transcribed_address","instructions":{"mark":"Street Address","transcribe":"Enter the street address","verify":"Choose the best transcription or enter your own!"}},{"id":"580da52c61643900030e0603","status":"awaiting_votes","name":"Land \u0026 Building Dimensions","created_in_workflow":"verify","confidence":0.3333333333333333,"data":{"em_survey_land_dimensions":"25 x 100.11","em_survey_building_dimensions":"25 x 84"},"versions":[{"data":{"em_survey_land_dimensions":"25 x 100.11","em_survey_building_dimensions":"25 x 84"},"votes":1,"confidence":0.3333333333333333,"instances":[{"created":"2016-09-19T02:00:16Z","user_id":"57c49a363234370003600200","duration":10.883}]}],"region":{"x":67.9276239259377,"y":800.3303148313237,"width":561.1823602984036,"height":74.73373058696563,"label":"Dimension \u0026 Description","shape":"rectangle"},"task_key":"em_transcribed_survey","instructions":{"mark":"Dimension \u0026 Description","transcribe":"Enter, as they appear, any land and building dimensions that were recorded. In the next screen, you'll enter the descriptive information.","verify":"Choose the best transcription or enter your own!"}},{"id":"580da52c61643900030f0603","status":"complete","name":"Stories \u0026 Materials","created_in_workflow":"transcribe","confidence":1.0,"data":{"em_record_stories":"5","em_record_material":"brick"},"versions":[{"data":{"em_record_stories":"5","em_record_material":"brick"},"votes":3,"confidence":1.0,"instances":[{"created":"2015-11-14T02:42:22Z","user_id":"563f8b7a3264340003774b00","duration":7.525},{"created":"2015-11-14T02:53:47Z","user_id":"5647496e3562310003960400","duration":4.615},{"created":"2016-09-19T01:57:10Z","user_id":"5750d4e061323000033d0000","duration":23.137}]}],"region":{"x":67.9276239259377,"y":800.3303148313237,"width":561.1823602984036,"height":74.73373058696563,"label":"Dimension \u0026 Description","shape":"rectangle"},"task_key":"em_record_survey_stories_materials","instructions":{"mark":"Dimension \u0026 Description","transcribe":"Enter, as they appear, the number of stories and the building materials."}},{"id":"580da52c6164390003100603","status":"awaiting_transcriptions","name":"Additional Info","created_in_workflow":"transcribe","confidence":0.3333333333333333,"data":{"value":""},"versions":[{"data":{"value":""},"votes":1,"confidence":0.3333333333333333,"instances":[{"created":"2016-09-19T01:57:13Z","user_id":"5750d4e061323000033d0000","duration":3.146}]}],"region":{"x":67.9276239259377,"y":800.3303148313237,"width":561.1823602984036,"height":74.73373058696563,"label":"Dimension \u0026 Description","shape":"rectangle"},"task_key":"em_record_survey_additional_info","instructions":{"mark":"Dimension \u0026 Description","transcribe":"Enter any additional information you find about the building's construction or significance."}},{"id":"580da52c6164390003110603","status":"complete","name":"Record Date","created_in_workflow":"verify","confidence":1.0,"data":{"value":"Nov 30/91"},"versions":[{"data":{"value":"Nov 30/91"},"votes":3,"confidence":1.0,"instances":[{"created":"2015-11-14T14:29:38Z","user_id":"56473fb33562310003650400","duration":4.243},{"created":"2015-11-14T14:52:10Z","user_id":"5647496e3562310003960400","duration":4.926},{"created":"2015-11-14T19:07:48Z","user_id":"563cbf4b65326200030e0d00","duration":3.552}]}],"region":{"x":74.72159923221378,"y":673.9623703842725,"width":404.92092825405393,"height":40.76385304743587,"label":"Record Date","shape":"rectangle"},"task_key":"em_transcribed_date","instructions":{"mark":"Record Date","transcribe":"Enter the record date","verify":"Choose the best transcription or enter your own!"}},{"id":"580da52c6164390003120603","status":"complete","name":"Record Date","created_in_workflow":"verify","confidence":1.0,"data":{"value":"Nov 30/91"},"versions":[{"data":{"value":"Nov 30/91"},"votes":2,"confidence":0.6666666666666666,"instances":[{"created":"2016-04-26T11:17:06Z","user_id":"571f4bc76663380003240100","duration":18.378},{"created":"2016-04-26T13:46:53Z","user_id":"571f702c6663380003560100","duration":14.815}]},{"data":{"value":"1891 Nov 30"},"votes":1,"confidence":0.3333333333333333,"instances":[{"created":"2016-04-26T13:55:18Z","user_id":"571f72a166633800036a0100","duration":12.793}]}],"region":{"x":779.7834770767136,"y":491.0744299558811,"width":0.0,"height":0.0,"label":"Record Date","shape":"rectangle"},"task_key":"em_transcribed_date","instructions":{"mark":"Record Date","transcribe":"Enter the record date","verify":"Choose the best transcription or enter your own!"}},{"id":"580da52c6164390003130603","status":"awaiting_votes","name":"Amount Loaned","created_in_workflow":"verify","confidence":0.3333333333333333,"data":{"value":"$10,000.00"},"versions":[{"data":{"value":"$10,000.00"},"votes":1,"confidence":0.3333333333333333,"instances":[{"created":"2016-04-25T23:15:22Z","user_id":"571ea1136663350003330400","duration":13.861}]},{"data":{"value":"$10,000"},"votes":1,"confidence":0.3333333333333333,"instances":[{"created":"2016-04-26T01:56:10Z","user_id":"571ec9046663350003110600","duration":3.166}]}],"region":{"x":692.9733521033364,"y":755.4900764791442,"width":317.9580443337202,"height":42.12264814901698,"label":"Amount Loaned","shape":"rectangle"},"task_key":"em_transcribed_amount_loaned","instructions":{"mark":"Amount Loaned","transcribe":"Enter the Amount Loaned","verify":"Choose the best transcription or enter your own!"}}]}],"export_document":{"name":"Record","export_fields":[{"name":"Mortgager","value":"Geo Findley","original_value":{"value":"Geo Findley"},"assertion_ids":["580da52c61643900030c0603"]},{"name":"Street Address","value":"56 W 106","original_value":{"value":"56 W 106"},"assertion_ids":["580da52c61643900030d0603"]},{"name":"Record Date","value":"1891-11-30T00:00:00Z","original_value":{"value":"Nov 30/91"},"assertion_ids":["580da52c6164390003110603"]},{"name":"Land \u0026 Building Dimensions","value":{"em_survey_land_dimensions":[25,100.91666666666667],"em_survey_building_dimensions":[25,84]},"original_value":{"em_survey_land_dimensions":"25 x 100.11","em_survey_building_dimensions":"25 x 84"},"assertion_ids":["580da52c61643900030e0603"]},{"name":"Amount Loaned","value":10000.0,"original_value":{"value":"$10,000.00"},"assertion_ids":["580da52c6164390003130603"]},{"name":"Stories \u0026 Materials","value":{"em_record_stories":5,"em_record_material":"brick"},"original_value":{"em_record_stories":"5","em_record_material":"brick"},"assertion_ids":["580da52c61643900030f0603"]},{"name":"Valuation","value":null,"original_value":null,"assertion_ids":null},{"name":"Record Number","value":3806,"original_value":{"value":"3806"},"assertion_ids":["580da52c61643900030b0603"]},{"name":"Additional Info","value":"","original_value":{"value":""},"assertion_ids":["580da52c6164390003100603"]}]}}