{"id":"56b10ad87061755afb0bd300","meta_data":{"capture_uuid":"15695d00-02e7-0133-1b1a-58d385a7bbd0","page_uri":"http://digitalcollections.nypl.org/items/15695d00-02e7-0133-1b1a-58d385a7bbd0","book_uri":"http://digitalcollections.nypl.org/items/109c0900-02e7-0133-03cf-58d385a7bbd0","source_rotated":"0.923143","source_x":"0","source_y":"864.3299999999999","source_w":"1371.67","source_h":"974.6700000000001"},"type":"final_subject_set","search_terms_by_field":{},"subjects":[{"id":"580d6db06164390003014301","type":"root","location":{"standard":"https://s3.amazonaws.com/scribe.nypl.org/emigrant-s4/full/15695d00-02e7-0133-1b1a-58d385a7bbd0.left-bottom.jpg","thumbnail":"https://s3.amazonaws.com/scribe.nypl.org/emigrant-s4/thumb/15695d00-02e7-0133-1b1a-58d385a7bbd0.left-bottom.jpg"},"status":"bad","width":1371,"height":974,"meta_data":{"capture_uuid":"15695d00-02e7-0133-1b1a-58d385a7bbd0","page_uri":"http://digitalcollections.nypl.org/items/15695d00-02e7-0133-1b1a-58d385a7bbd0","book_uri":"http://digitalcollections.nypl.org/items/109c0900-02e7-0133-03cf-58d385a7bbd0","source_rotated":"0.923143","source_x":"0","source_y":"864.3299999999999","source_w":"1371.67","source_h":"974.6700000000001"},"assertions":[]}],"export_document":null}