{"id":"575dffb73232650003818e00","meta_data":{"capture_uuid":"114b0910-8701-0133-eb9c-00505686a51c","page_uri":"http://digitalcollections.nypl.org/items/114b0910-8701-0133-eb9c-00505686a51c","book_uri":"http://digitalcollections.nypl.org/items/01af2f60-8701-0133-b22c-00505686a51c","source_rotated":"-0.139882","source_x":"0","source_y":"1249.3","source_w":"1333.3","source_h":"654.875"},"type":"final_subject_set","search_terms_by_field":{},"subjects":[{"id":"580d5a726164390003058c00","type":"root","location":{"standard":"https://s3.amazonaws.com/scribe.nypl.org/emigrant-s4/full/114b0910-8701-0133-eb9c-00505686a51c.left-bottom.jpg","thumbnail":"https://s3.amazonaws.com/scribe.nypl.org/emigrant-s4/thumb/114b0910-8701-0133-eb9c-00505686a51c.left-bottom.jpg"},"status":"retired","width":1333,"height":654,"meta_data":{"capture_uuid":"114b0910-8701-0133-eb9c-00505686a51c","page_uri":"http://digitalcollections.nypl.org/items/114b0910-8701-0133-eb9c-00505686a51c","book_uri":"http://digitalcollections.nypl.org/items/01af2f60-8701-0133-b22c-00505686a51c","source_rotated":"-0.139882","source_x":"0","source_y":"1249.3","source_w":"1333.3","source_h":"654.875"},"assertions":[{"id":"580d5a726164390003068c00","status":"active","name":null,"created_in_workflow":"mark","confidence":1.0,"data":{"belongsToUser":"true","toolName":"rectangleTool","userCreated":"true","subToolIndex":"2","color":"darkorange","isTranscribable":"true","x":"163.991526171312","y":"47.6763258611263","width":"539.6959923186529","height":"82.00328048113722","_key":"0.8509395800065249","status":"mark","isUncommitted":"true"},"versions":null,"region":{"x":163.991526171312,"y":47.6763258611263,"width":539.6959923186529,"height":82.00328048113722,"label":"Mortgager Name","shape":"rectangle"},"task_key":"mark_primary","instructions":{"mark":""}},{"id":"580d5a726164390003078c00","status":"active","name":null,"created_in_workflow":"mark","confidence":1.0,"data":{"belongsToUser":"true","toolName":"rectangleTool","userCreated":"true","subToolIndex":"3","color":"magenta","isTranscribable":"true","x":"230.73838034499695","y":"112.51612903225806","width":"364.24711849068103","height":"55.304537998906525","_key":"0.8175622308626771","status":"mark","isUncommitted":"true"},"versions":null,"region":{"x":230.73838034499695,"y":112.51612903225806,"width":364.24711849068103,"height":55.304537998906525,"label":"Street Address","shape":"rectangle"},"task_key":"mark_primary","instructions":{"mark":""}},{"id":"580d5a726164390003088c00","status":"active","name":null,"created_in_workflow":"mark","confidence":1.0,"data":{"belongsToUser":"true","toolName":"rectangleTool","userCreated":"true","subToolIndex":"6","color":"purple","isTranscribable":"true","x":"95.337619021236","y":"152.56424275560417","width":"1062.2285078497869","height":"62.93275013668671","_key":"0.5080057010054588","status":"mark","isUncommitted":"true"},"versions":null,"region":{"x":95.337619021236,"y":152.56424275560417,"width":1062.2285078497869,"height":62.93275013668671,"label":"Dimension \u0026 Description","shape":"rectangle"},"task_key":"mark_primary","instructions":{"mark":""}},{"id":"580d5a726164390003098c00","status":"active","name":null,"created_in_workflow":"mark","confidence":1.0,"data":{"belongsToUser":"true","toolName":"rectangleTool","userCreated":"true","subToolIndex":"6","color":"purple","isTranscribable":"true","x":"192.59732081717698","y":"205.96172772006562","width":"457.69271433383994","height":"123.95844723892836","_key":"0.1054056161083281","status":"mark","isUncommitted":"true"},"versions":null,"region":{"x":192.59732081717698,"y":205.96172772006562,"width":457.69271433383994,"height":123.95844723892836,"label":"Dimension \u0026 Description","shape":"rectangle"},"task_key":"mark_primary","instructions":{"mark":""}},{"id":"580d5a7261643900030a8c00","status":"active","name":null,"created_in_workflow":"mark","confidence":1.0,"data":{"belongsToUser":"true","toolName":"rectangleTool","userCreated":"true","subToolIndex":"0","color":"red","isTranscribable":"true","x":"600.7066577648509","y":"394.7599781301258","width":"198.33350954466403","height":"80.09622744669218","_key":"0.7897922531701624","status":"mark","isUncommitted":"true"},"versions":null,"region":{"x":600.7066577648509,"y":394.7599781301258,"width":198.33350954466403,"height":80.09622744669218,"label":"Record Date","shape":"rectangle"},"task_key":"mark_primary","instructions":{"mark":""}},{"id":"580d5a7261643900030b8c00","status":"active","name":null,"created_in_workflow":"mark","confidence":1.0,"data":{"belongsToUser":"true","toolName":"rectangleTool","userCreated":"true","subToolIndex":"5","color":"sienna","isTranscribable":"true","x":"686.5240417024459","y":"211.68288682340076","width":"402.38817801850087","height":"167.82066703116456","_key":"0.45159914856776595","status":"mark","isUncommitted":"true"},"versions":null,"region":{"x":686.5240417024459,"y":211.68288682340076,"width":402.38817801850087,"height":167.82066703116456,"label":"Valuation","shape":"rectangle"},"task_key":"mark_primary","instructions":{"mark":""}},{"id":"580d5a7261643900030c8c00","status":"active","name":null,"created_in_workflow":"mark","confidence":1.0,"data":{"belongsToUser":"true","toolName":"rectangleTool","userCreated":"true","subToolIndex":"4","color":"teal","isTranscribable":"true","x":"936.3479816096668","y":"396.6670311645708","width":"144.93602620571608","height":"76.28212137780207","_key":"0.7535896392073482","status":"mark","isUncommitted":"true"},"versions":null,"region":{"x":936.3479816096668,"y":396.6670311645708,"width":144.93602620571608,"height":76.28212137780207,"label":"Amount Loaned","shape":"rectangle"},"task_key":"mark_primary","instructions":{"mark":""}}]}],"export_document":null}