{"id":"575dffb832326500038b8e00","meta_data":{"capture_uuid":"114b0910-8701-0133-eb9c-00505686a51c","page_uri":"http://digitalcollections.nypl.org/items/114b0910-8701-0133-eb9c-00505686a51c","book_uri":"http://digitalcollections.nypl.org/items/01af2f60-8701-0133-b22c-00505686a51c","source_rotated":"-0.139882","source_x":"1230.7","source_y":"614.575","source_w":"1333.3","source_h":"675.025"},"type":"final_subject_set","search_terms_by_field":{},"subjects":[{"id":"580d5a7361643900030e8c00","type":"root","location":{"standard":"https://s3.amazonaws.com/scribe.nypl.org/emigrant-s4/full/114b0910-8701-0133-eb9c-00505686a51c.right-middle.jpg","thumbnail":"https://s3.amazonaws.com/scribe.nypl.org/emigrant-s4/thumb/114b0910-8701-0133-eb9c-00505686a51c.right-middle.jpg"},"status":"retired","width":1333,"height":675,"meta_data":{"capture_uuid":"114b0910-8701-0133-eb9c-00505686a51c","page_uri":"http://digitalcollections.nypl.org/items/114b0910-8701-0133-eb9c-00505686a51c","book_uri":"http://digitalcollections.nypl.org/items/01af2f60-8701-0133-b22c-00505686a51c","source_rotated":"-0.139882","source_x":"1230.7","source_y":"614.575","source_w":"1333.3","source_h":"675.025"},"assertions":[{"id":"580d5a7361643900030f8c00","status":"active","name":null,"created_in_workflow":"mark","confidence":1.0,"data":{"belongsToUser":"true","toolName":"rectangleTool","userCreated":"true","subToolIndex":"2","color":"darkorange","isTranscribable":"true","x":"226.92910666188627","y":"70.56019070321811","width":"450.0596293385021","height":"89.63051251489868","_key":"0.6816394785419106","status":"mark","isUncommitted":"true"},"versions":null,"region":{"x":226.92910666188627,"y":70.56019070321811,"width":450.0596293385021,"height":89.63051251489868,"label":"Mortgager Name","shape":"rectangle"},"task_key":"mark_primary","instructions":{"mark":""}},{"id":"580d5a736164390003108c00","status":"active","name":null,"created_in_workflow":"mark","confidence":1.0,"data":{"belongsToUser":"true","toolName":"rectangleTool","userCreated":"true","subToolIndex":"3","color":"magenta","isTranscribable":"true","x":"242.1853652835304","y":"133.492252681764","width":"390.94162717963115","height":"66.746126340882","_key":"0.5602620160207152","status":"mark","isUncommitted":"true"},"versions":null,"region":{"x":242.1853652835304,"y":133.492252681764,"width":390.94162717963115,"height":66.746126340882,"label":"Street Address","shape":"rectangle"},"task_key":"mark_primary","instructions":{"mark":""}},{"id":"580d5a736164390003118c00","status":"active","name":null,"created_in_workflow":"mark","confidence":1.0,"data":{"belongsToUser":"true","toolName":"rectangleTool","userCreated":"true","subToolIndex":"6","color":"purple","isTranscribable":"true","x":"131.57749027661038","y":"192.61025029797378","width":"984.028681096047","height":"74.37425506555422","_key":"0.9398942817933857","status":"mark","isUncommitted":"true"},"versions":null,"region":{"x":131.57749027661038,"y":192.61025029797378,"width":984.028681096047,"height":74.37425506555422,"label":"Dimension \u0026 Description","shape":"rectangle"},"task_key":"mark_primary","instructions":{"mark":""}},{"id":"580d5a736164390003128c00","status":"active","name":null,"created_in_workflow":"mark","confidence":1.0,"data":{"belongsToUser":"true","toolName":"rectangleTool","userCreated":"true","subToolIndex":"6","color":"purple","isTranscribable":"true","x":"244.09239761123592","y":"238.37902264600714","width":"451.96666166620764","height":"139.21334922526816","_key":"0.6609648198354989","status":"mark","isUncommitted":"true"},"versions":null,"region":{"x":244.09239761123592,"y":238.37902264600714,"width":451.96666166620764,"height":139.21334922526816,"label":"Dimension \u0026 Description","shape":"rectangle"},"task_key":"mark_primary","instructions":{"mark":""}},{"id":"580d5a736164390003138c00","status":"active","name":null,"created_in_workflow":"mark","confidence":1.0,"data":{"belongsToUser":"true","toolName":"rectangleTool","userCreated":"true","subToolIndex":"0","color":"red","isTranscribable":"true","x":"646.4762187571001","y":"436.7103694874851","width":"215.4946530307235","height":"76.28128724672229","_key":"0.8949387774337083","status":"mark","isUncommitted":"true"},"versions":null,"region":{"x":646.4762187571001,"y":436.7103694874851,"width":215.4946530307235,"height":76.28128724672229,"label":"Record Date","shape":"rectangle"},"task_key":"mark_primary","instructions":{"mark":""}},{"id":"580d5a736164390003148c00","status":"active","name":null,"created_in_workflow":"mark","confidence":1.0,"data":{"belongsToUser":"true","toolName":"rectangleTool","userCreated":"true","subToolIndex":"5","color":"sienna","isTranscribable":"true","x":"738.013770486965","y":"259.35637663885575","width":"406.1978858012752","height":"154.46960667461263","_key":"0.8618079775478691","status":"mark","isUncommitted":"true"},"versions":null,"region":{"x":738.013770486965,"y":259.35637663885575,"width":406.1978858012752,"height":154.46960667461263,"label":"Valuation","shape":"rectangle"},"task_key":"mark_primary","instructions":{"mark":""}},{"id":"580d5a736164390003158c00","status":"active","name":null,"created_in_workflow":"mark","confidence":1.0,"data":{"belongsToUser":"true","toolName":"rectangleTool","userCreated":"true","subToolIndex":"4","color":"teal","isTranscribable":"true","x":"974.4857791224491","y":"429.08224076281283","width":"188.79620044284627","height":"80.09535160905841","_key":"0.26438980200327933","status":"mark","isUncommitted":"true"},"versions":null,"region":{"x":974.4857791224491,"y":429.08224076281283,"width":188.79620044284627,"height":80.09535160905841,"label":"Amount Loaned","shape":"rectangle"},"task_key":"mark_primary","instructions":{"mark":""}}]}],"export_document":null}